endpoint_identifier,entry_idx,output
https://seshat-db.com/api/wf/laminar-armors/,0,"During the period from <time-start> to <time-end>, was laminar armor worn by cavalry present or absent in the warfare practices of '<polity>'? <answer-options>."
https://seshat-db.com/api/wf/laminar-armors/,1,"The absence or presence of laminar armor as a military technology used in warfare during the period from <time-start> to <time-end> in the context of '<polity>'. Please provide your answer in the format of '<answer-options>""."
https://seshat-db.com/api/wf/laminar-armors/,2,"During the period from <time-start> to <time-end>, was laminar armor present or absent as a military technology in the warfare practices of '<polity>'? <answer-options>."
https://seshat-db.com/api/wf/laminar-armors/,3,"During the period from <time-start> to <time-end>, was laminar armor, inferred as being used by warriors of the steppe, present or absent as a military technology in the warfare practices of '<polity>'? <answer-options>."
https://seshat-db.com/api/wf/laminar-armors/,4,"During the period from <time-start> to <time-end>, was laminar armor, defined as armor made of multiple layers of thin, strong material placed one on top of another, present or absent in the warfare practices of '<polity>'? <answer-options>."
https://seshat-db.com/api/wf/laminar-armors/,5,"Laminar armor refers to a type of armor made up of thin, overlapping layers of metal plates or scales, which provide protection against sword slashes and other types of cuts. During the period from <time-start> to <time-end>, was laminar armor present or absent in the warfare practices of '<polity>'? <answer-options>."
https://seshat-db.com/api/wf/laminar-armors/,6,"Was iron lamellar armor, described as an armor made of thin plates of metal linked together in a layer, present or absent as a military technology in the warfare practices of '<polity>' during the period from <time-start> to <time-end>? <answer-options>."
https://seshat-db.com/api/wf/laminar-armors/,7,"During the years around AD 300, was laminar armor, made of lamellar plate, present or absent in the warfare practices of '<polity>' as depicted in the pictorial representation dating to 357? <answer-options>."
https://seshat-db.com/api/wf/laminar-armors/,8,"In the Warring States period of '<polity>', which lasted from <time-start> to <time-end>, did the widespread use of laminar armor seem to have developed alongside the rise of large infantry forces? <answer-options>."
https://seshat-db.com/api/wf/laminar-armors/,9,"During the period from <time-start> to <time-end>, was widespread use of laminar armor present or absent as a military technology in the warfare practices of '<polity>'? <answer-options>."
https://seshat-db.com/api/wf/laminar-armors/,10,"The absence or presence of laminar armor as a military technology used in warfare.
During the period from <time-start> to <time-end>, was laminar armor, defined as armor made up of thin layers of material stacked on top of one another to provide additional protection against missile attacks, present or absent as a military technology in the warfare practices of '<polity>'? <answer-options>."
https://seshat-db.com/api/wf/laminar-armors/,11,"The use of laminar armor, defined as a type of armor made of thin plates or sheets of material that provide protection by creating a barrier between the warrior and the incoming attacks, was present or absent in the warfare practices of '<polity>' during the period from <time-start> to <time-end>? Please note that this question requires expert input to accurately define the concept of laminar armor and its usage in warfare. <answer-options>."
https://seshat-db.com/api/wf/laminar-armors/,12,"During the Western Zhou period, was laminar armor, characterized by the employment of lamellar construction techniques to link small leather panels together with hempen cord, a prevalent military technology in the warfare practices of '<polity>? <answer-options>."
https://seshat-db.com/api/wf/laminar-armors/,13,"During the period from <time-start> to <time-end>, was laminar armor, defined as widespread use of armor that developed alongside the rise of large infantry forces in the Warring States period, present or absent as a military technology in the warfare practices of '<polity>'? <answer-options>."
https://seshat-db.com/api/wf/laminar-armors/,14,"During the period from <time-start> to <time-end>, was laminar armor present or absent as a military technology in the warfare practices of '<polity>'? <answer-options>."
https://seshat-db.com/api/wf/laminar-armors/,15,"During the period from <time-start> to <time-end>, was laminar armor, defined as armor composed of multiple large rigid plates paired with thick fabric backing, present or absent as a military technology in the warfare practices of '<polity>'? <answer-options>."
https://seshat-db.com/api/wf/laminar-armors/,16,"During the period from <time-start> to <time-end>, was lamellar armor, defined as armor made of small plates or scales attached to a padding material, present or absent in the warfare practices of '<polity>'? <answer-options>."
https://seshat-db.com/api/wf/laminar-armors/,17,"During the period from <time-start> to <time-end>, was laminar armor, defined as armor made of lamellar plates, present or absent as a military technology in the warfare practices of '<polity>'? <answer-options>."
https://seshat-db.com/api/wf/laminar-armors/,18,"During the period from <time-start> to <time-end>, was laminar armor, defined as armor made of small metal rings linked together in a pattern to form a mesh, widely used as a military technology in the warfare practices of '<polity>'? <answer-options>."
https://seshat-db.com/api/wf/laminar-armors/,19,"Was laminar armor, defined as at least one layer of armor worn by high-ranking officers, consisting of copper gilt plates alternating with brocade and copper studs, present in the warfare practices of '<polity>' during the period from <time-start> to <time-end>? <answer-options>."
https://seshat-db.com/api/wf/laminar-armors/,20,"During the period from <time-start> to <time-end>, was laminar armor, defined as armor made of thin, layered plates, present or absent in the warfare practices of '<polity>'? <answer-options>."
https://seshat-db.com/api/wf/laminar-armors/,21,"During the period from <time-start> to <time-end>, was the widespread use of laminar armor present or absent in the warfare practices of '<polity>'? <answer-options>."
https://seshat-db.com/api/wf/laminar-armors/,22,"During the period from <time-start> to <time-end>, were lances, swords, and full armor worn by Sui heavy cavalry in their warfare practices, including both infantry and cavalry components? <answer-options>."
https://seshat-db.com/api/wf/laminar-armors/,23,"During the period from <time-start> to <time-end>, was lamellar armor, defined as a type of armor made up of overlapping layers of metal plates, present or absent in the warfare practices of '<polity>'? <answer-options>."
https://seshat-db.com/api/wf/laminar-armors/,24,"During the period from <time-start> to <time-end>, was laminar armor, defined as a type of armor made up of individual plates or pieces arranged in layers, present or absent in the warfare practices of '<polity>'? <answer-options>."
https://seshat-db.com/api/wf/laminar-armors/,25,"During the period from <time-start> to <time-end>, was laminar armor, defined as elite troops in the state of Wei wearing heavy armor and helmets, present or absent as a military technology in the warfare practices of '<polity>'? <answer-options>."
https://seshat-db.com/api/wf/laminar-armors/,26,"Variable name: Laminar_armor

During the period from <time-start> to <time-end>, was iron lamellar armor, such as the one found in Erh-shih-chia-tzu, Inner Mongolia, present as a military technology in the warfare practices of '<polity>'? <answer-options>."
https://seshat-db.com/api/wf/laminar-armors/,27,"During the Western Zhou period, were laminar armors, characterized by protective armor equipment including but not limited to helmets and shields, made by employing flexible corsetry techniques that linked small leather panels together with hempen cord, present or absent in the warfare practices of '<polity>? <answer-options>."
https://seshat-db.com/api/wf/laminar-armors/,28,Was laminar armor widely used as a military technology in the warfare practices of '<polity>' during the period from <time-start> to <time-end>? <answer-options>.
https://seshat-db.com/api/wf/laminar-armors/,29,"During the period from <time-start> to <time-end>, was laminar armor present or absent as a military technology in the warfare practices of '<polity>'? <answer-options>."
https://seshat-db.com/api/wf/laminar-armors/,30,"During the period from <time-start> to <time-end>, was laminar armor, defined as armor made without layers, present or absent as a military technology in the warfare practices of '<polity>'? <answer-options>."
https://seshat-db.com/api/wf/laminar-armors/,31,"During the period from <time-start> to <time-end>, was laminar armor present or absent in the warfare practices of '<polity>'? <answer-options>."
https://seshat-db.com/api/wf/laminar-armors/,32,"During the period from <time-start> to <time-end>, was laminar armor, defined as armor consisting of thin layers of metal or other materials applied to fabric, present or absent as a military technology in the warfare practices of '<polity>'? <answer-options>."
https://seshat-db.com/api/wf/laminar-armors/,33,"During the period from <time-start> to <time-end>, was laminar armor, defined as types of headgear or personal ornaments that may have served a protective function, present or absent as a military technology in the warfare practices of '<polity>'? <answer-options>."
https://seshat-db.com/api/wf/laminar-armors/,34,"During the period from <time-start> to <time-end>, was laminar armor, defined as fully armoured cavalry, present or absent in the warfare practices of '<polity>'? <answer-options>."
https://seshat-db.com/api/wf/laminar-armors/,35,"During the period from <time-start> to <time-end>, was lamellar armor, a type of armor consisting of laminated layers of leather sewn or glued together with fitted iron plates attached to the outer surface, present or absent in the warfare practices of '<polity>'? <answer-options>."
https://seshat-db.com/api/wf/laminar-armors/,36,"During the period from <time-start> to <time-end>, were laminar armors made of small metal rings linked together in a pattern to form a mesh present or absent in the warfare practices of '<polity>'? <answer-options>."
https://seshat-db.com/api/wf/laminar-armors/,37,"Was the use of laminar armor, defined as short linen kilt worn by Egyptian soldiers from the late Predynastic Period to the Middle Kingdom, present or absent as a military technology in the warfare practices of '<polity>'? <answer-options>."
https://seshat-db.com/api/wf/laminar-armors/,38,"During the period from <time-start> to <time-end>, was laminar armor, defined as a type of armor made of layers of thin plates or planks, already present or absent in the warfare practices of '<polity>'? <answer-options>."
https://seshat-db.com/api/wf/laminar-armors/,39,"During the period from <time-start> to <time-end>, was laminated leather cuirass, also known as rawhide lamellar cuirass, a type of armor characterized by layers of leather bonded together, present or absent in the warfare practices of '<polity>'? <answer-options>."
https://seshat-db.com/api/wf/laminar-armors/,40,"During the earlier Mamluk period (<time-start> to <time-end>) in the context of '<polity>', was the use of laminar armor, which consists of layers of leather or rawhide sheets, present or absent as a military technology in the warfare practices of '<polity>'? <answer-options>."
https://seshat-db.com/api/wf/laminar-armors/,41,"During the period from <time-start> to <time-end>, was laminar armor, defined as a type of armor made from multiple layers of leather or hide, present or absent in the warfare practices of '<polity>'? <answer-options>."
https://seshat-db.com/api/wf/laminar-armors/,42,"During the period from <time-start> to <time-end>, was laminar armor, defined as armor made of small metal rings linked together in a pattern to form a mesh, present or absent as a military technology in the warfare practices of '<polity>'? <answer-options> present or absent </answer-options>"
https://seshat-db.com/api/wf/laminar-armors/,43,"During the period from <time-start> to <time-end>, was laminar armor, a technology that has not yet been developed, present or absent as a military technology in the warfare practices of '<polity>'? <answer-options>."
https://seshat-db.com/api/wf/laminar-armors/,44,"During the period from <time-start> to <time-end>, was lamellar armor, defined as a shirt constructed of laminated layers of leather sewn or glued together with fitted iron plates attached, present or absent as a military technology in the warfare practices of '<polity>'? <answer-options>."
https://seshat-db.com/api/wf/laminar-armors/,45,"During the period from <time-start> to <time-end>, was laminar armor, defined as armor made of long, roughly rectangular shields made of cowhide stretched over a wooden frame, present or absent as a military technology in the warfare practices of '<polity>'? <answer-options>."
https://seshat-db.com/api/wf/laminar-armors/,46,"Was the development and use of laminar armor, defined as small metal plates riveted to linen or leather jerkins, present in the warfare strategies of ancient Egypt during the period from <time-start> to <time-end>? <answer-options>."
https://seshat-db.com/api/wf/laminar-armors/,47,"During the period from <time-start> to <time-end>, was the use of laminar armor, defined as armor made of overlapping plates or sheets, present or absent in the warfare practices of '<polity>'? <answer-options>."
https://seshat-db.com/api/wf/laminar-armors/,48,"During the period from <time-start> to <time-end>, was laminar armor present or absent as a military technology in the warfare practices of '<polity>'? <answer-options>."
https://seshat-db.com/api/wf/laminar-armors/,49,"During the period from <time-start> to <time-end>, was laminar armor, defined as armor consisting of a single layer of thin sheets or planks sewn or tied together to form a protective covering, present or absent as a military technology in the warfare practices of '<polity>'? <answer-options>."
https://seshat-db.com/api/wf/laminar-armors/,50,"During the period from <time-start> to <time-end>, was laminar armor, defined as a type of armor made of multiple layers of hardened leather or other materials, present or absent as a military technology in the warfare practices of '<polity>'? <answer-options>."
https://seshat-db.com/api/wf/laminar-armors/,51,"During the period from <time-start> to <time-end>, was laminar armor present or absent as a military technology in the warfare practices of '<polity>'? <answer-options>."
https://seshat-db.com/api/wf/laminar-armors/,52,"During the period from <time-start> to <time-end>, were soldiers of the Old and Middle Kingdom equipped with laminar armor made of small metal rings linked together in a pattern to form a mesh? <answer-options>."
https://seshat-db.com/api/wf/laminar-armors/,53,"During the period from <time-start> to <time-end>, was laminar armor, defined as metal scales sewn onto a leather base, present or absent as a military technology in the warfare practices of '<polity>'? <answer-options>."
https://seshat-db.com/api/wf/laminar-armors/,54,"During the period from <time-start> to <time-end>, was the introduction of lamellar armor, defined as a shirt constructed of laminated layers of leather sewn or glued together with fitted iron plates, present or absent as a military technology in the warfare practices of '<polity>'? <answer-options>."
https://seshat-db.com/api/wf/laminar-armors/,55,"Was laminar armor, defined as a type of armor that has been developed but not yet fully implemented, present or absent in the warfare practices of '<polity>' during the period from <time-start> to <time-end>? <answer-options>."
https://seshat-db.com/api/wf/laminar-armors/,56,"During the period from <time-start> to <time-end>, was the use of laminar armor, specifically lamellar leggings, present or absent as a military technology in the warfare practices of the Abbasid Caliphate? <answer-options>."
https://seshat-db.com/api/wf/laminar-armors/,57,"During the period from <time-start> to <time-end>, was laminar armor, defined as armor made of small metal rings linked together in a pattern to form a mesh, commonly worn by individuals of all ranks in the military practices of '<polity>'? <answer-options>."
https://seshat-db.com/api/wf/laminar-armors/,58,"During the period from <time-start> to <time-end>, was laminar armor, defined as armor composed of layers of thin plates, present or absent in the warfare practices of '<polity>'? <answer-options>."
https://seshat-db.com/api/wf/laminar-armors/,59,"Was laminar armor, defined as a type of armor consisting of thin sheets of metal or other materials stacked on top of each other, present or absent as a military technology in the warfare practices of '<polity>' during the period from <time-start> to <time-end>? <answer-options>."
https://seshat-db.com/api/wf/laminar-armors/,60,"During the period from <time-start> to <time-end>, was sheet-metal armor, specifically described as having origins in the Urnfield period and possibly prior to that in organic materials, present or absent in the warfare practices of '<polity>'? <answer-options>."
https://seshat-db.com/api/wf/laminar-armors/,61,"During the period from <time-start> to <time-end>, was laminar armor, defined as protective equipment that was developed in the Bronze Age, present or absent in the warfare practices of '<polity>'? <answer-options>."
https://seshat-db.com/api/wf/laminar-armors/,62,"During the period from <time-start> to <time-end>, was the use of laminar armor, specifically referring to plate armor, present or absent in the warfare practices of '<polity>'? <answer-options>."
https://seshat-db.com/api/wf/laminar-armors/,63,"During the period from <time-start> to <time-end>, was laminar armor, defined as armor made of thin layers of iron or steel, present or absent as a military technology in the warfare practices of '<polity>'? <answer-options>."
https://seshat-db.com/api/wf/laminar-armors/,64,"During the period from <time-start> to <time-end>, was laminar armor, defined as armor worn by mounted knights during the late medieval period, present or absent as a military technology in the warfare practices of '<polity>'? <answer-options>."
https://seshat-db.com/api/wf/laminar-armors/,65,"During the period from <time-start> to <time-end>, was laminar armor, specifically heavy cavalry armor worn by the wealthiest nobles, present or absent as a military technology in the warfare practices of '<polity>'? <answer-options>."
https://seshat-db.com/api/wf/laminar-armors/,66,"During the period from <time-start> to <time-end>, was laminar armor, defined as body armor made of small metal rings linked together in a pattern to form a mesh, present or absent as a military technology among the military retinue of kings and magnates (including clergy) in '<polity>'? <answer-options>."
https://seshat-db.com/api/wf/laminar-armors/,67,"During the period from <time-start> to <time-end>, was laminar armor, defined as body armor made of small metal rings linked together in a pattern to form a mesh, present or absent as a military technology in the warfare practices of '<polity>? <answer-options>."
https://seshat-db.com/api/wf/laminar-armors/,68,"Is laminar armor, which refers to armor made of thin layers of metal plates arranged in a specific pattern to provide maximum protection while minimizing weight, present or absent as a military technology in the warfare practices of '<polity>' during the period from <time-start> to <time-end>? <answer-options>."
https://seshat-db.com/api/wf/laminar-armors/,69,"During the period from <time-start> to <time-end>, was laminar armor present or absent as a military technology in the warfare practices of '<polity>'? <answer-options>."
https://seshat-db.com/api/wf/laminar-armors/,70,"During the period from <time-start> to <time-end>, was laminar armor, an armor type characterized by its thin, lightweight design and high degree of protection against piercing weapons, present or absent as a military technology in the warfare practices of '<polity>'? <answer-options>."
https://seshat-db.com/api/wf/laminar-armors/,71,"During the period from <time-start> to <time-end>, was laminar armor present or absent as a military technology in the warfare practices of '<polity>'? <answer-options>."
https://seshat-db.com/api/wf/laminar-armors/,72,"During the period from <time-start> to <time-end>, was iron laminar armor, defined as armor made of thin sheets of iron joined together by rivets or pins, present or absent in the warfare practices of '<polity>'? <answer-options>."
https://seshat-db.com/api/wf/laminar-armors/,73,"During the period from <time-start> to <time-end>, was iron laminar armor, defined as armor made of thin layers of iron plates bonded together by rivets, present or absent as a military technology in the warfare practices of '<polity>'? <answer-options>."
https://seshat-db.com/api/wf/laminar-armors/,74,"During the period from <time-start> to <time-end>, was laminar armor, specifically iron armor, present or absent in the warfare practices of '<polity>'? <answer-options>."
https://seshat-db.com/api/wf/laminar-armors/,75,"During the period from <time-start> to <time-end>, was laminar armor, defined as armor made of small metal rings linked together in a pattern to form a mesh, present or absent as a military technology in the warfare practices of '<polity>'? <answer-options>."
https://seshat-db.com/api/wf/laminar-armors/,76,"Was laminar armor, defined as armor made of small metal rings linked together in a pattern to form a mesh, present or absent as a military technology in the warfare practices of '<polity>' during the period from <time-start> to <time-end>? <answer-options>."
https://seshat-db.com/api/wf/laminar-armors/,77,"During the period from <time-start> to <time-end>, was laminar armor, specifically chainmail, present as a military technology in the warfare practices of '<polity>'? <answer-options>."
https://seshat-db.com/api/wf/laminar-armors/,78,"During the period from <time-start> to <time-end>, was laminar armor present or absent in the warfare practices of '<polity>'? <answer-options>."
https://seshat-db.com/api/wf/laminar-armors/,79,"Was laminar armor, defined as a type of armor made of thin layers of material such as plates or plating, present or absent in the warfare practices of '<polity>' during the period from <time-start> to <time-end>? <answer-options>."
https://seshat-db.com/api/wf/laminar-armors/,80,"During the period from <time-start> to <time-end>, was laminar armor present or absent as a military technology in the warfare practices of '<polity>'? <answer-options>."
https://seshat-db.com/api/wf/laminar-armors/,81,"During the period from <time-start> to <time-end>, was laminar armor, defined as a type of armor made of thin sheets of metal stacked one atop another, present or absent as a military technology in the warfare practices of '<polity>'? <answer-options>."
https://seshat-db.com/api/wf/laminar-armors/,82,"During the period from <time-start> to <time-end>, was the custom of wearing talismanic war garments, defined as red cloth covered with symbols, sapphires, embroidery, and small brass bells, present or absent in the warfare practices of '<polity>'? <answer-options>."
https://seshat-db.com/api/wf/laminar-armors/,83,"The use of laminar armor, defined as a type of armor characterized by layers of flexible material sandwiched between layers of harder material, was present or absent as a military technology in the warfare practices of '<polity>' during the period from <time-start> to <time-end>? <answer-options>."
https://seshat-db.com/api/wf/laminar-armors/,84,"Was laminar armor, defined as armor made of layers of materials such as leather, hide, or metal, present or absent in the warfare practices of '<polity>' during the period from <time-start> to <time-end>? <answer-options>."
https://seshat-db.com/api/wf/laminar-armors/,85,"During the period from <time-start> to <time-end>, was laminar armor, defined as a type of armor made from layers of thin sheets of metal, present or absent as a military technology in the warfare practices of '<polity>'? <answer-options>."
https://seshat-db.com/api/wf/laminar-armors/,86,"During the period from <time-start> to <time-end>, was laminar armor, defined as armor made of layers of thin plates or plating, present or absent as a military technology in the warfare practices of '<polity>'? <answer-options>."
https://seshat-db.com/api/wf/laminar-armors/,87,"During the period from <time-start> to <time-end>, was laminar armor, defined as a type of armor consisting of layers of thin sheets of metal or other materials placed next to each other to provide protection against sword and bullet impacts, present or absent in the warfare practices of '<polity>'? <answer-options>."
https://seshat-db.com/api/wf/laminar-armors/,88,"Section 12 of Everson, T. (2004). <i>Warfare in Ancient Greece: Arms and Armour from the Heroes of Homer to Alexander the Great</i>, Sutton. What types of armor were available for ancient Greek soldiers to wear during the period from <time-start> to <time-end>? Please provide a list of armor types that were considered to be laminar. <answer-options>."
https://seshat-db.com/api/wf/laminar-armors/,89,"During the period from <time-start> to <time-end>, was laminar armor present or absent as a military technology in the warfare practices of '<polity>'? <answer-options>."
https://seshat-db.com/api/wf/laminar-armors/,90,"During the period from <time-start> to <time-end>, was laminar armor, defined as armor made of thin layers of materials such as metal, wood, or leather, present or absent as a military technology in the warfare practices of '<polity>'? <answer-options>."
https://seshat-db.com/api/wf/laminar-armors/,91,"During the period from <time-start> to <time-end>, was laminar armor present or absent as a military technology in the warfare practices of '<polity>'? <answer-options>."
https://seshat-db.com/api/wf/laminar-armors/,92,"During the period from <time-start> to <time-end>, was laminar armor present or absent as a military technology in the warfare practices of '<polity>'? <answer-options>."
https://seshat-db.com/api/wf/laminar-armors/,93,"The absence or presence of laminar armor as a military technology used in warfare.
Was laminar armor, defined as armor made of thin layers of material stacked on top of each other, present or absent as a military technology during the period from <time-start> to <time-end> in the warfare practices of '<polity>? <answer-options>."
https://seshat-db.com/api/wf/laminar-armors/,94,"During the period from <time-start> to <time-end>, was laminar armor present or absent as a military technology in the warfare practices of '<polity>'? <answer-options>."
https://seshat-db.com/api/wf/laminar-armors/,95,"During the period from <time-start> to <time-end>, was laminar armor, defined as armor made of non-metallic materials such as animal hides or plant fibers, present or absent as a military technology in the warfare practices of '<polity>'? <answer-options>."
https://seshat-db.com/api/wf/laminar-armors/,96,"During the period from <time-start> to <time-end>, was laminar armor, defined as armor made without the use of metals, present or absent as a military technology in the warfare practices of '<polity>'? <answer-options>."
https://seshat-db.com/api/wf/laminar-armors/,97,"During the period from <time-start> to <time-end>, was laminar armor, defined as armor made of non-metallic materials such as animal hides or woven fibers, present or absent as a military technology in the warfare practices of '<polity>'? <answer-options>."
https://seshat-db.com/api/wf/laminar-armors/,98,"During the period from <time-start> to <time-end>, was laminar armor present or absent as a military technology in the warfare practices of '<polity>'? <answer-options>."
https://seshat-db.com/api/wf/laminar-armors/,99,"During the period from <time-start> to <time-end>, was laminar armor, defined as a type of armor consisting of layers of plates or plating with gaps between them to reduce weight and improve mobility, present or absent as a military technology in the warfare practices of '<polity>'? <answer-options>."
https://seshat-db.com/api/wf/laminar-armors/,100,"During the period from <time-start> to <time-end>, was laminar armor, defined as armor made of small metal rings linked together in a pattern to form a mesh, present or absent as a military technology in the warfare practices of '<polity>'? <answer-options>."
https://seshat-db.com/api/wf/laminar-armors/,101,"Laminar armor, defined as armor composed of layers of lightweight materials stacked on top of one another to provide protection against piercing weapons, was present or absent as a military technology in the warfare practices of '<polity>' during the period from <time-start> to <time-end>? <answer-options>."
https://seshat-db.com/api/wf/laminar-armors/,102,"Was Laminar armor, defined as armor made of small metal rings linked together in a pattern to form a mesh, present or absent as a military technology in the warfare practices of Old Mataram during the period from <time-start> to <time-end>? <answer-options>."
https://seshat-db.com/api/wf/laminar-armors/,103,"During the period from <time-start> to <time-end>, was laminar armor, defined as armor made of small metal rings linked together in a pattern to form a mesh, present or absent in the military dress of the Majapahit Dynasty of Java? <answer-options>."
https://seshat-db.com/api/wf/laminar-armors/,104,"During the period from <time-start> to <time-end>, was laminar armor, defined as armor made of thin layers of materials such as metal, leather, or fabric placed one on top of another, present or absent as a military technology in the warfare practices of '<polity>'? <answer-options>."
https://seshat-db.com/api/wf/laminar-armors/,105,"During the period from <time-start> to <time-end>, was laminar armor, defined as Old Mataram's armor made of small metal rings linked together in a pattern to form a mesh, present or absent in the warfare practices of '<polity>'? <answer-options>."
https://seshat-db.com/api/wf/laminar-armors/,106,"Was laminar armor, defined as a type of armor consisting of thin layers of material, present or absent in the warfare practices of '<polity>' during the period from <time-start> to <time-end>? <answer-options>."
https://seshat-db.com/api/wf/laminar-armors/,107,"During the period from <time-start> to <time-end>, was the lorica lamellata, also known as latten armor, a type of laminar armor made of overlapping metallic plates, present or absent as a military technology in the warfare practices of '<polity>'? <answer-options>."
https://seshat-db.com/api/wf/laminar-armors/,108,"During the period from <time-start> to <time-end>, was laminar armor, defined as a type of armor made of multiple layers of thin, flexible plates bonded together to provide protection against blows and impacts, present or absent as a military technology in the warfare practices of '<polity>'? <answer-options>."
https://seshat-db.com/api/wf/laminar-armors/,109,"Was laminar armor, described as armor made of iron laminae connected in rows within each other, present or absent in the warfare practices of '<polity>' during the period from <time-start> to <time-end>? <answer-options>."
https://seshat-db.com/api/wf/laminar-armors/,110,"During the period from <time-start> to <time-end>, was laminar armor, defined as metal armor made of small metal rings linked together in a pattern to form a mesh, present or absent in the warfare practices of '<polity>'? <answer-options>."
https://seshat-db.com/api/wf/laminar-armors/,111,"During the period from <time-start> to <time-end>, was laminar armor, defined as armor made of layers of metal plates or sheets connected by rivets or straps, present or absent in the warfare practices of '<polity>'? <answer-options>."
https://seshat-db.com/api/wf/laminar-armors/,112,"During the period from <time-start> to <time-end>, was laminar armor, defined as a type of armor made of thin sheets of metal woven together, present or absent as a military technology in the warfare practices of '<polity>'? <answer-options>."
https://seshat-db.com/api/wf/laminar-armors/,113,"During the period from <time-start> to <time-end>, was laminar armor, defined as metal armor consisting of scales linked together in a pattern to form a protective layer, present or absent as a military technology in the warfare practices of '<polity>'? <answer-options>."
https://seshat-db.com/api/wf/laminar-armors/,114,"During the period from <time-start> to <time-end>, was laminar armor present or absent as a military technology in the warfare practices of '<polity>'? <answer-options>."
https://seshat-db.com/api/wf/laminar-armors/,115,"Was laminar armor, defined as a type of armor made of thin layers of metal plates sandwiched together, present or absent as a military technology in the warfare practices of '<polity>' during the period from <time-start> to <time-end>? <answer-options>."
https://seshat-db.com/api/wf/laminar-armors/,116,"During the period from <time-start> to <time-end>, was laminar armor, defined as a type of armor made of layers of metal plates or other materials stacked on top of one another, present or absent in the warfare practices of '<polity>'? <answer-options>."
https://seshat-db.com/api/wf/laminar-armors/,117,"During the period from <time-start> to <time-end>, was laminar armor, defined as a type of armor characterized by layers of thin sheets or plates of material held together by interlocking joints or fasteners, present or absent in the warfare practices of '<polity>'? <answer-options>."
https://seshat-db.com/api/wf/laminar-armors/,118,"During the period from <time-start> to <time-end>, was laminar armor present or absent as a military technology in the warfare practices of '<polity>'? <answer-options>."
https://seshat-db.com/api/wf/laminar-armors/,119,"Was laminar armor, defined as a type of armor made by layering multiple layers of material such as leather or metal, present or absent as a military technology in the warfare practices of '<polity>' during the period from <time-start> to <time-end>? <answer-options>."
https://seshat-db.com/api/wf/laminar-armors/,120,"Was the laminar armor, as described in Kautilya's Arthasastra, which includes metal fabrics, metal plates, cuirasses, and corselets, present or absent in the warfare practices of '<polity>' during the period from <time-start> to <time-end>? <answer-options>."
https://seshat-db.com/api/wf/laminar-armors/,121,"During the period from <time-start> to <time-end>, was the use of laminar armor, defined as metal fabric, metal plate, cuirass, and corselet, as a military technology present or absent in the warfare practices of '<polity>'? <answer-options>."
https://seshat-db.com/api/wf/laminar-armors/,122,"During the period from <time-start> to <time-end>, was laminar armor, described as metal fabric, metal plate, cuirass, and corselet mentioned in Kautilya's Arthasastra, present or absent in the warfare practices of '<polity>'? <answer-options>."
https://seshat-db.com/api/wf/laminar-armors/,123,"During the period from <time-start> to <time-end>, was laminar armor, defined as a type of armor characterized by layers of thin materials such as leather, textiles, or plates, present or absent as a military technology in the warfare practices of '<polity>'? <answer-options>."
https://seshat-db.com/api/wf/laminar-armors/,124,"During the period from <time-start> to <time-end>, was laminar armor, introduced later, present or absent as a military technology in the warfare practices of '<polity>'? <answer-options>."
https://seshat-db.com/api/wf/laminar-armors/,125,"During the period from <time-start> to <time-end>, was laminar armor, defined as armor made of multiple layers of thin sheets, present or absent as a military technology in the warfare practices of '<polity>'? <answer-options>."
https://seshat-db.com/api/wf/laminar-armors/,126,"During the period from <time-start> to <time-end>, was laminar armor, defined as armor made of multiple layers of thin plates held together by flexible straps or cloth, present or absent as a military technology in the warfare practices of '<polity>'? <answer-options>."
https://seshat-db.com/api/wf/laminar-armors/,127,"During the period from <time-start> to <time-end>, was the use of laminar armor, specifically metal fabric, metal plate, cuirass, and corselet, present or absent in the warfare practices of '<polity>'? <answer-options>."
https://seshat-db.com/api/wf/laminar-armors/,128,"During the period following the Macedonian invasion, was laminar armor, defined as armor made of iron or copper, present or absent as a military technology in the warfare practices of ancient India? <answer-options>."
https://seshat-db.com/api/wf/laminar-armors/,129,"During the period from <time-start> to <time-end>, was laminar armor, defined as armament made up of thin, overlapping plates, present or absent in the warfare practices of '<polity>'? <answer-options>."
https://seshat-db.com/api/wf/laminar-armors/,130,"Was laminar armor, defined as armors and helmets provided to soldiers, present or absent as a military technology in the warfare practices of the Vakataka kingdom during the period from <time-start> to <time-end>? <answer-options>."
https://seshat-db.com/api/wf/laminar-armors/,131,"The absence or presence of laminar armor as a military technology used in warfare. During the period from <time-start> to <time-end>, was laminar armor, defined as armor composed of thin layers of metal, present or absent in the warfare practices of '<polity>'? <answer-options>."
https://seshat-db.com/api/wf/laminar-armors/,132,"During the period from <time-start> to <time-end>, was there some evidence of lamellar leggings being used as a military technology by '<polity>'? <answer-options>."
https://seshat-db.com/api/wf/laminar-armors/,133,"During the period from <time-start> to <time-end>, were laminar armors, specifically lamellar armor, present or absent as a military technology in the warfare practices of '<polity>'? <answer-options>."
https://seshat-db.com/api/wf/laminar-armors/,134,"During the period from <time-start> to <time-end>, was laminar armor present or absent as a military technology in the warfare practices of '<polity>'? <answer-options>."
https://seshat-db.com/api/wf/laminar-armors/,135,"During the period from <time-start> to <time-end>, was laminar armor, defined as protection against weapons made of overlapping copper or bronze platelets sewn onto leather or thick felt, or later made with iron scales, present or absent as a military technology in the warfare practices of '<polity>'? <answer-options>."
https://seshat-db.com/api/wf/laminar-armors/,136,"During the period from <time-start> to <time-end>, was laminar armor, defined as protection against weapons made of overlapping copper or bronze platelets sewn onto leather or thick felt, present or absent as a military technology in the warfare practices of '<polity>'? <answer-options>."
https://seshat-db.com/api/wf/laminar-armors/,137,"During the period from <time-start> to <time-end>, was laminar armor, also known as banded mail, present or absent as a military technology in the warfare practices of '<polity>'? <answer-options>."
https://seshat-db.com/api/wf/laminar-armors/,138,"During the period from <time-start> to <time-end>, was laminar armor, which consisted of overlapping copper or bronze platelets sewn onto leather and later replaced by iron scales, present or absent as a military technology in the warfare practices of '<polity>'? <answer-options>."
https://seshat-db.com/api/wf/laminar-armors/,139,"During the period from <time-start> to <time-end>, was laminar armor, defined as protective body armor made of overlapping copper or bronze platelets sewn onto leather, present or absent as a military technology in the warfare practices of '<polity>'? <answer-options>."
https://seshat-db.com/api/wf/laminar-armors/,140,"During the period from <time-start> to <time-end>, was laminar armor present or absent in the warfare practices of '<polity>'? <answer-options>."
https://seshat-db.com/api/wf/laminar-armors/,141,Was laminar armor present or absent as a military technology in the warfare practices of '<polity>' during the period from <time-start> to <time-end>? <answer-options>.
https://seshat-db.com/api/wf/laminar-armors/,142,"During the period from <time-start> to <time-end>, was lamellar armor, defined as a type of armor made of laminated layers of leather sewn or glued together with iron plates attached to the outside, present or absent as a military technology in the warfare practices of '<polity>'? <answer-options>."
https://seshat-db.com/api/wf/laminar-armors/,143,"Was laminar armor, defined as armor made of multiple layers of thin, curved plates, present or absent as a military technology in the warfare practices of '<polity>' during the period from <time-start> to <time-end>? <answer-options>."
https://seshat-db.com/api/wf/laminar-armors/,144,"During the period from <time-start> to <time-end>, was laminar armor, defined as body armor made of iron scales or wicker targes, present or absent in the military practices of the Medes and Persians as a whole? <answer-options>."
https://seshat-db.com/api/wf/laminar-armors/,145,"During the period from <time-start> to <time-end>, was laminar armor present or absent in the warfare practices of '<polity>'? <answer-options>."
https://seshat-db.com/api/wf/laminar-armors/,146,"During the period from <time-start> to <time-end>, was laminar armor, a type of armor that has not yet been invented, present or absent in the warfare practices of '<polity>'? <answer-options>."
https://seshat-db.com/api/wf/laminar-armors/,147,"During the period from <time-start> to <time-end>, was the use of lamellar armor, a type of armor consisting of laminated layers of leather sewn or glued together, introduced by the Assyrians as a military technology in the warfare practices of '<polity>'? <answer-options>."
https://seshat-db.com/api/wf/laminar-armors/,148,"During the period from <time-start> to <time-end>, was the use of laminar armor, defined as plate armor made of small metal rings linked together in a pattern to form a mesh, present or absent in the warfare practices of '<polity>'? <answer-options>."
https://seshat-db.com/api/wf/laminar-armors/,149,"During the period from <time-start> to <time-end>, was the use of lamellar armor present or absent in the warfare practices of '<polity>'? <answer-options>."
https://seshat-db.com/api/wf/laminar-armors/,150,"During the period from <time-start> to <time-end>, was laminar armor, defined as armor made of multiple layers of small metal plates, used as a military technology in the warfare practices of '<polity>'? <answer-options>."
https://seshat-db.com/api/wf/laminar-armors/,151,"<time-start> to <time-end>, was laminar armor, defined as technology not yet available, present or absent in the warfare practices of '<polity>'? <answer-options>."
https://seshat-db.com/api/wf/laminar-armors/,152,"During the period from <time-start> to <time-end>, was full-length lamellar cuirass of central Asian style, known as Laminar_armor, present or absent as a military technology in the warfare practices of '<polity>'? <answer-options>."
https://seshat-db.com/api/wf/laminar-armors/,153,"During the period from <time-start> to <time-end>, was laminar armor, defined as technology not yet available, present or absent as a military technology in the warfare practices of '<polity>'? <answer-options>."
https://seshat-db.com/api/wf/laminar-armors/,154,"During the period from <time-start> to <time-end>, was laminar armor, defined as a type of armor made by layering thin sheets of material such as carbon fiber or Kevlar, present or absent as a military technology in the warfare practices of '<polity>'? <answer-options>."
https://seshat-db.com/api/wf/laminar-armors/,155,"During the period from <time-start> to <time-end>, was lamellar armor, defined as a type of armor made of overlapping leather plates sewn or glued together with a layer of protective steel or other metal between them, present or absent as a military technology in the warfare practices of '<polity>'? <answer-options>."
https://seshat-db.com/api/wf/laminar-armors/,156,"<time-start> to <time-end>: In what ways did the absence or presence of laminar armor, defined as technology not yet available, impact the warfare practices of '<polity>' during this time? <answer-options>."
https://seshat-db.com/api/wf/laminar-armors/,157,"<time-start> to <time-end>: In the Medes and Persians' military technology, was laminar armor present or absent? <answer-options>: <i>No mentioned of laminar armor up to the Medes (715-550 BCE).</i> Lamellar armor introduced by the Assyrians (9th century BCE)?"
https://seshat-db.com/api/wf/laminar-armors/,158,"During the period from <time-start> to <time-end>, was the use of laminar armor present or absent as a military technology in the warfare practices of '<polity>'? <answer-options>."
https://seshat-db.com/api/wf/laminar-armors/,159,"During the period from <time-start> to <time-end>, was laminar armor, defined as a type of armor made of small metal plates sewn or glued together, present or absent in the warfare practices of '<polity>'? <answer-options>."
https://seshat-db.com/api/wf/laminar-armors/,160,"During the period from <time-start> to <time-end>, was laminar armor, defined as body armor of iron scales and wicker targes worn by the Medes and Persians, present or absent in their warfare practices? <answer-options>."
https://seshat-db.com/api/wf/laminar-armors/,161,"During the period from <time-start> to <time-end>, was laminar armor, defined as body armor made of iron scales and wicker targes, present or absent as a military technology in the warfare practices of '<polity>? <answer-options>."
https://seshat-db.com/api/wf/laminar-armors/,162,"During the period from <time-start> to <time-end>, was laminar armor, defined as body armor made of iron scales and wicker targes, present or absent in the warfare practices of '<polity>? <answer-options>."
https://seshat-db.com/api/wf/laminar-armors/,163,"During the period from <time-start> to <time-end>, was the use of laminar armor, defined as armor made of small metal rings linked together in a pattern to form a mesh, present or absent in the warfare practices of '<polity>'? <answer-options>."
https://seshat-db.com/api/wf/laminar-armors/,164,"During the period from <time-start> to <time-end>, was lamellar armor, defined as a type of armor made of small metal rings linked together in a pattern to form a mesh, present or absent as a military technology in the warfare practices of '<polity>? <answer-options>."
https://seshat-db.com/api/wf/laminar-armors/,165,"During the period from <time-start> to <time-end>, was laminar armor present or absent as a military technology in the warfare practices of '<polity>'? <answer-options>."
https://seshat-db.com/api/wf/laminar-armors/,166,"Laminar armor, defined as armor made of layers of materials stacked on top of one another to provide protection against sword and blade strikes, was present or absent as a military technology in the warfare practices of '<polity>' during the period from <time-start> to <time-end>? <answer-options>."
https://seshat-db.com/api/wf/laminar-armors/,167,"During the period from <time-start> to <time-end>, was laminar armor, defined as a type of armor characterized by its thin, flexible layers of material such as leather or cloth, present or absent in the warfare practices of '<polity>'? <answer-options>."
https://seshat-db.com/api/wf/laminar-armors/,168,"During the period from <time-start> to <time-end>, was laminar armor, defined as armor made of multiple layers of material such as mail or lamellae, present or absent as a military technology in the warfare practices of '<polity>'? <answer-options>."
https://seshat-db.com/api/wf/laminar-armors/,169,"Was laminar armor, defined as armor made up of multiple layers of small plates or scales, present or absent as a military technology in the warfare practices of '<polity>' during the period from <time-start> to <time-end>? <answer-options>."
https://seshat-db.com/api/wf/laminar-armors/,170,"During the period from <time-start> to <time-end>, was laminar armor, which refers to armor made of thin sheets of material woven into a layer, present or absent as a military technology in the warfare practices of '<polity>'? <answer-options>."
https://seshat-db.com/api/wf/laminar-armors/,171,"During the period from <time-start> to <time-end>, was lamellar armor, characterized by a layer of overlapping plates made of metal or leather, present or absent as a military technology in the warfare practices of '<polity>'? <answer-options>."
https://seshat-db.com/api/wf/laminar-armors/,172,"During the period from <time-start> to <time-end>, was laminar armor, defined as a type of armor consisting of laminated layers of leather sewn or glued together with fitted iron plates attached to the outside, present or absent in the warfare practices of '<polity>'? <answer-options>."
https://seshat-db.com/api/wf/laminar-armors/,173,"During the period from <time-start> to <time-end>, was laminar armor, defined as a type of armor constructed of laminated layers of leather sewn or glued together with iron plates attached to the outside, present or absent in the warfare practices of '<polity>'? <answer-options>."
https://seshat-db.com/api/wf/laminar-armors/,174,"Was the introduction of laminar armor by the Assyrians, characterized by a shirt constructed of laminated layers of leather sewn or glued together with fitted iron plates, considered an influential factor in the development of military technology used in warfare among the Medes and Persians during the period from <time-start> to <time-end> in the context of '<polity>'? <answer-options>."
https://seshat-db.com/api/wf/laminar-armors/,175,"<time-start> to <time-end>, was laminar armor, defined as a type of armor that has multiple layers of overlapping plates, present or absent as a military technology in the warfare practices of '<polity>'? <answer-options>."
https://seshat-db.com/api/wf/laminar-armors/,176,"During the period from <time-start> to <time-end>, was lamellar armor, defined as a type of armor constructed of laminated layers of leather sewn or glued together with fitted iron plates attached at the edges, present or absent as a military technology in the warfare practices of '<polity>'? <answer-options>."
https://seshat-db.com/api/wf/laminar-armors/,177,"During the period from <time-start> to <time-end>, was lamellar armor, defined as a shirt constructed of laminated layers of leather sewn or glued together with fitted iron plates at the edges, present or absent as a military technology in the warfare practices of '<polity>'? <answer-options>."
https://seshat-db.com/api/wf/laminar-armors/,178,Was laminar armor present or absent as a military technology in the warfare practices of '<polity>' during the period from <time-start> to <time-end>? <answer-options>.
https://seshat-db.com/api/wf/laminar-armors/,179,"During the period from <time-start> to <time-end>, was laminar armor present or absent as a military technology in the warfare practices of '<polity>'? <answer-options>."
https://seshat-db.com/api/wf/laminar-armors/,180,"During the period from <time-start> to <time-end>, was laminar armor, defined as armor made up of layers of thin sheets or planks of wood or other materials bonded together to provide protection against bladed weapons, present or absent as a military technology in the warfare practices of '<polity>'? <answer-options>."
https://seshat-db.com/api/wf/laminar-armors/,181,"During the period from <time-start> to <time-end>, was laminar armor, defined as armor made of thin sheets of material that are fused or bonded together, present or absent as a military technology in the warfare practices of '<polity>'? <answer-options>."
https://seshat-db.com/api/wf/laminar-armors/,182,"During the period from <time-start> to <time-end>, was laminar armor present or absent in the warfare practices of '<polity>'? <answer-options>."
https://seshat-db.com/api/wf/laminar-armors/,183,Was laminar armor present as a military technology in the warfare practices of the Papacy during the period from <time-start> to <time-end>? <answer-options>.
https://seshat-db.com/api/wf/laminar-armors/,184,"During the period from <time-start> to <time-end> in the context of '<polity>', was laminar armor, defined as a type of armor composed of several overlapping plates, present or absent as a 'military technology' worn by soldiers in warfare? <answer-options>."
https://seshat-db.com/api/wf/laminar-armors/,185,"During the period from <time-start> to <time-end>, was laminar armor present or absent as a military technology in the warfare practices of '<polity>'? <answer-options>."
https://seshat-db.com/api/wf/laminar-armors/,186,"During the period from <time-start> to <time-end>, was laminar armor present or absent in the warfare practices of '<polity>'? <answer-options>."
https://seshat-db.com/api/wf/laminar-armors/,187,"Was laminar armor, defined as a type of armor consisting of a coat of individual metal plates overlaid on top of chainmail, present or absent in the warfare practices of '<polity>' during the period from <time-start> to <time-end>? <answer-options>."
https://seshat-db.com/api/wf/laminar-armors/,188,What types of laminar armor were present or absent during the period from <time-start> to <time-end> in the warfare practices of '<polity>'? Please provide a list of specific types of laminar armor that you consider as part of the answer.
https://seshat-db.com/api/wf/laminar-armors/,189,"During the period from <time-start> to <time-end>, was laminar armor, defined as a type of armor that uses layers of thin plates or sheets of material to protect the wearer, present or absent in the warfare practices of '<polity>'? <answer-options>."
https://seshat-db.com/api/wf/laminar-armors/,190,"During the period from <time-start> to <time-end>, was laminar armor, defined as a type of armor made of layers of thin, flexible material such as leather or cloth, present or absent as a military technology in the warfare practices of '<polity>'? <answer-options>."
https://seshat-db.com/api/wf/laminar-armors/,191,"During the period from <time-start> to <time-end>, was laminar armor, defined as armor made of thin layers of metal plates or plating arranged in alternating patterns to provide protection against both cutting and piercing attacks, present or absent as a military technology in the warfare practices of '<polity>'? <answer-options>."
https://seshat-db.com/api/wf/laminar-armors/,192,"The period from <time-start> to <time-end> in the context of '<polity>', was laminar armor, defined as armor made of thin layers of materials stacked on top of each other to provide protection, present or absent as a military technology? <answer-options>."
https://seshat-db.com/api/wf/laminar-armors/,193,"During the period from <time-start> to <time-end>, was laminar armor, defined as armor made of thin sheets of material such as leather or metal placed one over the other, present or absent in the warfare practices of '<polity>'? <answer-options>."
https://seshat-db.com/api/wf/laminar-armors/,194,"Was laminar armor, defined as a type of armor characterized by layers of thin plates held in place by glue or other adhesives, present or absent as a military technology in the warfare practices of '<polity>' during the period from <time-start> to <time-end>? <answer-options>."
https://seshat-db.com/api/wf/laminar-armors/,195,What is the difference between laminar armor and other types of armor used during the medieval period? <answer-options>.
https://seshat-db.com/api/wf/laminar-armors/,196,"During the period from <time-start> to <time-end>, was laminar armor, defined as armor made of thin layers of material such as leather or cloth, present or absent as a military technology in the warfare practices of '<polity>'? <answer-options>."
https://seshat-db.com/api/wf/laminar-armors/,197,"During the period from <time-start> to <time-end>, was laminar armor present or absent as a military technology in the warfare practices of '<polity>'? <answer-options>."
https://seshat-db.com/api/wf/laminar-armors/,198,"During the period from <time-start> to <time-end>, was the use of Laminar Armor, a type of armor made of small iron lamellae laced together into larger plates, present or absent in the warfare practices of '<polity>'? <answer-options>."
https://seshat-db.com/api/wf/laminar-armors/,199,"During the period from <time-start> to <time-end>, was laminar armor, defined as armor made of layers of thin, flexible plates of metal that can be wrapped around the body to provide protection, present or absent as a military technology in the warfare practices of '<polity>'? <answer-options>."
https://seshat-db.com/api/wf/laminar-armors/,200,"During the period from <time-start> to <time-end>, was laminar armor, defined as armor made of small metal rings linked together in a pattern to form a mesh, a commonly used military technology in the warfare practices of '<polity>'? <answer-options>."
https://seshat-db.com/api/wf/laminar-armors/,201,"During the period from <time-start> to <time-end> in the context of '<polity>', was the use of laminar armor, composed of lames, covered with lacquer, and using a combination of materials, such as iron and leather, present as a military technology in the warfare practices of '<polity>'? <answer-options>."
https://seshat-db.com/api/wf/laminar-armors/,202,"During the period from <time-start> to <time-end>, was laminar armor, defined as an armor made of thin sheets of material such as leather or silk stretched tight over a framework, present or absent in the warfare practices of '<polity>'? <answer-options>."
https://seshat-db.com/api/wf/laminar-armors/,203,"During the period from <time-start> to <time-end>, was laminar armor, which has no archaeological evidence and is generally considered to be associated with peace, present or absent as a military technology in the warfare practices of '<polity>'? <answer-options>."
https://seshat-db.com/api/wf/laminar-armors/,204,"During the period from <time-start> to <time-end>, was laminar armor, defined as an armor made without any kind of metal or other hard materials, present or absent as a military technology in the warfare practices of '<polity>'? <answer-options>."
https://seshat-db.com/api/wf/laminar-armors/,205,"During the period from <time-start> to <time-end>, was laminar armor, defined as an ancient type of armor characterized by a thin, flexible sheet of material such as leather or hide stretched tightly over the body, present or absent as a military technology in the warfare practices of '<polity>'? <answer-options>."
https://seshat-db.com/api/wf/laminar-armors/,206,"During the period from <time-start> to <time-end>, was laminar armor, defined as armor without joints or bars, present or absent as a military technology in the warfare practices of '<polity>'? <answer-options>."
https://seshat-db.com/api/wf/laminar-armors/,207,"In what time period and context did the scholarly consensus believe that the Jomon people, known for their laminar armor, were relatively peaceful, if any? <answer-options>."
https://seshat-db.com/api/wf/laminar-armors/,208,"Was the laminar armor, characterized by its use of small metal rings linked together in a pattern to form a mesh, a common feature of Japanese armor from the 10th century to the middle of the 19th century? <answer-options>."
https://seshat-db.com/api/wf/laminar-armors/,209,"During the period from <time-start> to <time-end>, was laminar armor, defined as armor made of layers of thin sheets of metal, present or absent as a military technology in the warfare practices of '<polity>'? <answer-options>."
https://seshat-db.com/api/wf/laminar-armors/,210,"Was laminar armor, defined as armors consisting of multiple layers of thin sheets of metal, present or absent in the warfare practices of '<polity>' between the years <time-start> and <time-end>? <answer-options>."
https://seshat-db.com/api/wf/laminar-armors/,211,"During the period from <time-start> to <time-end>, was laminar armor, defined as armor made of thin layers of iron plates placed close together to provide additional protection against blows, present or absent in the warfare practices of '<polity>'? <answer-options>."
https://seshat-db.com/api/wf/laminar-armors/,212,"During the period from <time-start> to <time-end> in the context of '<polity>', was laminar armor, characterized by its composition of lames, covered with lacquer, and a combination of materials, commonly used as military technology? <answer-options>."
https://seshat-db.com/api/wf/laminar-armors/,213,"During the period from <time-start> to <time-end>, was laminar armor, made of small metal rings linked together in a pattern to form a mesh, present or absent as a military technology in the warfare practices of '<polity>'? <answer-options>."
https://seshat-db.com/api/wf/laminar-armors/,214,"During the period from <time-start> to <time-end>, was chainmail, defined as armor made of small metal rings linked together in a pattern to form a mesh, a commonly used military technology in the warfare practices of '<polity>'? <answer-options>."
https://seshat-db.com/api/wf/laminar-armors/,215,"During the period from <time-start> to <time-end>, was laminar armor, defined as a type of armor made by gluing multiple layers of thin sheets together, present or absent in the warfare practices of '<polity>'? <answer-options>."
https://seshat-db.com/api/wf/laminar-armors/,216,"During the period from <time-start> to <time-end>, was there a dearth of illustrative material for laminar armor in the greater part of six centuries due to the wanton destruction caused by two savage invasions from the east? <answer-options>."
https://seshat-db.com/api/wf/laminar-armors/,217,"During the period from <time-start> to <time-end>, was laminar armor present or absent in the warfare practices of '<polity>'? <answer-options>."
https://seshat-db.com/api/wf/laminar-armors/,218,"During the period from <time-start> to <time-end>, was laminar armor, defined as armors made of multiple layers of scales or plates, present or absent in the warfare practices of '<polity>'? <answer-options>."
https://seshat-db.com/api/wf/laminar-armors/,219,"Was laminar armor, which refers to armors made of multiple layers of thin, flexible plates connected by rivets or straps, present or absent as a military technology in the warfare practices of '<polity>' during the period from <time-start> to <time-end>? <answer-options>."
https://seshat-db.com/api/wf/laminar-armors/,220,"During the period from <time-start> to <time-end>, was the use of laminar armor, defined as armors made up of multiple layers of different materials arranged in a specific pattern, present or absent in the warfare practices of '<polity>'? <answer-options>."
https://seshat-db.com/api/wf/laminar-armors/,221,"During the period from <time-start> to <time-end>, was laminar armor, a type of armor characterized by layers of thin, flexible plates sewn together with overlapping edges, present or absent as a military technology in the warfare practices of '<polity>'? <answer-options>."
https://seshat-db.com/api/wf/laminar-armors/,222,"Was the use of laminar armor, defined as scaled armor, present or absent as a military technology in the warfare practices of '<polity>' between the periods of <time-start> and <time-end>? <answer-options>."
https://seshat-db.com/api/wf/laminar-armors/,223,"During the period from <time-start> to <time-end>, was laminar armor, defined as a type of armor made of multiple layers of thin materials such as leather or metal, present or absent in the warfare practices of '<polity>'? <answer-options>."
https://seshat-db.com/api/wf/laminar-armors/,224,"During the period from <time-start> to <time-end>, was laminar armor, defined as scale armor, absent or present as a military technology in the warfare practices of '<polity>'? <answer-options>."
https://seshat-db.com/api/wf/laminar-armors/,225,"During the period from <time-start> to <time-end>, was laminar armor, defined as a type of armor consisting of thin sheets of metal or other materials stacked together to provide protection, present or absent as a military technology in the warfare practices of '<polity>'? <answer-options>."
https://seshat-db.com/api/wf/laminar-armors/,226,"During the period from <time-start> to <time-end>, was laminar armor, defined as armor made of multiple layers of material stacked on top of one another to provide increased protection against projectiles, present or absent as a military technology in the warfare practices of '<polity>'? <answer-options>."
https://seshat-db.com/api/wf/laminar-armors/,227,"During the period from <time-start> to <time-end>, was laminar armor, defined as armor made of thin sheets of material like metal or leather sewn together, present in the military technologies of '<polity>'? <answer-options>."
https://seshat-db.com/api/wf/laminar-armors/,228,"During the period from <time-start> to <time-end>, was laminar armor, defined as armor made of small metal rings linked together in a pattern to form a mesh, present or absent as a military technology in the warfare practices of '<polity>'? <answer-options>."
https://seshat-db.com/api/wf/laminar-armors/,229,"During the period from <time-start> to <time-end>, was laminar armor, defined as armor made of layers of material such as leather, mail, or plates, present or absent as a military technology in the warfare practices of '<polity>'? <answer-options>."
https://seshat-db.com/api/wf/laminar-armors/,230,"The absence or presence of laminar armor as a military technology used in warfare. During the period from <time-start> to <time-end>, was laminar armor present or absent in the warfare practices of '<polity>'? <answer-options>."
https://seshat-db.com/api/wf/laminar-armors/,231,"During the period from <time-start> to <time-end>, was laminar armor, defined as armor made of multiple layers of woven fabric, present or absent in the warfare practices of '<polity>'? <answer-options>."
https://seshat-db.com/api/wf/laminar-armors/,232,"During the period from <time-start> to <time-end>, was laminar armor present or absent as a military technology in the warfare practices of '<polity>'? <answer-options>."
https://seshat-db.com/api/wf/laminar-armors/,233,"During the period from <time-start> to <time-end>, was laminar armor present or absent as a military technology in the warfare practices of '<polity>'? <answer-options>."
https://seshat-db.com/api/wf/laminar-armors/,234,"During the period from <time-start> to <time-end>, was laminar armor, defined as armor that appears to have been little used in the Western Sudan according to Smith (1989), present or absent in the warfare practices of '<polity>'? <answer-options>."
https://seshat-db.com/api/wf/laminar-armors/,235,"During the period from <time-start> to <time-end>, was laminar armor, defined as armor made of thin sheets of metal or other materials placed over each other to provide protection, present or absent as a military technology in the warfare practices of '<polity>'? <answer-options>."
https://seshat-db.com/api/wf/laminar-armors/,236,"During the period from <time-start> to <time-end>, was laminar armor present or absent as a military technology in the warfare practices of '<polity>'? <answer-options>."
https://seshat-db.com/api/wf/laminar-armors/,237,"During the period from <time-start> to <time-end>, was the adoption of laminar armor, characterized by a layer of interconnected plates of metal, influenced by Manchurian styles, present or absent in the warfare practices of '<polity>'? <answer-options>."
https://seshat-db.com/api/wf/laminar-armors/,238,"Was the full-length lamellar cuirass of central Asian style, known as Laminar Armor, present or absent as a military technology in the warfare practices of '<polity>' during the period from <time-start> to <time-end>? <answer-options>."
https://seshat-db.com/api/wf/laminar-armors/,239,"During the period from <time-start> to <time-end>, was laminar armor, defined as armor made of thin sheets of metal or other materials placed one on top of another, present or absent as a military technology in the warfare practices of '<polity>'? <answer-options>."
https://seshat-db.com/api/wf/laminar-armors/,240,"During the period from <time-start> to <time-end>, was laminar armor, defined as armor made of thin layers of material, present or absent as a military technology in the warfare practices of '<polity>'? <answer-options>."
https://seshat-db.com/api/wf/laminar-armors/,241,"The absence or presence of laminar armor, defined as a type of armor composed of thin layers of material stacked on top of each other, as a military technology used in warfare. <answer-options>."
https://seshat-db.com/api/wf/laminar-armors/,242,"During the period from <time-start> to <time-end>, was laminar armor, defined as a type of armor made by overlapping layers of thin sheets, present or absent as a military technology in the warfare practices of '<polity>'? <answer-options>."
https://seshat-db.com/api/wf/laminar-armors/,243,"The use of laminar armor, defined as armor made of thin sheets of metal that were stacked on top of each other, was present or absent in the warfare practices of '<polity>' during the period from <time-start> to <time-end>? <answer-options>."
https://seshat-db.com/api/wf/laminar-armors/,244,"Was laminar armor, defined as armor made of thin sheets of metal laminated together to provide increased protection against penetration, present or absent as a military technology in the warfare practices of '<polity>' during the period from <time-start> to <time-end>? <answer-options>."
https://seshat-db.com/api/wf/laminar-armors/,245,"During the period from <time-start> to <time-end>, was laminar armor, defined as a type of armor made from layers of lightweight material, present or absent in the warfare practices of '<polity>'? <answer-options>."
https://seshat-db.com/api/wf/laminar-armors/,246,"During the period from <time-start> to <time-end>, was laminar armor present or absent as a military technology in the warfare practices of '<polity>'? <answer-options>."
https://seshat-db.com/api/wf/laminar-armors/,247,"During the period from <time-start> to <time-end>, was laminar armor, defined as armor composed of thin layers of materials such as plates or plating, present or absent as a military technology in the warfare practices of '<polity>'? <answer-options>."
https://seshat-db.com/api/wf/laminar-armors/,248,"During the period from <time-start> to <time-end>, was laminar armor present or absent in the warfare practices of '<polity>'? <answer-options>."
https://seshat-db.com/api/wf/laminar-armors/,249,"During the period from <time-start> to <time-end>, was laminar armor, defined as armor made of multiple layers of thin, strong material, present or absent as a military technology in the warfare practices of '<polity>'? <answer-options>."
https://seshat-db.com/api/wf/laminar-armors/,250,"Was laminar armor, defined as a type of armor made of thin layers of metal plates connected by interwoven strips of wire, present or absent as a military technology in the warfare practices of '<polity>' during the period from <time-start> to <time-end>? <answer-options>."
https://seshat-db.com/api/wf/laminar-armors/,251,The absence or presence of laminar armor as a military technology used in warfare during the period from <time-start> to <time-end> in the context of '<polity>'. <answer-options>.
https://seshat-db.com/api/wf/laminar-armors/,252,"During the period from <time-start> to <time-end>, was laminar armor, defined as armor made of small metal rings linked together in a pattern to form a mesh, present or absent as a military technology in the warfare practices of '<polity>'? <answer-options>."
https://seshat-db.com/api/wf/laminar-armors/,253,"During the period from <time-start> to <time-end>, was laminar armor, defined as armor made of thin sheets of metal linked together to provide protection, present or absent as a military technology in the warfare practices of '<polity>'? <answer-options>."
https://seshat-db.com/api/wf/laminar-armors/,254,"During the period from <time-start> to <time-end>, was the use of laminar armor, defined as metalworking not widely used in Mesoamerica, present or absent as a military technology in the warfare practices of '<polity>'? <answer-options>."
https://seshat-db.com/api/wf/laminar-armors/,255,"During the period from <time-start> to <time-end>, was laminar armor, defined as armor made of small metal rings linked together in a pattern to form a mesh, present or absent as a military technology in the warfare practices of '<polity>'? <answer-options>."
https://seshat-db.com/api/wf/laminar-armors/,256,"Was laminar armor, defined as metalworking consisting mainly of small beads and ornaments, present or absent as a military technology in the warfare practices of Mesoamerica during the period from <time-start> to <time-end>? <answer-options>."
https://seshat-db.com/api/wf/laminar-armors/,257,"During the period from <time-start> to <time-end>, was laminar armor, defined as armor made of thin sheets of metal plates linked together in a pattern to form a shield or helmet, present or absent as a military technology in the warfare practices of '<polity>'? <answer-options>."
https://seshat-db.com/api/wf/laminar-armors/,258,"Was there a significant increase in the usage of laminar armor, defined as protective helmets made of quilted cotton, during the Early Classic period in '<polity>'? <answer-options>."
https://seshat-db.com/api/wf/laminar-armors/,259,"During the period from <time-start> to <time-end>, was the production and use of indigenous copper-based metallurgy, including cacao beans and copper axes as media of exchange, present or absent as a military technology in the warfare practices of '<polity>'? <answer-options>."
https://seshat-db.com/api/wf/laminar-armors/,260,"Was the production of copper-based metallurgy, including the widespread use of cacao beans and copper axes as media of exchange, considered a significant factor in the economic systems of Mesoamerica during the period from <time-start> to <time-end>? <answer-options>."
https://seshat-db.com/api/wf/laminar-armors/,261,"Was laminar armor, defined as cotton body armor, present or absent as a military technology in the warfare practices of Classic Mesoamerica (time period between <time-start> and <time-end>) according to Seshat database (<a class=""external free"" href=""https://www.zotero.org/groups/1051264/seshat_databank/items/itemKey/E9VHCKDG"" rel=""nofollow"">https://www.zotero.org/groups/1051264/seshat_databank/items/itemKey/E9VHCKDG</a>)? <answer-options>."
https://seshat-db.com/api/wf/laminar-armors/,262,"During the period from <time-start> to <time-end>, was the production and usage of laminar armor, defined as metalworking items consisting of small beads and ornaments, present or absent in the military technology of '<polity>'? <answer-options>."
https://seshat-db.com/api/wf/laminar-armors/,263,"During the period from <time-start> to <time-end>, was the use of laminar armor, defined as metalworking not widely used in Mesoamerica with metal products consisting mainly of small beads and ornaments, present or absent in the warfare practices of '<polity>'? <answer-options>."
https://seshat-db.com/api/wf/laminar-armors/,264,"Was the production and use of laminar armor, specifically metalworking not widely used in Mesoamerica, present or absent in the warfare practices of '<polity>' during the period from <time-start> to <time-end>? <answer-options>."
https://seshat-db.com/api/wf/laminar-armors/,265,Was laminar armor made of quilted cotton worn by soldiers during the period from <time-start> to <time-end> in '<polity>'? <answer-options>.
https://seshat-db.com/api/wf/laminar-armors/,266,"During the period from <time-start> to <time-end>, was laminar armor, defined as armor composed of thin layers of material arranged in parallel, present or absent as a military technology in the warfare practices of '<polity>'? <answer-options>."
https://seshat-db.com/api/wf/laminar-armors/,267,"The use of laminar armor, defined as armor made of thin sheets of metal or other materials, was absent or present as a military technology during the period from <time-start> to <time-end> in the warfare practices of '<polity>? <answer-options>."
https://seshat-db.com/api/wf/laminar-armors/,268,"Was laminar armor, defined as armor made of layers of thin sheets or planks, present or absent as a military technology in the warfare practices of '<polity>' during the period from <time-start> to <time-end>? <answer-options>."
https://seshat-db.com/api/wf/laminar-armors/,269,"During the period from <time-start> to <time-end>, was laminar armor, defined as a type of armor characterized by its thin, lightweight design and layering of materials, present or absent as a military technology in the warfare practices of '<polity>' in the Americas prior to European colonization? <answer-options>."
https://seshat-db.com/api/wf/laminar-armors/,270,"Was laminar armor, which refers to armor made of small metal plates fitted together in a pattern to form a protective layer, a military technology present or absent in the warfare practices of '<polity>' during the period from <time-start> to <time-end> in the Americas prior to European colonization? <answer-options>."
https://seshat-db.com/api/wf/laminar-armors/,271,"Based on the given information, was laminar armor, which refers to armor made of layers of metal plates, present or absent as a military technology in the warfare practices of '<polity>' during the period from <time-start> to <time-end>? <answer-options>."
https://seshat-db.com/api/wf/laminar-armors/,272,"During the period from <time-start> to <time-end>, was laminar armor, defined as armor made of thin layers of material that are bonded together to provide protection, present or absent as a military technology in the warfare practices of '<polity>' in美洲地区? <answer-options>."
https://seshat-db.com/api/wf/laminar-armors/,273,"During the period from <time-start> to <time-end>, was laminar armor, which refers to armor made of layers of thin plates or sheets, known to have been developed anywhere in the Americas before European colonization? <answer-options>."
https://seshat-db.com/api/wf/laminar-armors/,274,"During the period from <time-start> to <time-end>, was laminar armor present or absent as a military technology in the warfare practices of '<polity>'? <answer-options>."
https://seshat-db.com/api/wf/laminar-armors/,275,"The absence or presence of laminar armor as a military technology used in warfare.
During the period from <time-start> to <time-end>, was laminar armor, defined as armor made of thin sheets of material arranged in layers to provide protection, present or absent as a military technology in the warfare practices of '<polity>'? <answer-options>."
https://seshat-db.com/api/wf/laminar-armors/,276,"Was laminar armor, defined as flint, bone, and copper tools, present or absent as a military technology in the warfare practices of '<polity>' during the period from <time-start> to <time-end>? <answer-options>."
https://seshat-db.com/api/wf/laminar-armors/,277,"During the period from <time-start> to <time-end>, was laminar armor, defined as armor made primarily of flint, bone, and copper tools, present or absent as a military technology in the warfare practices of '<polity>'? <answer-options>."
https://seshat-db.com/api/wf/laminar-armors/,278,"During the period from <time-start> to <time-end>, was laminar armor made of flint, bone, and copper tools present or absent as a military technology in the warfare practices of '<polity>'? <answer-options>."
https://seshat-db.com/api/wf/laminar-armors/,279,"Was laminar armor, defined as a type of armor that consists of thin layers of materials such as plate or foam sandwiched between two layers of flexible material like leather or cloth, present or absent in the warfare practices of '<polity>' during the period from <time-start> to <time-end>? <answer-options>."
https://seshat-db.com/api/wf/laminar-armors/,280,"During the period from <time-start> to <time-end>, was laminar armor, defined as no evidence for weapons or armor, apart from arrowheads, spearheads, daggers, and axes, found at Pirak in India, present or absent as a military technology in the warfare practices of '<polity>'? <answer-options>."
https://seshat-db.com/api/wf/laminar-armors/,281,"During the period from <time-start> to <time-end>, was laminar armor present or absent as a military technology in the warfare practices of '<polity>'? <answer-options>."
https://seshat-db.com/api/wf/laminar-armors/,282,"During the period from <time-start> to <time-end>, was laminar armor, defined as a type of armor characterized by its thin layers of plates or scales, present or absent as a military technology in the warfare practices of '<polity>'? <answer-options>."
https://seshat-db.com/api/wf/laminar-armors/,283,"During the period from <time-start> to <time-end>, was laminar armor, defined as armor made of thin sheets of metal connected by interlocking plates, present or absent in the warfare practices of '<polity>'? <answer-options>."
https://seshat-db.com/api/wf/laminar-armors/,284,"During the period from <time-start> to <time-end>, was laminar armor, defined as a type of armor consisting of multiple layers of leather or textiles arranged in parallel planes, present or absent in the warfare practices of '<polity>'? <answer-options>."
https://seshat-db.com/api/wf/laminar-armors/,285,"During the period from <time-start> to <time-end>, was laminar armor, defined as armor made of multiple layers of animal hides or other materials sewn together, present or absent as a military technology in the warfare practices of '<polity>'? <answer-options>."
https://seshat-db.com/api/wf/laminar-armors/,286,"During the period from <time-start> to <time-end>, was there evidence for laminar armor in the warfare practices of '<polity>'? <answer-options>."
https://seshat-db.com/api/wf/laminar-armors/,287,"During the period from <time-start> to <time-end>, was laminar armor present or absent as a military technology in the warfare practices of '<polity>'? <answer-options>."
https://seshat-db.com/api/wf/laminar-armors/,288,"During the period from <time-start> to <time-end>, was laminar armor, defined as armor made of layers of thin plates, present or absent as a military technology in the warfare practices of '<polity>'? <answer-options>."
https://seshat-db.com/api/wf/laminar-armors/,289,"During the period from <time-start> to <time-end>, was laminar armor, defined as a type of armor consisting of metal scales sewn onto a leather base, present or absent in the warfare practices of '<polity>'? <answer-options>."
https://seshat-db.com/api/wf/laminar-armors/,290,"During the period from <time-start> to <time-end>, was laminar armor, as defined as an armor system consisting of multiple layers of hardened leather, cloth, or other flexible materials tightly bound together to provide protection against piercing and slashing weapons, present or absent as a military technology in the warfare practices of '<polity>'? <answer-options>."
https://seshat-db.com/api/wf/laminar-armors/,291,"During the period from <time-start> to <time-end>, was laminar armor present or absent as a military technology in the warfare practices of '<polity>'? <answer-options>."
https://seshat-db.com/api/wf/laminar-armors/,292,"What evidence do we have for the existence or non-existence of laminar armor, defined as armor made of thin layers of metal plates sandwiched between layers of flexible material, in the warfare practices of '<polity>' during the period from <time-start> to <time-end>? <answer-options>."
https://seshat-db.com/api/wf/laminar-armors/,293,The absence or presence of laminar armor as a military technology used in warfare during the period from <time-start> to <time-end> in the context of '<polity>'. <answer-options>.
https://seshat-db.com/api/wf/laminar-armors/,294,"During the period from <time-start> to <time-end>, was laminar armor, defined as mail or scale armor, present or absent in the warfare practices of '<polity>'? <answer-options>."
https://seshat-db.com/api/wf/laminar-armors/,295,"During the period from <time-start> to <time-end>, was laminar armor, defined as an advanced type of armor made from layers of thin material, present or absent as a military technology in the warfare practices of '<polity>'? <answer-options>."
https://seshat-db.com/api/wf/laminar-armors/,296,"In the period from <time-start> to <time-end>, was laminar armor, defined as technology not yet available, present or absent as a military technology in the warfare practices of '<polity>'? <answer-options>."
https://seshat-db.com/api/wf/laminar-armors/,297,"During the period from <time-start> to <time-end>, was laminar armor technology present or absent as a military technology in the warfare practices of '<polity>'? <answer-options>."
https://seshat-db.com/api/wf/laminar-armors/,298,"During the period from <time-start> to <time-end>, was laminar armor, which includes mail, lamellar, or quilted armor, present or absent as a military technology in the warfare practices of '<polity>'? <answer-options>."
https://seshat-db.com/api/wf/laminar-armors/,299,"During the period from <time-start> to <time-end>, was laminar armor, defined as a type of armor made by layering thin sheets of iron or steel over each other, present or absent in the warfare practices of '<polity>'? <answer-options>."
https://seshat-db.com/api/wf/laminar-armors/,300,"During the period from <time-start> to <time-end>, was laminar armor, defined as a type of armor consisting of layers of protective materials such as plates, scales, or lamellae linked together by straps or interlocking plates, present or absent as a military technology in the warfare practices of '<polity>? <answer-options>."
https://seshat-db.com/api/wf/laminar-armors/,301,"During the period from <time-start> to <time-end>, was laminar armor, defined as armor made of thin plates bonded together to provide protection against missile weapons, present or absent as a military technology in the warfare practices of '<polity>'? <answer-options>."
https://seshat-db.com/api/wf/laminar-armors/,302,"During the period from <time-start> to <time-end>, was laminar armor, a type of armor characterized by thin layers of metal plates, present or absent as a military technology in the warfare practices of '<polity>'? <answer-options>."
https://seshat-db.com/api/wf/laminar-armors/,303,"Was laminar armor, defined as a type of armor made of layers of thin plates or composites that can provide protection against both kinetic energy and penetration, present or absent in the warfare practices of '<polity>' during the period from <time-start> to <time-end>? <answer-options>."
https://seshat-db.com/api/wf/laminar-armors/,304,"During the period from <time-start> to <time-end>, was laminar armor present or absent as a military technology in the warfare practices of '<polity>'? <answer-options>."
https://seshat-db.com/api/wf/laminar-armors/,305,"Was laminar armor, a type of armor characterized by its layers of thin, overlapping plates, present or absent as a military technology in the warfare practices of '<polity>' during the period from <time-start> to <time-end>? <answer-options>."
https://seshat-db.com/api/wf/laminar-armors/,306,"During the period from <time-start> to <time-end>, was laminar armor, defined as armor made of layers of materials with varying thicknesses and properties, present or absent as a military technology in the warfare practices of '<polity>'? <answer-options>."
https://seshat-db.com/api/wf/laminar-armors/,307,"During the period from <time-start> to <time-end>, was laminar armor, defined as a type of armor characterized by layers of thin plates or plating, present or absent in the warfare practices of '<polity>'? <answer-options>."
https://seshat-db.com/api/wf/laminar-armors/,308,"During the period from <time-start> to <time-end>, was laminar armor, defined as armor made of thin sheets of materials such as metal or leather layered together, already in use as a military technology in the warfare practices of '<polity>'? <answer-options>."
https://seshat-db.com/api/wf/laminar-armors/,309,"Was laminar armor, defined as a type of armor made from layers of thin materials such as feathers or linen, present or absent in the military technologies of '<polity>' during the period from <time-start> to <time-end>? <answer-options>."
https://seshat-db.com/api/wf/laminar-armors/,310,"During the period from <time-start> to <time-end>, was laminar armor, defined as a type of armor made by bonding thin layers of material such as steel or Kevlar, present or absent as a military technology in the warfare practices of '<polity>'? <answer-options>."
https://seshat-db.com/api/wf/laminar-armors/,311,"In what time period did the use of laminar armor, defined as a type of armor that has a layered structure, become available as a military technology in '<polity>'? <answer-options>."
https://seshat-db.com/api/wf/laminar-armors/,312,"During the period from <time-start> to <time-end>, was laminar armor present or absent as a military technology in the warfare practices of '<polity>'? <answer-options>."
https://seshat-db.com/api/wf/laminar-armors/,313,"During the period from <time-start> to <time-end>, was laminar armor, defined as a type of armor made of thin layers of metal plates attached to each other with rivets, present or absent in the warfare practices of '<polity>'? <answer-options>."
https://seshat-db.com/api/wf/laminar-armors/,314,"During the period from <time-start> to <time-end>, was laminar armor, defined as a type of armor that consisted of layers of overlapping plates or scales, present or absent as a military technology in the warfare practices of '<polity>'? <answer-options>."
https://seshat-db.com/api/wf/laminar-armors/,315,"During the period from <time-start> to <time-end>, was laminar armor present or absent as a military technology in the warfare practices of '<polity>'? <answer-options>."
https://seshat-db.com/api/wf/laminar-armors/,316,"During the period from <time-start> to <time-end>, was laminar armor, defined as a type of armor made by layering multiple thin layers of materials such as leather, cloth, or metal plates, present or absent as a military technology in the warfare practices of '<polity>'? <answer-options>."
https://seshat-db.com/api/wf/laminar-armors/,317,"During the period from <time-start> to <time-end>, was laminar armor, a technology not yet available, present or absent in the warfare practices of '<polity>'? <answer-options>."
https://seshat-db.com/api/wf/laminar-armors/,318,"During the period from <time-start> to <time-end>, was laminar armor, defined as a type of armor made by layering thin plates or plating over one another, present or absent as a military technology in the warfare practices of '<polity>'? <answer-options>."
https://seshat-db.com/api/wf/laminar-armors/,319,"During the period from <time-start> to <time-end>, was the lamellar cuirass, as depicted in the Saljug art shown by Nicolle, David, present or absent as a type of armor in the warfare practices of '<polity>'? <answer-options>."
https://seshat-db.com/api/wf/laminar-armors/,320,"During the period from <time-start> to <time-end>, was laminar armor present or absent as a military technology in the warfare practices of '<polity>'? <answer-options>."
https://seshat-db.com/api/wf/laminar-armors/,321,"During the period from <time-start> to <time-end>, was laminar armor, defined as armor made of multiple layers of thin materials such as plates, laminae, or scales, present or absent as a military technology in the warfare practices of '<polity>'? <answer-options>."
https://seshat-db.com/api/wf/laminar-armors/,322,"During the period from <time-start> to <time-end>, was laminar armor present or absent as a military technology in the warfare practices of '<polity>'? <answer-options>."
https://seshat-db.com/api/wf/laminar-armors/,323,"During the period from <time-start> to <time-end>, was laminar armor, defined as Illinois-made tools and utensils made of various natural materials such as wood, bone, antler, shell, and stone, present or absent as a military technology in the warfare practices of '<polity>'? <answer-options>."
https://seshat-db.com/api/wf/laminar-armors/,324,"During the period from <time-start> to <time-end>, was laminar armor, defined as armor made of thin sheets of metal laid over one another in a layering process, present or absent as a military technology in the warfare practices of '<polity>'? <answer-options>."
https://seshat-db.com/api/wf/laminar-armors/,325,"During the period from <time-start> to <time-end>, was the use of laminar armor, defined as armor made of small metal rings linked together in a pattern to form a mesh, present or absent in the warfare practices of '<polity>'? <answer-options>."
https://seshat-db.com/api/wf/laminar-armors/,326,"During the period from <time-start> to <time-end>, was laminar armor, defined as a type of armor made of thin sheets of materials such as wood, leather, or fabric, present or absent in the warfare practices of '<polity>'? <answer-options>."
https://seshat-db.com/api/wf/laminar-armors/,327,"Was laminar armor, defined as armor made of thin layers of materials, present or absent as a military technology in the warfare practices of '<polity>' during the period from <time-start> to <time-end>? <answer-options>."
https://seshat-db.com/api/wf/laminar-armors/,328,"During the period from <time-start> to <time-end>, was laminar armor, defined as armor made of thin, layered materials such as leather, canvas, or felt, present or absent as a military technology in the warfare practices of '<polity>'? <answer-options>."
https://seshat-db.com/api/wf/laminar-armors/,329,"During the period from <time-start> to <time-end>, was laminar armor, defined as a type of armor characterized by thin, flat plates or sheets that provide protection against impact and penetration, present or absent in the warfare practices of '<polity>'? <answer-options>."
https://seshat-db.com/api/wf/laminar-armors/,330,"During the period from <time-start> to <time-end>, was laminar armor, defined as a type of armor characterized by its layers of thin sheets of material, present or absent as a military technology in the warfare practices of '<polity>'? <answer-options>."
https://seshat-db.com/api/wf/laminar-armors/,331,"During the period from <time-start> to <time-end>, was laminar armor, defined as armor made of multiple layers of thin, flexible plates connected by joints or hinges, present or absent as a military technology in the warfare practices of '<polity>'? <answer-options>."
https://seshat-db.com/api/wf/laminar-armors/,332,"During the period from <time-start> to <time-end>, was laminar armor, defined as a type of armor that consists of thin, flat sheets of metal or other materials arranged in layers, present or absent as a military technology in the warfare practices of '<polity>'? <answer-options>."
https://seshat-db.com/api/wf/laminar-armors/,333,"The absence or presence of laminar armor as a military technology used in warfare. During the period from <time-start> to <time-end>, was laminar armor present or absent in the warfare practices of '<polity>'? <answer-options>."
https://seshat-db.com/api/wf/laminar-armors/,334,Was laminar armor present or absent in the warfare practices of '<polity>' during the period from <time-start> to <time-end>? <answer-options>.
https://seshat-db.com/api/wf/laminar-armors/,335,"During the period from <time-start> to <time-end>, was lamellar armor, characterized by rows of interconnected metal plates, present or absent as a military technology in the warfare practices of '<polity>'? <answer-options>."
https://seshat-db.com/api/wf/laminar-armors/,336,"The absence or presence of laminar armor as a military technology used in warfare.
During the period from <time-start> to <time-end>, was laminar armor, defined as a type of armor characterized by thin layers of metal plates sandwiched between layers of non-metallic materials such as rubber or plastic, present or absent as a military technology in the warfare practices of '<polity>'? <answer-options>."
https://seshat-db.com/api/wf/laminar-armors/,337,"During the period from <time-start> to <time-end>, was laminar armor, defined as a type of armor made of multiple layers of thin plates or plating stacked one atop another, present or absent as a military technology in the warfare practices of '<polity>'? <answer-options>."
https://seshat-db.com/api/wf/laminar-armors/,338,The absence or presence of laminar armor as a military technology used in warfare during the period from <time-start> to <time-end> in the context of '<polity>'. <answer-options>.
https://seshat-db.com/api/wf/laminar-armors/,339,"During the period from <time-start> to <time-end>, was lamellar armor, defined as armor made of small metal rings linked together in a pattern to form a mesh, present or absent in the warfare practices of '<polity>'? <answer-options>."
https://seshat-db.com/api/wf/laminar-armors/,340,"During the period from <time-start> to <time-end>, was laminar armor, defined as armor made of overlapping plates or scales, present or absent in the warfare practices of '<polity>'? <answer-options>."
https://seshat-db.com/api/wf/laminar-armors/,341,"During the period from <time-start> to <time-end>, was lamellar armor, characterized by small metal rings linked together in a pattern to form a mesh, present or absent in the warfare practices of '<polity>'? <answer-options>."
https://seshat-db.com/api/wf/laminar-armors/,342,"During the period from <time-start> to <time-end>, was laminar armor present or absent as a military technology in the warfare practices of '<polity>'? <answer-options>."
https://seshat-db.com/api/wf/laminar-armors/,343,"During the period from <time-start> to <time-end>, were laminar armors, defined as fully armoured cavalry, present or absent in the warfare practices of '<polity>'? <answer-options>."
https://seshat-db.com/api/wf/laminar-armors/,344,"Was laminar armor, defined as fully armored cavalry, present or absent as a military technology during the reign of the Ayyubids in Yemen from <time-start> to <time-end>? <answer-options>."
https://seshat-db.com/api/wf/laminar-armors/,345,"Was laminar armor, defined as armor made of small metal rings linked together in a pattern to form a mesh, present or absent in the warfare practices of the Abbasid Caliphate, as recorded in the Seshat Database, during the period from <time-start> to <time-end>? <answer-options>."
https://seshat-db.com/api/wf/laminar-armors/,346,"During the period from <time-start> to <time-end>, was laminar armor, defined as code inferred from Abbasid Caliphate, present or absent as a military technology in the warfare practices of '<polity>'? <answer-options>."
