endpoint_identifier,entry_idx,output
https://seshat-db.com/api/wf/modern-fortifications/,0,"During the period from <time-start> to <time-end> in the context of '<polity>', were modern fortifications, defined as the development of defensive structures that utilized new technologies and techniques such as artillery and barbed wire, present or absent as a military technology? <answer-options>."
https://seshat-db.com/api/wf/modern-fortifications/,1,"During the period from <time-start> to <time-end>, was modern fortification, defined as advanced techniques used to construct defensive structures such as walls, trenches, and bunkers, present or absent in the warfare practices of '<polity>'? <answer-options>."
https://seshat-db.com/api/wf/modern-fortifications/,2,"During the period from <time-start> to <time-end>, was modern fortification, defined as structures and systems designed to provide protection against attacks, absent in the warfare practices of '<polity>' prior to the advent of gunpowder? <answer-options>."
https://seshat-db.com/api/wf/modern-fortifications/,3,"Was modern fortification, defined as defensive structures built after the introduction of gunpowder weapons, present in the warfare practices of '<polity>' during the period from <time-start> to <time-end>? <answer-options>."
https://seshat-db.com/api/wf/modern-fortifications/,4,"Was modern fortification, which refers to the absence of modern fortifications before the gunpowder era, present or absent in the military strategies of '<polity>' during the period from <time-start> to <time-end>? <answer-options>."
https://seshat-db.com/api/wf/modern-fortifications/,5,"During the period from <time-start> to <time-end>, was modern fortification technology absent in the warfare practices of '<polity>'? <answer-options>."
https://seshat-db.com/api/wf/modern-fortifications/,6,"During the period from <time-start> to <time-end>, was modern fortification, defined as the use of advanced building techniques and materials to create defensive structures, absent or present in the warfare practices of '<polity>'? <answer-options>."
https://seshat-db.com/api/wf/modern-fortifications/,7,"During the period from <time-start> to <time-end>, were modern fortifications, such as barbed wire and underground bunkers, present or absent in the warfare strategies of '<polity>'? <answer-options>."
https://seshat-db.com/api/wf/modern-fortifications/,8,"During the period from <time-start> to <time-end>, were modern fortifications, defined as fortified structures constructed with advanced engineering techniques such as barbed wire, concrete, and steel, present or absent in the warfare practices of '<polity>'? <answer-options>."
https://seshat-db.com/api/wf/modern-fortifications/,9,"During the period from <time-start> to <time-end>, was the use of modern fortifications, specifically those relying on gunpowder, absent or present in the warfare practices of '<polity>'? <answer-options>."
https://seshat-db.com/api/wf/modern-fortifications/,10,"During the period from <time-start> to <time-end>, was gunpowder not present as a military technology in the modern fortifications of '<polity>'? <answer-options>."
https://seshat-db.com/api/wf/modern-fortifications/,11,"During the period from <time-start> to <time-end>, were modern fortifications, defined as structures built with advanced engineering techniques and materials, such as concrete and steel, and designed to withstand attack, present or absent in the warfare practices of '<polity>'? <answer-options>."
https://seshat-db.com/api/wf/modern-fortifications/,12,"During the period from <time-start> to <time-end>, were modern fortifications, characterized by their advanced engineering techniques and defense systems, present or absent in the military architecture of '<polity>'? Please note that ""modern"" refers to the current state of fortifications, incorporating elements such as barbed wire, machine guns, and concrete structures. <answer-options>."
https://seshat-db.com/api/wf/modern-fortifications/,13,"Was modern fortification, which includes canals used for military transport, absent or present as a military technology in the warfare practices of '<polity>' during the period from <time-start> to <time-end>? <answer-options>."
https://seshat-db.com/api/wf/modern-fortifications/,14,"During the period from <time-start> to <time-end>, were modern fortifications, such as those designed to defend against gunpowder weapons which were not developed until thousands of years later, present or absent in the military strategies of '<polity>'? <answer-options>."
https://seshat-db.com/api/wf/modern-fortifications/,15,"Was modern fortification, defined as the construction of large, heavily defended structures such as concrete bunkers and blast-resistant walls, present or absent as a military technology in the warfare practices of '<polity>' during the period from <time-start> to <time-end>? <answer-options>."
https://seshat-db.com/api/wf/modern-fortifications/,16,"During the period from <time-start> to <time-end>, were modern fortifications, defined as structures designed to protect against enemy attacks, present or absent in the military strategies of '<polity>'? <answer-options>."
https://seshat-db.com/api/wf/modern-fortifications/,17,"During the period from <time-start> to <time-end>, were modern fortifications, such as bastions and barbican, present in the city's defenses of Kaifeng in the event of a Jin attack in 1126, as described by Tonio Andrade in his book ""The Gunpowder Age""? <answer-options>."
https://seshat-db.com/api/wf/modern-fortifications/,18,The absence or presence of modern fortifications as a military technology used in warfare during the period from <time-start> to <time-end> in the context of '<polity>'. <answer-options>.
https://seshat-db.com/api/wf/modern-fortifications/,19,"The absence or presence of modern fortifications, such as blast walls, barbed wire, and anti-personnel mines, as a military technology used in warfare during the period from <time-start> to <time-end> in the context of '<polity>'. <answer-options>."
https://seshat-db.com/api/wf/modern-fortifications/,20,"During the period from <time-start> to <time-end>, were modern fortifications, such as earthworks, stone walls, and other defensive structures, present or absent in the warfare practices of '<polity>'? <answer-options>."
https://seshat-db.com/api/wf/modern-fortifications/,21,"During the period from <time-start> to <time-end>, were modern fortifications such as coastal fortresses and other technologies described under ""Other technologies"" present or absent in the warfare practices of '<polity>'? <answer-options>."
https://seshat-db.com/api/wf/modern-fortifications/,22,"During the period from <time-start> to <time-end>, were modern fortifications with walls designed to withstand gunpowder siege artillery present or absent in the military practices of '<polity>'? <answer-options>."
https://seshat-db.com/api/wf/modern-fortifications/,23,"During the period from <time-start> to <time-end>, was modern fortification, characterized by the use of concrete, steel, and other advanced materials, a common feature in the military strategies of '<polity>'? <answer-options>."
https://seshat-db.com/api/wf/modern-fortifications/,24,The absence or presence of modern fortifications as a military technology used in warfare. <answer-options>.
https://seshat-db.com/api/wf/modern-fortifications/,25,"During the period from <time-start> to <time-end>, were modern fortifications, defined as structures built to protect against enemy attacks and provide defensive positions for troops, present or absent in the warfare practices of '<polity>'? <answer-options>."
https://seshat-db.com/api/wf/modern-fortifications/,26,"During the period from <time-start> to <time-end>, was modern fortification, defined as the construction of large, heavily fortified structures such as bastions, curtain walls, and堡壘炮台, present or absent as a military technology in the warfare practices of '<polity>'? <answer-options>."
https://seshat-db.com/api/wf/modern-fortifications/,27,"During the period from <time-start> to <time-end>, was modern fortification, characterized by the use of reinforced concrete, steel, and other advanced materials, present or absent as a military technology in the warfare practices of '<polity>'? <answer-options>."
https://seshat-db.com/api/wf/modern-fortifications/,28,"During the period from <time-start> to <time-end>, were modern fortifications, specifically those without gunpowder, present or absent in the military architecture of '<polity>'? <answer-options>."
https://seshat-db.com/api/wf/modern-fortifications/,29,"During the period from <time-start> to <time-end>, were modern fortifications, defined as defences against gunpowder weapons not necessary until the invention of gunpowder, present or absent in the warfare practices of '<polity>'? <answer-options>."
https://seshat-db.com/api/wf/modern-fortifications/,30,"During the period from <time-start> to <time-end>, was modern fortification, defined as the construction of large, fortified structures with advanced features such as artillery emplacements and bomb shelters, present or absent in the military practices of '<polity>'? <answer-options>."
https://seshat-db.com/api/wf/modern-fortifications/,31,Was modern fortification technology present or absent in the Neguanje period? <answer-options>.
https://seshat-db.com/api/wf/modern-fortifications/,32,"Was modern fortification, defined as evidence of the absence of fortified structures, present or absent in the warfare practices of '<polity>' during the period from <time-start> to <time-end>? <answer-options>."
https://seshat-db.com/api/wf/modern-fortifications/,33,"During the period from <time-start> to <time-end>, were modern fortifications, described as make-shift palisades and watchtowers made from wood only, present or absent in the military practices of '<polity>'? <answer-options>."
https://seshat-db.com/api/wf/modern-fortifications/,34,"Was modern fortifications, characterized by more durable materials such as brick and stone, used for defense in the period between <time-start> and <time-end> in the context of '<polity>'? <answer-options>."
https://seshat-db.com/api/wf/modern-fortifications/,35,"During the period from <time-start> to <time-end>, was modern fortification, defined as advanced defensive structures including walls, guns, and other fortifications, present or absent in the warfare practices of '<polity>'? <answer-options>."
https://seshat-db.com/api/wf/modern-fortifications/,36,The absence or presence of modern fortifications as a military technology used in warfare. Did fortifications play a significant role in the military strategy of '<polity>' during the period from <time-start> to <time-end>? <answer-options>.
https://seshat-db.com/api/wf/modern-fortifications/,37,What were the modern fortification techniques used by '<polity>' during the period from <time-start> to <time-end>? Please provide examples. <answer-options>.
https://seshat-db.com/api/wf/modern-fortifications/,38,"Was modern fortification, defined as the construction of defensive structures such as trenches, bunkers, and walls, present or absent in the warfare practices of '<polity>' during the period from <time-start> to <time-end>? <answer-options>."
https://seshat-db.com/api/wf/modern-fortifications/,39,"During the period from <time-start> to <time-end>, were modern fortifications, characterized by advanced defensive structures such as barbed wire, concrete bunkers, and machine guns, present or absent in the military practices of '<polity>'? <answer-options>."
https://seshat-db.com/api/wf/modern-fortifications/,40,"During the period from <time-start> to <time-end>, was modern fortification, defined as the construction of defensive structures such as walls, bastions, and trenches, present or absent in the warfare practices of '<polity>'? <answer-options>."
https://seshat-db.com/api/wf/modern-fortifications/,41,"During the period from <time-start> to <time-end>, were modern fortifications, characterized by reinforced concrete structures, guns, and other advanced technologies, present or absent in the warfare practices of '<polity>'? <answer-options>."
https://seshat-db.com/api/wf/modern-fortifications/,42,What were the modern fortifications used by the military of '<polity>' between <time-start> and <time-end>? <answer-options>.
https://seshat-db.com/api/wf/modern-fortifications/,43,"During the period from <time-start> to <time-end>, was modern fortification, as defined in §REF§(Adam 1981, 232), present or absent in the warfare practices of '<polity>'? <answer-options>."
https://seshat-db.com/api/wf/modern-fortifications/,44,"Was modern fortification, defined as the construction of large, heavily fortified structures with advanced defensive technologies, present or absent in warfare strategies during the period from <time-start> to <time-end> in '<polity>'? <answer-options>."
https://seshat-db.com/api/wf/modern-fortifications/,45,"During the period from <time-start> to <time-end>, was modern fortification, defined as the use of advanced defensive structures such as walls, barbed wire, machine guns, and anti-aircraft defenses, present or absent as a military technology in the warfare practices of '<polity>'? <answer-options>."
https://seshat-db.com/api/wf/modern-fortifications/,46,"During the period from <time-start> to <time-end>, was modern fortification, defined as the use of concrete, steel, and other advanced materials to construct defensive structures, present or absent in the warfare practices of '<polity>'? <answer-options>."
https://seshat-db.com/api/wf/modern-fortifications/,47,"Was modern fortification, defined as the construction of large, heavily fortified structures such as bastions, casemates, and redoubts, present or absent in the warfare practices of '<polity>' during the period from <time-start> to <time-end>? <answer-options>."
https://seshat-db.com/api/wf/modern-fortifications/,48,"During the period from <time-start> to <time-end>, were modern fortifications, defined as advanced defensive structures incorporating elements such as concrete, barbed wire, and machine guns, present or absent in the warfare practices of '<polity>'? <answer-options>."
https://seshat-db.com/api/wf/modern-fortifications/,49,"During the period from <time-start> to <time-end>, were modern fortifications, characterized by their sophisticated design and materials such as barbed wire and concrete blocks, present or absent as a military technology in the warfare practices of '<polity>'? <answer-options>."
https://seshat-db.com/api/wf/modern-fortifications/,50,"During the period from <time-start> to <time-end>, were modern fortifications, defined as advanced defensive structures such as bomb shelters and concrete walls, present or absent in the warfare practices of '<polity>'? <answer-options>."
https://seshat-db.com/api/wf/modern-fortifications/,51,"During the period from <time-start> to <time-end>, was modern fortification, defined as the use of advanced techniques and materials to construct defensive structures such as concrete walls, blast-resistant barriers, and unmanned surveillance systems, present or absent in the military defenses of '<polity>'? <answer-options>."
https://seshat-db.com/api/wf/modern-fortifications/,52,"Was modern fortification, defined as the construction of large, heavily fortified structures, present or absent in the warfare strategies of '<polity>' during the period from <time-start> to <time-end>? <answer-options>."
https://seshat-db.com/api/wf/modern-fortifications/,53,"Was modern fortification, defined as the use of advanced engineering techniques to construct defensive structures such as walls, tunnels, and observation posts, present or absent in the warfare practices of '<polity>' during the period from <time-start> to <time-end>? <answer-options>."
https://seshat-db.com/api/wf/modern-fortifications/,54,"During the period from <time-start> to <time-end>, was modern fortification technology present or absent in the military defenses of '<polity>'? <answer-options>."
https://seshat-db.com/api/wf/modern-fortifications/,55,"Was modern fortification, defined as the construction of defensive structures such as walls, bastions, and tunnels, present or absent in the warfare practices of '<polity>' during the period from <time-start> to <time-end>? <answer-options>."
https://seshat-db.com/api/wf/modern-fortifications/,56,"During the period from <time-start> to <time-end>, was modern fortification, defined as advanced defensive structures such as underground bunkers, observation towers, and radar systems, present or absent in the warfare practices of '<polity>'? <answer-options>."
https://seshat-db.com/api/wf/modern-fortifications/,57,What modern fortifications were used by the military of '<polity>' between <time-start> and <time-end>? <answer-options>.
https://seshat-db.com/api/wf/modern-fortifications/,58,"During the period from <time-start> to <time-end>, was the construction of royal fortress such as the Royal Fortress of the Concepcion, built in 1663 on the Portuguese-Spanish border area and considered as an example of a starfort, a common feature of modern fortifications, present or absent in the warfare practices of '<polity>'? <answer-options>."
https://seshat-db.com/api/wf/modern-fortifications/,59,The absence or presence of modern fortifications as a military technology used in warfare during the period from <time-start> to <time-end> in the context of '<polity>'. <answer-options>.
https://seshat-db.com/api/wf/modern-fortifications/,60,"Was modern fortification, defined as the use of reinforced concrete and steel structures for protection against enemy attack, present or absent in the warfare practices of '<polity>' during the period from <time-start> to <time-end>? <answer-options>."
https://seshat-db.com/api/wf/modern-fortifications/,61,"During the period from <time-start> to <time-end>, were modern fortifications, characterized by the use of advanced technologies such as reinforced concrete, barbed wire, and machine guns, present or absent in the warfare practices of '<polity>'? <answer-options>."
https://seshat-db.com/api/wf/modern-fortifications/,62,"Was modern fortification, which refers to the construction of fortified structures such as walls, guns, and other defensive measures, an established military technology during the period from <time-start> to <time-end> in the context of '<polity>? <answer-options>."
https://seshat-db.com/api/wf/modern-fortifications/,63,"During the period from <time-start> to <time-end>, was modern fortification technology, as described in the literature, present or absent in the warfare practices of '<polity>'? <answer-options>."
https://seshat-db.com/api/wf/modern-fortifications/,64,"During the period from <time-start> to <time-end>, were modern fortifications, specifically those found at Brouage, present or absent as a military technology in the warfare practices of '<polity>'? <answer-options>."
https://seshat-db.com/api/wf/modern-fortifications/,65,"During the period from <time-start> to <time-end>, were Vauban's fortifications, known for their elaborate design and costliness, present as a military technology in the warfare practices of '<polity>'? <answer-options>."
https://seshat-db.com/api/wf/modern-fortifications/,66,"During the period from <time-start> to <time-end>, was modern fortification, defined as the use of reinforced concrete, steel, and other advanced materials in the construction of defensive structures, present or absent in the warfare practices of '<polity>'? <answer-options>."
https://seshat-db.com/api/wf/modern-fortifications/,67,"During the period from <time-start> to <time-end>, were modern fortifications, defined as advanced structures designed to withstand attack and protect important resources, present or absent in the military practices of '<polity>'? <answer-options>."
https://seshat-db.com/api/wf/modern-fortifications/,68,"During the period from <time-start> to <time-end>, was modern fortification technology, specifically the concept of fortified cities as military defense structures, present or absent in the warfare practices of '<polity>'? <answer-options>."
https://seshat-db.com/api/wf/modern-fortifications/,69,"During the period from <time-start> to <time-end>, was modern fortification, as described by David Baker, absent in the warfare practices of '<polity>'? <answer-options>."
https://seshat-db.com/api/wf/modern-fortifications/,70,"During the period from <time-start> to <time-end>, was modern fortification, defined as an architectural feature designed to defend against military attacks, present or absent in the warfare practices of '<polity>'? <answer-options>."
https://seshat-db.com/api/wf/modern-fortifications/,71,"During the period from <time-start> to <time-end>, was modern fortification, defined as advanced defensive structures such as bunkers, anti-aircraft guns, and underground tunnels, present or absent in the warfare practices of '<polity>'? <answer-options>."
https://seshat-db.com/api/wf/modern-fortifications/,72,"During the period from <time-start> to <time-end>, were modern fortifications, defined as the use of advanced engineering techniques and materials to construct defensive structures, present or absent in the warfare practices of '<polity>'? <answer-options>."
https://seshat-db.com/api/wf/modern-fortifications/,73,"During the period from <time-start> to <time-end>, was modern fortification, defined as an advanced system of defensive structures, present or absent in the military strategies of '<polity>'? <answer-options>."
https://seshat-db.com/api/wf/modern-fortifications/,74,"During the period from <time-start> to <time-end>, were modern fortifications, defined as structures designed to protect against enemy attacks, present or absent in the military practices of '<polity>'? <answer-options>."
https://seshat-db.com/api/wf/modern-fortifications/,75,"During the period from <time-start> to <time-end>, were modern fortifications, as defined as structures designed to provide protection against attack by using defensive walls, gates, bombproof shelters, and other features, present or absent in the military strategies of '<polity>'? <answer-options>."
https://seshat-db.com/api/wf/modern-fortifications/,76,"During the period from <time-start> to <time-end>, was modern fortification present or absent as a military technology in the warfare practices of '<polity>'? <answer-options>."
https://seshat-db.com/api/wf/modern-fortifications/,77,"During the period from <time-start> to <time-end>, were modern fortifications present or absent as a military technology in the warfare practices of '<polity>'? <answer-options>."
https://seshat-db.com/api/wf/modern-fortifications/,78,"During the period from <time-start> to <time-end>, was modern fortification, specifically referring to the development and usage of advanced military technologies such as tanks, aircraft, and missiles, present or absent in the warfare strategies of '<polity>'? <answer-options>."
https://seshat-db.com/api/wf/modern-fortifications/,79,"During the period from <time-start> to <time-end>, were modern fortifications present or absent in the military defense strategies of '<polity>'? <answer-options>."
https://seshat-db.com/api/wf/modern-fortifications/,80,"During the period from <time-start> to <time-end>, were modern fortifications, such as castle architecture becoming increasingly complex from the 12th to 13th centuries, present or absent in the military practices of '<polity>'? <answer-options>."
https://seshat-db.com/api/wf/modern-fortifications/,81,"Was castle architecture increasingly complex from the 12th to 13th centuries, but then became obsolete with the widespread use of gunpowder in the 14th and 15th centuries? <answer-options>. Yes / No"
https://seshat-db.com/api/wf/modern-fortifications/,82,"During the period from <time-start> to <time-end>, were modern fortifications, defined as structures built with advanced engineering techniques to provide protection against attacks, present or absent in the warfare practices of '<polity>'? <answer-options>."
https://seshat-db.com/api/wf/modern-fortifications/,83,"During the period from <time-start> to <time-end>, were modern fortifications, defined as reinforced concrete or steel structures designed to protect military installations, present or absent in the warfare practices of '<polity>'? <answer-options>."
https://seshat-db.com/api/wf/modern-fortifications/,84,"The absence or presence of modern fortifications, defined as structures designed to provide protection against enemy attacks, during the period from <time-start> to <time-end> in the context of '<polity>'. <answer-options>."
https://seshat-db.com/api/wf/modern-fortifications/,85,"Was modern fortification, defined as the use of advanced architectural techniques and materials for defense purposes, present or absent in the warfare practices of '<polity>' during the period from <time-start> to <time-end>? <answer-options>."
https://seshat-db.com/api/wf/modern-fortifications/,86,"During the period from <time-start> to <time-end>, were modern fortifications, characterized by the use of concrete, steel, and other advanced materials, present or absent in the warfare practices of '<polity>'? <answer-options>."
https://seshat-db.com/api/wf/modern-fortifications/,87,"During the period from <time-start> to <time-end>, were modern fortifications, defined as defensive structures designed to withstand attacks and protect a settlement or important site, present or absent in the warfare practices of '<polity>'? <answer-options>."
https://seshat-db.com/api/wf/modern-fortifications/,88,"The absence or presence of modern fortifications as a military technology used in warfare. During the period from <time-start> to <time-end>, was modern fortification, defined as advanced defensive structures and systems, present or absent in the warfare practices of '<polity>'? <answer-options>."
https://seshat-db.com/api/wf/modern-fortifications/,89,"During the period from <time-start> to <time-end>, was modern fortification, defined as the use of advanced technologies and techniques to design and construct fortified structures for protection against military attacks, present or absent in the warfare practices of '<polity>'? <answer-options>."
https://seshat-db.com/api/wf/modern-fortifications/,90,"Was modern fortification, defined as the use of reinforced concrete, steel, and other advanced materials to design and construct defensive structures such as bunkers, walls, and towers, present or absent in the warfare practices of '<polity>' during the period from <time-start> to <time-end>? <answer-options>."
https://seshat-db.com/api/wf/modern-fortifications/,91,"During the period from <time-start> to <time-end>, were modern fortifications, defined as advanced defensive structures characterized by their use of modern materials and technologies such as barbed wire, concrete, and guns, present or absent in the military practices of '<polity>'? <answer-options>."
https://seshat-db.com/api/wf/modern-fortifications/,92,"During the period from <time-start> to <time-end>, was modern fortification, defined as the construction of defensive structures using advanced engineering techniques and materials, present or absent in the warfare practices of '<polity>'? <answer-options>."
https://seshat-db.com/api/wf/modern-fortifications/,93,"During the period from <time-start> to <time-end>, were modern fortifications, defined as advanced structures designed to provide protection against military attacks, present or absent in the warfare practices of '<polity>'? <answer-options>."
https://seshat-db.com/api/wf/modern-fortifications/,94,"During the period from <time-start> to <time-end>, was modern fortification, defined as the construction of fortified structures such as walls, bastions, and gun batteries, present or absent in the military defense of '<polity>'? <answer-options>."
https://seshat-db.com/api/wf/modern-fortifications/,95,"Was modern fortification, defined as the construction of large, fortified structures such as walls, bastions, and gun batteries, absent or present as a military technology in the warfare practices of '<polity>' during the period from <time-start> to <time-end>? <answer-options>."
https://seshat-db.com/api/wf/modern-fortifications/,96,"During the period from <time-start> to <time-end>, were modern fortifications, as inferred by Kuykendall (1968), present or absent in the defense strategies of '<polity>'? <answer-options>."
https://seshat-db.com/api/wf/modern-fortifications/,97,"During the period from <time-start> to <time-end>, was modern fortification, defined as the construction of fortified structures such as walls, bastions, and moats, present or absent as a military technology in the warfare practices of '<polity>'? <answer-options>."
https://seshat-db.com/api/wf/modern-fortifications/,98,"Was modern fortification, as defined as the construction of defensive structures such as walls, guns, and other weapons systems, present in Hawaiian warfare practices during the period from <time-start> to <time-end>? <answer-options>."
https://seshat-db.com/api/wf/modern-fortifications/,99,"What modern fortifications, defined as structures designed to protect against military attacks, were present or absent in the warfare practices of '<polity>' during the period from <time-start> to <time-end>? <answer-options>."
https://seshat-db.com/api/wf/modern-fortifications/,100,"During the period from <time-start> to <time-end>, was modern fortification, defined as the construction of fortified structures and defensive systems such as walls, barbed wire, and artillery, present or absent in the warfare strategies of '<polity>'? <answer-options>."
https://seshat-db.com/api/wf/modern-fortifications/,101,"During the period from <time-start> to <time-end>, was modern fortification, defined as the construction of structures with advanced defensive features such as barbed wire, concrete bunkers, and anti-tank barriers, present or absent in the warfare practices of '<polity>'? <answer-options>."
https://seshat-db.com/api/wf/modern-fortifications/,102,"During the period from <time-start> to <time-end>, were modern fortifications, defined as structures designed to protect against enemy attacks, present or absent in the warfare practices of '<polity>'? <answer-options>."
https://seshat-db.com/api/wf/modern-fortifications/,103,"During the period from <time-start> to <time-end>, were modern fortifications, characterized by their reinforced concrete walls, barbed wire fences, and machine gun turrets, prevalent or absent in the warfare tactics of '<polity>'? <answer-options>."
https://seshat-db.com/api/wf/modern-fortifications/,104,"During the period from <time-start> to <time-end>, were there any instances of modern fortifications, defined as defensive structures or perimeters, present in the capital of Majapahit, Indonesia? <answer-options>."
https://seshat-db.com/api/wf/modern-fortifications/,105,"During the period from <time-start> to <time-end>, were modern fortifications, defined as reinforced structures built to provide protection against attack and damage, present or absent in the military practices of '<polity>'? <answer-options>."
https://seshat-db.com/api/wf/modern-fortifications/,106,"During the period from <time-start> to <time-end>, was modern fortification, defined as the use of advanced techniques and materials for constructing defensive structures such as bunkers, walls, and gun emplacements, present or absent in the warfare practices of '<polity>'? <answer-options>."
https://seshat-db.com/api/wf/modern-fortifications/,107,"During the period from <time-start> to <time-end>, were modern fortifications, characterized by features such as barbed wire, machine gun nests, and reinforced concrete walls, present or absent in the defense strategies of '<polity>'? <answer-options>."
https://seshat-db.com/api/wf/modern-fortifications/,108,"During the period from <time-start> to <time-end>, were modern fortifications, defined as advanced defensive structures such as concrete walls, barbed wire barriers, and machine guns, present or absent in the military strategies of '<polity>'? <answer-options>."
https://seshat-db.com/api/wf/modern-fortifications/,109,"During the period from <time-start> to <time-end>, were modern fortifications, defined as structures designed to provide protection against enemy attacks and incorporate advanced defensive technologies such as barbed wire, machine guns, and artillery, present or absent in the warfare strategies of '<polity>'? <answer-options>."
https://seshat-db.com/api/wf/modern-fortifications/,110,"Was modern fortification, defined as the use of reinforced concrete and steel structures for protection against military attacks, present or absent in warfare strategies of '<polity>' during the period from <time-start> to <time-end>? <answer-options>."
https://seshat-db.com/api/wf/modern-fortifications/,111,"During the period from <time-start> to <time-end>, was modern fortification, characterized by the use of reinforced concrete, barbed wire, machine guns, and other advanced defensive technologies, present or absent in the warfare practices of '<polity>'? <answer-options>."
https://seshat-db.com/api/wf/modern-fortifications/,112,"Was modern fortification, defined as the construction of elaborate defensive structures and systems, present or absent in the warfare practices of '<polity>' during the period from <time-start> to <time-end>? <answer-options>."
https://seshat-db.com/api/wf/modern-fortifications/,113,"During the period from <time-start> to <time-end>, was modern fortification, defined as advanced defensive structures with features such as bomb shelters, gun turrets, and perimeter walls, present or absent in the military practices of '<polity>'? <answer-options>."
https://seshat-db.com/api/wf/modern-fortifications/,114,"During the period from <time-start> to <time-end>, was modern fortification, defined as the construction of structures such as bunkers, walls, and other defensive measures to protect against enemy attacks, present or absent as a military technology in the warfare practices of '<polity>'? <answer-options>."
https://seshat-db.com/api/wf/modern-fortifications/,115,"During the period from <time-start> to <time-end>, was modern fortification, defined as the construction of defensive structures with advanced technologies and tactics, present or absent in the warfare practices of '<polity>'? <answer-options>."
https://seshat-db.com/api/wf/modern-fortifications/,116,"During the period from <time-start> to <time-end>, were modern fortifications, inferred from the period, present or absent in the warfare practices of '<polity>'? <answer-options>."
https://seshat-db.com/api/wf/modern-fortifications/,117,"During the period from <time-start> to <time-end>, were modern fortifications, characterized by advanced defensive structures such as bunkers, barbed wire, and concrete walls, present or absent in the military strategies of '<polity>'? <answer-options>."
https://seshat-db.com/api/wf/modern-fortifications/,118,"During the period from <time-start> to <time-end>, were modern fortifications, defined as reinforced structures built to withstand attacks and protect valuable resources, present or absent in the military strategies of '<polity>'? <answer-options>."
https://seshat-db.com/api/wf/modern-fortifications/,119,"During the period from <time-start> to <time-end>, was modern fortification, defined as advanced defensive structures and systems, present or absent in the warfare practices of '<polity>'? <answer-options>."
https://seshat-db.com/api/wf/modern-fortifications/,120,"During the period from <time-start> to <time-end>, was modern fortification, defined as the use of concrete, barbed wire, machine guns, and other advanced technologies to protect fortified positions, present or absent in the warfare practices of '<polity>'? <answer-options>."
https://seshat-db.com/api/wf/modern-fortifications/,121,"Was modern fortification, defined as the construction of defensive structures with advanced engineering techniques and materials, present or absent in the warfare practices of '<polity>' during the period from <time-start> to <time-end>? <answer-options>."
https://seshat-db.com/api/wf/modern-fortifications/,122,"During the period from <time-start> to <time-end>, were modern fortifications, defined as reinforced concrete or steel structures designed to protect military bases or strategic locations, present or absent in the defense practices of '<polity>'? <answer-options>."
https://seshat-db.com/api/wf/modern-fortifications/,123,"Was modern fortification, defined as the construction of defensive structures using advanced engineering techniques such as concrete, steel, and barbed wire, present or absent as a military technology in the warfare practices of '<polity>' between <time-start> and <time-end>? <answer-options>."
https://seshat-db.com/api/wf/modern-fortifications/,124,"During the period from <time-start> to <time-end>, were modern fortifications, defined as advanced and sophisticated defensive structures incorporating elements such as barbed wire, machine guns, and underground bunkers, present or absent in the warfare practices of '<polity>'? <answer-options>."
https://seshat-db.com/api/wf/modern-fortifications/,125,"During the period from <time-start> to <time-end>, were modern fortifications, defined as structures designed to defend against enemy attacks, present or absent in the military strategies of '<polity>'? <answer-options>."
https://seshat-db.com/api/wf/modern-fortifications/,126,"Was modern fortification, defined as the construction of large, heavily fortified structures, a prevalent military technology in the period from <time-start> to <time-end> in the context of '<polity>'? <answer-options>."
https://seshat-db.com/api/wf/modern-fortifications/,127,"Was modern fortification, defined as the use of advanced engineering techniques and materials to construct defensive structures and fortifications, present or absent as a military technology in the warfare practices of '<polity>' during the period from <time-start> to <time-end>? <answer-options>."
https://seshat-db.com/api/wf/modern-fortifications/,128,"During the period from <time-start> to <time-end>, was modern fortification, defined as a type of fortified city characterized by the presence of walls, gates, and other defensive structures, present or absent in the ancient Indian cities studied by Schlingloff (2013)? <answer-options>."
https://seshat-db.com/api/wf/modern-fortifications/,129,"During the period from <time-start> to <time-end>, were modern fortifications, defined as structures designed to defend against attacks by land or sea, present or absent in the warfare strategies of '<polity>'? <answer-options>."
https://seshat-db.com/api/wf/modern-fortifications/,130,"During the period from <time-start> to <time-end>, was modern fortification, defined as the use of advanced military engineering techniques and materials to construct fortified structures, present or absent in the warfare practices of '<polity>'? <answer-options>."
https://seshat-db.com/api/wf/modern-fortifications/,131,"During the period from <time-start> to <time-end>, were modern fortifications, characterized by reinforced concrete walls, barbed wire, and other defensive structures, present or absent in the military strategy of '<polity>'? <answer-options>."
https://seshat-db.com/api/wf/modern-fortifications/,132,"During the period from <time-start> to <time-end>, was modern fortification, defined as the construction of defensive structures such as walls, barbed wire, and concrete bunkers, present or absent in the warfare practices of '<polity>'? <answer-options>."
https://seshat-db.com/api/wf/modern-fortifications/,133,"During the period from <time-start> to <time-end>, was modern fortification, defined as the construction of defensive structures such as trenches, barbed wire, and concrete fortifications, present or absent as a military technology in the warfare practices of '<polity>'? <answer-options>."
https://seshat-db.com/api/wf/modern-fortifications/,134,"Was modern fortification, defined as the use of advanced defensive structures and technologies such as bunkers, trenches, and barbed wire, present or absent as a military technology in the warfare practices of '<polity>' during the period from <time-start> to <time-end>? <answer-options>."
https://seshat-db.com/api/wf/modern-fortifications/,135,"During the period from <time-start> to <time-end>, were modern fortifications, defined as defensive structures made of concrete, steel, and other materials, present or absent in the warfare strategies of '<polity>'? <answer-options>."
https://seshat-db.com/api/wf/modern-fortifications/,136,"During the period from <time-start> to <time-end>, was modern fortification, defined as advanced defensive structures and systems, present or absent in the warfare practices of '<polity>'? <answer-options>."
https://seshat-db.com/api/wf/modern-fortifications/,137,"During the period from <time-start> to <time-end>, were modern fortifications, characterized by their reliance on solid masonry and curved walls, present or absent in the military architecture of '<polity>'? <answer-options>."
https://seshat-db.com/api/wf/modern-fortifications/,138,"Was modern fortification, defined as the use of advanced defensive structures and technologies such as barbed wire, machine guns, and tank barriers, present or absent in the warfare practices of '<polity>' during the period from <time-start> to <time-end>? <answer-options>."
https://seshat-db.com/api/wf/modern-fortifications/,139,"During the period from <time-start> to <time-end>, were modern fortifications, characterized by the use of reinforced concrete, barbed wire, and other advanced engineering techniques, present or absent in the military defenses of '<polity>'? <answer-options>."
https://seshat-db.com/api/wf/modern-fortifications/,140,"During the period from <time-start> to <time-end>, were modern fortifications, characterized by their use of concrete, steel, and other advanced materials, present or absent in the military defenses of '<polity>'? <answer-options>."
https://seshat-db.com/api/wf/modern-fortifications/,141,"The absence or presence of modern fortifications as a military technology used in warfare.
During the period from <time-start> to <time-end>, were modern fortifications, defined as structures designed to protect military installations or cities, present or absent in the warfare practices of '<polity>'? <answer-options>."
https://seshat-db.com/api/wf/modern-fortifications/,142,"During the period from <time-start> to <time-end>, was modern fortification, defined as the development of defensive structures after the introduction of gunpowder, present or absent in the warfare practices of '<polity>'? <answer-options>."
https://seshat-db.com/api/wf/modern-fortifications/,143,"Was modern fortification, defined as the construction of elaborate defensive structures and systems to protect against enemy attacks, present or absent as a military technology in the warfare practices of '<polity>' during the period from <time-start> to <time-end>? <answer-options>."
https://seshat-db.com/api/wf/modern-fortifications/,144,"During the period from <time-start> to <time-end>, were modern fortifications, such as bomb shelters and anti-aircraft emplacements, present or absent as a military technology in the defense strategies of '<polity>'? <answer-options>."
https://seshat-db.com/api/wf/modern-fortifications/,145,"Was modern fortification, defined as the construction of large defensive structures such as walls, turrets, and underground tunnels, a prominent feature of warfare during the period from <time-start> to <time-end> in the context of '<polity>? <answer-options>."
https://seshat-db.com/api/wf/modern-fortifications/,146,"Was modern fortification, defined as the construction of large, complex defensive structures such as citadels and star forts, present or absent in warfare practices during the period from <time-start> to <time-end> in '<polity>'? <answer-options>."
https://seshat-db.com/api/wf/modern-fortifications/,147,"During the period from <time-start> to <time-end>, was modern fortification, defined as the use of advanced engineering techniques and materials to create defensive structures, present or absent in the military practices of '<polity>'? <answer-options>."
https://seshat-db.com/api/wf/modern-fortifications/,148,"During the period from <time-start> to <time-end>, was modern fortification, characterized by the use of concrete, steel, and other materials, present or absent in the construction of defensive structures for '<polity>'? <answer-options>."
https://seshat-db.com/api/wf/modern-fortifications/,149,"Was modern fortification, defined as the use of advanced engineering techniques and materials to construct impregnable defensive structures, present or absent as a military technology in the warfare practices of '<polity>' during the period from <time-start> to <time-end>? <answer-options>."
https://seshat-db.com/api/wf/modern-fortifications/,150,"During the period from <time-start> to <time-end>, was modern fortification, defined as the construction of fortified structures such as walls, trenches, and other defensive measures, present or absent in the warfare practices of '<polity>'? <answer-options>."
https://seshat-db.com/api/wf/modern-fortifications/,151,"During the period from <time-start> to <time-end>, were modern fortifications, characterized by their reliance on concrete, barbed wire, and other advanced materials, present or absent in the warfare practices of '<polity>'? <answer-options>."
https://seshat-db.com/api/wf/modern-fortifications/,152,What types of modern fortifications were present or absent in the warfare practices of '<polity>' during the period from <time-start> to <time-end>? Please select all that apply. <answer-options>.
https://seshat-db.com/api/wf/modern-fortifications/,153,"Was modern fortification, defined as technology not yet available, present or absent in the military strategies of '<polity>' during the period from <time-start> to <time-end>? <answer-options>."
https://seshat-db.com/api/wf/modern-fortifications/,154,"During the period from <time-start> to <time-end>, was modern fortification technology, such as concrete structures, anti-tank obstacles, and minefields, present or absent in the military practices of '<polity>'? <answer-options>."
https://seshat-db.com/api/wf/modern-fortifications/,155,"During the period from <time-start> to <time-end>, was modern fortification, defined as the construction of large, fortified structures with defensive walls and other features, present or absent as a military technology in the warfare practices of '<polity>'? <answer-options>."
https://seshat-db.com/api/wf/modern-fortifications/,156,"During the period from <time-start> to <time-end>, were modern fortifications, defined as structures designed to provide protection against attacks and surveillance, present or absent in the warfare practices of '<polity>'? <answer-options>."
https://seshat-db.com/api/wf/modern-fortifications/,157,"During the period from <time-start> to <time-end>, were modern fortifications, characterized by their use of concrete, barbed wire, machine guns, and other advanced technologies, present or absent in the warfare practices of '<polity>'? <answer-options>."
https://seshat-db.com/api/wf/modern-fortifications/,158,"Was modern fortification technology, which refers to advanced defensive structures and systems such as underground tunnels and reinforced concrete walls, absent or present as a military technology during the period from <time-start> to <time-end> in the warfare strategies of '<polity>'? <answer-options>."
https://seshat-db.com/api/wf/modern-fortifications/,159,"The absence or presence of modern fortifications as a military technology used in warfare. During the period from <time-start> to <time-end>, were modern fortifications, defined as structures designed to protect against enemy attacks, present or absent in the warfare strategies of '<polity>'? <answer-options>."
https://seshat-db.com/api/wf/modern-fortifications/,160,"Was modern fortification technology, defined as the application of new engineering techniques and materials to design and construct defensive structures, present or absent in the warfare practices of '<polity>' during the period from <time-start> to <time-end>? <answer-options>."
https://seshat-db.com/api/wf/modern-fortifications/,161,"During the period from <time-start> to <time-end>, was modern fortification technology present or absent in the military practices of '<polity>'? <answer-options>."
https://seshat-db.com/api/wf/modern-fortifications/,162,"During the period from <time-start> to <time-end>, was modern fortification, defined as technology not yet available, present or absent in the defense practices of '<polity>'? <answer-options>."
https://seshat-db.com/api/wf/modern-fortifications/,163,"In the modern era, was the technology of fortifications, defined as structures built to protect and defend against enemy attacks, already present or not yet developed as a military technology in the warfare practices of '<polity>'? <answer-options>."
https://seshat-db.com/api/wf/modern-fortifications/,164,"During the period from <time-start> to <time-end>, were modern fortifications, defined as advanced defensive structures such as bastions, bomb shelters, and anti-aircraft guns, present or absent in the warfare practices of '<polity>'? <answer-options>."
https://seshat-db.com/api/wf/modern-fortifications/,165,"During the period from <time-start> to <time-end>, were modern fortifications, defined as structures with advanced defensive features such as barbed wire, machine guns, and anti-tank barriers, present or absent in the military strategies of '<polity>'? <answer-options>."
https://seshat-db.com/api/wf/modern-fortifications/,166,"During the period from <time-start> to <time-end>, were modern fortifications, such as barbed wire and concrete walls, present or absent as a military technology in the warfare practices of '<polity>'? <answer-options>."
https://seshat-db.com/api/wf/modern-fortifications/,167,"During the period from <time-start> to <time-end>, were modern fortifications, characterized by the use of concrete, steel, and other advanced materials to protect structures and military bases, present or absent in the warfare practices of '<polity>'? <answer-options>."
https://seshat-db.com/api/wf/modern-fortifications/,168,"Was modern fortification, defined as the use of advanced techniques and materials to construct fortified structures for protection against enemy attacks, present or absent in the warfare practices of '<polity>' during the period from <time-start> to <time-end>? <answer-options>."
https://seshat-db.com/api/wf/modern-fortifications/,169,"The absence or presence of modern fortifications as a military technology used in warfare. During the period from <time-start> to <time-end>, were modern fortifications present or absent in the warfare strategies of '<polity>'? <answer-options>."
https://seshat-db.com/api/wf/modern-fortifications/,170,"During the period from <time-start> to <time-end>, was modern fortification, defined as the construction of defensive structures and systems such as walls, turrets, and barbed wire, present or absent as a military technology in the warfare practices of '<polity>'? <answer-options>."
https://seshat-db.com/api/wf/modern-fortifications/,171,"Was modern fortification, defined as the use of reinforced concrete, steel, and other advanced materials to construct defensive structures such as bunkers, walls, and tunnels, present or absent in the warfare practices of '<polity>' during the period from <time-start> to <time-end>? <answer-options>."
https://seshat-db.com/api/wf/modern-fortifications/,172,"During the period from <time-start> to <time-end>, was modern fortification technology present or absent in the warfare practices of '<polity>'? <answer-options>."
https://seshat-db.com/api/wf/modern-fortifications/,173,"During the period from <time-start> to <time-end>, were modern fortifications, defined as fortifications constructed after the arrival of the French in Tabriz, present in the military practices of '<polity>'? <answer-options>."
https://seshat-db.com/api/wf/modern-fortifications/,174,"During the period from <time-start> to <time-end>, was modern fortification, defined as the construction of fortified structures and systems for protection and defense, present or absent in the warfare practices of '<polity>'? <answer-options>."
https://seshat-db.com/api/wf/modern-fortifications/,175,"During the period from <time-start> to <time-end>, were modern fortifications, defined as reinforced structures with strategic placement, present or absent in the defense practices of '<polity>'? <answer-options>."
https://seshat-db.com/api/wf/modern-fortifications/,176,"During the period from <time-start> to <time-end>, were modern fortifications, defined as advanced defensive structures incorporating technological advancements such as barbed wire, machine guns, and concrete walls, present or absent in the military practices of '<polity>'? <answer-options>."
https://seshat-db.com/api/wf/modern-fortifications/,177,"During the period from <time-start> to <time-end>, were modern fortifications, characterized by the use of concrete, steel, and other advanced materials, present or absent in the warfare strategies of '<polity>'? <answer-options>."
https://seshat-db.com/api/wf/modern-fortifications/,178,"During the period from <time-start> to <time-end>, were modern fortifications, such as those featuring reinforced concrete, barbed wire, and machine gun emplacements, present or absent as a military technology in the warfare practices of '<polity>'? <answer-options>."
https://seshat-db.com/api/wf/modern-fortifications/,179,"The absence or presence of modern fortifications as a military technology used in warfare.
Was modern fortification, defined as advanced architectural structures and defensive measures used to protect military bases and installations, absent or present as a military technology in the warfare practices of '<polity>' during the period from <time-start> to <time-end>? <answer-options>."
https://seshat-db.com/api/wf/modern-fortifications/,180,The absence or presence of modern fortifications as a military technology used in warfare. <answer-options>.
https://seshat-db.com/api/wf/modern-fortifications/,181,"Was modern fortification, defined as the construction of large, fortified structures for protection against attacks or sieges, present or absent in the warfare practices of '<polity>' during the period from <time-start> to <time-end>? <answer-options>."
https://seshat-db.com/api/wf/modern-fortifications/,182,The absence or presence of modern fortifications as a military technology used in warfare was not yet available during the period from <time-start> to <time-end> in the context of '<polity>'. <answer-options>.
https://seshat-db.com/api/wf/modern-fortifications/,183,"During the period from <time-start> to <time-end>, was modern fortification, defined as technology that is not yet available, present or absent in the warfare practices of '<polity>'? <answer-options>."
https://seshat-db.com/api/wf/modern-fortifications/,184,"Was modern fortification, defined as technology not yet available, present or absent as a feature in the warfare practices of '<polity>' during the period from <time-start> to <time-end>? <answer-options>."
https://seshat-db.com/api/wf/modern-fortifications/,185,"During the period from <time-start> to <time-end>, were modern fortifications, such as those described by Axel Kristissen and Arni D Juliusson in personal communication in 2017, present or absent in the warfare practices of '<polity>'? <answer-options>."
https://seshat-db.com/api/wf/modern-fortifications/,186,The presence or absence of modern fortifications as a military technology during the period from <time-start> to <time-end> in the context of '<polity>'. Did modern fortifications play a significant role in the defense and offense of the battlefield? <answer-options>.
https://seshat-db.com/api/wf/modern-fortifications/,187,"Was modern fortification, defined as the construction of defensive structures using advanced technologies such as concrete, steel-reinforced concrete, and barbed wire, present or absent in the warfare practices of '<polity>' during the period from <time-start> to <time-end>? <answer-options>."
https://seshat-db.com/api/wf/modern-fortifications/,188,"During the period from <time-start> to <time-end>, were modern fortifications, defined as reinforced structures designed to protect against military attacks and sieges, present or absent in the warfare strategies of '<polity>'? <answer-options>."
https://seshat-db.com/api/wf/modern-fortifications/,189,"During the period from <time-start> to <time-end>, was modern fortification, defined as advanced defensive structures and systems including barbed wire, trenches, concrete emplacements, and machine guns, present or absent in the warfare practices of '<polity>'? <answer-options>."
https://seshat-db.com/api/wf/modern-fortifications/,190,"During the period from <time-start> to <time-end>, were modern fortifications, characterized by reinforced concrete walls, barbed wire barriers, and machine guns, present or absent in the warfare strategies of '<polity>'? <answer-options>."
https://seshat-db.com/api/wf/modern-fortifications/,191,"During the period from <time-start> to <time-end>, were modern fortifications, defined as structures designed to protect against enemy attacks, present or absent in the warfare strategies of '<polity>'? <answer-options>."
https://seshat-db.com/api/wf/modern-fortifications/,192,"During the period from <time-start> to <time-end>, were modern fortifications, defined as defensive structures that incorporate advanced engineering techniques and weapons systems, present or absent in the military practices of '<polity>'? <answer-options>."
https://seshat-db.com/api/wf/modern-fortifications/,193,"Was modern fortification, defined as the use of advanced defensive structures such as bunkers, missile shelters, and underground tunnels, present in the warfare practices of '<polity>' during the period from <time-start> to <time-end>? <answer-options>."
https://seshat-db.com/api/wf/modern-fortifications/,194,"During the period from <time-start> to <time-end>, were modern fortifications, such as the fortress-basilica of Loreto, which included artillery embankments and watchtowers, present or absent in the warfare practices of '<polity>'? <answer-options>."
https://seshat-db.com/api/wf/modern-fortifications/,195,"During the period from <time-start> to <time-end>, were modern fortifications, defined as structures built to defend against enemy attacks and incorporate advanced technologies such as barbed wire, machine guns, and concrete walls, present or absent in the military practices of '<polity>'? <answer-options>."
https://seshat-db.com/api/wf/modern-fortifications/,196,"During the period from <time-start> to <time-end>, was modern fortification, defined as the ability of an army to advance 20-25 miles per day, present or absent in the warfare strategies of '<polity>'? <answer-options>."
https://seshat-db.com/api/wf/modern-fortifications/,197,"During the period from <time-start> to <time-end>, was modern fortification, defined as large-scale fortifications capable of supporting the movement of armies up to 20-25 miles per day, prevalent or absent in the warfare practices of '<polity>'? <answer-options>."
https://seshat-db.com/api/wf/modern-fortifications/,198,"During the period from <time-start> to <time-end>, were modern fortifications, defined as those capable of withstanding attacks from large armies traveling at a speed of 20-25 miles per day, such as those described by Theodore Dodge in his work Caesar: A History of The Art of War, present or absent in the military strategy of '<polity>'? <answer-options>."
https://seshat-db.com/api/wf/modern-fortifications/,199,"The absence or presence of modern fortifications as a military technology used in warfare.
During the period from <time-start> to <time-end>, was the use of modern fortifications present or absent in the warfare strategies of '<polity>'? <answer-options>."
https://seshat-db.com/api/wf/modern-fortifications/,200,"During the period from <time-start> to <time-end>, were modern fortifications, defined as fortified structures designed to protect against military attacks, present or absent in the warfare strategies of '<polity>'? <answer-options>."
https://seshat-db.com/api/wf/modern-fortifications/,201,"During the period from <time-start> to <time-end>, were modern fortifications, defined as the construction of strong defensive structures such as walls, bastions, and炮塔，present or absent in the warfare practices of '<polity>'? <answer-options>."
https://seshat-db.com/api/wf/modern-fortifications/,202,"During the period from <time-start> to <time-end>, was modern fortification technology, defined as the use of advanced engineering techniques and materials to construct defensive structures, present or absent in the warfare practices of '<polity>'? <answer-options>."
https://seshat-db.com/api/wf/modern-fortifications/,203,"During the period from <time-start> to <time-end>, was the modern fortification strategy of fortified cities and system of forts, as implemented by Venice, based on an earlier reliance on military technology such as artillery, present or absent in the defenses of its overseas territories? <answer-options>."
https://seshat-db.com/api/wf/modern-fortifications/,204,"Was the modern fortification strategy of Venice's defense of its overseas territories based on fortified cities and system of forts, provided with victuals and ammunition that were meant to enable resistance of long sieges (up to two years) until reinforcement arrived by sea, present during the period from <time-start> to <time-end>? <answer-options>."
https://seshat-db.com/api/wf/modern-fortifications/,205,"During the period from <time-start> to <time-end>, was there any evidence of modern fortifications in the warfare practices of '<polity>'? Please provide specific examples if available. <answer-options>."
https://seshat-db.com/api/wf/modern-fortifications/,206,"During the modern era, was the development of modern fortifications, such as bunkers, gun emplacements, and other defensive structures, considered as a military technology by countries around the world? <answer-options>."
https://seshat-db.com/api/wf/modern-fortifications/,207,"During the period from <time-start> to <time-end>, were modern fortifications, characterized by their ability to withstand attacks by firearms and serving as a symbol of daimyo power, present or absent in the warfare practices of '<polity>'? <answer-options>."
https://seshat-db.com/api/wf/modern-fortifications/,208,"During the period from <time-start> to <time-end>, were modern fortifications, characterized by their advanced design and technological innovations, present or absent in the defense strategies of '<polity>'? <answer-options>."
https://seshat-db.com/api/wf/modern-fortifications/,209,"During the period from <time-start> to <time-end>, was there any archaeological evidence for modern fortifications in the warfare practices of '<polity>'? <answer-options>."
https://seshat-db.com/api/wf/modern-fortifications/,210,"During the period from <time-start> to <time-end>, was modern fortification, as defined by the absence of archaeological evidence for it and scholarly consensus suggesting that the Jomon were relatively peaceful, a significant aspect of warfare strategies in '<polity>'? <answer-options>."
https://seshat-db.com/api/wf/modern-fortifications/,211,"The lack of archaeological evidence for modern fortifications in the Jomon society suggests that the use of such technology was either non-existent or minimal during their period of existence. Therefore, the answer to this question is ""<answer-option>: absent""."
https://seshat-db.com/api/wf/modern-fortifications/,212,"Was there any archaeological evidence for modern fortifications, as defined as man-made structures designed to protect people and resources, in the Jomon period, and if so, was there scholarly consensus on their role in Jomon warfare practices? <answer-options>."
https://seshat-db.com/api/wf/modern-fortifications/,213,"During the period from <time-start> to <time-end>, was modern fortification technology, which refers to the construction of defensive structures such as walls, towers, and bastions, present or absent in the warfare practices of '<polity>'? <answer-options>."
https://seshat-db.com/api/wf/modern-fortifications/,214,"Based on the available archaeological evidence and scholarly consensus, was modern fortification used by the Jomon people during the period from <time-start> to <time-end> in '<polity>'? <answer-options>."
https://seshat-db.com/api/wf/modern-fortifications/,215,"Was modern fortification, defined as a type of fortified structure constructed using advanced technologies and materials, present or absent in the warfare practices of '<polity>' during the period from <time-start> to <time-end>? <answer-options>."
https://seshat-db.com/api/wf/modern-fortifications/,216,The absence or presence of modern fortifications as a military technology used in warfare is not possible to determine within the specified temporal scope (<time-start> to <time-end>) in the context of '<polity>'. Please provide more information about the time period and region you are referring to.
https://seshat-db.com/api/wf/modern-fortifications/,217,"During the period from <time-start> to <time-end>, was there any evidence of modern fortifications being present or absent in the warfare practices of '<polity>'? <answer-options>."
https://seshat-db.com/api/wf/modern-fortifications/,218,"Was modern fortification, defined as the use of advanced defensive structures and systems such as barbed wire, concrete blocks, and machine guns, present or absent as a military technology in the warfare practices of '<polity>' during the period from <time-start> to <time-end>? <answer-options>."
https://seshat-db.com/api/wf/modern-fortifications/,219,"During the period from <time-start> to <time-end>, were modern fortifications, defined as structures with advanced features such as barbed wire, machine gun emplacements, and concrete walls, present or absent in the military defenses of '<polity>'? <answer-options>."
https://seshat-db.com/api/wf/modern-fortifications/,220,"During the period from <time-start> to <time-end>, were modern fortifications, such as those made of concrete, barbed wire, and machine guns, present or absent in the warfare strategies of '<polity>'? <answer-options>."
https://seshat-db.com/api/wf/modern-fortifications/,221,"During the period from <time-start> to <time-end>, were modern fortifications, as we understand them today, present or absent in the military architecture of '<polity>'? <answer-options>."
https://seshat-db.com/api/wf/modern-fortifications/,222,"During the period from <time-start> to <time-end>, were cannon forts considered a modern military technology in the warfare practices of '<polity>'? <answer-options>."
https://seshat-db.com/api/wf/modern-fortifications/,223,"During the period from <time-start> to <time-end>, was modern fortification, defined as the absence of fortifications constructed using techniques such as earthworks and stone walls, prevalent in the warfare practices of '<polity>'? <answer-options>."
https://seshat-db.com/api/wf/modern-fortifications/,224,"During the period from <time-start> to <time-end>, were modern fortifications, characterized by regular square shapes with stone towers, present or absent in the warfare practices of '<polity>'? <answer-options>."
https://seshat-db.com/api/wf/modern-fortifications/,225,"During the period from <time-start> to <time-end>, were modern fortifications, characterized by walls that formed a very regular square and had stone towers on each side, present or absent in the warfare practices of '<polity>'? <answer-options>."
https://seshat-db.com/api/wf/modern-fortifications/,226,"Was modern fortification, defined as walls of Angkor Thom, one of the Khmer Empire's most advanced fortifications that formed a very regular square, and on each side is a stone tower, present or absent in the warfare practices of '<polity>' during the period from <time-start> to <time-end>? <answer-options>."
https://seshat-db.com/api/wf/modern-fortifications/,227,"During the period from <time-start> to <time-end>, was modern fortification, defined as earthen ramparts topped with palisades and used to strengthen defenses, present or absent in the warfare strategies of '<polity>'? <answer-options>."
https://seshat-db.com/api/wf/modern-fortifications/,228,"During the period from <time-start> to <time-end>, was modern fortification, defined as defensive structures designed to protect a settlement or city, present or absent in the warfare practices of '<polity>'? <answer-options>."
https://seshat-db.com/api/wf/modern-fortifications/,229,"During the period from <time-start> to <time-end>, were modern fortifications, defined as walls surrounding settlements that are equipped with guardhouses, gateways, and bastions, present or absent in the warfare practices of '<polity>'? <answer-options>."
https://seshat-db.com/api/wf/modern-fortifications/,230,Was the wall surrounding Angkor Borei primarily intended for non-military purposes during the period from <time-start> to <time-end>? <answer-options>.
https://seshat-db.com/api/wf/modern-fortifications/,231,"During the period from <time-start> to <time-end>, was modern fortification, defined as the use of advanced engineering techniques and materials to construct defensive structures, present or absent in the warfare practices of '<polity>'? <answer-options>."
https://seshat-db.com/api/wf/modern-fortifications/,232,What role did modern fortifications play in the defense strategy of a specific polity during the period from <time-start> to <time-end>? <answer-options>.
https://seshat-db.com/api/wf/modern-fortifications/,233,"During the period from <time-start> to <time-end>, were modern fortifications, defined as structures designed to protect against enemy attacks, present or absent in the warfare practices of '<polity>'? <answer-options>."
https://seshat-db.com/api/wf/modern-fortifications/,234,"During the period from <time-start> to <time-end>, were modern fortifications, characterized by reinforced concrete walls, barbed wire, and other defensive structures, present or absent in the military practices of '<polity>'? <answer-options>."
https://seshat-db.com/api/wf/modern-fortifications/,235,"Was modern fortification, defined as the construction of large, fortified structures such as walls, bastions, and gun batteries, present or absent in the warfare practices of '<polity>' during the period from <time-start> to <time-end>? <answer-options>."
https://seshat-db.com/api/wf/modern-fortifications/,236,"During the period from <time-start> to <time-end>, were modern fortifications such as siege cannons established in the warfare practices of '<polity>'? <answer-options>."
https://seshat-db.com/api/wf/modern-fortifications/,237,"The absence or presence of modern fortifications as a military technology used in warfare. 
During the period from <time-start> to <time-end>, were modern fortifications present or absent in the warfare practices of '<polity>'? <answer-options>."
https://seshat-db.com/api/wf/modern-fortifications/,238,"During the period from <time-start> to <time-end>, were modern fortifications, defined as structures or systems designed to defend against enemy attacks, present or absent in the military practices of '<polity>'? <answer-options>."
https://seshat-db.com/api/wf/modern-fortifications/,239,"During the period from <time-start> to <time-end>, was modern fortification, defined as the construction of strong defensive structures with advanced features such as barbed wire, machine gun emplacements, and underground tunnels, present or absent in the warfare practices of '<polity>'? <answer-options>."
https://seshat-db.com/api/wf/modern-fortifications/,240,"During the period from <time-start> to <time-end>, were modern fortifications, such as reinforced concrete walls and bunkers, present or absent in the defense strategies of '<polity>'? <answer-options>."
https://seshat-db.com/api/wf/modern-fortifications/,241,"The absence or presence of modern fortifications, such as concrete walls, barbed wire, and artillery emplacements, as a military technology used in warfare. During the period from <time-start> to <time-end>, were modern fortifications present or absent in the warfare practices of '<polity>'? <answer-options>."
https://seshat-db.com/api/wf/modern-fortifications/,242,"During the period from <time-start> to <time-end>, were modern fortifications, specifically the establishment of siege cannons, present or absent in the military practices of '<polity>'? <answer-options>."
https://seshat-db.com/api/wf/modern-fortifications/,243,"During the period from <time-start> to <time-end>, were modern fortifications, defined as structures and systems designed to protect military installations and cities, present or absent in the defense strategies of '<polity>'? <answer-options>."
https://seshat-db.com/api/wf/modern-fortifications/,244,"Was modern fortification, as defined as the use of advanced engineering techniques and materials to design and construct defensive structures to protect against enemy attacks, present or absent in the warfare practices of '<polity>' during the period from <time-start> to <time-end>? <answer-options>."
https://seshat-db.com/api/wf/modern-fortifications/,245,"Was modern fortification, defined as the construction of heavily fortified structures to protect against artillery fire, absent or present in the warfare practices of '<polity>' before the advent of modern cannons? <answer-options>."
https://seshat-db.com/api/wf/modern-fortifications/,246,"During the period from <time-start> to <time-end>, were modern fortifications, defined as reinforced structures designed to protect against military attacks and defend key strategic locations, present or absent in the warfare strategies of '<polity>'? <answer-options>."
https://seshat-db.com/api/wf/modern-fortifications/,247,"During the period from <time-start> to <time-end>, were modern fortifications, such as bunkers and blast walls, present or absent in the defense strategies of '<polity>'? <answer-options>."
https://seshat-db.com/api/wf/modern-fortifications/,248,"During the period from <time-start> to <time-end>, were modern fortifications, defined as the use of advanced engineering techniques and materials to design and construct defensive structures, present or absent in the military practices of '<polity>'? <answer-options>."
https://seshat-db.com/api/wf/modern-fortifications/,249,"During the period from <time-start> to <time-end>, were modern fortifications, characterized by their complex structures, gun emplacements, and advanced communication systems, present or absent as a military technology in the warfare practices of '<polity>'? <answer-options>."
https://seshat-db.com/api/wf/modern-fortifications/,250,Was fortification absent or present before the modern era of cannonball warfare in the warfare practices of '<polity>'? <answer-options>.
https://seshat-db.com/api/wf/modern-fortifications/,251,"Was modern fortification, characterized by the integration of military engineering techniques such as concrete, barbed wire, and machine guns into fortress design, present or absent in the warfare practices of '<polity>' between <time-start> and <time-end>? <answer-options>."
https://seshat-db.com/api/wf/modern-fortifications/,252,"The absence or presence of modern fortifications as a military technology used in warfare. During the period from <time-start> to <time-end>, was modern fortification technology, defined as advanced structures and systems designed to protect military bases and installations, present or absent in the warfare practices of '<polity>'? <answer-options>."
https://seshat-db.com/api/wf/modern-fortifications/,253,"During the period from <time-start> to <time-end>, were modern fortifications, characterized by their use of artillery and heavy walls, present or absent in the warfare strategies of '<polity>'? <answer-options>."
https://seshat-db.com/api/wf/modern-fortifications/,254,"During the period from <time-start> to <time-end>, were modern fortifications, defined as fortified structures equipped with cannons and other advanced weaponry, present or absent in the warfare practices of '<polity>'? <answer-options>."
https://seshat-db.com/api/wf/modern-fortifications/,255,"During the period from <time-start> to <time-end>, were modern fortifications, defined as fortified structures equipped with cannons and other advanced weaponry, present or absent in the warfare practices of '<polity>'? <answer-options>."
https://seshat-db.com/api/wf/modern-fortifications/,256,"Was the development of modern fortifications, such as those fitted with cannons, a military technology that was absent or present in the warfare strategies of the Xiongnu during the period from <time-start> to <time-end>? <answer-options>."
https://seshat-db.com/api/wf/modern-fortifications/,257,"During the period from <time-start> to <time-end>, was modern fortification, defined as advanced military engineering techniques used to improve defensive structures, present or absent in the warfare practices of '<polity>'? <answer-options>."
https://seshat-db.com/api/wf/modern-fortifications/,258,"During the period from <time-start> to <time-end>, was modern fortification, defined as advanced techniques for building defensive structures such as trenches, barbed wire, and concrete walls, present or absent in the military practices of '<polity>'? <answer-options>."
https://seshat-db.com/api/wf/modern-fortifications/,259,"During the period from <time-start> to <time-end>, were modern fortifications, defined as advanced military structures built with advanced engineering techniques and materials, present or absent in the warfare practices of '<polity>'? <answer-options>."
https://seshat-db.com/api/wf/modern-fortifications/,260,"During the period from <time-start> to <time-end>, were modern fortifications, defined as defensive structures constructed using materials such as brick, stone, and earth, with the primary purpose of repelling attacks by enemies armed with firearms and cannons, present or absent in the warfare strategies of '<polity>'? <answer-options>."
https://seshat-db.com/api/wf/modern-fortifications/,261,Was gunpowder absent or present as a modern fortification technology during the period from <time-start> to <time-end> in the warfare strategies of '<polity>'? <answer-options>.
https://seshat-db.com/api/wf/modern-fortifications/,262,"During the period from <time-start> to <time-end>, was modern fortification, characterized by the use of guns and explosives, absent or present in the warfare practices of '<polity>' in comparison to other technologies such as traditional fortifications, chariots, and bows and arrows? <answer-options>."
https://seshat-db.com/api/wf/modern-fortifications/,263,"During the period from <time-start> to <time-end>, were modern fortifications, including the use of gunpowder and other technologies, present or absent in the military strategies of '<polity>'? Please list the specific technologies mentioned in the variable description. <answer-options>."
https://seshat-db.com/api/wf/modern-fortifications/,264,"During the period from <time-start> to <time-end>, did modern fortifications such as gunpowder-powered cannons and other advanced technologies play a significant role in the warfare practices of '<polity>' compared to traditional methods? Please note that this question assumes the existence of other technologies besides gunpowder. <answer-options>."
https://seshat-db.com/api/wf/modern-fortifications/,265,"During the period from <time-start> to <time-end>, were modern fortifications, as defined as defensive structures built after the arrival of Europeans, present or absent in the warfare practices of '<polity>'? <answer-options>."
https://seshat-db.com/api/wf/modern-fortifications/,266,The absence or presence of modern fortifications as a military technology used in warfare during the period from <time-start> to <time-end> in the context of '<polity>'. <answer-options>.
https://seshat-db.com/api/wf/modern-fortifications/,267,What were the modern fortification techniques used by the military in '<polity>' during the period from <time-start> to <time-end>? Please list all the techniques you can identify from this time frame. <answer-options>.
https://seshat-db.com/api/wf/modern-fortifications/,268,"During the period from <time-start> to <time-end>, was modern fortification, defined as the construction of fortified structures such as walls, turrets, and other defensive measures, present or absent in the military strategies of '<polity>'? <answer-options>."
https://seshat-db.com/api/wf/modern-fortifications/,269,"During the period from <time-start> to <time-end>, was modern fortification, specifically referring to fortifications built using gunpowder, present or absent in the warfare practices of '<polity>'? <answer-options>."
https://seshat-db.com/api/wf/modern-fortifications/,270,"During the period from <time-start> to <time-end>, was modern fortification, defined as the introduction or widespread adoption of gunpowder as a military technology, present or absent in the warfare practices of '<polity>'? <answer-options>."
https://seshat-db.com/api/wf/modern-fortifications/,271,"During the period from <time-start> to <time-end>, were modern fortifications, defined as structures designed to provide protection against military attacks and consisting of earthworks, walls, and other defensive features, present or absent in the warfare practices of '<polity>'? <answer-options>."
https://seshat-db.com/api/wf/modern-fortifications/,272,"During the period from <time-start> to <time-end>, were fortifications built using gunpowder as a military technology present or absent in the warfare practices of '<polity>'? <answer-options>."
https://seshat-db.com/api/wf/modern-fortifications/,273,"During the period from the early Middle Ages to the end of the Renaissance in the context of '<polity>', was modern fortification, defined as the use of gunpowder and firearms in military defenses, present or absent? <answer-options>."
https://seshat-db.com/api/wf/modern-fortifications/,274,"During the period from <time-start> to <time-end>, were modern fortifications, such as those built with gunpowder, present or absent in the military practices of '<polity>'? <answer-options>."
https://seshat-db.com/api/wf/modern-fortifications/,275,"Was modern fortification, defined as the construction of defensive structures and systems, including bunkers, walls, and other barriers, present or absent in the warfare practices of '<polity>' during the period from <time-start> to <time-end>? <answer-options>."
https://seshat-db.com/api/wf/modern-fortifications/,276,"During the period from <time-start> to <time-end>, were modern fortifications, characterized by the use of concrete, barbed wire, and other advanced materials and technologies, present or absent in the defense practices of '<polity>'? <answer-options>."
https://seshat-db.com/api/wf/modern-fortifications/,277,"<time-start>: 17th century
<time-end>: 19th century
'<polity>': United Kingdom
Was modern fortification, defined as the construction of defensive structures such as walls, bastions, and earthworks, present or absent as a military technology in the warfare practices of the United Kingdom during the period from the 17th to the 19th century? <answer-options>:
a) Present
b) Absent"
https://seshat-db.com/api/wf/modern-fortifications/,278,"During the period from <time-start> to <time-end>, was modern fortification, defined as advanced defensive structures and techniques, present or absent in the warfare practices of '<polity>'? <answer-options>."
https://seshat-db.com/api/wf/modern-fortifications/,279,"During the period from <time-start> to <time-end>, was modern fortification, defined as a type of defensive structure that includes features such as walls, turrets, and gates, present or absent in the military strategies of '<polity>'? <answer-options>."
https://seshat-db.com/api/wf/modern-fortifications/,280,"Was modern fortification, defined as a system of defensive structures built to protect a settlement or military position, absent or present in the Americas prior to European colonization by '<polity>? <answer-options>."
https://seshat-db.com/api/wf/modern-fortifications/,281,"During the period from <time-start> to <time-end>, was modern fortification, defined as advanced methods of building defensive structures such as underground bunkers, anti-aircraft emplacements, and concrete walls, present or absent as a military technology in the warfare practices of '<polity>'? <answer-options>."
https://seshat-db.com/api/wf/modern-fortifications/,282,"Was modern fortification technology, characterized by the lack of exposure to explosives, mounted attacks, or siege machinery, present or absent in the Inca Empire's defense systems during the period from <time-start> to <time-end>? <answer-options>."
https://seshat-db.com/api/wf/modern-fortifications/,283,"The absence or presence of modern fortifications, defined as the use of advanced engineering techniques and materials to create strong and durable defensive structures, was it present or absent in the warfare strategies of '<polity>' during the period from <time-start> to <time-end>? <answer-options>."
https://seshat-db.com/api/wf/modern-fortifications/,284,"The absence or presence of modern fortifications as a military technology used in warfare.
During the period from <time-start> to <time-end>, was the use of modern fortifications present or absent in the warfare strategies of '<polity>'? <answer-options>."
https://seshat-db.com/api/wf/modern-fortifications/,285,"During the period from <time-start> to <time-end>, did colonial military forts remain unconfirmed in the construction practices of '<polity>'? <answer-options>."
https://seshat-db.com/api/wf/modern-fortifications/,286,"During the period from <time-start> to <time-end>, were there significant examples of modern fortifications, such as walls and gates, used in the city planning of '<polity>'? <answer-options>."
https://seshat-db.com/api/wf/modern-fortifications/,287,"During the period from <time-start> to <time-end>, did modern fortifications play a significant role in the warfare strategies of '<polity>'? <answer-options>."
https://seshat-db.com/api/wf/modern-fortifications/,288,"During the period from <time-start> to <time-end>, did '<polity>' have significant circumvallations around its settlements or not, based on the inference provided by Gregory L. Possehl in his article 'Revolution in the Urban Revolution: The Emergence of Indus Urbanization' published in the Annual Review of Anthropology in 1990, p. 271? <answer-options>."
https://seshat-db.com/api/wf/modern-fortifications/,289,"During the period from <time-start> to <time-end>, were modern fortifications, such as concrete barriers and underground bunkers, present or absent in the military defense strategies of '<polity>'? <answer-options>."
https://seshat-db.com/api/wf/modern-fortifications/,290,"During the period from <time-start> to <time-end>, were modern fortifications, such as those incorporating concrete, barbed wire, and machine guns, present or absent in the warfare strategies of '<polity>'? <answer-options>."
https://seshat-db.com/api/wf/modern-fortifications/,291,"During the period from <time-start> to <time-end>, was there an inferred lack of substantial circumvallation in the urban fortifications of '<polity>'? <answer-options>."
https://seshat-db.com/api/wf/modern-fortifications/,292,"During the period from <time-start> to <time-end>, was modern fortification, defined as the use of concrete, steel, and other advanced materials to construct defensive structures such as bunkers, walls, and gunsights, present or absent in the warfare practices of '<polity>'? <answer-options>."
https://seshat-db.com/api/wf/modern-fortifications/,293,"During the period from <time-start> to <time-end>, were modern fortifications, defined as advanced defensive structures incorporating elements such as gun batteries, bomb shelters, and anti-aircraft defenses, present or absent in the military strategies of '<polity>'? <answer-options>."
https://seshat-db.com/api/wf/modern-fortifications/,294,"During the period from <time-start> to <time-end>, was modern fortification, defined as the construction of large, heavily fortified structures such as walls and trenches, present or absent in the military defenses of '<polity>'? <answer-options>."
https://seshat-db.com/api/wf/modern-fortifications/,295,"Was the modern concept of fortification, defined as the construction of fortified structures such as walls, towers, and other defensive features, present in the military practices of Nausharo during its occupation in pre-modern times? <answer-options>."
https://seshat-db.com/api/wf/modern-fortifications/,296,"Was modern fortification, such as the walls built around Nausharo, a common feature in warfare during the time period before modernization? <answer-options>."
https://seshat-db.com/api/wf/modern-fortifications/,297,"Please note that the variable you provided does not have a clear definition or scope to create a well-defined historical exam question. If you could provide more information about the variable, I would be happy to assist you further."
https://seshat-db.com/api/wf/modern-fortifications/,298,"During the period from <time-start> to <time-end>, was modern fortification, defined as not being mentioned in any of the sources that deal with warfare, present or absent as a military technology in the warfare practices of '<polity>'? <answer-options>."
https://seshat-db.com/api/wf/modern-fortifications/,299,"During the period from <time-start> to <time-end>, were modern fortifications, defined as structures designed to provide protection against attacks and utilize defensive technologies such as barbed wire and concrete walls, present or absent in the warfare practices of '<polity>'? <answer-options>."
https://seshat-db.com/api/wf/modern-fortifications/,300,"During the period from <time-start> to <time-end>, were modern fortifications, defined as advanced defensive structures featuring earthworks, walls, and other protective measures, present or absent in the warfare strategies of '<polity>'? <answer-options>."
https://seshat-db.com/api/wf/modern-fortifications/,301,"During the period from <time-start> to <time-end>, were modern fortifications, specifically referring to fortifications built using advanced engineering techniques and materials, present or absent in the warfare practices of '<polity>'? <answer-options>."
https://seshat-db.com/api/wf/modern-fortifications/,302,"The absence or presence of modern fortifications, defined as the development of structures and systems designed to protect military positions and infrastructure, during the period from <time-start> to <time-end> in the context of '<polity>'. Did modern fortifications play a significant role in the warfare strategies of '<polity>'? <answer-options>."
https://seshat-db.com/api/wf/modern-fortifications/,303,"The absence or presence of modern fortifications, such as bomb shelters, blast-resistant structures, and surveillance systems, as a means of protecting military personnel and infrastructure from attacks and potential threats. During the period from <time-start> to <time-end>, were modern fortifications present or absent in the defense strategies of '<polity>'? <answer-options>."
https://seshat-db.com/api/wf/modern-fortifications/,304,"During the period from <time-start> to <time-end>, were modern fortifications, defined as reinforced structures and defensive systems incorporating technological advancements such as barbed wire, machine guns, and tank traps, present or absent in the warfare practices of '<polity>'? <answer-options>."
https://seshat-db.com/api/wf/modern-fortifications/,305,"Was modern fortification, defined as technology not yet available, present or absent in the warfare practices of '<polity>' during the period from <time-start> to <time-end>? <answer-options>."
https://seshat-db.com/api/wf/modern-fortifications/,306,"In the modern era, was modern fortification technology, characterized by its advanced defensive structures such as blast-resistant walls and concrete barriers, present or absent in the warfare practices of '<polity>? <answer-options>."
https://seshat-db.com/api/wf/modern-fortifications/,307,"During the period from <time-start> to <time-end>, was modern fortification technology, as we know it today, present or absent in the warfare practices of '<polity>'? <answer-options>."
https://seshat-db.com/api/wf/modern-fortifications/,308,"During the period from <time-start> to <time-end>, were modern fortifications, characterized by the use of concrete, steel, and other advanced materials, prevalent or absent in the military defenses of '<polity>'? <answer-options>."
https://seshat-db.com/api/wf/modern-fortifications/,309,"During the period from <time-start> to <time-end>, was modern fortification, defined as the use of advanced engineering techniques and materials to construct defensive structures, present or absent in the warfare practices of '<polity>'? <answer-options>."
https://seshat-db.com/api/wf/modern-fortifications/,310,"During the period from <time-start> to <time-end>, was modern fortification, defined as a system of defensive structures and techniques, present or absent in the warfare practices of '<polity>'? <answer-options>."
https://seshat-db.com/api/wf/modern-fortifications/,311,"In what time period did the use of modern fortifications, characterized by the absence of gunpowder, begin to emerge in warfare strategies in '<polity>?'
<answer-options>
  * Prior to the mid-16th century
  * Prior to the late 17th century
  * Prior to the early 18th century
  * After the late 19th century"
https://seshat-db.com/api/wf/modern-fortifications/,312,"Was modern fortification technology, defined as structures and systems designed to provide protection against enemy attacks, present or absent in the warfare practices of '<polity>' during the period from <time-start> to <time-end>? <answer-options>."
https://seshat-db.com/api/wf/modern-fortifications/,313,"During the period from <time-start> to <time-end>, was modern fortification technology present or absent in the warfare practices of '<polity>'? <answer-options>."
https://seshat-db.com/api/wf/modern-fortifications/,314,"The absence or presence of modern fortifications as a military technology used in warfare.
During the period from <time-start> to <time-end>, were modern fortifications present or absent in the warfare strategies of '<polity>'? <answer-options>."
https://seshat-db.com/api/wf/modern-fortifications/,315,"Was modern fortification technology, defined as structures and systems designed to defend against enemy attacks, absent or present during the period from <time-start> to <time-end> in the context of '<polity>'? <answer-options>."
https://seshat-db.com/api/wf/modern-fortifications/,316,"During the period from <time-start> to <time-end>, was the use of modern fortifications, specifically those that utilized gunpowder, present or absent in the warfare practices of '<polity>'? <answer-options>."
https://seshat-db.com/api/wf/modern-fortifications/,317,"During the period from <time-start> to <time-end>, were modern fortifications, specifically cannon-equipped reinforced star forts, present or absent as a military technology in the warfare practices of '<polity>'? <answer-options>."
https://seshat-db.com/api/wf/modern-fortifications/,318,"During the period from <time-start> to <time-end>, were modern fortifications present or absent in the military strategies of '<polity>'? <answer-options>."
https://seshat-db.com/api/wf/modern-fortifications/,319,"During the period from <time-start> to <time-end>, was modern fortification technology present or absent as a feature in the defensive structures of '<polity>'? <answer-options>."
https://seshat-db.com/api/wf/modern-fortifications/,320,"During the period from <time-start> to <time-end>, was modern fortification technology, defined as technology that has not yet been fully developed and implemented, present or absent in the defensive structures of '<polity>'? <answer-options>."
https://seshat-db.com/api/wf/modern-fortifications/,321,"During the period from <time-start> to <time-end>, were modern fortifications, defined as technology not yet available, present or absent in the construction of defensive structures in '<polity>'? <answer-options>."
https://seshat-db.com/api/wf/modern-fortifications/,322,"During the period from <time-start> to <time-end>, was modern fortification technology, which encompasses advanced technologies such as bunkers, anti-tank barriers, and air defense systems, present or absent in the warfare practices of '<polity>'? <answer-options>."
https://seshat-db.com/api/wf/modern-fortifications/,323,"Was modern fortification, defined as the use of reinforced concrete, barbed wire, and other advanced materials to protect structures and defend against attacks, present or absent in the warfare practices of '<polity>' during the period from <time-start> to <time-end>? <answer-options>."
https://seshat-db.com/api/wf/modern-fortifications/,324,"During the period from <time-start> to <time-end>, was modern fortification, defined as the application of contemporary military engineering techniques to fortify structures, present or absent in the warfare practices of '<polity>'? <answer-options>."
https://seshat-db.com/api/wf/modern-fortifications/,325,"During the period from <time-start> to <time-end>, was modern fortification, defined as the construction of heavily fortified structures with advanced features such as barbed wire, machine guns, and concrete walls, present or absent in the warfare practices of '<polity>'? <answer-options>."
https://seshat-db.com/api/wf/modern-fortifications/,326,"Was modern fortification, defined as the construction of defensive structures designed to withstand attacks, present or absent as a military technology in the warfare practices of '<polity>' during the period from <time-start> to <time-end>? <answer-options>."
https://seshat-db.com/api/wf/modern-fortifications/,327,"During the period from <time-start> to <time-end>, were modern fortifications equipped with cannons and reinforced star shapes present or absent in the warfare practices of '<polity>'? <answer-options>."
https://seshat-db.com/api/wf/modern-fortifications/,328,"The absence or presence of modern fortifications, such as concrete walls and barbed wire, as a military technology used in warfare. During the period from <time-start> to <time-end>, were modern fortifications present or absent in the warfare strategies of '<polity>'? <answer-options>."
https://seshat-db.com/api/wf/modern-fortifications/,329,"During the period from <time-start> to <time-end>, was modern fortification, defined as a system of defensive structures, buildings, and weapons designed to protect a settlement or city from enemy attacks, present or absent in the warfare practices of '<polity>'? <answer-options>."
https://seshat-db.com/api/wf/modern-fortifications/,330,"During the period from <time-start> to <time-end>, were cannon-equipped reinforced star forts a prevalent form of modern fortification in the military strategies of '<polity>'? <answer-options>."
https://seshat-db.com/api/wf/modern-fortifications/,331,The presence or absence of modern fortifications as a military technology used in warfare during the period from <time-start> to <time-end> in the context of '<polity>'. <answer-options>.
https://seshat-db.com/api/wf/modern-fortifications/,332,"During the period from <time-start> to <time-end>, were modern fortifications, characterized by their use of concrete, steel, and other advanced materials, present or absent in the military architecture of '<polity>'? <answer-options>."
https://seshat-db.com/api/wf/modern-fortifications/,333,The absence or presence of modern fortifications as a military technology used in warfare during the period from <time-start> to <time-end> in the context of '<polity>'. <answer-options>.
https://seshat-db.com/api/wf/modern-fortifications/,334,"During the period from <time-start> to <time-end>, were modern fortifications, characterized by the use of concrete, steel, and other advanced materials, present or absent in the military strategies of '<polity>'? <answer-options>."
https://seshat-db.com/api/wf/modern-fortifications/,335,"Was modern fortification, defined as the use of advanced architectural techniques and materials for the purpose of protecting military installations and strategic positions, present or absent in the warfare practices of '<polity>' during the period from <time-start> to <time-end>? <answer-options>."
https://seshat-db.com/api/wf/modern-fortifications/,336,"During the period from <time-start> to <time-end>, was modern fortification, defined as the construction of structures such as concrete walls, barbed wire fences, and underground tunnels to protect against enemy attacks, present or absent in the military practices of '<polity>'? <answer-options>."
https://seshat-db.com/api/wf/modern-fortifications/,337,"During the period from <time-start> to <time-end>, was modern fortification, defined as the use of defensive technologies such as cannons, barbed wire, and machine guns, present or absent in the warfare practices of '<polity>'? <answer-options>."
https://seshat-db.com/api/wf/modern-fortifications/,338,"During the period from <time-start> to <time-end>, was modern fortification, defined as the use of advanced defensive structures and technologies such as concrete walls, barbed wire, and machine guns, present or absent in the warfare practices of '<polity>'? <answer-options>."
https://seshat-db.com/api/wf/modern-fortifications/,339,"During the period from <time-start> to <time-end>, were modern fortifications, characterized by their advanced defensive structures such as trenches, barbed wire, and concrete walls, present or absent in the warfare strategies of '<polity>'? <answer-options>."
https://seshat-db.com/api/wf/modern-fortifications/,340,"During the period from <time-start> to <time-end>, was modern fortification, defined as the construction of structures designed to protect people and property from attack, present or absent in the warfare practices of '<polity>'? <answer-options>."
https://seshat-db.com/api/wf/modern-fortifications/,341,The absence or presence of modern fortifications as a military technology used in warfare during the period from <time-start> to <time-end> in the context of '<polity>'. Please provide an answer based on whether or not modern fortifications were utilized as a military technology in the specified time period. <answer-options>.
https://seshat-db.com/api/wf/modern-fortifications/,342,"Was modern fortification, defined as the use of advanced defensive structures such as barbed wire, machine gun emplacements, and concrete bunkers, present in the warfare strategies of '<polity>' during the period from <time-start> to <time-end>? <answer-options>."
https://seshat-db.com/api/wf/modern-fortifications/,343,"During the period from <time-start> to <time-end>, was modern fortification, defined as the use of advanced engineering techniques and materials to construct defensive structures, present or absent in the warfare practices of '<polity>'? <answer-options>."
https://seshat-db.com/api/wf/modern-fortifications/,344,"During the period from <time-start> to <time-end>, was modern fortification, defined as advanced defensive structures and techniques, present or absent in the warfare practices of '<polity>'? <answer-options>."
https://seshat-db.com/api/wf/modern-fortifications/,345,"During the period from <time-start> to <time-end>, were modern fortifications, such as concrete walls and barbed wire, present or absent in the defense strategies of '<polity>'? <answer-options>."
https://seshat-db.com/api/wf/modern-fortifications/,346,"During the period from <time-start> to <time-end>, were modern fortifications, such as walls, bastions, and other defensive structures, present or absent in the military strategy of '<polity>'? <answer-options>."
https://seshat-db.com/api/wf/modern-fortifications/,347,"The absence or presence of modern fortifications, such as concrete bunkers, pillboxes, and anti-aircraft emplacements, as a military technology used in warfare. Consider the period from <time-start> to <time-end> in the context of '<polity>'. Was modern fortification technology absent or present as a 'military technology during this time? <answer-options>."
https://seshat-db.com/api/wf/modern-fortifications/,348,"During the period from <time-start> to <time-end>, were modern fortifications, defined as reinforced structures built to protect military positions and infrastructure, present or absent in the warfare practices of '<polity>'? <answer-options>."
https://seshat-db.com/api/wf/modern-fortifications/,349,"During the period from <time-start> to <time-end>, were modern fortifications, defined as advanced military fortifications featuring technologies such as barbed wire, machine guns, and reinforced concrete, present or absent in the warfare practices of '<polity>'? <answer-options>."
https://seshat-db.com/api/wf/modern-fortifications/,350,"Was modern fortification, defined as the construction of heavily fortified structures such as walls, bunkers, and anti-aircraft defenses, present or absent as a military technology in the warfare practices of '<polity>' during the period from <time-start> to <time-end>? <answer-options>."
https://seshat-db.com/api/wf/modern-fortifications/,351,"During the period from <time-start> to <time-end>, was modern fortification, defined as the construction of defensive structures incorporating advanced technologies such as concrete, barbed wire, and machine guns, present or absent in the military practices of '<polity>'? <answer-options>."
https://seshat-db.com/api/wf/modern-fortifications/,352,The absence or presence of modern fortifications as a military technology used in warfare during the period from <time-start> to <time-end> in the context of '<polity>'. <answer-options>.
https://seshat-db.com/api/wf/modern-fortifications/,353,"Was modern fortification, defined as the construction of elaborate defensive structures and systems, present or absent in warfare strategies of '<polity>' during the period from <time-start> to <time-end>? <answer-options>."
https://seshat-db.com/api/wf/modern-fortifications/,354,"During the period from <time-start> to <time-end>, were modern fortifications, specifically those characterized by large walls and earthen berms, present or absent in the military defense strategies of '<polity>'? <answer-options>."
https://seshat-db.com/api/wf/modern-fortifications/,355,"During the period from <time-start> to <time-end>, were modern fortifications, defined as structures with reinforced walls, gun emplacements, and other defensive measures designed to withstand attacks, present or absent in the warfare practices of '<polity>'? <answer-options>."
https://seshat-db.com/api/wf/modern-fortifications/,356,The absence or presence of modern fortifications as a military technology used in warfare during the period from <time-start> to <time-end> in the context of '<polity>'. <answer-options>.
https://seshat-db.com/api/wf/modern-fortifications/,357,"During the period from <time-start> to <time-end>, was modern fortification technology, such as concrete walls, barbed wire, and machine guns, present or absent in the military defenses of '<polity>'? <answer-options>."
https://seshat-db.com/api/wf/modern-fortifications/,358,"What was the role of modern fortifications, defined as advanced defensive structures and technologies used in warfare, in the military practices of '<polity>' during the period from <time-start> to <time-end>? Please note that we are considering all types of modern fortifications such as concrete bunkers, anti-aircraft guns, and other advanced defense systems. <answer-options>."
https://seshat-db.com/api/wf/modern-fortifications/,359,"Was modern fortification, defined as the use of advanced technologies and engineering techniques to protect cities, forts, and other important structures, present or absent during the period from <time-start> to <time-end> in the context of '<polity>'? <answer-options>."
https://seshat-db.com/api/wf/modern-fortifications/,360,"Was modern fortification, defined as the construction of large, heavily fortified structures designed to protect cities and important locations, present or absent as a military technology in the warfare practices of '<polity>' during the period from <time-start> to <time-end>? <answer-options>."
https://seshat-db.com/api/wf/modern-fortifications/,361,"What modern fortifications, defined as advanced defensive structures such as bunkers, tunnels, and other underground facilities, were present or absent in the warfare practices of '<polity>' during the period from <time-start> to <time-end>? <answer-options>."
https://seshat-db.com/api/wf/modern-fortifications/,362,"Was modern fortification, defined as the construction of strong defensive structures such as walls, turrets, and bomb shelters, present or absent in the warfare practices of '<polity>' during the period from <time-start> to <time-end>? <answer-options>."
https://seshat-db.com/api/wf/modern-fortifications/,363,"During the period from <time-start> to <time-end>, was modern fortification, characterized by the use of concrete, steel, and other advanced materials to construct strong, durable defenses, present or absent in the warfare strategies of '<polity>'? <answer-options>."
https://seshat-db.com/api/wf/modern-fortifications/,364,"During the period from <time-start> to <time-end>, were modern fortifications, specifically those featuring cannons, artillery, and catapULTs, present in the warfare practices of '<polity>? <answer-options>."
https://seshat-db.com/api/wf/modern-fortifications/,365,"During the period from <time-start> to <time-end>, was gunpowder artillery not in use until the 14th century present as a military technology in the warfare practices of '<polity>'? <answer-options>."
https://seshat-db.com/api/wf/modern-fortifications/,366,"During the period from <time-start> to <time-end>, were modern fortifications, defined as reinforced structures and systems designed to protect military bases, cities, and other important targets, present or absent in the defense practices of '<polity>'? <answer-options>."
https://seshat-db.com/api/wf/modern-fortifications/,367,The absence or presence of modern fortifications as a military technology used in warfare during the period from <time-start> to <time-end> in the context of '<polity>'. <answer-options>.
