endpoint_identifier,entry_idx,output
https://seshat-db.com/api/wf/settlement-in-defensive-positions/,0,"During the period from <time-start> to <time-end>, were settlements located in a defensive position present or absent in the practices of '<polity>'? <answer-options>."
https://seshat-db.com/api/wf/settlement-in-defensive-positions/,1,"During the period from <time-start> to <time-end>, were settlements in defensive positions present or absent in the military strategies of '<polity>'? <answer-options>."
https://seshat-db.com/api/wf/settlement-in-defensive-positions/,2,The number of settlements located in a defensive position during the period from <time-start> to <time-end> in the context of '<polity>'. Please provide the total count. <answer-options>.
https://seshat-db.com/api/wf/settlement-in-defensive-positions/,3,"During the period from <time-start> to <time-end>, were settlements in defensive positions, as inferred by their design featuring walls and moats, present or absent in the political landscape of '<polity>'? <answer-options>."
https://seshat-db.com/api/wf/settlement-in-defensive-positions/,4,"During the period from <time-start> to <time-end>, were settlements located in defensive positions, such as forts, a common occurrence under Kidarite rule in regions like Samarkand and Paykent, according to the account of Grenet (2005)? <answer-options>."
https://seshat-db.com/api/wf/settlement-in-defensive-positions/,5,"Was the construction of palaces and castles as strong fortifications in defensive positions, as described in ""<polity>"" during the period from <time-start> to <time-end> considered a significant aspect of the settlement patterns in that society? <answer-options>."
https://seshat-db.com/api/wf/settlement-in-defensive-positions/,6,"During the period from <time-start> to <time-end>, were settlements located in a defensive position, characterized by strong fortifications and strategic placement, common in the warfare practices of '<polity>'? <answer-options>."
https://seshat-db.com/api/wf/settlement-in-defensive-positions/,7,"During the period from <time-start> to <time-end>, were settlements along the Great Wall, defined as strategic fortifications built along the northern border of China to protect against nomadic invasions, present or absent as a type of defensive settlement in the warfare practices of '<polity>'? <answer-options>."
https://seshat-db.com/api/wf/settlement-in-defensive-positions/,8,"During the period from <time-start> to <time-end>, were settlements along the Great Wall used as defensive positions by the Chinese government, taking advantage of its fortifications and natural terrain to repel invaders? <answer-options>."
https://seshat-db.com/api/wf/settlement-in-defensive-positions/,9,"During the period from <time-start> to <time-end>, were settlements in a defensive position, specifically those built in the heart of enemy territory according to Yen-shih, a common feature of the warfare practices of '<polity>'? <answer-options>."
https://seshat-db.com/api/wf/settlement-in-defensive-positions/,10,"During the period from <time-start> to <time-end>, were settlements in a defensive position, as described in Yen-shih and characterized by its construction likely occurring soon after conquest in the heart of enemy territory serving as a fortress, present or absent in the warfare strategies of '<polity>'? <answer-options>."
https://seshat-db.com/api/wf/settlement-in-defensive-positions/,11,"During the period from <time-start> to <time-end>, were Miao settlements, characterized by being built generally against a mountainside or along a river, without any uniform appearance, and having walls made of earth or stone slabs, present or absent as a military technology in the warfare practices of '<polity>'? <answer-options>."
https://seshat-db.com/api/wf/settlement-in-defensive-positions/,12,"During the period from <time-start> to <time-end>, were Miao settlements characterized by their use of defensive structures such as ""chai"" walls, constructed along mountainsides and rivers, to protect themselves from invaders? Were these settlements known for being difficult to access and capture due to their location in deep valleys and the use of small paths? If yes, then were Miao settlements present as a military technology in the warfare practices of '<polity>'? <answer-options>."
https://seshat-db.com/api/wf/settlement-in-defensive-positions/,13,"In the context of <polity> during the period from <time-start> to <time-end>, were there any instances of settlements being built in a defensive position, such as those constructed by Qin along the Yellow River to protect against raids by northern Di tribes? Please note that this includes all types of defensive structures, including walls, forts, and other fortifications. <answer-options>."
https://seshat-db.com/api/wf/settlement-in-defensive-positions/,14,"During the period from <time-start> to <time-end>, were fortified towns, such as Ch'u-chia-ling, with walls and moats, present or absent in the warfare practices of '<polity>' as a way to protect against floods and other defensive purposes? <answer-options>."
https://seshat-db.com/api/wf/settlement-in-defensive-positions/,15,"During the period from <time-start> to <time-end>, were settlements in defensive positions a common occurrence in the warfare practices of '<polity>'? <answer-options>."
https://seshat-db.com/api/wf/settlement-in-defensive-positions/,16,"During the period from <time-start> to <time-end>, were garrison towns, identified as settlements located in a defensive position such as Beijing, spotted along the frontier and combined with sections of walls and signal stations to create an effective defensive system, a prevalent feature in the warfare practices of '<polity>'? <answer-options>."
https://seshat-db.com/api/wf/settlement-in-defensive-positions/,17,"During the period from <time-start> to <time-end>, were settlements in defensive positions, defined as strongly fortified towns or villages built in mountainous regions, present or absent in the warfare strategies of '<polity>'? <answer-options>."
https://seshat-db.com/api/wf/settlement-in-defensive-positions/,18,"During the period from <time-start> to <time-end>, were settlements located in defensive positions along the northern frontier of the Wei realm, such as those established in the ""Six Garrisons"" sector stretching from Dunhuang to Yuyi, present or absent as a military strategy used to protect against the Rouran tribal confederacy? <answer-options>."
https://seshat-db.com/api/wf/settlement-in-defensive-positions/,19,"During the period from <time-start> to <time-end>, were settlements in a defensive position present or absent in the warfare practices of '<polity>' as demonstrated by Furdan building a fort at Khobdo, deep in Mongolia? <answer-options>."
https://seshat-db.com/api/wf/settlement-in-defensive-positions/,20,"During the period from <time-start> to <time-end>, were settlements located in defensive positions, such as Jilin, Amur River, Ürümqi, and Tibet, common in the military strategies of '<polity>'? <answer-options>."
https://seshat-db.com/api/wf/settlement-in-defensive-positions/,21,"Settlements in a defensive position, defined as fortified settlements built to protect against potential attacks, were present or absent during the period from <time-start> to <time-end> in the context of '<polity>? <answer-options>."
https://seshat-db.com/api/wf/settlement-in-defensive-positions/,22,"During the period from <time-start> to <time-end>, were fortified hamlets present or absent as a defensive position in the warfare practices of '<polity>' in accordance with the example of Wen-ti's attempt? <answer-options>."
https://seshat-db.com/api/wf/settlement-in-defensive-positions/,23,"During the period from <time-start> to <time-end>, were there any military colonies on the frontier of '<polity>'? Please list all settlements in a defensive position. <answer-options>."
https://seshat-db.com/api/wf/settlement-in-defensive-positions/,24,"During the period from <time-start> to <time-end>, were military colonies on the frontier present or absent in the defense strategies of '<polity>'? Please select one of the following options: 

  * Present, characterized by the occupation of fortified positions such as walled towns, earthworks, and palisades.
  * Absent, without evidence of military colonies on the frontier in defense strategies."
https://seshat-db.com/api/wf/settlement-in-defensive-positions/,25,"During the period from <time-start> to <time-end>, were settlements in a defensive position, such as those constructed by Wei before launching campaigns against Qin, a common occurrence in the warfare practices of '<polity>'? <answer-options>."
https://seshat-db.com/api/wf/settlement-in-defensive-positions/,26,"During the period from <time-start> to <time-end>, were military colonies settlements with fortified defenses such as moats, walls, gates, watchtowers, administrative buildings, shops, houses, and storage facilities present or absent in the frontier regions of '<polity>'? <answer-options>."
https://seshat-db.com/api/wf/settlement-in-defensive-positions/,27,"Was the emergence of cities or city-states as Western Zhou military garrisons, characterized by their placement on hilltops or other elevated positions, considered a defensive strategy during the period from <time-start> to <time-end> in the context of '<polity>? <answer-options>."
https://seshat-db.com/api/wf/settlement-in-defensive-positions/,28,"During the period from <time-start> to <time-end>, were settlements in defensive positions, located on strategic piedmonts to protect against flooding, present or absent in the cultural practices of '<polity>'? <answer-options>."
https://seshat-db.com/api/wf/settlement-in-defensive-positions/,29,"During the period from <time-start> to <time-end>, were settlements in a defensive position a common occurrence or an exception in the warfare strategies of '<polity>'? <answer-options>."
https://seshat-db.com/api/wf/settlement-in-defensive-positions/,30,"During the period from <time-start> to <time-end>, were settlements in a defensive position, characterized by their location on hilltops with steep slopes and difficult access, present or absent in the territories of '<polity>? <answer-options>."
https://seshat-db.com/api/wf/settlement-in-defensive-positions/,31,"During the period from <time-start> to <time-end> in the context of '<polity>', were settlements located on hilltops with steep slopes considered to be a defensive advantage and thus, settlements in a defensive position present or absent as a military strategy adopted by the population? <answer-options>."
https://seshat-db.com/api/wf/settlement-in-defensive-positions/,32,Was the use of settlements in a defensive position present or absent in the warfare strategies of the Jivaro tribe during the period from <time-start> to <time-end>? <answer-options>.
https://seshat-db.com/api/wf/settlement-in-defensive-positions/,33,"During the period from <time-start> to <time-end>, were settlements constructed in defensive positions, such as on the top of hills or near rivers, present or absent among the Jivaro tribes of '<polity>' according to the descriptions provided by Stirling and Rivet? Please note that settlements could include both defensive structures and traditional villages built without specific defensive features. Answer options may include: Present, Absent, Unclear."
https://seshat-db.com/api/wf/settlement-in-defensive-positions/,34,"During the period from <time-start> to <time-end>, were settlements located in a defensive position, such as fortifications or堡壘, present or absent in the territorial practices of '<polity>'? <answer-options>."
https://seshat-db.com/api/wf/settlement-in-defensive-positions/,35,"During the period from <time-start> to <time-end>, were there any settlements in a defensive position present or absent in the military strategies of '<polity>'? <answer-options>."
https://seshat-db.com/api/wf/settlement-in-defensive-positions/,36,"During the period from <time-start> to <time-end>, were fortified settlements, such as those found in the north and south of Palestine, present or absent in the defensive strategies of '<polity>'? Please provide evidence from the Narmer Palette. <answer-options>."
https://seshat-db.com/api/wf/settlement-in-defensive-positions/,37,"During the period from <time-start> to <time-end>, were fortified settlements, specifically those located in the north and south of Palestine, considered as a military technology in the context of regional warfare practices? <answer-options>."
https://seshat-db.com/api/wf/settlement-in-defensive-positions/,38,"During the period from <time-start> to <time-end>, were settlements located in a defensive position present or absent in the practice of warfare by '<polity>'? <answer-options>."
https://seshat-db.com/api/wf/settlement-in-defensive-positions/,39,"During the period from <time-start> to <time-end>, were settlements in a defensive position prevalent in the preceding Ayyubate Sultanate? Please note that we are referring specifically to settlements that were built and maintained for the purpose of defense against potential attacks. <answer-options>."
https://seshat-db.com/api/wf/settlement-in-defensive-positions/,40,"During the period from <time-start> to <time-end>, were settlements located in defensive positions common within the preceding Ayyubate Sultanate? <answer-options>."
https://seshat-db.com/api/wf/settlement-in-defensive-positions/,41,"During the period from <time-start> to <time-end>, were settlements in a defensive position present in the preceding Ayyubate Sultanate, indicating the adoption of defensive fortifications by the ruler or state? <answer-options>."
https://seshat-db.com/api/wf/settlement-in-defensive-positions/,42,"During the period from <time-start> to <time-end>, were Middle Kingdom fortresses located along the southern border of '<polity>' remarkable examples of military architecture with huge walls, ramparts, ditches, bastions, and fortified gates with drawbridges? Inside them were barracks, magazines, workshops, and offices, as well as small temples for Egyptian gods? Large granaries contained the rations to feed the troops and personnel stationed there? <answer-options>."
https://seshat-db.com/api/wf/settlement-in-defensive-positions/,43,The number of settlements in a defensive position during the period from <time-start> to <time-end> in the context of '<polity>'. Please provide the total count of settlements in a defensive position during this time. <answer-options>.
https://seshat-db.com/api/wf/settlement-in-defensive-positions/,44,"During the period from <time-start> to <time-end>, were settlements located in a defensive position or not within '<polity>'? Please provide options for the type of settlement present such as fortifications, walls, and hilltop forts. <answer-options>."
https://seshat-db.com/api/wf/settlement-in-defensive-positions/,45,"During the period from <time-start> to <time-end>, were settlements in a defensive position present or absent in the warfare strategies of '<polity>'? <answer-options>."
https://seshat-db.com/api/wf/settlement-in-defensive-positions/,46,"Was the strategic location of Settlements in a defensive position, such as Tell el-Dab'a and Qantir in the eastern Delta, considered as a factor in the decision-making process for selecting a site for military bases during the period from <time-start> to <time-end> in '<polity>'? <answer-options>."
https://seshat-db.com/api/wf/settlement-in-defensive-positions/,47,"During the period from <time-start> to <time-end>, were settlements in a defensive position, as described by Gnirs (2001), common in the warfare strategies of '<polity>'? <answer-options>."
https://seshat-db.com/api/wf/settlement-in-defensive-positions/,48,"During the period from <time-start> to <time-end>, were settlements located in a defensive position, such as along the southern border at Elephantine, present or absent as a strategy employed by '<polity>'? <answer-options>."
https://seshat-db.com/api/wf/settlement-in-defensive-positions/,49,"During the period from <time-start> to <time-end>, were settlements located in a defensive position along the southern border of '<polity>', such as Elephantine, considered common or uncommon in Ancient Egyptian society? <answer-options>."
https://seshat-db.com/api/wf/settlement-in-defensive-positions/,50,"During the period from <time-start> to <time-end>, were there settlements in defensive positions such as garrison towns located on high ground, major temples fortified structures, and many cities lacking walls in the defense strategies of '<polity>'? <answer-options>."
https://seshat-db.com/api/wf/settlement-in-defensive-positions/,51,"During the period from <time-start> to <time-end>, were settlements located in defensive positions, such as high lying ground, fortified, or lacking walls, common among '<polity>'? Please provide a list of settlements with their corresponding characteristics (i.e., high lying ground, fortified, or lacking walls) to demonstrate your understanding. <answer-options>."
https://seshat-db.com/api/wf/settlement-in-defensive-positions/,52,"During the period from <time-start> to <time-end>, were settlements positioned in a defensive position as a common strategy among '<polity>'? <answer-options>."
https://seshat-db.com/api/wf/settlement-in-defensive-positions/,53,"During the reign of Psamtek I, between <time-start> and <time-end>, were mercenary settlements established in the Eastern Delta to defend the Egyptian border, specifically in the regions known as 'the Camps' or Stratopeda? <answer-options>."
https://seshat-db.com/api/wf/settlement-in-defensive-positions/,54,"During the period from <time-start> to <time-end>, were settlements in a defensive position, such as those found at Tell el-Dab'a, characterized by the presence of a citadel on the western edge of a river, a watchtower to the southeast overlooking the land, and an enclosure wall measuring 6.2 meters wide (later expanded to 8.5 meters) with buttresses at intervals, present or absent in the architectural practices of '<polity>'? <answer-options>."
https://seshat-db.com/api/wf/settlement-in-defensive-positions/,55,"In the context of '<polity>', were civilian settlements also depicted as military strongholds during the Third Intermediate Period, specifically between <time-start> and <time-end>? Answer options: [yes/no]"
https://seshat-db.com/api/wf/settlement-in-defensive-positions/,56,"The absence or presence of settlements in a defensive position as a defensive strategy employed by a civilization. During the period from <time-start> to <time-end>, were settlements in a defensive position a prevalent or uncommon defensive strategy employed by '<polity>'? <answer-options>."
https://seshat-db.com/api/wf/settlement-in-defensive-positions/,57,"During the period from <time-start> to <time-end>, were settlements located in defensive positions present or absent in the urban planning and development of '<polity>'? <answer-options>."
https://seshat-db.com/api/wf/settlement-in-defensive-positions/,58,"During the period from <time-start> to <time-end>, were settlements in a defensive position present or absent as a significant aspect of the military strategy employed by '<polity>'? <answer-options>."
https://seshat-db.com/api/wf/settlement-in-defensive-positions/,59,"During the period from <time-start> to <time-end>, were settlements in defensive positions, characterized by the construction of stone walls or fortifications in the mountains, a common feature in the warfare practices of '<polity>'? <answer-options>."
https://seshat-db.com/api/wf/settlement-in-defensive-positions/,60,"Was the absence or presence of settlements built in defensive positions, specifically in the mountains, during the period from <time-start> to <time-end> as a military strategy used in warfare by '<polity>'? <answer-options>."
https://seshat-db.com/api/wf/settlement-in-defensive-positions/,61,"Based on the definition of ""upland settlements,"" were there any clearly identifiable but often not well-dated upland settlements present in the pattern of land occupation in the period from <time-start> to <time-end> in the region of '<polity>'? <answer-options>."
https://seshat-db.com/api/wf/settlement-in-defensive-positions/,62,"During the period from <time-start> to <time-end>, were there significant numbers of settlements in easily-defendable areas, such as hills or river spurs, which can be considered as major (even fortified) settlements? Were these settlements primarily made of small metal rings linked together in a pattern to form a mesh (chainmail)? <answer-options>."
https://seshat-db.com/api/wf/settlement-in-defensive-positions/,63,"During the period from <time-start> to <time-end>, were settlements in defensive positions common in the territorial boundaries of '<polity>' compared to those of previous and subsequent periods? <answer-options>."
https://seshat-db.com/api/wf/settlement-in-defensive-positions/,64,"During the period from <time-start> to <time-end>, were settlements in a defensive position a common occurrence among <polity> as described by David Parrott in ""Armed Forces"" section of ""The Oxford Handbook of the Ancien Régime""? <answer-options>."
https://seshat-db.com/api/wf/settlement-in-defensive-positions/,65,"During the period from <time-start> to <time-end>, were motte and bailey castles prevalent as a type of defensive settlement in the realm of '<polity>'? <answer-options>."
https://seshat-db.com/api/wf/settlement-in-defensive-positions/,66,"During the period from <time-start> to <time-end>, were motte and bailey castles prevalent as a defensive strategy in the settlements of '<polity>'? <answer-options>."
https://seshat-db.com/api/wf/settlement-in-defensive-positions/,67,"During the period from <time-start> to <time-end>, were settlements located in defensive positions present or absent in the warfare practices of '<polity>'? <answer-options>."
https://seshat-db.com/api/wf/settlement-in-defensive-positions/,68,"During the period from <time-start> to <time-end>, were settlements in a defensive position, defined as fortified locations that required siege methods to overcome, present or absent in the warfare strategies of '<polity>'? <answer-options>."
https://seshat-db.com/api/wf/settlement-in-defensive-positions/,69,"During the period from <time-start> to <time-end>, were there settlements that appeared to be associated with long-distance exchange networks and were fortified? If so, please indicate which of the following types of settlements they were:

A. Towns B. Cities C. Villages D. Settlements not associated with long-distance exchange networks <answer-options>."
https://seshat-db.com/api/wf/settlement-in-defensive-positions/,70,"During the period from <time-start> to <time-end>, were settlements in a defensive position, characterized by fortified villages associated with long-distance exchange networks, present or absent in the region of '<polity>'? <answer-options>."
https://seshat-db.com/api/wf/settlement-in-defensive-positions/,71,"During the period from <time-start> to <time-end>, were there settlements that appeared to be associated with long-distance exchange networks and had developed some level of fortification, such as ditches, walls, or palisades, within their defensive position in '<polity>'? <answer-options>."
https://seshat-db.com/api/wf/settlement-in-defensive-positions/,72,"During the period from <time-start> to <time-end>, were settlements located in a defensive position, specifically Oppidium of Villeneuve-Saint Germaine, characterized by a moderate-late Hallstatt (Ha D) phase, present or absent in the agricultural landscape of '<polity>'? <answer-options>."
https://seshat-db.com/api/wf/settlement-in-defensive-positions/,73,What were the settlement patterns and defensive positions present in the context of '<polity>' during the period from <time-start> to <time-end>? Please provide specific examples. <answer-options>.
https://seshat-db.com/api/wf/settlement-in-defensive-positions/,74,"During the period from <time-start> to <time-end>, were settlements located in defensive positions, such as forts or castle-like structures, common or uncommon among the people of '<polity>'? <answer-options>."
https://seshat-db.com/api/wf/settlement-in-defensive-positions/,75,"During the period from <time-start> to <time-end>, were settlements in a defensive position present or absent in the warfare practices of '<polity>'? <answer-options>."
https://seshat-db.com/api/wf/settlement-in-defensive-positions/,76,The number of settlements located in a defensive position during the period from <time-start> to <time-end> in the context of '<polity>'. <answer-options>.
https://seshat-db.com/api/wf/settlement-in-defensive-positions/,77,"In the period from <time-start> to <time-end> in the context of '<polity>', were settlements located in defensive positions described in historical records? <answer-options>."
https://seshat-db.com/api/wf/settlement-in-defensive-positions/,78,"During the period from <time-start> to <time-end>, were settlements in a defensive position, characterized by fortified walls and other defensive structures, present or absent in the warfare strategies of '<polity>'? <answer-options>."
https://seshat-db.com/api/wf/settlement-in-defensive-positions/,79,"During the period from <time-start> to <time-end>, were castle settlements in defensive positions present or absent in the region controlled by '<polity>'? <answer-options>."
https://seshat-db.com/api/wf/settlement-in-defensive-positions/,80,"During the period from <time-start> to <time-end>, were settlements located in defensive positions, present or absent, in '<polity>'? <answer-options>."
https://seshat-db.com/api/wf/settlement-in-defensive-positions/,81,Was there an increased number of settlements in a defensive position during the period from <time-start> to <time-end> in the context of '<polity>? <answer-options>.
https://seshat-db.com/api/wf/settlement-in-defensive-positions/,82,"During the period from <time-start> to <time-end>, were settlements in a defensive position present or absent as a common strategy in the warfare practices of '<polity>'? <answer-options>."
https://seshat-db.com/api/wf/settlement-in-defensive-positions/,83,"During the period from <time-start> to <time-end>, were human settlements in a defensive position significant or insignificant in the military practices of '<polity>'? <answer-options>."
https://seshat-db.com/api/wf/settlement-in-defensive-positions/,84,"During the period from <time-start> to <time-end>, were settlements located in defensive positions common among societies in '<polity>'? <answer-options>."
https://seshat-db.com/api/wf/settlement-in-defensive-positions/,85,"Was the use of settlements in a defensive position, defined as military fortifications constructed to protect against enemy attacks, present or absent in the defense strategies of '<polity>' during the period from <time-start> to <time-end>? <answer-options>."
https://seshat-db.com/api/wf/settlement-in-defensive-positions/,86,"During the period from <time-start> to <time-end>, did settlements in high elevations and well-defensible sites, often surrounded by Cyclopean fortifications, represent a prevalent military technology in Crete, characterized by the use of chainmail as armor and potentially the absence of other technologies such as the atlatl and/or ditch? <answer-options>."
https://seshat-db.com/api/wf/settlement-in-defensive-positions/,87,"During the period from <time-start> to <time-end>, were settlements in a defensive position present or absent as a common feature in the warfare practices of '<polity>' in the region described by Willetts (1965) and Lembesi (1987)? <answer-options>."
https://seshat-db.com/api/wf/settlement-in-defensive-positions/,88,"During the period from <time-start> to <time-end>, were settlements in a defensive position a common feature in the landscape of '<polity>' due to the influence of Sanders' research on the Romanization of Crete? <answer-options>."
https://seshat-db.com/api/wf/settlement-in-defensive-positions/,89,"During the period from <time-start> to <time-end>, were settlements located in defensible positions such as steep-sided coastal promontories and hill tops present or absent as a result of concerns over territoriality and resource circumscription in the Final Neolithic of '<polity>'? <answer-options>."
https://seshat-db.com/api/wf/settlement-in-defensive-positions/,90,"During the period from <time-start> to <time-end>, were settlements in a defensive position present or absent as a military strategy employed by '<polity>'? <answer-options>."
https://seshat-db.com/api/wf/settlement-in-defensive-positions/,91,"During the period from <time-start> to <time-end>, were settlements located in defensive positions or primarily in offensive positions within the territory of '<polity>'? <answer-options>."
https://seshat-db.com/api/wf/settlement-in-defensive-positions/,92,"During the period from <time-start> to <time-end>, were settlements in defensive positions a common occurrence or not in the practices of '<polity>'? <answer-options>."
https://seshat-db.com/api/wf/settlement-in-defensive-positions/,93,"During the period from <time-start> to <time-end>, were settlements located in defensive positions, such as pali or pā kauau, common among '<polity>'? <answer-options>."
https://seshat-db.com/api/wf/settlement-in-defensive-positions/,94,"During the period from <time-start> to <time-end>, were settlements located in defensive positions such as forts or enclosures built on natural or artificial fortifications, known as pali or pā kauau, present in the warfare practices of '<polity>'? <answer-options>."
https://seshat-db.com/api/wf/settlement-in-defensive-positions/,95,"During the period from <time-start> to <time-end>, were settlements in defensive positions, as described by Hommon (2013) in the ancient Hawaiian state, present or absent as a military strategy for defense against invaders? <answer-options>."
https://seshat-db.com/api/wf/settlement-in-defensive-positions/,96,"During the period from <time-start> to <time-end>, were settlements located in a defensive position such as those mentioned in the text by Low (1848), Pringe (1968) and §REF§ significantly present or absent in the warfare practices of '<polity>'? <answer-options>."
https://seshat-db.com/api/wf/settlement-in-defensive-positions/,97,"During the period from <time-start> to <time-end>, were settlements located in defensive positions, such as those found at Lundu, present or absent in the tactics of the tribe referred to by <author> in their writings about the region? <answer-options>."
https://seshat-db.com/api/wf/settlement-in-defensive-positions/,98,"During the period from <time-start> to <time-end>, were settlements located in a defensive position, characterized by fortified structures such as 'fortresses' and 'sieges', common in the military practices of '<polity>'? <answer-options>."
https://seshat-db.com/api/wf/settlement-in-defensive-positions/,99,"During the period from <time-start> to <time-end>, were settlements in a defensive position a common occurrence in the military strategies of '<polity>'? <answer-options>."
https://seshat-db.com/api/wf/settlement-in-defensive-positions/,100,"During the period from <time-start> to <time-end>, were settlements located in defensive positions due to convenience and pressures to reduce social tensions, or were other factors such as military strategy or resource availability prioritized over defense? Please note that the reference section Christie 1991, 35 should be cited when referencing this information. <answer-options>."
https://seshat-db.com/api/wf/settlement-in-defensive-positions/,101,Was there evidence of settlements in a defensive position within Majapahit during the period from <time-start> to <time-end>? <answer-options>.
https://seshat-db.com/api/wf/settlement-in-defensive-positions/,102,"The number of settlements located in a defensive position, i.e., within or close to fortified walls or natural barriers, during the period from <time-start> to <time-end> in the context of '<polity>'. Please provide the total count of such settlements."
https://seshat-db.com/api/wf/settlement-in-defensive-positions/,103,"During the period from <time-start> to <time-end>, were settlements located in a defensive position such as hilltop fortresses or converted palace compounds prevalent in '<polity>'? <answer-options>."
https://seshat-db.com/api/wf/settlement-in-defensive-positions/,104,"During the period from <time-start> to <time-end>, were settlements in a defensive position, characterized by being built on top of hills or using natural features of the landscape for defense, present or absent in the region of '<polity>? <answer-options>."
https://seshat-db.com/api/wf/settlement-in-defensive-positions/,105,"During the period from <time-start> to <time-end>, were settlements in defensive positions, such as those lacking walls and built to take advantage of natural fortifications, common or uncommon in the Galilee region? <answer-options>."
https://seshat-db.com/api/wf/settlement-in-defensive-positions/,106,"During the period from <time-start> to <time-end>, were casemate forts or administrative centers, such as the one found in Samaria, constructed by the Omrides for defensive purposes? <answer-options>."
https://seshat-db.com/api/wf/settlement-in-defensive-positions/,107,"Was it possible to find extensive traces of structural mounds within the fortification of ancient Ayodhya, as evidenced by the excavation conducted by Dilip K Chakrabarti in 2001? <answer-options>: Yes/No"
https://seshat-db.com/api/wf/settlement-in-defensive-positions/,108,"The text describes that settlement construction often took place in locations that were already strongholds and places of ritual devotion. This suggests that the focus of settlement construction was on defense rather than economic development. 
During the period from <time-start> to <time-end>, were settlements in defensive positions the primary form of urbanization in '<polity>'? <answer-options>."
https://seshat-db.com/api/wf/settlement-in-defensive-positions/,109,"Based on Jean Deloche's 'Studies on Fortification in India', were settlements placed in defensive positions at points on the landscape that were already natural strongholds and places of ritual devolution as part of long-term building and modification programs? <answer-options>."
https://seshat-db.com/api/wf/settlement-in-defensive-positions/,110,"Was it common for settlements in the Lower Deccan (Krishna-Tungabhadra River Valleys; Krishna-Tungabhadra Doab) to be located on high hilltops or on the slopes of outcrops, with some evidence for walls and other defensive features during the period from 1100 to 100 BCE in the context of the South Indian Iron Age? <answer-options>."
https://seshat-db.com/api/wf/settlement-in-defensive-positions/,111,"During the period from <time-start> to <time-end>, were settlements in a defensive position, defined as preferred settlement locations on high hilltops or on the slopes of outcrops, with some evidence for walls and other defensive features, present or absent in the lower Deccan region of '<polity>'? <answer-options>."
https://seshat-db.com/api/wf/settlement-in-defensive-positions/,112,"Was the use of settlement sites located on granitic hilltop plateaux for defensive purposes prevalent in the Neolithic period in Northern Karnataka, according to the information provided in <ref>Boivin, Landscape and Cosmology in the South Indian Neolithic: New Perspectives on the Deccan Ashmounds (2004), in Cambridge Archaeological Journal 14:2, pp. 235-257</ref>? <answer-options>Yes / No</answer-options>."
https://seshat-db.com/api/wf/settlement-in-defensive-positions/,113,"Was the presence of settlements built on granitic hill-top plateaus, as observed by N. Boivin in the Neolithic period of Northern Karnataka, primarily for defensive purposes? <answer-options>. (Note: The author does not explicitly mention defensive purposes.)"
https://seshat-db.com/api/wf/settlement-in-defensive-positions/,114,"Was the practice of building settlements on hills with castle structures as a defensive position common during the period from <time-start> to <time-end> in the region of '<polity>'? Please note that the walls of the castles could not be surrounded by a ditch, so the slopes were scarped. Reference: Konstantin S. Nossov, Indian Castles 1206-1526: The Rise and Fall of the Delhi Sultanate (Osprey Publishing, 2006). <answer-options>"
https://seshat-db.com/api/wf/settlement-in-defensive-positions/,115,"During the period from <time-start> to <time-end>, were settlements located in defensive positions such as forts, castles, or walls? Please provide a list of specific examples. <answer-options>."
https://seshat-db.com/api/wf/settlement-in-defensive-positions/,116,"During the period from <time-start> to <time-end>, was the settlement pattern in '<polity>' characterized by settlements being situated in defensive positions in valleys or depressions on the slopes of hills, with an emphasis on the availability of pure water and close proximity to streams, as described in the works of Sinha, Tarunchandra (1966), Momin, A.G. (1995), Playfair, Alan (1909)? <answer-options>."
https://seshat-db.com/api/wf/settlement-in-defensive-positions/,117,"During the period from <time-start> to <time-end>, were settlements built on flat ground in the valleys or depressions on the hillsides by the Garos, or were they predominantly built on the slopes of the hills, as described by Sinha (1966)? <answer-options>."
https://seshat-db.com/api/wf/settlement-in-defensive-positions/,118,"During the period from <time-start> to <time-end>, were settlements in defensive positions, defined as fortified locations placed at points on the landscape that already were natural strongholds and places of ritual devolution, present or absent in the administration and defense of Rajput states, such as those mentioned in Jean Deloche's studies on fortification in India? <answer-options>."
https://seshat-db.com/api/wf/settlement-in-defensive-positions/,119,"During the period from <time-start> to <time-end>, were settlements in a defensive position present or absent in the tactics employed by '<polity>' in order to protect against attacks? <answer-options>."
https://seshat-db.com/api/wf/settlement-in-defensive-positions/,120,"During the period from <time-start> to <time-end>, were settlements placed at points on the landscape that already were natural strongholds and places of ritual devolution considered as the focal point for local populations and their leaders, according to Jean Deloche's 'Studies on Fortification in India'? Did these settlements have long-term building and modification programs, which became the focus for both local populations and their leaders? Were these settlements located in areas with existing natural fortifications? <answer-options>."
https://seshat-db.com/api/wf/settlement-in-defensive-positions/,121,"During the period from <time-start> to <time-end>, were settlements placed at points on the landscape that already were natural strongholds and places of ritual devolution, as described by Jean Deloche in his study on fortification in India, the focal point for local populations and their leaders, considered a military technology or not? <answer-options>."
https://seshat-db.com/api/wf/settlement-in-defensive-positions/,122,"During the period from <time-start> to <time-end>, were settlements in defensive positions, such as Banavasi, constructed with the aim of becoming focal points for local populations and their leaders, and often located at points on the landscape that were already natural strongholds and places of ritual devolution, present or absent as a result of the long-term building and modification programs mentioned in Jean Deloche's 'Studies on Fortification in India'? <answer-options>."
https://seshat-db.com/api/wf/settlement-in-defensive-positions/,123,"During the period from <time-start> to <time-end>, did local populations and leaders in '<polity>' tend to place settlements in defensive positions, such as natural strongholds and places of ritual devolution, as noted by Smith in her study on fortification in India? <answer-options>."
https://seshat-db.com/api/wf/settlement-in-defensive-positions/,124,"During the period from <time-start> to <time-end>, were settlements located in defensive positions as a common practice among '<polity>'? <answer-options>."
https://seshat-db.com/api/wf/settlement-in-defensive-positions/,125,"The settlements in a defensive position, as described in Jean Deloche's 'Studies on Fortification in India', were often located at natural strongholds and places of ritual devotion. Did the placement of settlements in defensive positions serve as a way for local populations and leaders to control access to resources or defend against potential invaders? Answer options: [a] Yes [b] No [c] Not sure"
https://seshat-db.com/api/wf/settlement-in-defensive-positions/,126,Was there an increased number of settlements located in defensive positions during the period from <time-start> to <time-end> in the context of '<polity>? <answer-options>.
https://seshat-db.com/api/wf/settlement-in-defensive-positions/,127,The number of settlements in a defensive position during the period from <time-start> to <time-end> in the context of '<polity>'. Did the number of settlements in a defensive position increase or decrease over this time period? <answer-options>.
https://seshat-db.com/api/wf/settlement-in-defensive-positions/,128,"During the period from <time-start> to <time-end>, were castles on hills a common defensive strategy employed by '<polity>' due to their inheritance from previous polities? <answer-options>."
https://seshat-db.com/api/wf/settlement-in-defensive-positions/,129,"Based on the comment made by a book reviewer regarding fort construction, was it common for settlements to be placed in defensive positions such as natural strongholds and locations of ritual devolution, and if so, did they often utilize a combination of rivers and moats as part of their defense strategy? <answer-options>."
https://seshat-db.com/api/wf/settlement-in-defensive-positions/,130,"During the period from <time-start> to <time-end>, were settlements in defensive positions, such as those constructed with long-term building and modification programs, and often placed at points on the landscape that were natural strongholds and places of ritual devolution, prevalent among the population of '<polity>'? <answer-options>."
https://seshat-db.com/api/wf/settlement-in-defensive-positions/,131,"During the period from <time-start> to <time-end>, were settlements located in a defensive position, taking advantage of natural barriers such as rivers or mountains, present or absent as a strategy employed by '<polity>'? <answer-options>."
https://seshat-db.com/api/wf/settlement-in-defensive-positions/,132,"During the period from <time-start> to <time-end>, were settlements placed at points on the landscape that already were natural strongholds and places of ritual devotion considered important for ""<polity>""? <answer-options>."
https://seshat-db.com/api/wf/settlement-in-defensive-positions/,133,"Based on the information provided by Domingo Paes, was it common for Indian rulers to construct stone walls around settlements located at the extremities of their territories but not within them, during the period from <time-start> to <time-end> in the context of '<polity>? <answer-options>."
https://seshat-db.com/api/wf/settlement-in-defensive-positions/,134,"During the period from <time-start> to <time-end>, were settlements in a defensive position a common practice in the warfare strategies of '<polity>'? <answer-options>."
https://seshat-db.com/api/wf/settlement-in-defensive-positions/,135,"During the period from <time-start> to <time-end>, were settlements located in defensive positions, such as fortified cities or walls, common in the warfare strategies of '<polity>'? <answer-options>."
https://seshat-db.com/api/wf/settlement-in-defensive-positions/,136,"During the period from <time-start> to <time-end>, were settlements located in defensive positions in the warfare practices of '<polity>' according to the criteria outlined by Weiss (2002)? Please select one of the following options: <answer-options>."
https://seshat-db.com/api/wf/settlement-in-defensive-positions/,137,"During the period from <time-start> to <time-end>, were settlements in <polity> typically found in a defensive position, such as being walled with fortified gates or having butressing towers, according to archaeological evidence such as those at sites like Shaduppum and Tell Harmal? <answer-options>: a) Always present b) Rarely present c) Sometimes present d) Never present"
https://seshat-db.com/api/wf/settlement-in-defensive-positions/,138,"During the period from <time-start> to <time-end>, were settlements located in a defensive position, such as Dur-Kurigalzu, present or absent as a common practice among the polities of the region? <answer-options>."
https://seshat-db.com/api/wf/settlement-in-defensive-positions/,139,"Was the use of settlements in a defensive position, defined as establishing fortified locations to protect against attacks, present or absent in the military strategy of '<polity>' during the period from <time-start> to <time-end>? <answer-options>."
https://seshat-db.com/api/wf/settlement-in-defensive-positions/,140,"During the period from <time-start> to <time-end>, were settlements in a defensive position, characterized by a fortified layout, present or absent in the strategic plans of '<polity>'? <answer-options>."
https://seshat-db.com/api/wf/settlement-in-defensive-positions/,141,"During the period from <time-start> to <time-end>, were settlements in a defensive position, as described by ""<polity>"" scholars such as Tell Taja, considered effective or ineffective in protecting against attacks? <answer-options>."
https://seshat-db.com/api/wf/settlement-in-defensive-positions/,142,"During the period from <time-start> to <time-end>, were settlements in a defensive position a common occurrence or an exception in the military strategy of '<polity>'? <answer-options>."
https://seshat-db.com/api/wf/settlement-in-defensive-positions/,143,"During the period from <time-start> to <time-end>, were settlements located in a defensive position present or absent in the warfare strategies of '<polity>'? <answer-options>."
https://seshat-db.com/api/wf/settlement-in-defensive-positions/,144,"During the period from <time-start> to <time-end>, were settlements in a defensive position a common occurrence or an uncommon occurrence in the warfare practices of '<polity>'? <answer-options>."
https://seshat-db.com/api/wf/settlement-in-defensive-positions/,145,Was the prevalence of settlements located in defensive positions a prevalent feature during the period from <time-start> to <time-end> in the context of '<polity>'? <answer-options>.
https://seshat-db.com/api/wf/settlement-in-defensive-positions/,146,The number of settlements located in defensive positions within a certain area during the period from <time-start> to <time-end> in the context of '<polity>'. Please provide an estimate of the total number of settlements in defensive positions within the specified area. <answer-options>.
https://seshat-db.com/api/wf/settlement-in-defensive-positions/,147,"During the period from <time-start> to <time-end>, were settlements located in a defensive position, characterized by houses or temples situated higher than usual on top of mudbrick platforms or acropolises, common in the warfare practices of '<polity>'? <answer-options>."
https://seshat-db.com/api/wf/settlement-in-defensive-positions/,148,"During the period from <time-start> to <time-end>, were there settlements in defensive positions, such as Badigihursaga, fortified by methods like the construction of Shulgi-Nanna and Ishim-Shulgi, and surrounded by walls and other defensive structures? <answer-options>."
https://seshat-db.com/api/wf/settlement-in-defensive-positions/,149,"During the period from <time-start> to <time-end>, were settlements located at the top of rocky hills, such as Hasek Höyük and Godintepe V, considered a defensive position by the inhabitants of '<polity>'? <answer-options>."
https://seshat-db.com/api/wf/settlement-in-defensive-positions/,150,"During the period from <time-start> to <time-end>, were settlements located in a defensive position a common strategy in the military tactics of '<polity>'? <answer-options>."
https://seshat-db.com/api/wf/settlement-in-defensive-positions/,151,"During the period from <time-start> to <time-end>, were settlements in a defensive position present or absent in the military strategies of Turcomans who had risen to power in the mountains of Anatolia and protected the trading links with India along the Arabian Gulf coast? <answer-options>."
https://seshat-db.com/api/wf/settlement-in-defensive-positions/,152,"During the period from <time-start> to <time-end>, were settlements in a defensive position with fortified walls present or absent in the region of '<polity>' as a means of protection against animal or human attackers according to <reference> (Leverani 2014, 39-42)? <answer-options>."
https://seshat-db.com/api/wf/settlement-in-defensive-positions/,153,"During the period from <time-start> to <time-end>, were fortified settlements, including base camps with walls, present or absent as a defensive strategy in the ancient Near East region, particularly in the territories of Tell Areini and Tell Arad? <answer-options>."
https://seshat-db.com/api/wf/settlement-in-defensive-positions/,154,Was the presence of settlements in a defensive position common or uncommon in the warfare practices of '<polity>' during the period from <time-start> to <time-end>? <answer-options>.
https://seshat-db.com/api/wf/settlement-in-defensive-positions/,155,"During the period from <time-start> to <time-end>, were large fortresses occupied by settlements in a defensive position present or absent in the architecture of '<polity>'? <answer-options>."
https://seshat-db.com/api/wf/settlement-in-defensive-positions/,156,"During the period from <time-start> to <time-end>, were settlements positioned in a defensive manner as a military strategy in the context of '<polity>'? <answer-options>."
https://seshat-db.com/api/wf/settlement-in-defensive-positions/,157,"Was the presence of settlements with fortified walls, serving as base camps for defense against both animal and human attackers, a prevalent military technology during the period from <time-start> to <time-end> in the context of '<polity>? <answer-options>."
https://seshat-db.com/api/wf/settlement-in-defensive-positions/,158,"During the period from <time-start> to <time-end>, were settlements located in a defensive position as part of the military strategy of '<polity>'? <answer-options>."
https://seshat-db.com/api/wf/settlement-in-defensive-positions/,159,"During the period from <time-start> to <time-end>, were base camps with fortified walls present in the settlements of '<polity>', serving as defensive positions against animal or human attackers according to the reference <ref>(Leverani 2014, 39-42)? <answer-options>."
https://seshat-db.com/api/wf/settlement-in-defensive-positions/,160,"During the period from <time-start> to <time-end>, were settlements with fortified walls present in '<polity>', serving as bases for defense against animal or human attackers? <answer-options>."
https://seshat-db.com/api/wf/settlement-in-defensive-positions/,161,"During the period from <time-start> to <time-end>, were settlements in a defensive position, characterized by base camps with fortified walls, present or absent in the ancient Near Eastern region as described by <ref> Liverani, Mario. Tabatabai, Soraia trans. 2014. The Ancient Near East. History, society and economy. Routledge. London.</ref> ? <answer-options>."
https://seshat-db.com/api/wf/settlement-in-defensive-positions/,162,"During the period from <time-start> to <time-end>, were settlements with fortified walls present and serving as defensive positions against animal or human attackers in '<polity>'? <answer-options>."
https://seshat-db.com/api/wf/settlement-in-defensive-positions/,163,"During the period from <time-start> to <time-end>, were settlements in defensive positions, such as large fortresses occupying mountain spurs at strategic points and smaller forts along important lines of communication, present or absent in the fortified architectural landscape of '<polity>'? <answer-options>."
https://seshat-db.com/api/wf/settlement-in-defensive-positions/,164,"During the period from <time-start> to <time-end>, were large fortresses constructed on mountain spurs at strategic points and smaller forts built along important lines of communication a feature of the fortified architectural landscape in '<polity>'? <answer-options>."
https://seshat-db.com/api/wf/settlement-in-defensive-positions/,165,"During the period from <time-start> to <time-end>, were settlements located in defensive positions, such as on hilltops, considered a feature of the fortified architectural landscape in both Sumeria and Elam during the Late Bronze and Early Iron Age? <answer-options>."
https://seshat-db.com/api/wf/settlement-in-defensive-positions/,166,"During the period from <time-start> to <time-end>, were large fortresses built on hillspurs at strategic points, and smaller forts along important lines of communication, as part of the fortified architectural landscape in '<polity>'? <answer-options>."
https://seshat-db.com/api/wf/settlement-in-defensive-positions/,167,"During the period from <time-start> to <time-end>, was the use of settlements in a defensive position, specifically large fortresses occupying mountain spurs at strategic points and smaller forts built along important lines of communication, present or absent as a military technology in the warfare practices of '<polity>'? <answer-options>."
https://seshat-db.com/api/wf/settlement-in-defensive-positions/,168,"During the period from <time-start> to <time-end>, was the use of settlements in a defensive position, such as large fortresses on strategic mountain spurs and smaller forts along important lines of communication, a feature of the fortified architectural landscape in ancient civilizations like Sumeria and Elam, including Late Bronze and Early Iron Age periods? Please note that the term ""fortress"" refers to the type of settlement, not the specific technology used in its construction. <answer-options>."
https://seshat-db.com/api/wf/settlement-in-defensive-positions/,169,The absence or presence of settlements located in defensive positions as a military strategy during the period from <time-start> to <time-end> in the context of '<polity>'. Were such settlements present or absent in the warfare practices of '<polity>'? <answer-options>.
https://seshat-db.com/api/wf/settlement-in-defensive-positions/,170,"During the period from <time-start> to <time-end>, were settlements in a defensive position an important aspect of the warfare strategy of '<polity>'? Please note that ""defensive position"" refers to fortifications such as walls, moats, and other defensive structures built to protect a settlement or city. <answer-options>."
https://seshat-db.com/api/wf/settlement-in-defensive-positions/,171,"During the early Neolithic period (<time-start> to <time-end>) in the context of '<polity>', were settlements located in defensive positions, characterized by mudbrick architecture, prevalent or absent? <answer-options>."
https://seshat-db.com/api/wf/settlement-in-defensive-positions/,172,"During the period from <time-start> to <time-end>, were settlements in a defensive position present or absent in the urban fabric of Tehran, the capital city of Persia (Iran) as described in ""<polity>""? <answer-options>."
https://seshat-db.com/api/wf/settlement-in-defensive-positions/,173,"During the period from <time-start> to <time-end>, were settlements located in a defensive position, such as fortifications or mountain passes, prevalent in the territories of '<polity>'? <answer-options>."
https://seshat-db.com/api/wf/settlement-in-defensive-positions/,174,Was the settlement strategy of placing settlements in a defensive position prevalent during the period from <time-start> to <time-end> in the context of '<polity>'? <answer-options>.
https://seshat-db.com/api/wf/settlement-in-defensive-positions/,175,Settlements located in a defensive position were characterized by <answer-options>.
https://seshat-db.com/api/wf/settlement-in-defensive-positions/,176,"During the period from <time-start> to <time-end>, were settlements located in a defensive position a common occurrence or an exception in the practice of settlement building within '<polity>'? <answer-options>."
https://seshat-db.com/api/wf/settlement-in-defensive-positions/,177,"During the period from <time-start> to <time-end>, were cities and castles in the territories of '<polity>', enclosed by a fortified wall with a citadel, and typically located in strategic locations such as summits of mountains, present or absent as settlements in a defensive position? <answer-options>."
https://seshat-db.com/api/wf/settlement-in-defensive-positions/,178,"Was the practice of positioning settlements in defensive positions, such as on hilltops, a feature of the fortified architectural landscape in the late Bronze and Early Iron Age in NW Iran, including Elam, between <time-start> and <time-end>? Please provide your answer in the following format: <answer-options>."
https://seshat-db.com/api/wf/settlement-in-defensive-positions/,179,"During the period from <time-start> to <time-end>, were large fortresses and smaller forts built at strategic points in ""<polity>"" in accordance with the Late Bronze and Early Iron Age settlement patterns described in the text? Please note that this includes fortifications located on hills. If so, please indicate if any written records exist that support this claim. <answer-options>."
https://seshat-db.com/api/wf/settlement-in-defensive-positions/,180,"During the period from <time-start> to <time-end>, were settlements in defensive positions, featuring large fortresses on mountain spurs and smaller forts along important lines of communication, a feature of the fortified architectural landscape in the Late Bronze and Early Iron Age in '<polity>'? <answer-options>."
https://seshat-db.com/api/wf/settlement-in-defensive-positions/,181,"During the period from <time-start> to <time-end>, were settlements with fortified walls, such as base camps, present in the defensive strategies of '<polity>' in order to protect themselves from animal or human attackers? <answer-options>."
https://seshat-db.com/api/wf/settlement-in-defensive-positions/,182,"During the period from <time-start> to <time-end>, were base camps with fortified walls present in '<polity>' as a means of defending against animal or human attackers, according to Liverani's ""The Ancient Near East""? <answer-options>."
https://seshat-db.com/api/wf/settlement-in-defensive-positions/,183,"During the period from <time-start> to <time-end>, were settlements with fortified walls present in '<polity>', serving as defensive positions against both animal and human attackers, according to Mario Leverani's book ""<book-title>""? Please note that this definition includes settlements equipped with base camps and fortified walls. <answer-options>."
https://seshat-db.com/api/wf/settlement-in-defensive-positions/,184,"During the period from <time-start> to <time-end>, was the construction of settlements in defensive positions, as described in Harðar saga Grímkelssonar (chs 34ff.), prevalent among powerful chieftains and their retainers in the context of ""<polity>""? <answer-options>"
https://seshat-db.com/api/wf/settlement-in-defensive-positions/,185,"During the period from <time-start> to <time-end>, were defensive hilltop sites, defined as settlements located on elevated land, an important factor in the settlement patterns of '<polity>'? <answer-options>."
https://seshat-db.com/api/wf/settlement-in-defensive-positions/,186,Was there an increase in the number of settlements placed in a defensive position during the period from <time-start> to <time-end> in the context of '<polity>'? Please provide the following options: <answer-options>.
https://seshat-db.com/api/wf/settlement-in-defensive-positions/,187,"During the period from <time-start> to <time-end>, were settlements in a defensive position, as described by T.J. Cornell in The Beginnings of Rome (1995), p. 48, a common practice among '<polity>'? <answer-options>."
https://seshat-db.com/api/wf/settlement-in-defensive-positions/,188,"During the period from <time-start> to <time-end>, were settlements in a defensive position a common occurrence in the warfare practices of '<polity>'? <answer-options>."
https://seshat-db.com/api/wf/settlement-in-defensive-positions/,189,"During the period from <time-start> to <time-end>, were settlements located in a defensive position as a military strategy employed by '<polity>'? <answer-options>."
https://seshat-db.com/api/wf/settlement-in-defensive-positions/,190,"During the period from <time-start> to <time-end>, were settlements located in a defensive position as a military strategy employed by '<polity>'? <answer-options>."
https://seshat-db.com/api/wf/settlement-in-defensive-positions/,191,The absence or presence of settlements located in a defensive position as a military strategy during the period from <time-start> to <time-end> in the context of '<polity>'. Were settlements in such positions present or absent in the military strategies of '<polity>'? <answer-options>.
https://seshat-db.com/api/wf/settlement-in-defensive-positions/,192,"During the period from <time-start> to <time-end>, were settlements positioned in a defensive position as a strategy employed by '<polity>'? <answer-options>."
https://seshat-db.com/api/wf/settlement-in-defensive-positions/,193,"During the period from <time-start> to <time-end>, were settlements located in a defensive position prevalent or rare in the society of '<polity>'? <answer-options>."
https://seshat-db.com/api/wf/settlement-in-defensive-positions/,194,"The number of settlements in a defensive position within a specific geographic area during a particular time period.
Was the number of settlements in a defensive position within a specific geographic area during <time-start> to <time-end> in '<polity>' greater than or less than zero? <answer-options>."
https://seshat-db.com/api/wf/settlement-in-defensive-positions/,195,"During the period from <time-start> to <time-end>, were settlements located in defensive positions, such as forts or castles, present or absent in the territories controlled by '<polity>'? <answer-options>."
https://seshat-db.com/api/wf/settlement-in-defensive-positions/,196,"During the period from <time-start> to <time-end>, were military colonies, defined as settlements established for defensive purposes, present or absent in the military strategies of '<polity>'? <answer-options>."
https://seshat-db.com/api/wf/settlement-in-defensive-positions/,197,"During the period from <time-start> to <time-end>, were settlements located in defensive positions, characterized by the presence of walls, fortifications, and other defensive structures, common in '<polity>'? <answer-options>."
https://seshat-db.com/api/wf/settlement-in-defensive-positions/,198,"During the period from <time-start> to <time-end>, were army settlements built all over the Empire as a defensive strategy? Please provide a list of specific locations where these settlements were found. <answer-options>."
https://seshat-db.com/api/wf/settlement-in-defensive-positions/,199,"During the period from <time-start> to <time-end>, were settlements in a defensive position present or absent as a strategic approach in the warfare practices of '<polity>'? <answer-options>."
https://seshat-db.com/api/wf/settlement-in-defensive-positions/,200,"During the period from <time-start> to <time-end>, were settlements in a defensive position present or absent in the military practices of '<polity>'? <answer-options>."
https://seshat-db.com/api/wf/settlement-in-defensive-positions/,201,"During the period from <time-start> to <time-end>, were settlements located in defensive positions or not in '<polity>'? <answer-options>."
https://seshat-db.com/api/wf/settlement-in-defensive-positions/,202,"During the period from <time-start> to <time-end>, were watch towers built along the coast and island fortresses constructed to protect shipping present or absent as a defensive strategy in settlements of '<polity>'? <answer-options>."
https://seshat-db.com/api/wf/settlement-in-defensive-positions/,203,"During the period from <time-start> to <time-end>, were watch towers and island fortresses built in strategic defensive positions by ""<polity>"" in order to protect shipping and coastlines? Were these defenses specifically mentioned or referenced in literature as a notable aspect of warfare practices? <answer-options>."
https://seshat-db.com/api/wf/settlement-in-defensive-positions/,204,"During the period from <time-start> to <time-end>, were settlements in elevated shiro (fortified places) with wooden stockades, gates, and towers, built as part of the military strategy of '<polity>', present or absent? <answer-options>."
https://seshat-db.com/api/wf/settlement-in-defensive-positions/,205,"Was the use of settlements in a defensive position, described as isolated military outposts consisting of wooden stockades, gates, and towers connected to form a complex defensive arrangement, present or absent in the warfare practices of '<polity>' during the period from <time-start> to <time-end>? <answer-options>."
https://seshat-db.com/api/wf/settlement-in-defensive-positions/,206,"During the period from <time-start> to <time-end>, were settlements located in defensive positions, such as fortifications or high ground, a common occurrence or an exception in the warfare practices of '<polity>'? <answer-options>."
https://seshat-db.com/api/wf/settlement-in-defensive-positions/,207,"During the period from <time-start> to <time-end>, were settlements located in defensible positions such as hilltop forts and mountain castles, made of wood and typically without stone or mudbrick walls, present or absent as a part of the military strategy in '<polity>'? <answer-options>."
https://seshat-db.com/api/wf/settlement-in-defensive-positions/,208,Was there any archaeological evidence for settlements in a defensive position by the Jomon people during the period from <time-start> to <time-end> in '<polity>'? <answer-options>.
https://seshat-db.com/api/wf/settlement-in-defensive-positions/,209,"During the period from <time-start> to <time-end>, were settlements in defensive positions a prominent aspect of the Jomon society in '<polity>'? <answer-options>."
https://seshat-db.com/api/wf/settlement-in-defensive-positions/,210,"During the period from <time-start> to <time-end>, were settlements located in defensive positions present or absent in the society of '<polity>' according to available archaeological evidence? If there is no evidence, please indicate ""<no archaeological evidence>"".<answer-options>."
https://seshat-db.com/api/wf/settlement-in-defensive-positions/,211,"During the period from <time-start> to <time-end>, was there evidence of settlements in a defensive position in the warfare practices of '<polity>'? <answer-options>."
https://seshat-db.com/api/wf/settlement-in-defensive-positions/,212,"During the period from <time-start> to <time-end>, was there any archaeological evidence for settlements in a defensive position in the Jomon culture? <answer-options>."
https://seshat-db.com/api/wf/settlement-in-defensive-positions/,213,"During the period from <time-start> to <time-end>, was there any archaeological evidence of settlements being placed in defensive positions by the Jomon people in '<polity>'? Additionally, was there scholarly consensus regarding the peaceful nature of the Jomon people during this time? <answer-options>."
https://seshat-db.com/api/wf/settlement-in-defensive-positions/,214,"During the period from <time-start> to <time-end>, were settlements in a defensive position present or absent in the warfare practices of '<polity>' as described in the text? <answer-options>."
https://seshat-db.com/api/wf/settlement-in-defensive-positions/,215,"During the period from <time-start> to <time-end>, were settlements in ""<polity>"" surrounded by ditches that could have been used for defensive purposes as described in K. Mizoguchi's book ""The Archaeology of Japan""? <answer-options>."
https://seshat-db.com/api/wf/settlement-in-defensive-positions/,216,"During the period from <time-start> to <time-end>, were mountain fortresses, defined as hilltop fortresses consisting only of wooden stockades, gates, and towers, typical of remote areas in '<polity>'? <answer-options>."
https://seshat-db.com/api/wf/settlement-in-defensive-positions/,217,"During the period from <time-start> to <time-end>, were there numerous castles built in defensive positions in the military strategy of '<polity>'? <answer-options>."
https://seshat-db.com/api/wf/settlement-in-defensive-positions/,218,"During the period from <time-start> to <time-end>, were settlements in defensive positions present or absent in the domains of daimyos under the Tokugawa shogunate? <answer-options>."
https://seshat-db.com/api/wf/settlement-in-defensive-positions/,219,"During the period from <time-start> to <time-end>, were settlements surrounded by ditches that could have been used for defensive purposes as seen in the archaeology of Japan, according to Mizoguchi (2013)? <answer-options>."
https://seshat-db.com/api/wf/settlement-in-defensive-positions/,220,"During the period from <time-start> to <time-end>, were settlements in a defensive position present or absent in the territories controlled by '<polity>'? <answer-options>. Please provide a list of defensive forts mentioned below for reference."
https://seshat-db.com/api/wf/settlement-in-defensive-positions/,221,Was the practice of settlements being placed in defensive positions inferred by Kradin (2015) present in the Eastern Turk Khaganate during the period from <time-start> to <time-end> in the context of '<polity>'? <answer-options>.
https://seshat-db.com/api/wf/settlement-in-defensive-positions/,222,"During the period from <time-start> to <time-end>, were defensive settlements equipped with moats as a military technology in the warfare practices of '<polity>'? <answer-options>."
https://seshat-db.com/api/wf/settlement-in-defensive-positions/,223,"During the period from <time-start> to <time-end>, was the use of ditches as a military technology present or absent in the warfare practices of '<polity>' in order to conserve and reticulate water for the increasing population in settled areas? Please note that the presence of ditches as a military technology does not necessarily mean it was used as a defensive position, it may have also been used for other purposes. Only one option can be chosen: [Present] or [Absent]."
https://seshat-db.com/api/wf/settlement-in-defensive-positions/,224,"During the Late Angkor period, were settlements in a defensive position, characterized by circular moats around them and the use of magical amulets and rituals, present as a military strategy to resist external threats such as those from Champa and the Cham kingdom? <answer-options>."
https://seshat-db.com/api/wf/settlement-in-defensive-positions/,225,"During the period from <time-start> to <time-end>, were there any significant changes in the military technology and tactics used by the inhabitants of Lovek (Longvek) and Udong, as described in the passage by Coe (2003)? Were there any advancements in the use of firearms and cannon, or in the organization and structure of the royal army? Did the use of war elephants play a significant role in their military campaigns? <answer-options>."
https://seshat-db.com/api/wf/settlement-in-defensive-positions/,226,"During the period from <time-start> to <time-end>, were settlements located in a defensive position, such as those found in Prei Khmeng and Ak Yum, characterized by irrigation systems and specialized agricultural techniques associated with a fan-shaped area of rice fields, prevalent in '<polity>'? <answer-options>."
https://seshat-db.com/api/wf/settlement-in-defensive-positions/,227,"Was the absence or presence of settlements in a defensive position, characterized by the construction of banks to control and retain water, as a significant factor in the military strategy of Funan, an ancient kingdom located in the Mun River Valley in Thailand, during the period from <time-start> to <time-end>? <answer-options>."
https://seshat-db.com/api/wf/settlement-in-defensive-positions/,228,"Was the use of settlements in a defensive position, characterized by a fortified town surrounded by moats and defenses, present or absent in the early South-east Asian trading states during the period from <time-start> to <time-end> in the context of '<polity>? <answer-options>."
https://seshat-db.com/api/wf/settlement-in-defensive-positions/,229,"During the period from <time-start> to <time-end>, were settlements located in a defensive position as a common practice in the society of '<polity>'? Please note that this question is focused specifically on the geographical arrangement of settlements rather than their military capabilities. <answer-options>."
https://seshat-db.com/api/wf/settlement-in-defensive-positions/,230,"During the period from <time-start> to <time-end>, were settlements located in defensive positions a common practice in the warfare strategies of '<polity>'? <answer-options>."
https://seshat-db.com/api/wf/settlement-in-defensive-positions/,231,"During the period from <time-start> to <time-end>, were settlements in a defensive position present or absent in the territorial defense strategies of '<polity>'? <answer-options>."
https://seshat-db.com/api/wf/settlement-in-defensive-positions/,232,"During the period from <time-start> to <time-end> in the context of '<polity>', was the use of settlements located in strategic defensive positions, such as high ground or choke points, a common practice among pre-colonial African warfare groups? <answer-options>."
https://seshat-db.com/api/wf/settlement-in-defensive-positions/,233,"During the period from <time-start> to <time-end>, were there any settlements located in defensive positions around '<polity>' due to the lack of external threats to Jenne-jeno, according to Reader 1998? <answer-options>."
https://seshat-db.com/api/wf/settlement-in-defensive-positions/,234,"Based on the available evidence, was there any evidence of external threats to Jenne-jeno during the period from <time-start> to <time-end> that would have prompted the construction of settlements in defensive positions? <answer-options>."
https://seshat-db.com/api/wf/settlement-in-defensive-positions/,235,"During the period from <time-start> to <time-end>, were settlements in a defensive position present or absent as a military technology in the town of Jenne-Jeno in ancient Ghana? <answer-options>."
https://seshat-db.com/api/wf/settlement-in-defensive-positions/,236,"Based on the provided information, was the construction of the wall around Jenne-jeno primarily intended for defensive purposes against external threats or for controlling access to the marketplace and trade? <answer-options>: external threats, marketplace and trade"
https://seshat-db.com/api/wf/settlement-in-defensive-positions/,237,"During the period from <time-start> to <time-end>, were settlements in a defensive position a common occurrence or an exception in the warfare practices of '<polity>'? <answer-options>."
https://seshat-db.com/api/wf/settlement-in-defensive-positions/,238,"Was the practice of settlements being strategically located in defensive positions present during the period from <time-start> to <time-end> in the warfare of '<polity>' as referred to by Robert Sydney Smith in his book ""Warfare &amp; Diplomacy in Pre-colonial West Africa""? <answer-options>."
https://seshat-db.com/api/wf/settlement-in-defensive-positions/,239,"During the period from <time-start> to <time-end>, were defensive settlements such as the one in Djenné (built on an island and protected by a wall with 11 doors) common in the warfare practices of '<polity>? <answer-options>."
https://seshat-db.com/api/wf/settlement-in-defensive-positions/,240,"During the period from <time-start> to <time-end>, were settlements in defensive positions a common strategy employed by '<polity>'? <answer-options>."
https://seshat-db.com/api/wf/settlement-in-defensive-positions/,241,"During the period from <time-start> to <time-end>, were settlements in a defensive position, characterized by massive stone walls positioned on the side of a steep hill, common in the warfare practices of '<polity>'? <answer-options>."
https://seshat-db.com/api/wf/settlement-in-defensive-positions/,242,"During the period from <time-start> to <time-end>, were settlements located in a defensive position or were they more strategically placed for offense in the practices of '<polity>'? <answer-options>."
https://seshat-db.com/api/wf/settlement-in-defensive-positions/,243,"The number of settlements located in a defensive position within a certain geographical area, such as a fortress or castle walls, during the period from <time-start> to <time-end>. How many settlements were found in this position in '<polity>'? Please provide an exact count. <answer-options>."
https://seshat-db.com/api/wf/settlement-in-defensive-positions/,244,"During the period from <time-start> to <time-end>, were settlements in a defensive position present or absent in the military strategy of '<polity>'? Please provide specific examples and details to support your answer. <answer-options>."
https://seshat-db.com/api/wf/settlement-in-defensive-positions/,245,"During the period from <time-start> to <time-end>, were settlements positioned in a defensive configuration, meaning they were situated in ways that could hinder potential attackers and provide cover for defenders, present or absent in the defense strategies of '<polity>'? <answer-options>."
https://seshat-db.com/api/wf/settlement-in-defensive-positions/,246,"During the period from <time-start> to <time-end>, were settlements located in defensive positions present or absent in the territorial strategies of '<polity>'? <answer-options>."
https://seshat-db.com/api/wf/settlement-in-defensive-positions/,247,"During the period from <time-start> to <time-end>, were settlements located in defensive positions, as described by Kradin (2015, personal communication)? Please provide a list of all settlements mentioned in Kradin's work and indicate whether they were located in defensive positions or not. <answer-options>."
https://seshat-db.com/api/wf/settlement-in-defensive-positions/,248,Settlements in a defensive position were present or absent as a military strategy during the period from <time-start> to <time-end> in the context of '<polity>? <answer-options>.
https://seshat-db.com/api/wf/settlement-in-defensive-positions/,249,"The number of settlements located in defensive positions within the territories controlled by '<polity>' between <time-start> and <time-end>. Please provide a count of each settlement type, including fortifications and outposts. <answer-options>."
https://seshat-db.com/api/wf/settlement-in-defensive-positions/,250,"During the period from <time-start> to <time-end>, were settlements located in a defensive position, such as fortified cities or hillforts, common among the inhabitants of '<polity>'? <answer-options>."
https://seshat-db.com/api/wf/settlement-in-defensive-positions/,251,"During the period from <time-start> to <time-end>, were settlements located in defensive positions common practice in '<polity>'? <answer-options>."
https://seshat-db.com/api/wf/settlement-in-defensive-positions/,252,Was the presence of settlements in a defensive position a common strategy among '<polity>' during the period from <time-start> to <time-end>? <answer-options>.
https://seshat-db.com/api/wf/settlement-in-defensive-positions/,253,What were the types of settlements found in defensive positions during the period from <time-start> to <time-end> in the context of '<polity>'? Please provide a list of all settlement types found in defensive positions within this timeframe in '<polity>'. <answer-options>.
https://seshat-db.com/api/wf/settlement-in-defensive-positions/,254,"During the period from <time-start> to <time-end>, were settlements in a defensive position, built on a plain with a ring of hills protecting access routes, present in the warfare practices of '<polity>? <answer-options>."
https://seshat-db.com/api/wf/settlement-in-defensive-positions/,255,"During the period from <time-start> to <time-end>, were settlements built on a plain, surrounded by a belt of hills that served as a defensive position, present in the warfare practices of '<polity>? <answer-options>."
https://seshat-db.com/api/wf/settlement-in-defensive-positions/,256,"During the period from <time-start> to <time-end>, was Monte Albán and other settlements located on hilltops, as defined as built on a hill 400m above the valley floor and situated in a defensive position, a common strategy among societies in the region of '<polity>'? <answer-options>."
https://seshat-db.com/api/wf/settlement-in-defensive-positions/,257,"During the period from <time-start> to <time-end>, were settlements located in defensive positions such as hilltops, present or absent in the warfare practices of '<polity>'? <answer-options>."
https://seshat-db.com/api/wf/settlement-in-defensive-positions/,258,"During the period from <time-start> to <time-end>, were settlements located in defensive positions, such as hilltops, common in the warfare strategies of '<polity>'? <answer-options>."
https://seshat-db.com/api/wf/settlement-in-defensive-positions/,259,"During the period from <time-start> to <time-end>, were settlements that adopted a defensive position, such as being built on hilltops like Monte Albán, common in the military strategies of '<polity>'? <answer-options>."
https://seshat-db.com/api/wf/settlement-in-defensive-positions/,260,"During the period from <time-start> to <time-end>, were settlements in defensive positions, such as those found in Monte Albán, located or not in the region of '<polity>'? <answer-options>."
https://seshat-db.com/api/wf/settlement-in-defensive-positions/,261,"During the period from <time-start> to <time-end>, were settlements in defensive positions, such as hilltops, common in the territories of '<polity>'? <answer-options>."
https://seshat-db.com/api/wf/settlement-in-defensive-positions/,262,"During the period from <time-start> to <time-end>, did settlements in Mexico, specifically those of the Aztecs, Tlaxcalans, Huexotlas, and Texcocos, exhibit a tendency towards the formation of fortified positions or otherwise display evidence of military technology such as walls or elevated enclosures as a defense mechanism? <answer-options>."
https://seshat-db.com/api/wf/settlement-in-defensive-positions/,263,"During the period from <time-start> to <time-end>, were settlements located in a defensive position, such as Tlapacoya/Ayotla on Xico island, a common feature among societies in the Basin of Mexico? <answer-options>."
https://seshat-db.com/api/wf/settlement-in-defensive-positions/,264,"Variable name: Settlements_in_a_defensive_position
Variable description: The presence or absence of settlements located in defensive positions such as hilltop sites, island sites, or hill-slope nucleated sites.

During the period from <time-start> to <time-end> in the context of '<polity>', were settlements located in defensive positions such as hilltop sites, island sites, or hill-slope nucleated sites present or absent as a result of human settlement practices? <answer-options>."
https://seshat-db.com/api/wf/settlement-in-defensive-positions/,265,"During the period from <time-start> to <time-end>, were settlements in defensive positions such as Tlapacoya/Ayotla located on Xico island, which were characterized by ranked societies, iconographic complexity, and economic wealth, present or absent as a common practice in the warfare strategies of '<polity>'? <answer-options>."
https://seshat-db.com/api/wf/settlement-in-defensive-positions/,266,"During the period from <time-start> to <time-end>, were hilltop sites, island sites, or hill-slope nucleated sites considered as settlements in a defensive position in '<polity>'? Please select all applicable options: <answer-options>."
https://seshat-db.com/api/wf/settlement-in-defensive-positions/,267,"During the period from <time-start> to <time-end>, were settlements in the rest of Mesoamerica located in defensive positions, as evidenced by the lack of perimeter walls and defensive settings observed in urban centres such as those of the Aztecs, in the warfare practices of '<polity>? <answer-options>."
https://seshat-db.com/api/wf/settlement-in-defensive-positions/,268,"During the period from <time-start> to <time-end>, were settlements in defensive positions, primarily situated in fertile agricultural land but also located on hilltops, present or absent in the settlement patterns of '<polity>'? <answer-options>."
https://seshat-db.com/api/wf/settlement-in-defensive-positions/,269,Was the majority of settlements located in fertile arable land during the period from <time-start> to <time-end> in the area of '<polity>'? <answer-options>.
https://seshat-db.com/api/wf/settlement-in-defensive-positions/,270,"During the period from <time-start> to <time-end>, were the majority of settlements located in fertile arable land, as described in the work of Marcus and Flannery (1996) and Flannery and Marcus (1983)? <answer-options>."
https://seshat-db.com/api/wf/settlement-in-defensive-positions/,271,"Was the settlement of powerful chieftains and their retainers located in defensive positions, as described in the text? <answer-options> Yes, the settlement was located in defensive positions. No, the settlement was not located in defensive positions. </answer-options>"
https://seshat-db.com/api/wf/settlement-in-defensive-positions/,272,"During the period from <time-start> to <time-end>, were settlements with Qotakalli pottery present in areas close to small streams in the main valley of '<polity>', and interpreted as indicating an inferred presence of settlements in a defensive position? <answer-options>."
https://seshat-db.com/api/wf/settlement-in-defensive-positions/,273,"During the period from <time-start> to <time-end>, were settlements in a defensive position present or inferred as present based on the continuity between 200-400 and 400-500CE, which are considered the same period by Bauer, according to Covey's interpretation of Qotakalli pottery and settlement locations in the Sacred Valley and its surrounding areas? <answer-options>."
https://seshat-db.com/api/wf/settlement-in-defensive-positions/,274,"During the period from <time-start> to <time-end>, were settlements in defensive positions characterized by their small size, natural defenses, and proximity to streams present or absent among '<polity>'? <answer-options>."
https://seshat-db.com/api/wf/settlement-in-defensive-positions/,275,"During the period from <time-start> to <time-end>, were settlements in a defensive position, characterized by their unfortified nature and placement in open positions, present in the warfare practices of '<polity>'? <answer-options>."
https://seshat-db.com/api/wf/settlement-in-defensive-positions/,276,"During the Late Intermediate Period, were settlements located in defensive positions within the immediate Cuzco Valley, such as Tipón, considered a rarity compared to those occurring atop low ridges or on intermediate slopes at no great distance above the valley floor, as reported by Dwyer (1971)? <answer-options>."
https://seshat-db.com/api/wf/settlement-in-defensive-positions/,277,"Was the practice of establishing settlements in defensive positions, such as hilltops, knolls, promontories, and the ends of ridges, prevalent during the time period <time-start> to <time-end> in the region of '<polity>'? <answer-options>."
https://seshat-db.com/api/wf/settlement-in-defensive-positions/,278,"During the period from <time-start> to <time-end>, were settlements in a defensive position, defined as fortified structures located on hilltops or at the crest of steep slopes, commonly utilized as a means of repelling frontal attacks by shock troops in Andean warfare? <answer-options>."
https://seshat-db.com/api/wf/settlement-in-defensive-positions/,279,"During the time period from <time-start> to <time-end>, were settlements located on the summit and slopes of Cerro Baúl and Cerro Mejía, which were adjacent mountains, considered to be in a defensive position within the Wari civilization in Moquegua? <answer-options>."
https://seshat-db.com/api/wf/settlement-in-defensive-positions/,280,"During the period from <time-start> to <time-end>, were settlements located in defensive positions on hilltops or other elevated areas present or absent in the warfare strategies of '<polity>'? <answer-options>."
https://seshat-db.com/api/wf/settlement-in-defensive-positions/,281,"During the period from <time-start> to <time-end>, were settlements in a defensive position, characterized by being built on hill-tops for defense, present or absent in the village layouts of '<polity>'? <answer-options>."
https://seshat-db.com/api/wf/settlement-in-defensive-positions/,282,"Based on the provided information, was there a lack of evidence of significant warfare in the settlements during the period from <time-start> to <time-end> in the context of '<polity>'? <answer-options>."
https://seshat-db.com/api/wf/settlement-in-defensive-positions/,283,"During the period from <time-start> to <time-end>, were there significant settlements in a defensive position present in the territorial possessions of '<polity>'? <answer-options>."
https://seshat-db.com/api/wf/settlement-in-defensive-positions/,284,"Based on the provided information, it can be inferred that settlements in a defensive position were absent or not present in the warfare practices of '<polity>' during the period from <time-start> to <time-end>. This inference is made due to the lack of evidence of significant warfare.
Answer options:

  * Absent
  * Present"
https://seshat-db.com/api/wf/settlement-in-defensive-positions/,285,"During the period from <time-start> to <time-end>, were settlements located in a defensive position as a strategy employed by '<polity>'? <answer-options>."
https://seshat-db.com/api/wf/settlement-in-defensive-positions/,286,"During the period from <time-start> to <time-end>, were settlements inferred to be in a defensive position based on the lack of evidence for warfare in the practices of '<polity>'? <answer-options>."
https://seshat-db.com/api/wf/settlement-in-defensive-positions/,287,"During the period from <time-start> to <time-end>, were settlements in a defensive position inferred absent from lack of evidence of significant warfare in the area controlled by '<polity>'? <answer-options>."
https://seshat-db.com/api/wf/settlement-in-defensive-positions/,288,"During the period from <time-start> to <time-end>, were settlements located in a defensive position in '<polity>'? <answer-options>."
https://seshat-db.com/api/wf/settlement-in-defensive-positions/,289,"During the period from <time-start> to <time-end>, were settlements in defensive positions a common practice in the military strategy of '<polity>'? <answer-options>."
https://seshat-db.com/api/wf/settlement-in-defensive-positions/,290,"In the 15th century, did each lord of the Delhi Sultanate need to fortify their provinces with numerous castles due to the decline of the Delhi Sultanate? <answer-options>: Yes, No."
https://seshat-db.com/api/wf/settlement-in-defensive-positions/,291,"During the period from <time-start> to <time-end>, were settlements located in a defensive position, characterized by most housing being temporary and part of the nomadic pastoralist lifestyle, prevalent among the people of '<polity>'? <answer-options>."
https://seshat-db.com/api/wf/settlement-in-defensive-positions/,292,"During the period from <time-start> to <time-end>, were settlements in a defensive position present or absent in the region surrounding the Lena River valley, which had been influenced by the Russian colonization efforts and potential subjugation in 1642? Please provide options as follows: inferred present, absent."
https://seshat-db.com/api/wf/settlement-in-defensive-positions/,293,"During the period from <time-start> to <time-end>, were settlements located in a defensive position prevalent in the warfare strategies of '<polity>'? Please note that the accuracy of this statement requires expert verification. <answer-options>."
https://seshat-db.com/api/wf/settlement-in-defensive-positions/,294,"During the period from <time-start> to <time-end>, were settlements in a defensive position a common practice among the inhabitants of '<polity>'? <answer-options>."
https://seshat-db.com/api/wf/settlement-in-defensive-positions/,295,"During the period from <time-start> to <time-end>, were settlements in a defensive position, characterized by their strategic location at the confluence of three big rivers and forming an island, present or absent in the polity of '<polity>'? <answer-options>."
https://seshat-db.com/api/wf/settlement-in-defensive-positions/,296,"During the period from <time-start> to <time-end>, were settlements located in a defensive position, such as an island created by a closing a river with a canal, a common strategy among the kingdom of '<polity>'? <answer-options>."
https://seshat-db.com/api/wf/settlement-in-defensive-positions/,297,"During the period from <time-start> to <time-end>, were settlements in a defensive position a common strategy employed by '<polity>' in their military tactics? <answer-options>."
https://seshat-db.com/api/wf/settlement-in-defensive-positions/,298,"During the period from <time-start> to <time-end>, were settlements located in defensive positions, characterized by natural barriers such as mountains or rivers, present or absent in the landscape of '<polity>'? <answer-options>."
https://seshat-db.com/api/wf/settlement-in-defensive-positions/,299,"During the period from <time-start> to <time-end>, did settlements in defensive positions experience dramatic changes leading to the end of the Early Bronze Age II period in Anatolia? What factors, if any, contributed to these changes? Please provide specific examples. <answer-options>."
https://seshat-db.com/api/wf/settlement-in-defensive-positions/,300,"During the period from <time-start> to <time-end>, were settlements in a defensive position built with a fortification system arrangement that included a town gate built in an earthen wall, flanked by two bipartite quadrangular towers, and remained unchanged throughout the imperial Hittite and Neo-Hittite periods? <answer-options>."
https://seshat-db.com/api/wf/settlement-in-defensive-positions/,301,"Based on the information provided, it appears that the settlement in question was located in an area prone to defensive warfare. Using the variable Settlements_in_a_defensive_position, could you please determine whether this settlement was present or absent during the Imperial Hittite and Neo-Hittite periods? <answer-options>."
https://seshat-db.com/api/wf/settlement-in-defensive-positions/,302,"During the period from <time-start> to <time-end>, were settlements such as castella in Asia Minor used to defend strategically important points present or absent as a defensive technology in the warfare practices of '<polity>'? <answer-options>."
https://seshat-db.com/api/wf/settlement-in-defensive-positions/,303,"Was the use of settlements in a defensive position, such as castella in Asia Minor used to defend strategically important points, prevalent in the warfare strategies of '<polity>' between <time-start> and <time-end>? <answer-options>."
https://seshat-db.com/api/wf/settlement-in-defensive-positions/,304,"Was the settlement strategy of castella, used to defend strategically important points, prevalent during the period from <time-start> to <time-end> in the context of '<polity>'? <answer-options>."
https://seshat-db.com/api/wf/settlement-in-defensive-positions/,305,"During the period from <time-start> to <time-end>, were settlements located in a defensive position present or absent in the warfare practices of '<polity>'? <answer-options>."
https://seshat-db.com/api/wf/settlement-in-defensive-positions/,306,"During the period from <time-start> to <time-end>, were settlements in defensive positions, featuring fortified walls, present or absent in the region of '<polity>'? <answer-options>."
https://seshat-db.com/api/wf/settlement-in-defensive-positions/,307,"During the period from <time-start> to <time-end>, were settlements in defensive positions such as Mersin-Yumuktepe present or absent in the region of Ancient Anatolia described in ""<polity>""? <answer-options>."
https://seshat-db.com/api/wf/settlement-in-defensive-positions/,308,The presence or absence of settlements in a defensive position as a military strategy during the period from <time-start> to <time-end> in the context of '<polity>'. Did these settlements serve as fortifications or were they abandoned due to lack of resources? <answer-options>.
https://seshat-db.com/api/wf/settlement-in-defensive-positions/,309,"Based on the given description, it can be inferred that the presence of settlements in a defensive position was a prominent feature of Hittite and Neo-Hittite periods in eastern Anatolia. Therefore, the question is:

During the period from <time-start> to <time-end>, were settlements in a defensive position present or absent in the warfare practices of '<polity>'? <answer-options>."
https://seshat-db.com/api/wf/settlement-in-defensive-positions/,310,"During the period from <time-start> to <time-end>, were settlements in defensive positions arranged according to the fortification system described in Marcella Frangipane's study of Arslantepe-Malatya, located in eastern Anatolia, as a military technology in the warfare practices of '<polity>? <answer-options>."
https://seshat-db.com/api/wf/settlement-in-defensive-positions/,311,"During the period from <time-start> to <time-end>, were citadels, defined as fortified settlements that served as defensive structures, present or absent as a military technology in the warfare practices of '<polity>'? <answer-options>."
https://seshat-db.com/api/wf/settlement-in-defensive-positions/,312,"During the period from <time-start> to <time-end>, were settlements located in a defensive position as a result of a specific factor? <answer-options>."
https://seshat-db.com/api/wf/settlement-in-defensive-positions/,313,"During the period from <time-start> to <time-end>, were settlements in defensive positions, featuring base camps with fortified walls, present or absent in the Near Eastern region? <answer-options>."
https://seshat-db.com/api/wf/settlement-in-defensive-positions/,314,"During the period from <time-start> to <time-end>, were there any settlements found in defensive positions in '<polity>' that did not exhibit the typical characteristics associated with early civilizations, such as Göbekli Tepe, as indicated by the absence of the variable ""Settlements_in_a_defensive_position""? <answer-options>."
https://seshat-db.com/api/wf/settlement-in-defensive-positions/,315,"Was the practice of establishing settlements in defensive positions, characterized by the presence of fortified walls to protect against both animal and human attacks, prevalent during the period from <time-start> to <time-end> in the region of '<polity>'? <answer-options>."
https://seshat-db.com/api/wf/settlement-in-defensive-positions/,316,"During the period from <time-start> to <time-end>, were settlements in a defensive position, characterized by a fortified city gate flanked by two bipartite quadrangular towers, present or absent in the defense systems of '<polity>'? <answer-options>."
https://seshat-db.com/api/wf/settlement-in-defensive-positions/,317,"During the period from <time-start> to <time-end>, were settlements located in defensive positions, as discussed by Johannes Preiser-Kapeller in his personal communication with the Institute for Medieval Research, Division of Byzantine Research of the Austrian Academy of Sciences, a common practice among medieval societies? <answer-options>."
https://seshat-db.com/api/wf/settlement-in-defensive-positions/,318,"During the period from <time-start> to <time-end>, were settlements in a defensive position present or absent as a strategy used by '<polity>'? Please provide specific examples of the defensive positions employed. <answer-options>."
https://seshat-db.com/api/wf/settlement-in-defensive-positions/,319,"During the period from <time-start> to <time-end>, were settlements in defensive positions present or absent in the warfare strategies of '<polity>'? Please note that we are looking for the presence or absence of settlements in strategic locations that serve as protection against enemy attacks. Please also consider the types of settlements such as hillforts, ringforts, or walled cities. <answer-options>."
https://seshat-db.com/api/wf/settlement-in-defensive-positions/,320,"During the period from <time-start> to <time-end>, were settlements in a defensive position present or absent as a strategy employed by the military of '<polity>'? <answer-options>."
https://seshat-db.com/api/wf/settlement-in-defensive-positions/,321,"During the period from <time-start> to <time-end>, were settlements in a defensive position, such as those found at Gordion, common in the ancient civilization of '<polity>'? <answer-options>."
https://seshat-db.com/api/wf/settlement-in-defensive-positions/,322,"During the period from <time-start> to <time-end>, were settlements built in defensive positions by the Roman army as described in Le Bohec (1989), Erdkamp (2011), Haensch (2012)? <answer-options>."
https://seshat-db.com/api/wf/settlement-in-defensive-positions/,323,"The number of settlements in a defensive position during the period from <time-start> to <time-end> in the context of '<polity>'. Please note that this question is about the number of settlements, not the quality or effectiveness of their defenses. <answer-options>."
https://seshat-db.com/api/wf/settlement-in-defensive-positions/,324,"During the period from <time-start> to <time-end>, were settlements in a defensive position, as described by Lori Khatchadourian in her article “The Iron Age in Eastern Anatolia” (2011), present or absent in the defensive strategies of Urartu? <answer-options>."
https://seshat-db.com/api/wf/settlement-in-defensive-positions/,325,"During the period from <time-start> to <time-end>, were fortified enclaves such as those found at Aztalan in southeastern Wisconsin present or absent as a defensive strategy in the settlements of '<polity>'? <answer-options>."
https://seshat-db.com/api/wf/settlement-in-defensive-positions/,326,"During the period from <time-start> to <time-end>, were settlements primarily located for access to water and arable land considered a defensive position by the people of '<polity>'? <answer-options>."
https://seshat-db.com/api/wf/settlement-in-defensive-positions/,327,Was the construction of larger villages as a primary defensive strategy present or absent during the period from <time-start> to <time-end> in the settlements of '<polity>'? <answer-options>.
https://seshat-db.com/api/wf/settlement-in-defensive-positions/,328,"During the period from <time-start> to <time-end>, were settlements in defensive positions, characterized by elevated terraces near water sources and secure by log palisades, present or absent in the village planning of '<polity>'? <answer-options>."
https://seshat-db.com/api/wf/settlement-in-defensive-positions/,329,"During the period from <time-start> to <time-end>, were settlements in defensive positions, such as those built on elevated terraces near streams or lakes and secured by log palisades, a common practice in the warfare of '<polity>'? <answer-options>."
https://seshat-db.com/api/wf/settlement-in-defensive-positions/,330,"During the period from <time-start> to <time-end>, were settlements in a defensive position characterized by the presence of defensive measures such as ravines, artificial earthworks, multiple palisades, watchtowers, and the placement of houses within a palisade motivated by defensive considerations? <answer-options>."
https://seshat-db.com/api/wf/settlement-in-defensive-positions/,331,"During the period from <time-start> to <time-end>, were defensive settlements such as pali and pā kauau (fortresses made of cliffs or war enclosures) more prevalent or less prevalent in the defense strategies of '<polity>'? <answer-options>."
https://seshat-db.com/api/wf/settlement-in-defensive-positions/,332,"During the period from <time-start> to <time-end>, were settlements primarily located for access to water and arable land as a defensive strategy employed by '<polity>'? <answer-options>."
https://seshat-db.com/api/wf/settlement-in-defensive-positions/,333,"During the period from <time-start> to <time-end>, were settlements primarily located for access to water and arable land in the defensive positions of '<polity>'? <answer-options>."
https://seshat-db.com/api/wf/settlement-in-defensive-positions/,334,"During the period from <time-start> to <time-end>, were settlements primarily located for access to water and arable land, as defined by Peregrine in their 2014 communication, present or absent in the defensive practices of '<polity>'? <answer-options>."
https://seshat-db.com/api/wf/settlement-in-defensive-positions/,335,"During the period from <time-start> to <time-end>, were settlements primarily located for access to water and arable land in the defense strategies of '<polity>'? <answer-options>."
https://seshat-db.com/api/wf/settlement-in-defensive-positions/,336,"During the period from <time-start> to <time-end>, were settlements primarily located for access to water and arable land present or absent in the defensive positioning strategies of '<polity>'? <answer-options>."
https://seshat-db.com/api/wf/settlement-in-defensive-positions/,337,"During the period from <time-start> to <time-end>, were settlements primarily located for access to water and arable land present or absent in the defensive positions of '<polity>'? <answer-options>."
https://seshat-db.com/api/wf/settlement-in-defensive-positions/,338,In what region were settlements primarily located for access to water and arable land during the period from <time-start> to <time-end>? Please indicate whether this practice was common or rare in the settlement patterns of '<polity>'. <answer-options>.
https://seshat-db.com/api/wf/settlement-in-defensive-positions/,339,"During the period from <time-start> to <time-end>, were settlements primarily located for access to water and arable land present or absent as a defensive position in the warfare practices of '<polity>'? <answer-options>."
https://seshat-db.com/api/wf/settlement-in-defensive-positions/,340,"During the period from <time-start> to <time-end>, were settlements located on steep, defensible bluff crests, such as those found at Sleeth and C.W. Cooper in ""<polity>"", considered a defensive strategy? <answer-options>."
https://seshat-db.com/api/wf/settlement-in-defensive-positions/,341,Was the settlement of Almaliq made the capital city due to its strategic position within the Chagatai Khanate's defensive network during the period from <time-start> to <time-end>? <answer-options>.
https://seshat-db.com/api/wf/settlement-in-defensive-positions/,342,"During the period from <time-start> to <time-end>, were settlements located in a defensive position present or absent in the military strategies of '<polity>'? <answer-options>."
https://seshat-db.com/api/wf/settlement-in-defensive-positions/,343,"During the period from <time-start> to <time-end>, were settlements located in a defensive position present or absent in the military strategy of '<polity>'? <answer-options>."
https://seshat-db.com/api/wf/settlement-in-defensive-positions/,344,"During the period from <time-start> to <time-end>, were settlements in a defensive position a common occurrence or not in the warfare practices of '<polity>'? Please provide your answer in terms of a percentage of total settlements located in a defensive position within the specified timeframe. <answer-options>."
https://seshat-db.com/api/wf/settlement-in-defensive-positions/,345,Was it common for settlements in a defensive position to have walls and fortifications during the period from <time-start> to <time-end> in '<polity>'? <answer-options>.
https://seshat-db.com/api/wf/settlement-in-defensive-positions/,346,"During the period from <time-start> to <time-end>, were settlements located in a defensive position, such as hilltops or along rivers, prevalent or uncommon in the societies of '<polity>'? <answer-options>."
https://seshat-db.com/api/wf/settlement-in-defensive-positions/,347,"During the period from <time-start> to <time-end>, were settlements located in a defensive position present or absent as a strategic practice in the warfare of '<polity>'? <answer-options>."
https://seshat-db.com/api/wf/settlement-in-defensive-positions/,348,"During the period from <time-start> to <time-end>, did the design of city defenses in '<polity>' take into account natural geographic considerations, such as hills, rivers, or cliffs? If so, please indicate which natural features were utilized in the design of defenses. <answer-options>."
https://seshat-db.com/api/wf/settlement-in-defensive-positions/,349,"During the period from <time-start> to <time-end>, were settlements located in defensive positions, such as fortified walls or hilltops, common among the people of '<polity>'? <answer-options>."
https://seshat-db.com/api/wf/settlement-in-defensive-positions/,350,"During the period from <time-start> to <time-end>, were settlements in a defensive position present or absent in the warfare practices of '<polity>'? <answer-options>."
https://seshat-db.com/api/wf/settlement-in-defensive-positions/,351,"Was the practice of settlements in defensive positions, specifically in Sana'a and Marib to protect the two trade routes, present during the period from <time-start> to <time-end> in the context of '<polity>? <answer-options>."
https://seshat-db.com/api/wf/settlement-in-defensive-positions/,352,"During the period from <time-start> to <time-end>, were settlements positioned in a defensive manner, characterized by walls, forts, and other fortifications, common in many cultures around the world? Please indicate if this practice was present or absent in the defense strategy of '<polity>'. <answer-options>."
https://seshat-db.com/api/wf/settlement-in-defensive-positions/,353,"Was the strategic fortress built on the hilltop in the Tihamah region, owned by the Ahmar family and subsequently razed and rebuilt by other factions, ever present as a military technology in the settlements of rural fortresses in Yemen? <answer-options>."
https://seshat-db.com/api/wf/settlement-in-defensive-positions/,354,The number of settlements in a defensive position during the period from <time-start> to <time-end> in the context of '<polity>'. Please note that the definition of 'defensive position' is not provided. Please provide additional information if necessary. <answer-options>.
https://seshat-db.com/api/wf/settlement-in-defensive-positions/,355,"During the period from <time-start> to <time-end>, were settlements located in a defensive position present or absent as a strategy in the warfare practices of '<polity>'? <answer-options>."
https://seshat-db.com/api/wf/settlement-in-defensive-positions/,356,"During the period from <time-start> to <time-end>, were settlements such as Sana'a and Marib fortified to protect the strategic trade routes of '<polity>' by means of defensive positions including walls and fortifications? <answer-options>."
https://seshat-db.com/api/wf/settlement-in-defensive-positions/,357,"During the period from <time-start> to <time-end>, were settlements in a defensive position present or absent in the warfare strategies of '<polity>'? <answer-options>."
https://seshat-db.com/api/wf/settlement-in-defensive-positions/,358,"During the period from <time-start> to <time-end>, were settlements located in a defensive position, as described by Varthema in his account of the Tāhirid capital al-Miqrãnah, present or absent as a military strategy in the region of Yemen? <answer-options>."
https://seshat-db.com/api/wf/settlement-in-defensive-positions/,359,"During the period from <time-start> to <time-end>, were settlements in a defensive position, as inferred from the Seshat database and referenced by Hugh N. Kennedy's book ""The Armies of the Caliphs"", present or absent in the territories controlled by the Abbasid Caliphate? <answer-options>."
https://seshat-db.com/api/wf/settlement-in-defensive-positions/,360,"During the period from <time-start> to <time-end>, were settlements in a defensive position, inferred from the Abbasid Caliphate's occupation of Yemen between 751-868 CE, present or absent as a strategy in the region's warfare? <answer-options>."
