2026-06-30 09:32:22,096 [INFO] Starting question generation for sc/scripts.
2026-06-30 09:32:22,096 [INFO] 

Generating questions for dataset at endpoint: scripts
2026-06-30 09:32:22,097 [INFO] ... (more hidden) ...
2026-06-30 09:32:22,099 [WARNING] Warning: No endpoint provided for question type remapping.
2026-06-30 09:32:22,100 [WARNING] Skipping QuestionType.RANGE due to filter settings.
2026-06-30 09:32:22,100 [WARNING] Warning: No endpoint provided for question type remapping.
2026-06-30 09:32:22,100 [WARNING] Skipping QuestionType.RANGE due to filter settings.
2026-06-30 09:32:22,100 [WARNING] Warning: No endpoint provided for question type remapping.
2026-06-30 09:32:22,100 [WARNING] Skipping QuestionType.RANGE due to filter settings.
2026-06-30 09:32:22,101 [WARNING] Warning: No endpoint provided for question type remapping.
2026-06-30 09:32:22,101 [WARNING] Skipping QuestionType.RANGE due to filter settings.
2026-06-30 09:32:22,101 [WARNING] Warning: No endpoint provided for question type remapping.
2026-06-30 09:32:22,102 [WARNING] Skipping QuestionType.RANGE due to filter settings.
2026-06-30 09:32:22,102 [WARNING] Warning: No endpoint provided for question type remapping.
2026-06-30 09:32:22,102 [WARNING] Skipping QuestionType.RANGE due to filter settings.
2026-06-30 09:32:22,105 [WARNING] Warning: No endpoint provided for question type remapping.
2026-06-30 09:32:22,109 [WARNING] Skipping QuestionType.RANGE due to filter settings.
2026-06-30 09:32:22,109 [WARNING] Warning: No endpoint provided for question type remapping.
2026-06-30 09:32:22,109 [WARNING] Skipping QuestionType.RANGE due to filter settings.
2026-06-30 09:32:22,109 [WARNING] Warning: No endpoint provided for question type remapping.
2026-06-30 09:32:22,109 [WARNING] Skipping QuestionType.RANGE due to filter settings.
2026-06-30 09:32:22,109 [WARNING] Warning: No endpoint provided for question type remapping.
2026-06-30 09:32:22,109 [WARNING] Skipping QuestionType.RANGE due to filter settings.
2026-06-30 09:32:22,109 [WARNING] Warning: No endpoint provided for question type remapping.
2026-06-30 09:32:22,109 [WARNING] Skipping QuestionType.RANGE due to filter settings.
2026-06-30 09:32:22,109 [WARNING] Warning: No endpoint provided for question type remapping.
2026-06-30 09:32:22,109 [WARNING] Skipping QuestionType.RANGE due to filter settings.
2026-06-30 09:32:22,109 [WARNING] Warning: No endpoint provided for question type remapping.
2026-06-30 09:32:22,109 [WARNING] Skipping QuestionType.RANGE due to filter settings.
2026-06-30 09:32:22,110 [WARNING] Warning: No endpoint provided for question type remapping.
2026-06-30 09:32:22,110 [WARNING] Skipping QuestionType.RANGE due to filter settings.
2026-06-30 09:32:22,110 [WARNING] Warning: No endpoint provided for question type remapping.
2026-06-30 09:32:22,110 [WARNING] Skipping QuestionType.RANGE due to filter settings.
2026-06-30 09:32:22,110 [WARNING] Warning: No endpoint provided for question type remapping.
2026-06-30 09:32:22,110 [WARNING] Skipping QuestionType.RANGE due to filter settings.
2026-06-30 09:32:22,110 [WARNING] Warning: No endpoint provided for question type remapping.
2026-06-30 09:32:22,110 [WARNING] Skipping QuestionType.RANGE due to filter settings.
2026-06-30 09:32:22,110 [WARNING] Warning: No endpoint provided for question type remapping.
2026-06-30 09:32:22,110 [WARNING] Skipping QuestionType.RANGE due to filter settings.
2026-06-30 09:32:22,110 [WARNING] Warning: No endpoint provided for question type remapping.
2026-06-30 09:32:22,110 [WARNING] Skipping QuestionType.RANGE due to filter settings.
2026-06-30 09:32:22,110 [WARNING] Warning: No endpoint provided for question type remapping.
2026-06-30 09:32:22,110 [WARNING] Skipping QuestionType.RANGE due to filter settings.
2026-06-30 09:32:22,110 [WARNING] Warning: No endpoint provided for question type remapping.
2026-06-30 09:32:22,110 [WARNING] Skipping QuestionType.RANGE due to filter settings.
2026-06-30 09:32:22,110 [WARNING] Warning: No endpoint provided for question type remapping.
2026-06-30 09:32:22,110 [WARNING] Skipping QuestionType.RANGE due to filter settings.
2026-06-30 09:32:22,111 [WARNING] Warning: No endpoint provided for question type remapping.
2026-06-30 09:32:22,111 [WARNING] Skipping QuestionType.RANGE due to filter settings.
2026-06-30 09:32:22,112 [WARNING] Warning: No endpoint provided for question type remapping.
2026-06-30 09:32:22,112 [WARNING] Skipping QuestionType.RANGE due to filter settings.
2026-06-30 09:32:22,112 [WARNING] Warning: No endpoint provided for question type remapping.
2026-06-30 09:32:22,112 [WARNING] Skipping QuestionType.RANGE due to filter settings.
2026-06-30 09:32:22,112 [WARNING] Warning: No endpoint provided for question type remapping.
2026-06-30 09:32:22,112 [WARNING] Skipping QuestionType.RANGE due to filter settings.
2026-06-30 09:32:22,112 [WARNING] Warning: No endpoint provided for question type remapping.
2026-06-30 09:32:22,112 [WARNING] Skipping QuestionType.RANGE due to filter settings.
2026-06-30 09:32:22,112 [WARNING] Warning: No endpoint provided for question type remapping.
2026-06-30 09:32:22,112 [WARNING] Skipping QuestionType.RANGE due to filter settings.
2026-06-30 09:32:22,112 [WARNING] Warning: No endpoint provided for question type remapping.
2026-06-30 09:32:22,112 [WARNING] Skipping QuestionType.RANGE due to filter settings.
2026-06-30 09:32:22,112 [WARNING] Warning: No endpoint provided for question type remapping.
2026-06-30 09:32:22,112 [WARNING] Skipping QuestionType.RANGE due to filter settings.
2026-06-30 09:32:22,112 [WARNING] Warning: No endpoint provided for question type remapping.
2026-06-30 09:32:22,113 [WARNING] Skipping QuestionType.RANGE due to filter settings.
2026-06-30 09:32:22,113 [WARNING] Warning: No endpoint provided for question type remapping.
2026-06-30 09:32:22,113 [WARNING] Skipping QuestionType.RANGE due to filter settings.
2026-06-30 09:32:22,113 [WARNING] Warning: No endpoint provided for question type remapping.
2026-06-30 09:32:22,113 [WARNING] Skipping QuestionType.RANGE due to filter settings.
2026-06-30 09:32:22,113 [WARNING] Warning: No endpoint provided for question type remapping.
2026-06-30 09:32:22,113 [WARNING] Skipping QuestionType.RANGE due to filter settings.
2026-06-30 09:32:22,113 [WARNING] Warning: No endpoint provided for question type remapping.
2026-06-30 09:32:22,113 [WARNING] Skipping QuestionType.RANGE due to filter settings.
2026-06-30 09:32:22,113 [WARNING] Warning: No endpoint provided for question type remapping.
2026-06-30 09:32:22,113 [WARNING] Skipping QuestionType.RANGE due to filter settings.
2026-06-30 09:32:22,113 [WARNING] Warning: No endpoint provided for question type remapping.
2026-06-30 09:32:22,113 [WARNING] Skipping QuestionType.RANGE due to filter settings.
2026-06-30 09:32:22,113 [WARNING] Warning: No endpoint provided for question type remapping.
2026-06-30 09:32:22,113 [WARNING] Skipping QuestionType.RANGE due to filter settings.
2026-06-30 09:32:22,113 [WARNING] Warning: No endpoint provided for question type remapping.
2026-06-30 09:32:22,113 [WARNING] Skipping QuestionType.RANGE due to filter settings.
2026-06-30 09:32:22,113 [WARNING] Warning: No endpoint provided for question type remapping.
2026-06-30 09:32:22,113 [WARNING] Skipping QuestionType.RANGE due to filter settings.
2026-06-30 09:32:22,113 [WARNING] Warning: No endpoint provided for question type remapping.
2026-06-30 09:32:22,113 [WARNING] Skipping QuestionType.RANGE due to filter settings.
2026-06-30 09:32:22,113 [WARNING] Warning: No endpoint provided for question type remapping.
2026-06-30 09:32:22,113 [WARNING] Skipping QuestionType.RANGE due to filter settings.
2026-06-30 09:32:22,113 [WARNING] Warning: No endpoint provided for question type remapping.
2026-06-30 09:32:22,113 [WARNING] Skipping QuestionType.RANGE due to filter settings.
2026-06-30 09:32:22,113 [WARNING] Warning: No endpoint provided for question type remapping.
2026-06-30 09:32:22,113 [WARNING] Skipping QuestionType.RANGE due to filter settings.
2026-06-30 09:32:22,113 [WARNING] Warning: No endpoint provided for question type remapping.
2026-06-30 09:32:22,113 [WARNING] Skipping QuestionType.RANGE due to filter settings.
2026-06-30 09:32:22,113 [WARNING] Warning: No endpoint provided for question type remapping.
2026-06-30 09:32:22,113 [WARNING] Skipping QuestionType.RANGE due to filter settings.
2026-06-30 09:32:22,113 [WARNING] Warning: No endpoint provided for question type remapping.
2026-06-30 09:32:22,113 [WARNING] Skipping QuestionType.RANGE due to filter settings.
2026-06-30 09:32:22,113 [WARNING] Warning: No endpoint provided for question type remapping.
2026-06-30 09:32:22,113 [WARNING] Skipping QuestionType.RANGE due to filter settings.
2026-06-30 09:32:22,113 [WARNING] Warning: No endpoint provided for question type remapping.
2026-06-30 09:32:22,113 [WARNING] Skipping QuestionType.RANGE due to filter settings.
2026-06-30 09:32:22,113 [WARNING] Warning: No endpoint provided for question type remapping.
2026-06-30 09:32:22,113 [WARNING] Skipping QuestionType.RANGE due to filter settings.
2026-06-30 09:32:22,113 [WARNING] Warning: No endpoint provided for question type remapping.
2026-06-30 09:32:22,113 [WARNING] Skipping QuestionType.RANGE due to filter settings.
2026-06-30 09:32:22,113 [WARNING] Warning: No endpoint provided for question type remapping.
2026-06-30 09:32:22,113 [WARNING] Skipping QuestionType.RANGE due to filter settings.
2026-06-30 09:32:22,113 [WARNING] Warning: No endpoint provided for question type remapping.
2026-06-30 09:32:22,113 [WARNING] Skipping QuestionType.RANGE due to filter settings.
2026-06-30 09:32:22,113 [WARNING] Warning: No endpoint provided for question type remapping.
2026-06-30 09:32:22,113 [WARNING] Skipping QuestionType.RANGE due to filter settings.
2026-06-30 09:32:22,113 [WARNING] Warning: No endpoint provided for question type remapping.
2026-06-30 09:32:22,113 [WARNING] Skipping QuestionType.RANGE due to filter settings.
2026-06-30 09:32:22,113 [WARNING] Warning: No endpoint provided for question type remapping.
2026-06-30 09:32:22,114 [WARNING] Skipping QuestionType.RANGE due to filter settings.
2026-06-30 09:32:22,114 [WARNING] Warning: No endpoint provided for question type remapping.
2026-06-30 09:32:22,114 [WARNING] Skipping QuestionType.RANGE due to filter settings.
2026-06-30 09:32:22,114 [WARNING] Warning: No endpoint provided for question type remapping.
2026-06-30 09:32:22,114 [WARNING] Skipping QuestionType.RANGE due to filter settings.
2026-06-30 09:32:22,114 [WARNING] Warning: No endpoint provided for question type remapping.
2026-06-30 09:32:22,114 [WARNING] Skipping QuestionType.RANGE due to filter settings.
2026-06-30 09:32:22,114 [WARNING] Warning: No endpoint provided for question type remapping.
2026-06-30 09:32:22,114 [WARNING] Skipping QuestionType.RANGE due to filter settings.
2026-06-30 09:32:22,114 [WARNING] Warning: No endpoint provided for question type remapping.
2026-06-30 09:32:22,114 [WARNING] Skipping QuestionType.RANGE due to filter settings.
2026-06-30 09:32:22,114 [WARNING] Warning: No endpoint provided for question type remapping.
2026-06-30 09:32:22,114 [WARNING] Skipping QuestionType.RANGE due to filter settings.
2026-06-30 09:32:22,114 [WARNING] Warning: No endpoint provided for question type remapping.
2026-06-30 09:32:22,114 [WARNING] Skipping QuestionType.RANGE due to filter settings.
2026-06-30 09:32:22,114 [WARNING] Warning: No endpoint provided for question type remapping.
2026-06-30 09:32:22,115 [WARNING] Skipping QuestionType.RANGE due to filter settings.
2026-06-30 09:32:22,115 [WARNING] Warning: No endpoint provided for question type remapping.
2026-06-30 09:32:22,115 [WARNING] Skipping QuestionType.RANGE due to filter settings.
2026-06-30 09:32:22,115 [WARNING] Warning: No endpoint provided for question type remapping.
2026-06-30 09:32:22,116 [WARNING] Skipping QuestionType.RANGE due to filter settings.
2026-06-30 09:32:22,116 [WARNING] Warning: No endpoint provided for question type remapping.
2026-06-30 09:32:22,116 [WARNING] Skipping QuestionType.RANGE due to filter settings.
2026-06-30 09:32:22,116 [WARNING] Warning: No endpoint provided for question type remapping.
2026-06-30 09:32:22,116 [WARNING] Skipping QuestionType.RANGE due to filter settings.
2026-06-30 09:32:22,117 [WARNING] Warning: No endpoint provided for question type remapping.
2026-06-30 09:32:22,117 [WARNING] Skipping QuestionType.RANGE due to filter settings.
2026-06-30 09:32:22,117 [WARNING] Warning: No endpoint provided for question type remapping.
2026-06-30 09:32:22,118 [WARNING] Skipping QuestionType.RANGE due to filter settings.
2026-06-30 09:32:22,118 [WARNING] Warning: No endpoint provided for question type remapping.
2026-06-30 09:32:22,118 [WARNING] Skipping QuestionType.RANGE due to filter settings.
2026-06-30 09:32:22,119 [WARNING] Warning: No endpoint provided for question type remapping.
2026-06-30 09:32:22,119 [WARNING] Skipping QuestionType.RANGE due to filter settings.
2026-06-30 09:32:22,119 [WARNING] Warning: No endpoint provided for question type remapping.
2026-06-30 09:32:22,120 [WARNING] Skipping QuestionType.RANGE due to filter settings.
2026-06-30 09:32:22,120 [WARNING] Warning: No endpoint provided for question type remapping.
2026-06-30 09:32:22,120 [WARNING] Skipping QuestionType.RANGE due to filter settings.
2026-06-30 09:32:22,121 [WARNING] Warning: No endpoint provided for question type remapping.
2026-06-30 09:32:22,121 [WARNING] Skipping QuestionType.RANGE due to filter settings.
2026-06-30 09:32:22,126 [WARNING] Warning: No endpoint provided for question type remapping.
2026-06-30 09:32:22,127 [WARNING] Skipping QuestionType.RANGE due to filter settings.
2026-06-30 09:32:22,128 [WARNING] Warning: No endpoint provided for question type remapping.
2026-06-30 09:32:22,128 [WARNING] Skipping QuestionType.RANGE due to filter settings.
2026-06-30 09:32:22,128 [WARNING] Warning: No endpoint provided for question type remapping.
2026-06-30 09:32:22,129 [WARNING] Skipping QuestionType.RANGE due to filter settings.
2026-06-30 09:32:22,129 [WARNING] Warning: No endpoint provided for question type remapping.
2026-06-30 09:32:22,130 [WARNING] Skipping QuestionType.RANGE due to filter settings.
2026-06-30 09:32:22,130 [WARNING] Warning: No endpoint provided for question type remapping.
2026-06-30 09:32:22,130 [WARNING] Skipping QuestionType.RANGE due to filter settings.
2026-06-30 09:32:22,130 [WARNING] Warning: No endpoint provided for question type remapping.
2026-06-30 09:32:22,131 [WARNING] Skipping QuestionType.RANGE due to filter settings.
2026-06-30 09:32:22,131 [WARNING] Warning: No endpoint provided for question type remapping.
2026-06-30 09:32:22,131 [WARNING] Skipping QuestionType.RANGE due to filter settings.
2026-06-30 09:32:22,131 [WARNING] Warning: No endpoint provided for question type remapping.
2026-06-30 09:32:22,132 [WARNING] Skipping QuestionType.RANGE due to filter settings.
2026-06-30 09:32:22,133 [WARNING] Warning: No endpoint provided for question type remapping.
2026-06-30 09:32:22,133 [WARNING] Skipping QuestionType.RANGE due to filter settings.
2026-06-30 09:32:22,133 [WARNING] Warning: No endpoint provided for question type remapping.
2026-06-30 09:32:22,134 [WARNING] Skipping QuestionType.RANGE due to filter settings.
2026-06-30 09:32:22,134 [WARNING] Warning: No endpoint provided for question type remapping.
2026-06-30 09:32:22,136 [WARNING] Skipping QuestionType.RANGE due to filter settings.
2026-06-30 09:32:22,137 [WARNING] Warning: No endpoint provided for question type remapping.
2026-06-30 09:32:22,137 [WARNING] Skipping QuestionType.RANGE due to filter settings.
2026-06-30 09:32:22,137 [WARNING] Warning: No endpoint provided for question type remapping.
2026-06-30 09:32:22,137 [WARNING] Skipping QuestionType.RANGE due to filter settings.
2026-06-30 09:32:22,138 [WARNING] Warning: No endpoint provided for question type remapping.
2026-06-30 09:32:22,138 [WARNING] Skipping QuestionType.RANGE due to filter settings.
2026-06-30 09:32:22,138 [WARNING] Warning: No endpoint provided for question type remapping.
2026-06-30 09:32:22,139 [WARNING] Skipping QuestionType.RANGE due to filter settings.
2026-06-30 09:32:22,140 [WARNING] Warning: No endpoint provided for question type remapping.
2026-06-30 09:32:22,141 [WARNING] Skipping QuestionType.RANGE due to filter settings.
2026-06-30 09:32:22,142 [WARNING] Warning: No endpoint provided for question type remapping.
2026-06-30 09:32:22,147 [WARNING] Skipping QuestionType.RANGE due to filter settings.
2026-06-30 09:32:22,147 [WARNING] Warning: No endpoint provided for question type remapping.
2026-06-30 09:32:22,149 [WARNING] Skipping QuestionType.RANGE due to filter settings.
2026-06-30 09:32:22,149 [WARNING] Warning: No endpoint provided for question type remapping.
2026-06-30 09:32:22,149 [WARNING] Skipping QuestionType.RANGE due to filter settings.
2026-06-30 09:32:22,149 [WARNING] Warning: No endpoint provided for question type remapping.
2026-06-30 09:32:22,149 [WARNING] Skipping QuestionType.RANGE due to filter settings.
2026-06-30 09:32:22,149 [WARNING] Warning: No endpoint provided for question type remapping.
2026-06-30 09:32:22,149 [WARNING] Skipping QuestionType.RANGE due to filter settings.
2026-06-30 09:32:22,149 [WARNING] Warning: No endpoint provided for question type remapping.
2026-06-30 09:32:22,149 [WARNING] Skipping QuestionType.RANGE due to filter settings.
2026-06-30 09:32:22,149 [WARNING] Warning: No endpoint provided for question type remapping.
2026-06-30 09:32:22,149 [WARNING] Skipping QuestionType.RANGE due to filter settings.
2026-06-30 09:32:22,149 [WARNING] Warning: No endpoint provided for question type remapping.
2026-06-30 09:32:22,149 [WARNING] Skipping QuestionType.RANGE due to filter settings.
2026-06-30 09:32:22,149 [WARNING] Warning: No endpoint provided for question type remapping.
2026-06-30 09:32:22,149 [WARNING] Skipping QuestionType.RANGE due to filter settings.
2026-06-30 09:32:22,149 [WARNING] Warning: No endpoint provided for question type remapping.
2026-06-30 09:32:22,150 [WARNING] Skipping QuestionType.RANGE due to filter settings.
2026-06-30 09:32:22,151 [WARNING] Warning: No endpoint provided for question type remapping.
2026-06-30 09:32:22,151 [WARNING] Skipping QuestionType.RANGE due to filter settings.
2026-06-30 09:32:22,152 [WARNING] Warning: No endpoint provided for question type remapping.
2026-06-30 09:32:22,152 [WARNING] Skipping QuestionType.RANGE due to filter settings.
2026-06-30 09:32:22,152 [WARNING] Warning: No endpoint provided for question type remapping.
2026-06-30 09:32:22,153 [WARNING] Skipping QuestionType.RANGE due to filter settings.
2026-06-30 09:32:22,153 [WARNING] Warning: No endpoint provided for question type remapping.
2026-06-30 09:32:22,153 [WARNING] Skipping QuestionType.RANGE due to filter settings.
2026-06-30 09:32:22,155 [WARNING] Warning: No endpoint provided for question type remapping.
2026-06-30 09:32:22,156 [WARNING] Skipping QuestionType.RANGE due to filter settings.
2026-06-30 09:32:22,156 [WARNING] Warning: No endpoint provided for question type remapping.
2026-06-30 09:32:22,156 [WARNING] Skipping QuestionType.RANGE due to filter settings.
2026-06-30 09:32:22,157 [WARNING] Warning: No endpoint provided for question type remapping.
2026-06-30 09:32:22,157 [WARNING] Skipping QuestionType.RANGE due to filter settings.
2026-06-30 09:32:22,158 [WARNING] Warning: No endpoint provided for question type remapping.
2026-06-30 09:32:22,159 [WARNING] Skipping QuestionType.RANGE due to filter settings.
2026-06-30 09:32:22,160 [WARNING] Warning: No endpoint provided for question type remapping.
2026-06-30 09:32:22,160 [WARNING] Skipping QuestionType.RANGE due to filter settings.
2026-06-30 09:32:22,161 [WARNING] Warning: No endpoint provided for question type remapping.
2026-06-30 09:32:22,161 [WARNING] Skipping QuestionType.RANGE due to filter settings.
2026-06-30 09:32:22,161 [WARNING] Warning: No endpoint provided for question type remapping.
2026-06-30 09:32:22,162 [WARNING] Skipping QuestionType.RANGE due to filter settings.
2026-06-30 09:32:22,162 [WARNING] Warning: No endpoint provided for question type remapping.
2026-06-30 09:32:22,162 [WARNING] Skipping QuestionType.RANGE due to filter settings.
2026-06-30 09:32:22,163 [WARNING] Warning: No endpoint provided for question type remapping.
2026-06-30 09:32:22,163 [WARNING] Skipping QuestionType.RANGE due to filter settings.
2026-06-30 09:32:22,163 [WARNING] Warning: No endpoint provided for question type remapping.
2026-06-30 09:32:22,164 [WARNING] Skipping QuestionType.RANGE due to filter settings.
2026-06-30 09:32:22,164 [WARNING] Warning: No endpoint provided for question type remapping.
2026-06-30 09:32:22,164 [WARNING] Skipping QuestionType.RANGE due to filter settings.
2026-06-30 09:32:22,165 [WARNING] Warning: No endpoint provided for question type remapping.
2026-06-30 09:32:22,165 [WARNING] Skipping QuestionType.RANGE due to filter settings.
2026-06-30 09:32:22,165 [WARNING] Warning: No endpoint provided for question type remapping.
2026-06-30 09:32:22,165 [WARNING] Skipping QuestionType.RANGE due to filter settings.
2026-06-30 09:32:22,166 [WARNING] Warning: No endpoint provided for question type remapping.
2026-06-30 09:32:22,166 [WARNING] Skipping QuestionType.RANGE due to filter settings.
2026-06-30 09:32:22,166 [WARNING] Warning: No endpoint provided for question type remapping.
2026-06-30 09:32:22,166 [WARNING] Skipping QuestionType.RANGE due to filter settings.
2026-06-30 09:32:22,167 [WARNING] Warning: No endpoint provided for question type remapping.
2026-06-30 09:32:22,167 [WARNING] Skipping QuestionType.RANGE due to filter settings.
2026-06-30 09:32:22,167 [WARNING] Warning: No endpoint provided for question type remapping.
2026-06-30 09:32:22,167 [WARNING] Skipping QuestionType.RANGE due to filter settings.
2026-06-30 09:32:22,168 [WARNING] Warning: No endpoint provided for question type remapping.
2026-06-30 09:32:22,170 [WARNING] Skipping QuestionType.RANGE due to filter settings.
2026-06-30 09:32:22,170 [WARNING] Warning: No endpoint provided for question type remapping.
2026-06-30 09:32:22,170 [WARNING] Skipping QuestionType.RANGE due to filter settings.
2026-06-30 09:32:22,171 [WARNING] Warning: No endpoint provided for question type remapping.
2026-06-30 09:32:22,171 [WARNING] Skipping QuestionType.RANGE due to filter settings.
2026-06-30 09:32:22,171 [WARNING] Warning: No endpoint provided for question type remapping.
2026-06-30 09:32:22,171 [WARNING] Skipping QuestionType.RANGE due to filter settings.
2026-06-30 09:32:22,172 [WARNING] Warning: No endpoint provided for question type remapping.
2026-06-30 09:32:22,172 [WARNING] Skipping QuestionType.RANGE due to filter settings.
2026-06-30 09:32:22,172 [WARNING] Warning: No endpoint provided for question type remapping.
2026-06-30 09:32:22,172 [WARNING] Skipping QuestionType.RANGE due to filter settings.
2026-06-30 09:32:22,173 [WARNING] Warning: No endpoint provided for question type remapping.
2026-06-30 09:32:22,173 [WARNING] Skipping QuestionType.RANGE due to filter settings.
2026-06-30 09:32:22,173 [WARNING] Warning: No endpoint provided for question type remapping.
2026-06-30 09:32:22,174 [WARNING] Skipping QuestionType.RANGE due to filter settings.
2026-06-30 09:32:22,176 [WARNING] Warning: No endpoint provided for question type remapping.
2026-06-30 09:32:22,176 [WARNING] Skipping QuestionType.RANGE due to filter settings.
2026-06-30 09:32:22,176 [WARNING] Warning: No endpoint provided for question type remapping.
2026-06-30 09:32:22,176 [WARNING] Skipping QuestionType.RANGE due to filter settings.
2026-06-30 09:32:22,176 [WARNING] Warning: No endpoint provided for question type remapping.
2026-06-30 09:32:22,176 [WARNING] Skipping QuestionType.RANGE due to filter settings.
2026-06-30 09:32:22,176 [WARNING] Warning: No endpoint provided for question type remapping.
2026-06-30 09:32:22,176 [WARNING] Skipping QuestionType.RANGE due to filter settings.
2026-06-30 09:32:22,176 [WARNING] Warning: No endpoint provided for question type remapping.
2026-06-30 09:32:22,177 [WARNING] Skipping QuestionType.RANGE due to filter settings.
2026-06-30 09:32:22,177 [WARNING] Warning: No endpoint provided for question type remapping.
2026-06-30 09:32:22,177 [WARNING] Skipping QuestionType.RANGE due to filter settings.
2026-06-30 09:32:22,177 [WARNING] Warning: No endpoint provided for question type remapping.
2026-06-30 09:32:22,178 [WARNING] Skipping QuestionType.RANGE due to filter settings.
2026-06-30 09:32:22,178 [WARNING] Warning: No endpoint provided for question type remapping.
2026-06-30 09:32:22,178 [WARNING] Skipping QuestionType.RANGE due to filter settings.
2026-06-30 09:32:22,178 [WARNING] Warning: No endpoint provided for question type remapping.
2026-06-30 09:32:22,178 [WARNING] Skipping QuestionType.RANGE due to filter settings.
2026-06-30 09:32:22,178 [WARNING] Warning: No endpoint provided for question type remapping.
2026-06-30 09:32:22,178 [WARNING] Skipping QuestionType.RANGE due to filter settings.
2026-06-30 09:32:22,182 [WARNING] Warning: No endpoint provided for question type remapping.
2026-06-30 09:32:22,182 [WARNING] Skipping QuestionType.RANGE due to filter settings.
2026-06-30 09:32:22,182 [WARNING] Warning: No endpoint provided for question type remapping.
2026-06-30 09:32:22,183 [WARNING] Skipping QuestionType.RANGE due to filter settings.
2026-06-30 09:32:22,183 [WARNING] Warning: No endpoint provided for question type remapping.
2026-06-30 09:32:22,183 [WARNING] Skipping QuestionType.RANGE due to filter settings.
2026-06-30 09:32:22,183 [WARNING] Warning: No endpoint provided for question type remapping.
2026-06-30 09:32:22,184 [WARNING] Skipping QuestionType.RANGE due to filter settings.
2026-06-30 09:32:22,184 [WARNING] Warning: No endpoint provided for question type remapping.
2026-06-30 09:32:22,184 [WARNING] Skipping QuestionType.RANGE due to filter settings.
2026-06-30 09:32:22,185 [WARNING] Warning: No endpoint provided for question type remapping.
2026-06-30 09:32:22,185 [WARNING] Skipping QuestionType.RANGE due to filter settings.
2026-06-30 09:32:22,185 [WARNING] Warning: No endpoint provided for question type remapping.
2026-06-30 09:32:22,185 [WARNING] Skipping QuestionType.RANGE due to filter settings.
2026-06-30 09:32:22,186 [WARNING] Warning: No endpoint provided for question type remapping.
2026-06-30 09:32:22,186 [WARNING] Skipping QuestionType.RANGE due to filter settings.
2026-06-30 09:32:22,186 [WARNING] Warning: No endpoint provided for question type remapping.
2026-06-30 09:32:22,187 [WARNING] Skipping QuestionType.RANGE due to filter settings.
2026-06-30 09:32:22,188 [WARNING] Warning: No endpoint provided for question type remapping.
2026-06-30 09:32:22,188 [WARNING] Skipping QuestionType.RANGE due to filter settings.
2026-06-30 09:32:22,189 [WARNING] Warning: No endpoint provided for question type remapping.
2026-06-30 09:32:22,189 [WARNING] Skipping QuestionType.RANGE due to filter settings.
2026-06-30 09:32:22,190 [WARNING] Warning: No endpoint provided for question type remapping.
2026-06-30 09:32:22,190 [WARNING] Skipping QuestionType.RANGE due to filter settings.
2026-06-30 09:32:22,190 [WARNING] Warning: No endpoint provided for question type remapping.
2026-06-30 09:32:22,192 [WARNING] Skipping QuestionType.RANGE due to filter settings.
2026-06-30 09:32:22,192 [WARNING] Warning: No endpoint provided for question type remapping.
2026-06-30 09:32:22,192 [WARNING] Skipping QuestionType.RANGE due to filter settings.
2026-06-30 09:32:22,192 [WARNING] Warning: No endpoint provided for question type remapping.
2026-06-30 09:32:22,193 [WARNING] Skipping QuestionType.RANGE due to filter settings.
2026-06-30 09:32:22,193 [WARNING] Warning: No endpoint provided for question type remapping.
2026-06-30 09:32:22,193 [WARNING] Skipping QuestionType.RANGE due to filter settings.
2026-06-30 09:32:22,195 [WARNING] Warning: No endpoint provided for question type remapping.
2026-06-30 09:32:22,195 [WARNING] Skipping QuestionType.RANGE due to filter settings.
2026-06-30 09:32:22,195 [WARNING] Warning: No endpoint provided for question type remapping.
2026-06-30 09:32:22,195 [WARNING] Skipping QuestionType.RANGE due to filter settings.
2026-06-30 09:32:22,196 [WARNING] Warning: No endpoint provided for question type remapping.
2026-06-30 09:32:22,196 [WARNING] Skipping QuestionType.RANGE due to filter settings.
2026-06-30 09:32:22,197 [WARNING] Warning: No endpoint provided for question type remapping.
2026-06-30 09:32:22,197 [WARNING] Skipping QuestionType.RANGE due to filter settings.
2026-06-30 09:32:22,197 [WARNING] Warning: No endpoint provided for question type remapping.
2026-06-30 09:32:22,197 [WARNING] Skipping QuestionType.RANGE due to filter settings.
2026-06-30 09:32:22,198 [WARNING] Warning: No endpoint provided for question type remapping.
2026-06-30 09:32:22,199 [WARNING] Skipping QuestionType.RANGE due to filter settings.
2026-06-30 09:32:22,199 [WARNING] Warning: No endpoint provided for question type remapping.
2026-06-30 09:32:22,200 [WARNING] Skipping QuestionType.RANGE due to filter settings.
2026-06-30 09:32:22,201 [WARNING] Warning: No endpoint provided for question type remapping.
2026-06-30 09:32:22,202 [WARNING] Skipping QuestionType.RANGE due to filter settings.
2026-06-30 09:32:22,202 [WARNING] Warning: No endpoint provided for question type remapping.
2026-06-30 09:32:22,202 [WARNING] Skipping QuestionType.RANGE due to filter settings.
2026-06-30 09:32:22,203 [WARNING] Warning: No endpoint provided for question type remapping.
2026-06-30 09:32:22,204 [WARNING] Skipping QuestionType.RANGE due to filter settings.
2026-06-30 09:32:22,204 [WARNING] Warning: No endpoint provided for question type remapping.
2026-06-30 09:32:22,204 [WARNING] Skipping QuestionType.RANGE due to filter settings.
2026-06-30 09:32:22,205 [WARNING] Warning: No endpoint provided for question type remapping.
2026-06-30 09:32:22,205 [WARNING] Skipping QuestionType.RANGE due to filter settings.
2026-06-30 09:32:22,205 [WARNING] Warning: No endpoint provided for question type remapping.
2026-06-30 09:32:22,206 [WARNING] Skipping QuestionType.RANGE due to filter settings.
2026-06-30 09:32:22,206 [WARNING] Warning: No endpoint provided for question type remapping.
2026-06-30 09:32:22,206 [WARNING] Skipping QuestionType.RANGE due to filter settings.
2026-06-30 09:32:22,207 [WARNING] Warning: No endpoint provided for question type remapping.
2026-06-30 09:32:22,207 [WARNING] Skipping QuestionType.RANGE due to filter settings.
2026-06-30 09:32:22,207 [WARNING] Warning: No endpoint provided for question type remapping.
2026-06-30 09:32:22,207 [WARNING] Skipping QuestionType.RANGE due to filter settings.
2026-06-30 09:32:22,208 [WARNING] Warning: No endpoint provided for question type remapping.
2026-06-30 09:32:22,210 [WARNING] Skipping QuestionType.RANGE due to filter settings.
2026-06-30 09:32:22,210 [WARNING] Warning: No endpoint provided for question type remapping.
2026-06-30 09:32:22,211 [WARNING] Skipping QuestionType.RANGE due to filter settings.
2026-06-30 09:32:22,211 [WARNING] Warning: No endpoint provided for question type remapping.
2026-06-30 09:32:22,212 [WARNING] Skipping QuestionType.RANGE due to filter settings.
2026-06-30 09:32:22,212 [WARNING] Warning: No endpoint provided for question type remapping.
2026-06-30 09:32:22,212 [WARNING] Skipping QuestionType.RANGE due to filter settings.
2026-06-30 09:32:22,213 [WARNING] Warning: No endpoint provided for question type remapping.
2026-06-30 09:32:22,214 [WARNING] Skipping QuestionType.RANGE due to filter settings.
2026-06-30 09:32:22,215 [WARNING] Warning: No endpoint provided for question type remapping.
2026-06-30 09:32:22,215 [WARNING] Skipping QuestionType.RANGE due to filter settings.
2026-06-30 09:32:22,215 [WARNING] Warning: No endpoint provided for question type remapping.
2026-06-30 09:32:22,215 [WARNING] Skipping QuestionType.RANGE due to filter settings.
2026-06-30 09:32:22,216 [WARNING] Warning: No endpoint provided for question type remapping.
2026-06-30 09:32:22,216 [WARNING] Skipping QuestionType.RANGE due to filter settings.
2026-06-30 09:32:22,216 [WARNING] Warning: No endpoint provided for question type remapping.
2026-06-30 09:32:22,216 [WARNING] Skipping QuestionType.RANGE due to filter settings.
2026-06-30 09:32:22,217 [WARNING] Warning: No endpoint provided for question type remapping.
2026-06-30 09:32:22,217 [WARNING] Skipping QuestionType.RANGE due to filter settings.
2026-06-30 09:32:22,217 [WARNING] Warning: No endpoint provided for question type remapping.
2026-06-30 09:32:22,218 [WARNING] Skipping QuestionType.RANGE due to filter settings.
2026-06-30 09:32:22,218 [WARNING] Warning: No endpoint provided for question type remapping.
2026-06-30 09:32:22,220 [WARNING] Skipping QuestionType.RANGE due to filter settings.
2026-06-30 09:32:22,220 [WARNING] Warning: No endpoint provided for question type remapping.
2026-06-30 09:32:22,220 [WARNING] Skipping QuestionType.RANGE due to filter settings.
2026-06-30 09:32:22,221 [WARNING] Warning: No endpoint provided for question type remapping.
2026-06-30 09:32:22,221 [WARNING] Skipping QuestionType.RANGE due to filter settings.
2026-06-30 09:32:22,223 [WARNING] Warning: No endpoint provided for question type remapping.
2026-06-30 09:32:22,225 [WARNING] Skipping QuestionType.RANGE due to filter settings.
2026-06-30 09:32:22,225 [WARNING] Warning: No endpoint provided for question type remapping.
2026-06-30 09:32:22,226 [WARNING] Skipping QuestionType.RANGE due to filter settings.
2026-06-30 09:32:22,226 [WARNING] Warning: No endpoint provided for question type remapping.
2026-06-30 09:32:22,228 [WARNING] Skipping QuestionType.RANGE due to filter settings.
2026-06-30 09:32:22,228 [WARNING] Warning: No endpoint provided for question type remapping.
2026-06-30 09:32:22,228 [WARNING] Skipping QuestionType.RANGE due to filter settings.
2026-06-30 09:32:22,234 [WARNING] Warning: No endpoint provided for question type remapping.
2026-06-30 09:32:22,234 [WARNING] Skipping QuestionType.RANGE due to filter settings.
2026-06-30 09:32:22,234 [WARNING] Warning: No endpoint provided for question type remapping.
2026-06-30 09:32:22,234 [WARNING] Skipping QuestionType.RANGE due to filter settings.
2026-06-30 09:32:22,234 [WARNING] Warning: No endpoint provided for question type remapping.
2026-06-30 09:32:22,234 [WARNING] Skipping QuestionType.RANGE due to filter settings.
2026-06-30 09:32:22,238 [WARNING] Warning: No endpoint provided for question type remapping.
2026-06-30 09:32:22,238 [WARNING] Skipping QuestionType.RANGE due to filter settings.
2026-06-30 09:32:22,238 [WARNING] Warning: No endpoint provided for question type remapping.
2026-06-30 09:32:22,238 [WARNING] Skipping QuestionType.RANGE due to filter settings.
2026-06-30 09:32:22,238 [WARNING] Warning: No endpoint provided for question type remapping.
2026-06-30 09:32:22,240 [WARNING] Skipping QuestionType.RANGE due to filter settings.
2026-06-30 09:32:22,241 [WARNING] Warning: No endpoint provided for question type remapping.
2026-06-30 09:32:22,241 [WARNING] Skipping QuestionType.RANGE due to filter settings.
2026-06-30 09:32:22,245 [WARNING] Warning: No endpoint provided for question type remapping.
2026-06-30 09:32:22,246 [WARNING] Skipping QuestionType.RANGE due to filter settings.
2026-06-30 09:32:22,246 [WARNING] Warning: No endpoint provided for question type remapping.
2026-06-30 09:32:22,247 [WARNING] Skipping QuestionType.RANGE due to filter settings.
2026-06-30 09:32:22,247 [WARNING] Warning: No endpoint provided for question type remapping.
2026-06-30 09:32:22,248 [WARNING] Skipping QuestionType.RANGE due to filter settings.
2026-06-30 09:32:22,248 [WARNING] Warning: No endpoint provided for question type remapping.
2026-06-30 09:32:22,248 [WARNING] Skipping QuestionType.RANGE due to filter settings.
2026-06-30 09:32:22,249 [WARNING] Warning: No endpoint provided for question type remapping.
2026-06-30 09:32:22,249 [WARNING] Skipping QuestionType.RANGE due to filter settings.
2026-06-30 09:32:22,249 [WARNING] Warning: No endpoint provided for question type remapping.
2026-06-30 09:32:22,250 [WARNING] Skipping QuestionType.RANGE due to filter settings.
2026-06-30 09:32:22,250 [WARNING] Warning: No endpoint provided for question type remapping.
2026-06-30 09:32:22,251 [WARNING] Skipping QuestionType.RANGE due to filter settings.
2026-06-30 09:32:22,251 [WARNING] Warning: No endpoint provided for question type remapping.
2026-06-30 09:32:22,253 [WARNING] Skipping QuestionType.RANGE due to filter settings.
2026-06-30 09:32:22,254 [WARNING] Warning: No endpoint provided for question type remapping.
2026-06-30 09:32:22,254 [WARNING] Skipping QuestionType.RANGE due to filter settings.
2026-06-30 09:32:22,254 [WARNING] Warning: No endpoint provided for question type remapping.
2026-06-30 09:32:22,254 [WARNING] Skipping QuestionType.RANGE due to filter settings.
2026-06-30 09:32:22,255 [WARNING] Warning: No endpoint provided for question type remapping.
2026-06-30 09:32:22,255 [WARNING] Skipping QuestionType.RANGE due to filter settings.
2026-06-30 09:32:22,255 [WARNING] Warning: No endpoint provided for question type remapping.
2026-06-30 09:32:22,255 [WARNING] Skipping QuestionType.RANGE due to filter settings.
2026-06-30 09:32:22,256 [WARNING] Warning: No endpoint provided for question type remapping.
2026-06-30 09:32:22,256 [WARNING] Skipping QuestionType.RANGE due to filter settings.
2026-06-30 09:32:22,256 [WARNING] Warning: No endpoint provided for question type remapping.
2026-06-30 09:32:22,256 [WARNING] Skipping QuestionType.RANGE due to filter settings.
2026-06-30 09:32:22,257 [WARNING] Warning: No endpoint provided for question type remapping.
2026-06-30 09:32:22,257 [WARNING] Skipping QuestionType.RANGE due to filter settings.
2026-06-30 09:32:22,257 [WARNING] Warning: No endpoint provided for question type remapping.
2026-06-30 09:32:22,258 [WARNING] Skipping QuestionType.RANGE due to filter settings.
2026-06-30 09:32:22,258 [WARNING] Warning: No endpoint provided for question type remapping.
2026-06-30 09:32:22,259 [WARNING] Skipping QuestionType.RANGE due to filter settings.
2026-06-30 09:32:22,259 [WARNING] Warning: No endpoint provided for question type remapping.
2026-06-30 09:32:22,259 [WARNING] Skipping QuestionType.RANGE due to filter settings.
2026-06-30 09:32:22,260 [WARNING] Warning: No endpoint provided for question type remapping.
2026-06-30 09:32:22,260 [WARNING] Skipping QuestionType.RANGE due to filter settings.
2026-06-30 09:32:22,260 [WARNING] Warning: No endpoint provided for question type remapping.
2026-06-30 09:32:22,260 [WARNING] Skipping QuestionType.RANGE due to filter settings.
2026-06-30 09:32:22,261 [WARNING] Warning: No endpoint provided for question type remapping.
2026-06-30 09:32:22,261 [WARNING] Skipping QuestionType.RANGE due to filter settings.
2026-06-30 09:32:22,261 [WARNING] Warning: No endpoint provided for question type remapping.
2026-06-30 09:32:22,261 [WARNING] Skipping QuestionType.RANGE due to filter settings.
2026-06-30 09:32:22,261 [WARNING] Warning: No endpoint provided for question type remapping.
2026-06-30 09:32:22,261 [WARNING] Skipping QuestionType.RANGE due to filter settings.
2026-06-30 09:32:22,261 [WARNING] Warning: No endpoint provided for question type remapping.
2026-06-30 09:32:22,261 [WARNING] Skipping QuestionType.RANGE due to filter settings.
2026-06-30 09:32:22,261 [WARNING] Warning: No endpoint provided for question type remapping.
2026-06-30 09:32:22,261 [WARNING] Skipping QuestionType.RANGE due to filter settings.
2026-06-30 09:32:22,261 [WARNING] Warning: No endpoint provided for question type remapping.
2026-06-30 09:32:22,261 [WARNING] Skipping QuestionType.RANGE due to filter settings.
2026-06-30 09:32:22,261 [WARNING] Warning: No endpoint provided for question type remapping.
2026-06-30 09:32:22,261 [WARNING] Skipping QuestionType.RANGE due to filter settings.
2026-06-30 09:32:22,261 [WARNING] Warning: No endpoint provided for question type remapping.
2026-06-30 09:32:22,261 [WARNING] Skipping QuestionType.RANGE due to filter settings.
2026-06-30 09:32:22,261 [WARNING] Warning: No endpoint provided for question type remapping.
2026-06-30 09:32:22,261 [WARNING] Skipping QuestionType.RANGE due to filter settings.
2026-06-30 09:32:22,261 [WARNING] Warning: No endpoint provided for question type remapping.
2026-06-30 09:32:22,261 [WARNING] Skipping QuestionType.RANGE due to filter settings.
2026-06-30 09:32:22,261 [WARNING] Warning: No endpoint provided for question type remapping.
2026-06-30 09:32:22,261 [WARNING] Skipping QuestionType.RANGE due to filter settings.
2026-06-30 09:32:22,261 [WARNING] Warning: No endpoint provided for question type remapping.
2026-06-30 09:32:22,261 [WARNING] Skipping QuestionType.RANGE due to filter settings.
2026-06-30 09:32:22,261 [WARNING] Warning: No endpoint provided for question type remapping.
2026-06-30 09:32:22,261 [WARNING] Skipping QuestionType.RANGE due to filter settings.
2026-06-30 09:32:22,261 [WARNING] Warning: No endpoint provided for question type remapping.
2026-06-30 09:32:22,261 [WARNING] Skipping QuestionType.RANGE due to filter settings.
2026-06-30 09:32:22,261 [WARNING] Warning: No endpoint provided for question type remapping.
2026-06-30 09:32:22,261 [WARNING] Skipping QuestionType.RANGE due to filter settings.
2026-06-30 09:32:22,261 [WARNING] Warning: No endpoint provided for question type remapping.
2026-06-30 09:32:22,261 [WARNING] Skipping QuestionType.RANGE due to filter settings.
2026-06-30 09:32:22,262 [WARNING] Warning: No endpoint provided for question type remapping.
2026-06-30 09:32:22,262 [WARNING] Skipping QuestionType.RANGE due to filter settings.
2026-06-30 09:32:22,262 [WARNING] Warning: No endpoint provided for question type remapping.
2026-06-30 09:32:22,264 [WARNING] Skipping QuestionType.RANGE due to filter settings.
2026-06-30 09:32:22,264 [WARNING] Warning: No endpoint provided for question type remapping.
2026-06-30 09:32:22,264 [WARNING] Skipping QuestionType.RANGE due to filter settings.
2026-06-30 09:32:22,264 [WARNING] Warning: No endpoint provided for question type remapping.
2026-06-30 09:32:22,264 [WARNING] Skipping QuestionType.RANGE due to filter settings.
2026-06-30 09:32:22,264 [WARNING] Warning: No endpoint provided for question type remapping.
2026-06-30 09:32:22,264 [WARNING] Skipping QuestionType.RANGE due to filter settings.
2026-06-30 09:32:22,264 [WARNING] Warning: No endpoint provided for question type remapping.
2026-06-30 09:32:22,269 [WARNING] Skipping QuestionType.RANGE due to filter settings.
2026-06-30 09:32:22,269 [WARNING] Warning: No endpoint provided for question type remapping.
2026-06-30 09:32:22,269 [WARNING] Skipping QuestionType.RANGE due to filter settings.
2026-06-30 09:32:22,269 [WARNING] Warning: No endpoint provided for question type remapping.
2026-06-30 09:32:22,270 [WARNING] Skipping QuestionType.RANGE due to filter settings.
2026-06-30 09:32:22,270 [WARNING] Warning: No endpoint provided for question type remapping.
2026-06-30 09:32:22,270 [WARNING] Skipping QuestionType.RANGE due to filter settings.
2026-06-30 09:32:22,270 [WARNING] Warning: No endpoint provided for question type remapping.
2026-06-30 09:32:22,270 [WARNING] Skipping QuestionType.RANGE due to filter settings.
2026-06-30 09:32:22,271 [WARNING] Warning: No endpoint provided for question type remapping.
2026-06-30 09:32:22,271 [WARNING] Skipping QuestionType.RANGE due to filter settings.
2026-06-30 09:32:22,271 [WARNING] Warning: No endpoint provided for question type remapping.
2026-06-30 09:32:22,271 [WARNING] Skipping QuestionType.RANGE due to filter settings.
2026-06-30 09:32:22,271 [WARNING] Warning: No endpoint provided for question type remapping.
2026-06-30 09:32:22,271 [WARNING] Skipping QuestionType.RANGE due to filter settings.
2026-06-30 09:32:22,271 [WARNING] Warning: No endpoint provided for question type remapping.
2026-06-30 09:32:22,271 [WARNING] Skipping QuestionType.RANGE due to filter settings.
2026-06-30 09:32:22,271 [WARNING] Warning: No endpoint provided for question type remapping.
2026-06-30 09:32:22,271 [WARNING] Skipping QuestionType.RANGE due to filter settings.
2026-06-30 09:32:22,271 [WARNING] Warning: No endpoint provided for question type remapping.
2026-06-30 09:32:22,271 [WARNING] Skipping QuestionType.RANGE due to filter settings.
2026-06-30 09:32:22,271 [WARNING] Warning: No endpoint provided for question type remapping.
2026-06-30 09:32:22,271 [WARNING] Skipping QuestionType.RANGE due to filter settings.
2026-06-30 09:32:22,271 [WARNING] Warning: No endpoint provided for question type remapping.
2026-06-30 09:32:22,273 [WARNING] Skipping QuestionType.RANGE due to filter settings.
2026-06-30 09:32:22,273 [WARNING] Warning: No endpoint provided for question type remapping.
2026-06-30 09:32:22,273 [WARNING] Skipping QuestionType.RANGE due to filter settings.
2026-06-30 09:32:22,273 [WARNING] Warning: No endpoint provided for question type remapping.
2026-06-30 09:32:22,273 [WARNING] Skipping QuestionType.RANGE due to filter settings.
2026-06-30 09:32:22,273 [WARNING] Warning: No endpoint provided for question type remapping.
2026-06-30 09:32:22,273 [WARNING] Skipping QuestionType.RANGE due to filter settings.
2026-06-30 09:32:22,273 [WARNING] Warning: No endpoint provided for question type remapping.
2026-06-30 09:32:22,273 [WARNING] Skipping QuestionType.RANGE due to filter settings.
2026-06-30 09:32:22,273 [WARNING] Warning: No endpoint provided for question type remapping.
2026-06-30 09:32:22,273 [WARNING] Skipping QuestionType.RANGE due to filter settings.
2026-06-30 09:32:22,273 [WARNING] Warning: No endpoint provided for question type remapping.
2026-06-30 09:32:22,273 [WARNING] Skipping QuestionType.RANGE due to filter settings.
2026-06-30 09:32:22,273 [WARNING] Warning: No endpoint provided for question type remapping.
2026-06-30 09:32:22,273 [WARNING] Skipping QuestionType.RANGE due to filter settings.
2026-06-30 09:32:22,273 [WARNING] Warning: No endpoint provided for question type remapping.
2026-06-30 09:32:22,273 [WARNING] Skipping QuestionType.RANGE due to filter settings.
2026-06-30 09:32:22,273 [WARNING] Warning: No endpoint provided for question type remapping.
2026-06-30 09:32:22,273 [WARNING] Skipping QuestionType.RANGE due to filter settings.
2026-06-30 09:32:22,273 [WARNING] Warning: No endpoint provided for question type remapping.
2026-06-30 09:32:22,273 [WARNING] Skipping QuestionType.RANGE due to filter settings.
2026-06-30 09:32:22,273 [WARNING] Warning: No endpoint provided for question type remapping.
2026-06-30 09:32:22,273 [WARNING] Skipping QuestionType.RANGE due to filter settings.
2026-06-30 09:32:22,273 [WARNING] Warning: No endpoint provided for question type remapping.
2026-06-30 09:32:22,273 [WARNING] Skipping QuestionType.RANGE due to filter settings.
2026-06-30 09:32:22,273 [WARNING] Warning: No endpoint provided for question type remapping.
2026-06-30 09:32:22,273 [WARNING] Skipping QuestionType.RANGE due to filter settings.
2026-06-30 09:32:22,273 [WARNING] Warning: No endpoint provided for question type remapping.
2026-06-30 09:32:22,273 [WARNING] Skipping QuestionType.RANGE due to filter settings.
2026-06-30 09:32:22,273 [WARNING] Warning: No endpoint provided for question type remapping.
2026-06-30 09:32:22,273 [WARNING] Skipping QuestionType.RANGE due to filter settings.
2026-06-30 09:32:22,273 [WARNING] Warning: No endpoint provided for question type remapping.
2026-06-30 09:32:22,273 [WARNING] Skipping QuestionType.RANGE due to filter settings.
2026-06-30 09:32:22,273 [WARNING] Warning: No endpoint provided for question type remapping.
2026-06-30 09:32:22,273 [WARNING] Skipping QuestionType.RANGE due to filter settings.
2026-06-30 09:32:22,273 [WARNING] Warning: No endpoint provided for question type remapping.
2026-06-30 09:32:22,273 [WARNING] Skipping QuestionType.RANGE due to filter settings.
2026-06-30 09:32:22,275 [WARNING] Warning: No endpoint provided for question type remapping.
2026-06-30 09:32:22,275 [WARNING] Skipping QuestionType.RANGE due to filter settings.
2026-06-30 09:32:22,276 [WARNING] Warning: No endpoint provided for question type remapping.
2026-06-30 09:32:22,276 [WARNING] Skipping QuestionType.RANGE due to filter settings.
2026-06-30 09:32:22,276 [WARNING] Warning: No endpoint provided for question type remapping.
2026-06-30 09:32:22,276 [WARNING] Skipping QuestionType.RANGE due to filter settings.
2026-06-30 09:32:22,276 [WARNING] Warning: No endpoint provided for question type remapping.
2026-06-30 09:32:22,276 [WARNING] Skipping QuestionType.RANGE due to filter settings.
2026-06-30 09:32:22,276 [WARNING] Warning: No endpoint provided for question type remapping.
2026-06-30 09:32:22,285 [WARNING] Skipping QuestionType.RANGE due to filter settings.
2026-06-30 09:32:22,285 [WARNING] Warning: No endpoint provided for question type remapping.
2026-06-30 09:32:22,285 [WARNING] Skipping QuestionType.RANGE due to filter settings.
2026-06-30 09:32:22,285 [WARNING] Warning: No endpoint provided for question type remapping.
2026-06-30 09:32:22,285 [WARNING] Skipping QuestionType.RANGE due to filter settings.
2026-06-30 09:32:22,285 [WARNING] Warning: No endpoint provided for question type remapping.
2026-06-30 09:32:22,285 [WARNING] Skipping QuestionType.RANGE due to filter settings.
2026-06-30 09:32:22,285 [WARNING] Warning: No endpoint provided for question type remapping.
2026-06-30 09:32:22,285 [WARNING] Skipping QuestionType.RANGE due to filter settings.
2026-06-30 09:32:22,285 [WARNING] Warning: No endpoint provided for question type remapping.
2026-06-30 09:32:22,285 [WARNING] Skipping QuestionType.RANGE due to filter settings.
2026-06-30 09:32:22,285 [WARNING] Warning: No endpoint provided for question type remapping.
2026-06-30 09:32:22,285 [WARNING] Skipping QuestionType.RANGE due to filter settings.
2026-06-30 09:32:22,285 [WARNING] Warning: No endpoint provided for question type remapping.
2026-06-30 09:32:22,285 [WARNING] Skipping QuestionType.RANGE due to filter settings.
2026-06-30 09:32:22,285 [WARNING] Warning: No endpoint provided for question type remapping.
2026-06-30 09:32:22,285 [WARNING] Skipping QuestionType.RANGE due to filter settings.
2026-06-30 09:32:22,285 [WARNING] Warning: No endpoint provided for question type remapping.
2026-06-30 09:32:22,285 [WARNING] Skipping QuestionType.RANGE due to filter settings.
2026-06-30 09:32:22,285 [WARNING] Warning: No endpoint provided for question type remapping.
2026-06-30 09:32:22,285 [WARNING] Skipping QuestionType.RANGE due to filter settings.
2026-06-30 09:32:22,285 [WARNING] Warning: No endpoint provided for question type remapping.
2026-06-30 09:32:22,285 [WARNING] Skipping QuestionType.RANGE due to filter settings.
2026-06-30 09:32:22,285 [WARNING] Warning: No endpoint provided for question type remapping.
2026-06-30 09:32:22,285 [WARNING] Skipping QuestionType.RANGE due to filter settings.
2026-06-30 09:32:22,285 [WARNING] Warning: No endpoint provided for question type remapping.
2026-06-30 09:32:22,285 [WARNING] Skipping QuestionType.RANGE due to filter settings.
2026-06-30 09:32:22,285 [WARNING] Warning: No endpoint provided for question type remapping.
2026-06-30 09:32:22,285 [WARNING] Skipping QuestionType.RANGE due to filter settings.
2026-06-30 09:32:22,286 [WARNING] Warning: No endpoint provided for question type remapping.
2026-06-30 09:32:22,286 [WARNING] Skipping QuestionType.RANGE due to filter settings.
2026-06-30 09:32:22,286 [WARNING] Warning: No endpoint provided for question type remapping.
2026-06-30 09:32:22,286 [WARNING] Skipping QuestionType.RANGE due to filter settings.
2026-06-30 09:32:22,286 [WARNING] Warning: No endpoint provided for question type remapping.
2026-06-30 09:32:22,286 [WARNING] Skipping QuestionType.RANGE due to filter settings.
2026-06-30 09:32:22,286 [WARNING] Warning: No endpoint provided for question type remapping.
2026-06-30 09:32:22,286 [WARNING] Skipping QuestionType.RANGE due to filter settings.
2026-06-30 09:32:22,286 [WARNING] Warning: No endpoint provided for question type remapping.
2026-06-30 09:32:22,286 [WARNING] Skipping QuestionType.RANGE due to filter settings.
2026-06-30 09:32:22,286 [WARNING] Warning: No endpoint provided for question type remapping.
2026-06-30 09:32:22,286 [WARNING] Skipping QuestionType.RANGE due to filter settings.
2026-06-30 09:32:22,286 [WARNING] Warning: No endpoint provided for question type remapping.
2026-06-30 09:32:22,286 [WARNING] Skipping QuestionType.RANGE due to filter settings.
2026-06-30 09:32:22,286 [WARNING] Warning: No endpoint provided for question type remapping.
2026-06-30 09:32:22,286 [WARNING] Skipping QuestionType.RANGE due to filter settings.
2026-06-30 09:32:22,286 [WARNING] Warning: No endpoint provided for question type remapping.
2026-06-30 09:32:22,286 [WARNING] Skipping QuestionType.RANGE due to filter settings.
2026-06-30 09:32:22,286 [WARNING] Warning: No endpoint provided for question type remapping.
2026-06-30 09:32:22,286 [WARNING] Skipping QuestionType.RANGE due to filter settings.
2026-06-30 09:32:22,286 [WARNING] Warning: No endpoint provided for question type remapping.
2026-06-30 09:32:22,286 [WARNING] Skipping QuestionType.RANGE due to filter settings.
2026-06-30 09:32:22,286 [WARNING] Warning: No endpoint provided for question type remapping.
2026-06-30 09:32:22,286 [WARNING] Skipping QuestionType.RANGE due to filter settings.
2026-06-30 09:32:22,286 [WARNING] Warning: No endpoint provided for question type remapping.
2026-06-30 09:32:22,286 [WARNING] Skipping QuestionType.RANGE due to filter settings.
2026-06-30 09:32:22,289 [WARNING] Warning: No endpoint provided for question type remapping.
2026-06-30 09:32:22,289 [WARNING] Skipping QuestionType.RANGE due to filter settings.
2026-06-30 09:32:22,289 [WARNING] Warning: No endpoint provided for question type remapping.
2026-06-30 09:32:22,289 [WARNING] Skipping QuestionType.RANGE due to filter settings.
2026-06-30 09:32:22,289 [WARNING] Warning: No endpoint provided for question type remapping.
2026-06-30 09:32:22,289 [WARNING] Skipping QuestionType.RANGE due to filter settings.
2026-06-30 09:32:22,289 [WARNING] Warning: No endpoint provided for question type remapping.
2026-06-30 09:32:22,289 [WARNING] Skipping QuestionType.RANGE due to filter settings.
2026-06-30 09:32:22,289 [WARNING] Warning: No endpoint provided for question type remapping.
2026-06-30 09:32:22,289 [WARNING] Skipping QuestionType.RANGE due to filter settings.
2026-06-30 09:32:22,289 [WARNING] Warning: No endpoint provided for question type remapping.
2026-06-30 09:32:22,289 [WARNING] Skipping QuestionType.RANGE due to filter settings.
2026-06-30 09:32:22,289 [WARNING] Warning: No endpoint provided for question type remapping.
2026-06-30 09:32:22,289 [WARNING] Skipping QuestionType.RANGE due to filter settings.
2026-06-30 09:32:22,289 [WARNING] Warning: No endpoint provided for question type remapping.
2026-06-30 09:32:22,289 [WARNING] Skipping QuestionType.RANGE due to filter settings.
2026-06-30 09:32:22,289 [WARNING] Warning: No endpoint provided for question type remapping.
2026-06-30 09:32:22,289 [WARNING] Skipping QuestionType.RANGE due to filter settings.
2026-06-30 09:32:22,289 [WARNING] Warning: No endpoint provided for question type remapping.
2026-06-30 09:32:22,289 [WARNING] Skipping QuestionType.RANGE due to filter settings.
2026-06-30 09:32:22,289 [WARNING] Warning: No endpoint provided for question type remapping.
2026-06-30 09:32:22,290 [WARNING] Skipping QuestionType.RANGE due to filter settings.
2026-06-30 09:32:22,290 [WARNING] Warning: No endpoint provided for question type remapping.
2026-06-30 09:32:22,290 [WARNING] Skipping QuestionType.RANGE due to filter settings.
2026-06-30 09:32:22,290 [WARNING] Warning: No endpoint provided for question type remapping.
2026-06-30 09:32:22,290 [WARNING] Skipping QuestionType.RANGE due to filter settings.
2026-06-30 09:32:22,290 [WARNING] Warning: No endpoint provided for question type remapping.
2026-06-30 09:32:22,290 [WARNING] Skipping QuestionType.RANGE due to filter settings.
2026-06-30 09:32:22,290 [WARNING] Warning: No endpoint provided for question type remapping.
2026-06-30 09:32:22,290 [WARNING] Skipping QuestionType.RANGE due to filter settings.
2026-06-30 09:32:22,290 [WARNING] Warning: No endpoint provided for question type remapping.
2026-06-30 09:32:22,290 [WARNING] Skipping QuestionType.RANGE due to filter settings.
2026-06-30 09:32:22,290 [WARNING] Warning: No endpoint provided for question type remapping.
2026-06-30 09:32:22,290 [WARNING] Skipping QuestionType.RANGE due to filter settings.
2026-06-30 09:32:22,290 [WARNING] Warning: No endpoint provided for question type remapping.
2026-06-30 09:32:22,290 [WARNING] Skipping QuestionType.RANGE due to filter settings.
2026-06-30 09:32:22,290 [WARNING] Warning: No endpoint provided for question type remapping.
2026-06-30 09:32:22,290 [WARNING] Skipping QuestionType.RANGE due to filter settings.
2026-06-30 09:32:22,290 [WARNING] Warning: No endpoint provided for question type remapping.
2026-06-30 09:32:22,290 [WARNING] Skipping QuestionType.RANGE due to filter settings.
2026-06-30 09:32:22,290 [WARNING] Warning: No endpoint provided for question type remapping.
2026-06-30 09:32:22,290 [WARNING] Skipping QuestionType.RANGE due to filter settings.
2026-06-30 09:32:22,290 [WARNING] Warning: No endpoint provided for question type remapping.
2026-06-30 09:32:22,290 [WARNING] Skipping QuestionType.RANGE due to filter settings.
2026-06-30 09:32:22,290 [WARNING] Warning: No endpoint provided for question type remapping.
2026-06-30 09:32:22,290 [WARNING] Skipping QuestionType.RANGE due to filter settings.
2026-06-30 09:32:22,290 [WARNING] Warning: No endpoint provided for question type remapping.
2026-06-30 09:32:22,290 [WARNING] Skipping QuestionType.RANGE due to filter settings.
2026-06-30 09:32:22,290 [WARNING] Warning: No endpoint provided for question type remapping.
2026-06-30 09:32:22,290 [WARNING] Skipping QuestionType.RANGE due to filter settings.
2026-06-30 09:32:22,290 [WARNING] Warning: No endpoint provided for question type remapping.
2026-06-30 09:32:22,290 [WARNING] Skipping QuestionType.RANGE due to filter settings.
2026-06-30 09:32:22,290 [WARNING] Warning: No endpoint provided for question type remapping.
2026-06-30 09:32:22,290 [WARNING] Skipping QuestionType.RANGE due to filter settings.
2026-06-30 09:32:22,290 [WARNING] Warning: No endpoint provided for question type remapping.
2026-06-30 09:32:22,290 [WARNING] Skipping QuestionType.RANGE due to filter settings.
2026-06-30 09:32:22,290 [WARNING] Warning: No endpoint provided for question type remapping.
2026-06-30 09:32:22,290 [WARNING] Skipping QuestionType.RANGE due to filter settings.
2026-06-30 09:32:22,290 [WARNING] Warning: No endpoint provided for question type remapping.
2026-06-30 09:32:22,290 [WARNING] Skipping QuestionType.RANGE due to filter settings.
2026-06-30 09:32:22,290 [WARNING] Warning: No endpoint provided for question type remapping.
2026-06-30 09:32:22,304 [WARNING] Skipping QuestionType.RANGE due to filter settings.
2026-06-30 09:32:22,304 [WARNING] Warning: No endpoint provided for question type remapping.
2026-06-30 09:32:22,304 [WARNING] Skipping QuestionType.RANGE due to filter settings.
2026-06-30 09:32:22,304 [WARNING] Warning: No endpoint provided for question type remapping.
2026-06-30 09:32:22,304 [WARNING] Skipping QuestionType.RANGE due to filter settings.
2026-06-30 09:32:22,306 [WARNING] Warning: No endpoint provided for question type remapping.
2026-06-30 09:32:22,306 [WARNING] Skipping QuestionType.RANGE due to filter settings.
2026-06-30 09:32:22,306 [WARNING] Warning: No endpoint provided for question type remapping.
2026-06-30 09:32:22,306 [WARNING] Skipping QuestionType.RANGE due to filter settings.
2026-06-30 09:32:22,306 [WARNING] Warning: No endpoint provided for question type remapping.
2026-06-30 09:32:22,308 [WARNING] Skipping QuestionType.RANGE due to filter settings.
2026-06-30 09:32:22,308 [WARNING] Warning: No endpoint provided for question type remapping.
2026-06-30 09:32:22,309 [WARNING] Skipping QuestionType.RANGE due to filter settings.
2026-06-30 09:32:22,309 [WARNING] Warning: No endpoint provided for question type remapping.
2026-06-30 09:32:22,309 [WARNING] Skipping QuestionType.RANGE due to filter settings.
2026-06-30 09:32:22,309 [WARNING] Warning: No endpoint provided for question type remapping.
2026-06-30 09:32:22,309 [WARNING] Skipping QuestionType.RANGE due to filter settings.
2026-06-30 09:32:22,309 [WARNING] Warning: No endpoint provided for question type remapping.
2026-06-30 09:32:22,309 [WARNING] Skipping QuestionType.RANGE due to filter settings.
2026-06-30 09:32:22,309 [WARNING] Warning: No endpoint provided for question type remapping.
2026-06-30 09:32:22,309 [WARNING] Skipping QuestionType.RANGE due to filter settings.
2026-06-30 09:32:22,309 [WARNING] Warning: No endpoint provided for question type remapping.
2026-06-30 09:32:22,309 [WARNING] Skipping QuestionType.RANGE due to filter settings.
2026-06-30 09:32:22,309 [WARNING] Warning: No endpoint provided for question type remapping.
2026-06-30 09:32:22,309 [WARNING] Skipping QuestionType.RANGE due to filter settings.
2026-06-30 09:32:22,309 [WARNING] Warning: No endpoint provided for question type remapping.
2026-06-30 09:32:22,309 [WARNING] Skipping QuestionType.RANGE due to filter settings.
2026-06-30 09:32:22,309 [WARNING] Warning: No endpoint provided for question type remapping.
2026-06-30 09:32:22,309 [WARNING] Skipping QuestionType.RANGE due to filter settings.
2026-06-30 09:32:22,309 [WARNING] Warning: No endpoint provided for question type remapping.
2026-06-30 09:32:22,309 [WARNING] Skipping QuestionType.RANGE due to filter settings.
2026-06-30 09:32:22,310 [WARNING] Warning: No endpoint provided for question type remapping.
2026-06-30 09:32:22,310 [WARNING] Skipping QuestionType.RANGE due to filter settings.
2026-06-30 09:32:22,310 [WARNING] Warning: No endpoint provided for question type remapping.
2026-06-30 09:32:22,310 [WARNING] Skipping QuestionType.RANGE due to filter settings.
2026-06-30 09:32:22,310 [WARNING] Warning: No endpoint provided for question type remapping.
2026-06-30 09:32:22,310 [WARNING] Skipping QuestionType.RANGE due to filter settings.
2026-06-30 09:32:22,311 [WARNING] Warning: No endpoint provided for question type remapping.
2026-06-30 09:32:22,311 [WARNING] Skipping QuestionType.RANGE due to filter settings.
2026-06-30 09:32:22,311 [WARNING] Warning: No endpoint provided for question type remapping.
2026-06-30 09:32:22,311 [WARNING] Skipping QuestionType.RANGE due to filter settings.
2026-06-30 09:32:22,311 [WARNING] Warning: No endpoint provided for question type remapping.
2026-06-30 09:32:22,311 [WARNING] Skipping QuestionType.RANGE due to filter settings.
2026-06-30 09:32:22,311 [WARNING] Warning: No endpoint provided for question type remapping.
2026-06-30 09:32:22,311 [WARNING] Skipping QuestionType.RANGE due to filter settings.
2026-06-30 09:32:22,311 [WARNING] Warning: No endpoint provided for question type remapping.
2026-06-30 09:32:22,311 [WARNING] Skipping QuestionType.RANGE due to filter settings.
2026-06-30 09:32:22,311 [WARNING] Warning: No endpoint provided for question type remapping.
2026-06-30 09:32:22,312 [WARNING] Skipping QuestionType.RANGE due to filter settings.
2026-06-30 09:32:22,312 [WARNING] Warning: No endpoint provided for question type remapping.
2026-06-30 09:32:22,312 [WARNING] Skipping QuestionType.RANGE due to filter settings.
2026-06-30 09:32:22,312 [WARNING] Warning: No endpoint provided for question type remapping.
2026-06-30 09:32:22,312 [WARNING] Skipping QuestionType.RANGE due to filter settings.
2026-06-30 09:32:22,312 [WARNING] Warning: No endpoint provided for question type remapping.
2026-06-30 09:32:22,312 [WARNING] Skipping QuestionType.RANGE due to filter settings.
2026-06-30 09:32:22,312 [WARNING] Warning: No endpoint provided for question type remapping.
2026-06-30 09:32:22,312 [WARNING] Skipping QuestionType.RANGE due to filter settings.
2026-06-30 09:32:22,313 [WARNING] Warning: No endpoint provided for question type remapping.
2026-06-30 09:32:22,313 [WARNING] Skipping QuestionType.RANGE due to filter settings.
2026-06-30 09:32:22,313 [WARNING] Warning: No endpoint provided for question type remapping.
2026-06-30 09:32:22,314 [WARNING] Skipping QuestionType.RANGE due to filter settings.
2026-06-30 09:32:22,314 [WARNING] Warning: No endpoint provided for question type remapping.
2026-06-30 09:32:22,314 [WARNING] Skipping QuestionType.RANGE due to filter settings.
2026-06-30 09:32:22,314 [WARNING] Warning: No endpoint provided for question type remapping.
2026-06-30 09:32:22,315 [WARNING] Skipping QuestionType.RANGE due to filter settings.
2026-06-30 09:32:22,315 [WARNING] Warning: No endpoint provided for question type remapping.
2026-06-30 09:32:22,315 [WARNING] Skipping QuestionType.RANGE due to filter settings.
2026-06-30 09:32:22,316 [WARNING] Warning: No endpoint provided for question type remapping.
2026-06-30 09:32:22,316 [WARNING] Skipping QuestionType.RANGE due to filter settings.
2026-06-30 09:32:22,316 [WARNING] Warning: No endpoint provided for question type remapping.
2026-06-30 09:32:22,317 [WARNING] Skipping QuestionType.RANGE due to filter settings.
2026-06-30 09:32:22,317 [WARNING] Warning: No endpoint provided for question type remapping.
2026-06-30 09:32:22,317 [WARNING] Skipping QuestionType.RANGE due to filter settings.
2026-06-30 09:32:22,317 [WARNING] Warning: No endpoint provided for question type remapping.
2026-06-30 09:32:22,318 [WARNING] Skipping QuestionType.RANGE due to filter settings.
2026-06-30 09:32:22,318 [WARNING] Warning: No endpoint provided for question type remapping.
2026-06-30 09:32:22,318 [WARNING] Skipping QuestionType.RANGE due to filter settings.
2026-06-30 09:32:22,318 [WARNING] Warning: No endpoint provided for question type remapping.
2026-06-30 09:32:22,319 [WARNING] Skipping QuestionType.RANGE due to filter settings.
2026-06-30 09:32:22,319 [WARNING] Warning: No endpoint provided for question type remapping.
2026-06-30 09:32:22,320 [WARNING] Skipping QuestionType.RANGE due to filter settings.
2026-06-30 09:32:22,320 [WARNING] Warning: No endpoint provided for question type remapping.
2026-06-30 09:32:22,320 [WARNING] Skipping QuestionType.RANGE due to filter settings.
2026-06-30 09:32:22,320 [WARNING] Warning: No endpoint provided for question type remapping.
2026-06-30 09:32:22,321 [WARNING] Skipping QuestionType.RANGE due to filter settings.
2026-06-30 09:32:22,321 [WARNING] Warning: No endpoint provided for question type remapping.
2026-06-30 09:32:22,321 [WARNING] Skipping QuestionType.RANGE due to filter settings.
2026-06-30 09:32:22,321 [WARNING] Warning: No endpoint provided for question type remapping.
2026-06-30 09:32:22,322 [WARNING] Skipping QuestionType.RANGE due to filter settings.
2026-06-30 09:32:22,322 [WARNING] Warning: No endpoint provided for question type remapping.
2026-06-30 09:32:22,322 [WARNING] Skipping QuestionType.RANGE due to filter settings.
2026-06-30 09:32:22,322 [WARNING] Warning: No endpoint provided for question type remapping.
2026-06-30 09:32:22,323 [WARNING] Skipping QuestionType.RANGE due to filter settings.
2026-06-30 09:32:22,323 [WARNING] Warning: No endpoint provided for question type remapping.
2026-06-30 09:32:22,323 [WARNING] Skipping QuestionType.RANGE due to filter settings.
2026-06-30 09:32:22,324 [WARNING] Warning: No endpoint provided for question type remapping.
2026-06-30 09:32:22,324 [WARNING] Skipping QuestionType.RANGE due to filter settings.
2026-06-30 09:32:22,324 [WARNING] Warning: No endpoint provided for question type remapping.
2026-06-30 09:32:22,324 [WARNING] Skipping QuestionType.RANGE due to filter settings.
2026-06-30 09:32:22,325 [WARNING] Warning: No endpoint provided for question type remapping.
2026-06-30 09:32:22,325 [WARNING] Skipping QuestionType.RANGE due to filter settings.
2026-06-30 09:32:22,325 [WARNING] Warning: No endpoint provided for question type remapping.
2026-06-30 09:32:22,325 [WARNING] Skipping QuestionType.RANGE due to filter settings.
2026-06-30 09:32:22,326 [WARNING] Warning: No endpoint provided for question type remapping.
2026-06-30 09:32:22,326 [WARNING] Skipping QuestionType.RANGE due to filter settings.
2026-06-30 09:32:22,326 [WARNING] Warning: No endpoint provided for question type remapping.
2026-06-30 09:32:22,326 [WARNING] Skipping QuestionType.RANGE due to filter settings.
2026-06-30 09:32:22,327 [WARNING] Warning: No endpoint provided for question type remapping.
2026-06-30 09:32:22,327 [WARNING] Skipping QuestionType.RANGE due to filter settings.
2026-06-30 09:32:22,327 [WARNING] Warning: No endpoint provided for question type remapping.
2026-06-30 09:32:22,327 [WARNING] Skipping QuestionType.RANGE due to filter settings.
2026-06-30 09:32:22,328 [WARNING] Warning: No endpoint provided for question type remapping.
2026-06-30 09:32:22,328 [WARNING] Skipping QuestionType.RANGE due to filter settings.
2026-06-30 09:32:22,328 [WARNING] Warning: No endpoint provided for question type remapping.
2026-06-30 09:32:22,328 [WARNING] Skipping QuestionType.RANGE due to filter settings.
2026-06-30 09:32:22,329 [WARNING] Warning: No endpoint provided for question type remapping.
2026-06-30 09:32:22,329 [WARNING] Skipping QuestionType.RANGE due to filter settings.
2026-06-30 09:32:22,329 [WARNING] Warning: No endpoint provided for question type remapping.
2026-06-30 09:32:22,329 [WARNING] Skipping QuestionType.RANGE due to filter settings.
2026-06-30 09:32:22,330 [WARNING] Warning: No endpoint provided for question type remapping.
2026-06-30 09:32:22,330 [WARNING] Skipping QuestionType.RANGE due to filter settings.
2026-06-30 09:32:22,330 [WARNING] Warning: No endpoint provided for question type remapping.
2026-06-30 09:32:22,331 [WARNING] Skipping QuestionType.RANGE due to filter settings.
2026-06-30 09:32:22,331 [WARNING] Warning: No endpoint provided for question type remapping.
2026-06-30 09:32:22,331 [WARNING] Skipping QuestionType.RANGE due to filter settings.
2026-06-30 09:32:22,331 [WARNING] Warning: No endpoint provided for question type remapping.
2026-06-30 09:32:22,332 [WARNING] Skipping QuestionType.RANGE due to filter settings.
2026-06-30 09:32:22,332 [WARNING] Warning: No endpoint provided for question type remapping.
2026-06-30 09:32:22,332 [WARNING] Skipping QuestionType.RANGE due to filter settings.
2026-06-30 09:32:22,332 [WARNING] Warning: No endpoint provided for question type remapping.
2026-06-30 09:32:22,333 [WARNING] Skipping QuestionType.RANGE due to filter settings.
2026-06-30 09:32:22,333 [WARNING] Warning: No endpoint provided for question type remapping.
2026-06-30 09:32:22,333 [WARNING] Skipping QuestionType.RANGE due to filter settings.
2026-06-30 09:32:22,333 [WARNING] Warning: No endpoint provided for question type remapping.
2026-06-30 09:32:22,334 [WARNING] Skipping QuestionType.RANGE due to filter settings.
2026-06-30 09:32:22,334 [WARNING] Warning: No endpoint provided for question type remapping.
2026-06-30 09:32:22,334 [WARNING] Skipping QuestionType.RANGE due to filter settings.
2026-06-30 09:32:22,334 [WARNING] Warning: No endpoint provided for question type remapping.
2026-06-30 09:32:22,335 [WARNING] Skipping QuestionType.RANGE due to filter settings.
2026-06-30 09:32:22,335 [WARNING] Warning: No endpoint provided for question type remapping.
2026-06-30 09:32:22,335 [WARNING] Skipping QuestionType.RANGE due to filter settings.
2026-06-30 09:32:22,336 [WARNING] Warning: No endpoint provided for question type remapping.
2026-06-30 09:32:22,336 [WARNING] Skipping QuestionType.RANGE due to filter settings.
2026-06-30 09:32:22,352 [WARNING] Warning: No endpoint provided for question type remapping.
2026-06-30 09:32:22,352 [WARNING] Skipping QuestionType.RANGE due to filter settings.
2026-06-30 09:32:22,352 [WARNING] Warning: No endpoint provided for question type remapping.
2026-06-30 09:32:22,352 [WARNING] Skipping QuestionType.RANGE due to filter settings.
2026-06-30 09:32:22,352 [WARNING] Warning: No endpoint provided for question type remapping.
2026-06-30 09:32:22,352 [WARNING] Skipping QuestionType.RANGE due to filter settings.
2026-06-30 09:32:22,352 [WARNING] Warning: No endpoint provided for question type remapping.
2026-06-30 09:32:22,352 [WARNING] Skipping QuestionType.RANGE due to filter settings.
2026-06-30 09:32:22,352 [WARNING] Warning: No endpoint provided for question type remapping.
2026-06-30 09:32:22,352 [WARNING] Skipping QuestionType.RANGE due to filter settings.
2026-06-30 09:32:22,352 [WARNING] Warning: No endpoint provided for question type remapping.
2026-06-30 09:32:22,355 [WARNING] Skipping QuestionType.RANGE due to filter settings.
2026-06-30 09:32:22,355 [WARNING] Warning: No endpoint provided for question type remapping.
2026-06-30 09:32:22,355 [WARNING] Skipping QuestionType.RANGE due to filter settings.
2026-06-30 09:32:22,355 [WARNING] Warning: No endpoint provided for question type remapping.
2026-06-30 09:32:22,355 [WARNING] Skipping QuestionType.RANGE due to filter settings.
2026-06-30 09:32:22,355 [WARNING] Warning: No endpoint provided for question type remapping.
2026-06-30 09:32:22,355 [WARNING] Skipping QuestionType.RANGE due to filter settings.
2026-06-30 09:32:22,355 [WARNING] Warning: No endpoint provided for question type remapping.
2026-06-30 09:32:22,355 [WARNING] Skipping QuestionType.RANGE due to filter settings.
2026-06-30 09:32:22,355 [WARNING] Warning: No endpoint provided for question type remapping.
2026-06-30 09:32:22,355 [WARNING] Skipping QuestionType.RANGE due to filter settings.
2026-06-30 09:32:22,355 [WARNING] Warning: No endpoint provided for question type remapping.
2026-06-30 09:32:22,355 [WARNING] Skipping QuestionType.RANGE due to filter settings.
2026-06-30 09:32:22,355 [WARNING] Warning: No endpoint provided for question type remapping.
2026-06-30 09:32:22,355 [WARNING] Skipping QuestionType.RANGE due to filter settings.
2026-06-30 09:32:22,355 [WARNING] Warning: No endpoint provided for question type remapping.
2026-06-30 09:32:22,355 [WARNING] Skipping QuestionType.RANGE due to filter settings.
2026-06-30 09:32:22,355 [WARNING] Warning: No endpoint provided for question type remapping.
2026-06-30 09:32:22,355 [WARNING] Skipping QuestionType.RANGE due to filter settings.
2026-06-30 09:32:22,355 [WARNING] Warning: No endpoint provided for question type remapping.
2026-06-30 09:32:22,355 [WARNING] Skipping QuestionType.RANGE due to filter settings.
2026-06-30 09:32:22,355 [WARNING] Warning: No endpoint provided for question type remapping.
2026-06-30 09:32:22,355 [WARNING] Skipping QuestionType.RANGE due to filter settings.
2026-06-30 09:32:22,355 [WARNING] Warning: No endpoint provided for question type remapping.
2026-06-30 09:32:22,355 [WARNING] Skipping QuestionType.RANGE due to filter settings.
2026-06-30 09:32:22,355 [WARNING] Warning: No endpoint provided for question type remapping.
2026-06-30 09:32:22,355 [WARNING] Skipping QuestionType.RANGE due to filter settings.
2026-06-30 09:32:22,355 [WARNING] Warning: No endpoint provided for question type remapping.
2026-06-30 09:32:22,355 [WARNING] Skipping QuestionType.RANGE due to filter settings.
2026-06-30 09:32:22,355 [WARNING] Warning: No endpoint provided for question type remapping.
2026-06-30 09:32:22,355 [WARNING] Skipping QuestionType.RANGE due to filter settings.
2026-06-30 09:32:22,355 [WARNING] Warning: No endpoint provided for question type remapping.
2026-06-30 09:32:22,355 [WARNING] Skipping QuestionType.RANGE due to filter settings.
2026-06-30 09:32:22,355 [WARNING] Warning: No endpoint provided for question type remapping.
2026-06-30 09:32:22,355 [WARNING] Skipping QuestionType.RANGE due to filter settings.
2026-06-30 09:32:22,355 [WARNING] Warning: No endpoint provided for question type remapping.
2026-06-30 09:32:22,355 [WARNING] Skipping QuestionType.RANGE due to filter settings.
2026-06-30 09:32:22,357 [WARNING] Warning: No endpoint provided for question type remapping.
2026-06-30 09:32:22,357 [WARNING] Skipping QuestionType.RANGE due to filter settings.
2026-06-30 09:32:22,357 [WARNING] Warning: No endpoint provided for question type remapping.
2026-06-30 09:32:22,357 [WARNING] Skipping QuestionType.RANGE due to filter settings.
2026-06-30 09:32:22,357 [WARNING] Warning: No endpoint provided for question type remapping.
2026-06-30 09:32:22,357 [WARNING] Skipping QuestionType.RANGE due to filter settings.
2026-06-30 09:32:22,357 [WARNING] Warning: No endpoint provided for question type remapping.
2026-06-30 09:32:22,357 [WARNING] Skipping QuestionType.RANGE due to filter settings.
2026-06-30 09:32:22,357 [WARNING] Warning: No endpoint provided for question type remapping.
2026-06-30 09:32:22,357 [WARNING] Skipping QuestionType.RANGE due to filter settings.
2026-06-30 09:32:22,358 [WARNING] Warning: No endpoint provided for question type remapping.
2026-06-30 09:32:22,358 [WARNING] Skipping QuestionType.RANGE due to filter settings.
2026-06-30 09:32:22,358 [WARNING] Warning: No endpoint provided for question type remapping.
2026-06-30 09:32:22,358 [WARNING] Skipping QuestionType.RANGE due to filter settings.
2026-06-30 09:32:22,358 [WARNING] Warning: No endpoint provided for question type remapping.
2026-06-30 09:32:22,358 [WARNING] Skipping QuestionType.RANGE due to filter settings.
2026-06-30 09:32:22,358 [WARNING] Warning: No endpoint provided for question type remapping.
2026-06-30 09:32:22,358 [WARNING] Skipping QuestionType.RANGE due to filter settings.
2026-06-30 09:32:22,358 [WARNING] Warning: No endpoint provided for question type remapping.
2026-06-30 09:32:22,358 [WARNING] Skipping QuestionType.RANGE due to filter settings.
2026-06-30 09:32:22,358 [WARNING] Warning: No endpoint provided for question type remapping.
2026-06-30 09:32:22,358 [WARNING] Skipping QuestionType.RANGE due to filter settings.
2026-06-30 09:32:22,358 [WARNING] Warning: No endpoint provided for question type remapping.
2026-06-30 09:32:22,358 [WARNING] Skipping QuestionType.RANGE due to filter settings.
2026-06-30 09:32:22,358 [WARNING] Warning: No endpoint provided for question type remapping.
2026-06-30 09:32:22,358 [WARNING] Skipping QuestionType.RANGE due to filter settings.
2026-06-30 09:32:22,358 [WARNING] Warning: No endpoint provided for question type remapping.
2026-06-30 09:32:22,358 [WARNING] Skipping QuestionType.RANGE due to filter settings.
2026-06-30 09:32:22,358 [WARNING] Warning: No endpoint provided for question type remapping.
2026-06-30 09:32:22,358 [WARNING] Skipping QuestionType.RANGE due to filter settings.
2026-06-30 09:32:22,358 [WARNING] Warning: No endpoint provided for question type remapping.
2026-06-30 09:32:22,358 [WARNING] Skipping QuestionType.RANGE due to filter settings.
2026-06-30 09:32:22,358 [WARNING] Warning: No endpoint provided for question type remapping.
2026-06-30 09:32:22,358 [WARNING] Skipping QuestionType.RANGE due to filter settings.
2026-06-30 09:32:22,358 [WARNING] Warning: No endpoint provided for question type remapping.
2026-06-30 09:32:22,358 [WARNING] Skipping QuestionType.RANGE due to filter settings.
2026-06-30 09:32:22,358 [WARNING] Warning: No endpoint provided for question type remapping.
2026-06-30 09:32:22,358 [WARNING] Skipping QuestionType.RANGE due to filter settings.
2026-06-30 09:32:22,358 [WARNING] Warning: No endpoint provided for question type remapping.
2026-06-30 09:32:22,358 [WARNING] Skipping QuestionType.RANGE due to filter settings.
2026-06-30 09:32:22,358 [WARNING] Warning: No endpoint provided for question type remapping.
2026-06-30 09:32:22,358 [WARNING] Skipping QuestionType.RANGE due to filter settings.
2026-06-30 09:32:22,358 [WARNING] Warning: No endpoint provided for question type remapping.
2026-06-30 09:32:22,358 [WARNING] Skipping QuestionType.RANGE due to filter settings.
2026-06-30 09:32:22,358 [WARNING] Warning: No endpoint provided for question type remapping.
2026-06-30 09:32:22,358 [WARNING] Skipping QuestionType.RANGE due to filter settings.
2026-06-30 09:32:22,358 [WARNING] Warning: No endpoint provided for question type remapping.
2026-06-30 09:32:22,358 [WARNING] Skipping QuestionType.RANGE due to filter settings.
2026-06-30 09:32:22,358 [WARNING] Warning: No endpoint provided for question type remapping.
2026-06-30 09:32:22,358 [WARNING] Skipping QuestionType.RANGE due to filter settings.
2026-06-30 09:32:22,358 [WARNING] Warning: No endpoint provided for question type remapping.
2026-06-30 09:32:22,358 [WARNING] Skipping QuestionType.RANGE due to filter settings.
2026-06-30 09:32:22,358 [WARNING] Warning: No endpoint provided for question type remapping.
2026-06-30 09:32:22,358 [WARNING] Skipping QuestionType.RANGE due to filter settings.
2026-06-30 09:32:22,358 [WARNING] Warning: No endpoint provided for question type remapping.
2026-06-30 09:32:22,358 [WARNING] Skipping QuestionType.RANGE due to filter settings.
2026-06-30 09:32:22,358 [WARNING] Warning: No endpoint provided for question type remapping.
2026-06-30 09:32:22,358 [WARNING] Skipping QuestionType.RANGE due to filter settings.
2026-06-30 09:32:22,358 [WARNING] Warning: No endpoint provided for question type remapping.
2026-06-30 09:32:22,358 [WARNING] Skipping QuestionType.RANGE due to filter settings.
2026-06-30 09:32:22,358 [WARNING] Warning: No endpoint provided for question type remapping.
2026-06-30 09:32:22,358 [WARNING] Skipping QuestionType.RANGE due to filter settings.
2026-06-30 09:32:22,358 [WARNING] Warning: No endpoint provided for question type remapping.
2026-06-30 09:32:22,358 [WARNING] Skipping QuestionType.RANGE due to filter settings.
2026-06-30 09:32:22,358 [WARNING] Warning: No endpoint provided for question type remapping.
2026-06-30 09:32:22,358 [WARNING] Skipping QuestionType.RANGE due to filter settings.
2026-06-30 09:32:22,358 [WARNING] Warning: No endpoint provided for question type remapping.
2026-06-30 09:32:22,358 [WARNING] Skipping QuestionType.RANGE due to filter settings.
2026-06-30 09:32:22,358 [WARNING] Warning: No endpoint provided for question type remapping.
2026-06-30 09:32:22,358 [WARNING] Skipping QuestionType.RANGE due to filter settings.
2026-06-30 09:32:22,358 [WARNING] Warning: No endpoint provided for question type remapping.
2026-06-30 09:32:22,358 [WARNING] Skipping QuestionType.RANGE due to filter settings.
2026-06-30 09:32:22,358 [WARNING] Warning: No endpoint provided for question type remapping.
2026-06-30 09:32:22,358 [WARNING] Skipping QuestionType.RANGE due to filter settings.
2026-06-30 09:32:22,358 [WARNING] Warning: No endpoint provided for question type remapping.
2026-06-30 09:32:22,359 [WARNING] Skipping QuestionType.RANGE due to filter settings.
2026-06-30 09:32:22,359 [WARNING] Warning: No endpoint provided for question type remapping.
2026-06-30 09:32:22,359 [WARNING] Skipping QuestionType.RANGE due to filter settings.
2026-06-30 09:32:22,359 [WARNING] Warning: No endpoint provided for question type remapping.
2026-06-30 09:32:22,359 [WARNING] Skipping QuestionType.RANGE due to filter settings.
2026-06-30 09:32:22,368 [WARNING] Warning: No endpoint provided for question type remapping.
2026-06-30 09:32:22,368 [WARNING] Skipping QuestionType.RANGE due to filter settings.
2026-06-30 09:32:22,368 [WARNING] Warning: No endpoint provided for question type remapping.
2026-06-30 09:32:22,368 [WARNING] Skipping QuestionType.RANGE due to filter settings.
2026-06-30 09:32:22,368 [WARNING] Warning: No endpoint provided for question type remapping.
2026-06-30 09:32:22,368 [WARNING] Skipping QuestionType.RANGE due to filter settings.
2026-06-30 09:32:22,368 [WARNING] Warning: No endpoint provided for question type remapping.
2026-06-30 09:32:22,368 [WARNING] Skipping QuestionType.RANGE due to filter settings.
2026-06-30 09:32:22,373 [WARNING] Warning: No endpoint provided for question type remapping.
2026-06-30 09:32:22,373 [WARNING] Skipping QuestionType.RANGE due to filter settings.
2026-06-30 09:32:22,373 [WARNING] Warning: No endpoint provided for question type remapping.
2026-06-30 09:32:22,373 [WARNING] Skipping QuestionType.RANGE due to filter settings.
2026-06-30 09:32:22,373 [WARNING] Warning: No endpoint provided for question type remapping.
2026-06-30 09:32:22,373 [WARNING] Skipping QuestionType.RANGE due to filter settings.
2026-06-30 09:32:22,373 [WARNING] Warning: No endpoint provided for question type remapping.
2026-06-30 09:32:22,373 [WARNING] Skipping QuestionType.RANGE due to filter settings.
2026-06-30 09:32:22,373 [WARNING] Warning: No endpoint provided for question type remapping.
2026-06-30 09:32:22,373 [WARNING] Skipping QuestionType.RANGE due to filter settings.
2026-06-30 09:32:22,373 [WARNING] Warning: No endpoint provided for question type remapping.
2026-06-30 09:32:22,373 [WARNING] Skipping QuestionType.RANGE due to filter settings.
2026-06-30 09:32:22,373 [WARNING] Warning: No endpoint provided for question type remapping.
2026-06-30 09:32:22,373 [WARNING] Skipping QuestionType.RANGE due to filter settings.
2026-06-30 09:32:22,373 [WARNING] Warning: No endpoint provided for question type remapping.
2026-06-30 09:32:22,373 [WARNING] Skipping QuestionType.RANGE due to filter settings.
2026-06-30 09:32:22,373 [WARNING] Warning: No endpoint provided for question type remapping.
2026-06-30 09:32:22,373 [WARNING] Skipping QuestionType.RANGE due to filter settings.
2026-06-30 09:32:22,373 [WARNING] Warning: No endpoint provided for question type remapping.
2026-06-30 09:32:22,373 [WARNING] Skipping QuestionType.RANGE due to filter settings.
2026-06-30 09:32:22,373 [WARNING] Warning: No endpoint provided for question type remapping.
2026-06-30 09:32:22,373 [WARNING] Skipping QuestionType.RANGE due to filter settings.
2026-06-30 09:32:22,373 [WARNING] Warning: No endpoint provided for question type remapping.
2026-06-30 09:32:22,374 [WARNING] Skipping QuestionType.RANGE due to filter settings.
2026-06-30 09:32:22,374 [WARNING] Warning: No endpoint provided for question type remapping.
2026-06-30 09:32:22,376 [WARNING] Skipping QuestionType.RANGE due to filter settings.
2026-06-30 09:32:22,376 [WARNING] Warning: No endpoint provided for question type remapping.
2026-06-30 09:32:22,376 [WARNING] Skipping QuestionType.RANGE due to filter settings.
2026-06-30 09:32:22,376 [WARNING] Warning: No endpoint provided for question type remapping.
2026-06-30 09:32:22,376 [WARNING] Skipping QuestionType.RANGE due to filter settings.
2026-06-30 09:32:22,376 [WARNING] Warning: No endpoint provided for question type remapping.
2026-06-30 09:32:22,376 [WARNING] Skipping QuestionType.RANGE due to filter settings.
2026-06-30 09:32:22,376 [WARNING] Warning: No endpoint provided for question type remapping.
2026-06-30 09:32:22,376 [WARNING] Skipping QuestionType.RANGE due to filter settings.
2026-06-30 09:32:22,376 [WARNING] Warning: No endpoint provided for question type remapping.
2026-06-30 09:32:22,376 [WARNING] Skipping QuestionType.RANGE due to filter settings.
2026-06-30 09:32:22,376 [WARNING] Warning: No endpoint provided for question type remapping.
2026-06-30 09:32:22,376 [WARNING] Skipping QuestionType.RANGE due to filter settings.
2026-06-30 09:32:22,376 [WARNING] Warning: No endpoint provided for question type remapping.
2026-06-30 09:32:22,376 [WARNING] Skipping QuestionType.RANGE due to filter settings.
2026-06-30 09:32:22,376 [WARNING] Warning: No endpoint provided for question type remapping.
2026-06-30 09:32:22,376 [WARNING] Skipping QuestionType.RANGE due to filter settings.
2026-06-30 09:32:22,376 [WARNING] Warning: No endpoint provided for question type remapping.
2026-06-30 09:32:22,376 [WARNING] Skipping QuestionType.RANGE due to filter settings.
2026-06-30 09:32:22,376 [WARNING] Warning: No endpoint provided for question type remapping.
2026-06-30 09:32:22,376 [WARNING] Skipping QuestionType.RANGE due to filter settings.
2026-06-30 09:32:22,378 [WARNING] Warning: No endpoint provided for question type remapping.
2026-06-30 09:32:22,378 [WARNING] Skipping QuestionType.RANGE due to filter settings.
2026-06-30 09:32:22,378 [WARNING] Warning: No endpoint provided for question type remapping.
2026-06-30 09:32:22,378 [WARNING] Skipping QuestionType.RANGE due to filter settings.
2026-06-30 09:32:22,378 [WARNING] Warning: No endpoint provided for question type remapping.
2026-06-30 09:32:22,378 [WARNING] Skipping QuestionType.RANGE due to filter settings.
2026-06-30 09:32:22,378 [WARNING] Warning: No endpoint provided for question type remapping.
2026-06-30 09:32:22,378 [WARNING] Skipping QuestionType.RANGE due to filter settings.
2026-06-30 09:32:22,378 [WARNING] Warning: No endpoint provided for question type remapping.
2026-06-30 09:32:22,378 [WARNING] Skipping QuestionType.RANGE due to filter settings.
2026-06-30 09:32:22,378 [WARNING] Warning: No endpoint provided for question type remapping.
2026-06-30 09:32:22,378 [WARNING] Skipping QuestionType.RANGE due to filter settings.
2026-06-30 09:32:22,378 [WARNING] Warning: No endpoint provided for question type remapping.
2026-06-30 09:32:22,378 [WARNING] Skipping QuestionType.RANGE due to filter settings.
2026-06-30 09:32:22,378 [WARNING] Warning: No endpoint provided for question type remapping.
2026-06-30 09:32:22,378 [WARNING] Skipping QuestionType.RANGE due to filter settings.
2026-06-30 09:32:22,378 [WARNING] Warning: No endpoint provided for question type remapping.
2026-06-30 09:32:22,378 [WARNING] Skipping QuestionType.RANGE due to filter settings.
2026-06-30 09:32:22,378 [WARNING] Warning: No endpoint provided for question type remapping.
2026-06-30 09:32:22,378 [WARNING] Skipping QuestionType.RANGE due to filter settings.
2026-06-30 09:32:22,378 [WARNING] Warning: No endpoint provided for question type remapping.
2026-06-30 09:32:22,378 [WARNING] Skipping QuestionType.RANGE due to filter settings.
2026-06-30 09:32:22,378 [WARNING] Warning: No endpoint provided for question type remapping.
2026-06-30 09:32:22,378 [WARNING] Skipping QuestionType.RANGE due to filter settings.
2026-06-30 09:32:22,378 [WARNING] Warning: No endpoint provided for question type remapping.
2026-06-30 09:32:22,378 [WARNING] Skipping QuestionType.RANGE due to filter settings.
2026-06-30 09:32:22,378 [WARNING] Warning: No endpoint provided for question type remapping.
2026-06-30 09:32:22,378 [WARNING] Skipping QuestionType.RANGE due to filter settings.
2026-06-30 09:32:22,378 [WARNING] Warning: No endpoint provided for question type remapping.
2026-06-30 09:32:22,378 [WARNING] Skipping QuestionType.RANGE due to filter settings.
2026-06-30 09:32:22,379 [WARNING] Warning: No endpoint provided for question type remapping.
2026-06-30 09:32:22,379 [WARNING] Skipping QuestionType.RANGE due to filter settings.
2026-06-30 09:32:22,379 [WARNING] Warning: No endpoint provided for question type remapping.
2026-06-30 09:32:22,379 [WARNING] Skipping QuestionType.RANGE due to filter settings.
2026-06-30 09:32:22,379 [WARNING] Warning: No endpoint provided for question type remapping.
2026-06-30 09:32:22,379 [WARNING] Skipping QuestionType.RANGE due to filter settings.
2026-06-30 09:32:22,379 [WARNING] Warning: No endpoint provided for question type remapping.
2026-06-30 09:32:22,379 [WARNING] Skipping QuestionType.RANGE due to filter settings.
2026-06-30 09:32:22,379 [WARNING] Warning: No endpoint provided for question type remapping.
2026-06-30 09:32:22,379 [WARNING] Skipping QuestionType.RANGE due to filter settings.
2026-06-30 09:32:22,379 [WARNING] Warning: No endpoint provided for question type remapping.
2026-06-30 09:32:22,379 [WARNING] Skipping QuestionType.RANGE due to filter settings.
2026-06-30 09:32:22,379 [WARNING] Warning: No endpoint provided for question type remapping.
2026-06-30 09:32:22,379 [WARNING] Skipping QuestionType.RANGE due to filter settings.
2026-06-30 09:32:22,379 [WARNING] Warning: No endpoint provided for question type remapping.
2026-06-30 09:32:22,379 [WARNING] Skipping QuestionType.RANGE due to filter settings.
2026-06-30 09:32:22,379 [WARNING] Warning: No endpoint provided for question type remapping.
2026-06-30 09:32:22,379 [WARNING] Skipping QuestionType.RANGE due to filter settings.
2026-06-30 09:32:22,379 [WARNING] Warning: No endpoint provided for question type remapping.
2026-06-30 09:32:22,379 [WARNING] Skipping QuestionType.RANGE due to filter settings.
2026-06-30 09:32:22,379 [WARNING] Warning: No endpoint provided for question type remapping.
2026-06-30 09:32:22,379 [WARNING] Skipping QuestionType.RANGE due to filter settings.
2026-06-30 09:32:22,379 [WARNING] Warning: No endpoint provided for question type remapping.
2026-06-30 09:32:22,379 [WARNING] Skipping QuestionType.RANGE due to filter settings.
2026-06-30 09:32:22,379 [WARNING] Warning: No endpoint provided for question type remapping.
2026-06-30 09:32:22,379 [WARNING] Skipping QuestionType.RANGE due to filter settings.
2026-06-30 09:32:22,379 [WARNING] Warning: No endpoint provided for question type remapping.
2026-06-30 09:32:22,379 [WARNING] Skipping QuestionType.RANGE due to filter settings.
2026-06-30 09:32:22,379 [WARNING] Warning: No endpoint provided for question type remapping.
2026-06-30 09:32:22,379 [WARNING] Skipping QuestionType.RANGE due to filter settings.
2026-06-30 09:32:22,379 [WARNING] Warning: No endpoint provided for question type remapping.
2026-06-30 09:32:22,384 [WARNING] Skipping QuestionType.RANGE due to filter settings.
2026-06-30 09:32:22,384 [WARNING] Warning: No endpoint provided for question type remapping.
2026-06-30 09:32:22,384 [WARNING] Skipping QuestionType.RANGE due to filter settings.
2026-06-30 09:32:22,384 [WARNING] Warning: No endpoint provided for question type remapping.
2026-06-30 09:32:22,384 [WARNING] Skipping QuestionType.RANGE due to filter settings.
2026-06-30 09:32:22,384 [WARNING] Warning: No endpoint provided for question type remapping.
2026-06-30 09:32:22,384 [WARNING] Skipping QuestionType.RANGE due to filter settings.
2026-06-30 09:32:22,384 [WARNING] Warning: No endpoint provided for question type remapping.
2026-06-30 09:32:22,384 [WARNING] Skipping QuestionType.RANGE due to filter settings.
2026-06-30 09:32:22,384 [WARNING] Warning: No endpoint provided for question type remapping.
2026-06-30 09:32:22,384 [WARNING] Skipping QuestionType.RANGE due to filter settings.
2026-06-30 09:32:22,384 [WARNING] Warning: No endpoint provided for question type remapping.
2026-06-30 09:32:22,384 [WARNING] Skipping QuestionType.RANGE due to filter settings.
2026-06-30 09:32:22,384 [WARNING] Warning: No endpoint provided for question type remapping.
2026-06-30 09:32:22,384 [WARNING] Skipping QuestionType.RANGE due to filter settings.
2026-06-30 09:32:22,384 [WARNING] Warning: No endpoint provided for question type remapping.
2026-06-30 09:32:22,384 [WARNING] Skipping QuestionType.RANGE due to filter settings.
2026-06-30 09:32:22,384 [WARNING] Warning: No endpoint provided for question type remapping.
2026-06-30 09:32:22,384 [WARNING] Skipping QuestionType.RANGE due to filter settings.
2026-06-30 09:32:22,384 [WARNING] Warning: No endpoint provided for question type remapping.
2026-06-30 09:32:22,384 [WARNING] Skipping QuestionType.RANGE due to filter settings.
2026-06-30 09:32:22,384 [WARNING] Warning: No endpoint provided for question type remapping.
2026-06-30 09:32:22,384 [WARNING] Skipping QuestionType.RANGE due to filter settings.
2026-06-30 09:32:22,384 [WARNING] Warning: No endpoint provided for question type remapping.
2026-06-30 09:32:22,384 [WARNING] Skipping QuestionType.RANGE due to filter settings.
2026-06-30 09:32:22,386 [WARNING] Warning: No endpoint provided for question type remapping.
2026-06-30 09:32:22,386 [WARNING] Skipping QuestionType.RANGE due to filter settings.
2026-06-30 09:32:22,386 [WARNING] Warning: No endpoint provided for question type remapping.
2026-06-30 09:32:22,388 [WARNING] Skipping QuestionType.RANGE due to filter settings.
2026-06-30 09:32:22,388 [WARNING] Warning: No endpoint provided for question type remapping.
2026-06-30 09:32:22,388 [WARNING] Skipping QuestionType.RANGE due to filter settings.
2026-06-30 09:32:22,388 [WARNING] Warning: No endpoint provided for question type remapping.
2026-06-30 09:32:22,388 [WARNING] Skipping QuestionType.RANGE due to filter settings.
2026-06-30 09:32:22,388 [WARNING] Warning: No endpoint provided for question type remapping.
2026-06-30 09:32:22,388 [WARNING] Skipping QuestionType.RANGE due to filter settings.
2026-06-30 09:32:22,388 [WARNING] Warning: No endpoint provided for question type remapping.
2026-06-30 09:32:22,388 [WARNING] Skipping QuestionType.RANGE due to filter settings.
2026-06-30 09:32:22,388 [WARNING] Warning: No endpoint provided for question type remapping.
2026-06-30 09:32:22,388 [WARNING] Skipping QuestionType.RANGE due to filter settings.
2026-06-30 09:32:22,388 [WARNING] Warning: No endpoint provided for question type remapping.
2026-06-30 09:32:22,388 [WARNING] Skipping QuestionType.RANGE due to filter settings.
2026-06-30 09:32:22,388 [WARNING] Warning: No endpoint provided for question type remapping.
2026-06-30 09:32:22,388 [WARNING] Skipping QuestionType.RANGE due to filter settings.
2026-06-30 09:32:22,389 [WARNING] Warning: No endpoint provided for question type remapping.
2026-06-30 09:32:22,389 [WARNING] Skipping QuestionType.RANGE due to filter settings.
2026-06-30 09:32:22,389 [WARNING] Warning: No endpoint provided for question type remapping.
2026-06-30 09:32:22,389 [WARNING] Skipping QuestionType.RANGE due to filter settings.
2026-06-30 09:32:22,389 [WARNING] Warning: No endpoint provided for question type remapping.
2026-06-30 09:32:22,389 [WARNING] Skipping QuestionType.RANGE due to filter settings.
2026-06-30 09:32:22,391 [WARNING] Warning: No endpoint provided for question type remapping.
2026-06-30 09:32:22,392 [WARNING] Skipping QuestionType.RANGE due to filter settings.
2026-06-30 09:32:22,392 [WARNING] Warning: No endpoint provided for question type remapping.
2026-06-30 09:32:22,392 [WARNING] Skipping QuestionType.RANGE due to filter settings.
2026-06-30 09:32:22,392 [WARNING] Warning: No endpoint provided for question type remapping.
2026-06-30 09:32:22,393 [WARNING] Skipping QuestionType.RANGE due to filter settings.
2026-06-30 09:32:22,393 [WARNING] Warning: No endpoint provided for question type remapping.
2026-06-30 09:32:22,393 [WARNING] Skipping QuestionType.RANGE due to filter settings.
2026-06-30 09:32:22,393 [WARNING] Warning: No endpoint provided for question type remapping.
2026-06-30 09:32:22,394 [WARNING] Skipping QuestionType.RANGE due to filter settings.
2026-06-30 09:32:22,394 [WARNING] Warning: No endpoint provided for question type remapping.
2026-06-30 09:32:22,394 [WARNING] Skipping QuestionType.RANGE due to filter settings.
2026-06-30 09:32:22,394 [WARNING] Warning: No endpoint provided for question type remapping.
2026-06-30 09:32:22,395 [WARNING] Skipping QuestionType.RANGE due to filter settings.
2026-06-30 09:32:22,395 [WARNING] Warning: No endpoint provided for question type remapping.
2026-06-30 09:32:22,395 [WARNING] Skipping QuestionType.RANGE due to filter settings.
2026-06-30 09:32:22,395 [WARNING] Warning: No endpoint provided for question type remapping.
2026-06-30 09:32:22,395 [WARNING] Skipping QuestionType.RANGE due to filter settings.
2026-06-30 09:32:22,395 [WARNING] Warning: No endpoint provided for question type remapping.
2026-06-30 09:32:22,395 [WARNING] Skipping QuestionType.RANGE due to filter settings.
2026-06-30 09:32:22,396 [WARNING] Warning: No endpoint provided for question type remapping.
2026-06-30 09:32:22,396 [WARNING] Skipping QuestionType.RANGE due to filter settings.
2026-06-30 09:32:22,397 [WARNING] Warning: No endpoint provided for question type remapping.
2026-06-30 09:32:22,397 [WARNING] Skipping QuestionType.RANGE due to filter settings.
2026-06-30 09:32:22,397 [WARNING] Warning: No endpoint provided for question type remapping.
2026-06-30 09:32:22,397 [WARNING] Skipping QuestionType.RANGE due to filter settings.
2026-06-30 09:32:22,397 [WARNING] Warning: No endpoint provided for question type remapping.
2026-06-30 09:32:22,397 [WARNING] Skipping QuestionType.RANGE due to filter settings.
2026-06-30 09:32:22,406 [WARNING] Warning: No endpoint provided for question type remapping.
2026-06-30 09:32:22,406 [WARNING] Skipping QuestionType.RANGE due to filter settings.
2026-06-30 09:32:22,406 [WARNING] Warning: No endpoint provided for question type remapping.
2026-06-30 09:32:22,406 [WARNING] Skipping QuestionType.RANGE due to filter settings.
2026-06-30 09:32:22,406 [WARNING] Warning: No endpoint provided for question type remapping.
2026-06-30 09:32:22,406 [WARNING] Skipping QuestionType.RANGE due to filter settings.
2026-06-30 09:32:22,406 [WARNING] Warning: No endpoint provided for question type remapping.
2026-06-30 09:32:22,406 [WARNING] Skipping QuestionType.RANGE due to filter settings.
2026-06-30 09:32:22,406 [WARNING] Warning: No endpoint provided for question type remapping.
2026-06-30 09:32:22,406 [WARNING] Skipping QuestionType.RANGE due to filter settings.
2026-06-30 09:32:22,406 [WARNING] Warning: No endpoint provided for question type remapping.
2026-06-30 09:32:22,406 [WARNING] Skipping QuestionType.RANGE due to filter settings.
2026-06-30 09:32:22,406 [WARNING] Warning: No endpoint provided for question type remapping.
2026-06-30 09:32:22,406 [WARNING] Skipping QuestionType.RANGE due to filter settings.
2026-06-30 09:32:22,406 [WARNING] Warning: No endpoint provided for question type remapping.
2026-06-30 09:32:22,406 [WARNING] Skipping QuestionType.RANGE due to filter settings.
2026-06-30 09:32:22,406 [WARNING] Warning: No endpoint provided for question type remapping.
2026-06-30 09:32:22,406 [WARNING] Skipping QuestionType.RANGE due to filter settings.
2026-06-30 09:32:22,406 [WARNING] Warning: No endpoint provided for question type remapping.
2026-06-30 09:32:22,406 [WARNING] Skipping QuestionType.RANGE due to filter settings.
2026-06-30 09:32:22,406 [WARNING] Warning: No endpoint provided for question type remapping.
2026-06-30 09:32:22,406 [WARNING] Skipping QuestionType.RANGE due to filter settings.
2026-06-30 09:32:22,406 [WARNING] Warning: No endpoint provided for question type remapping.
2026-06-30 09:32:22,406 [WARNING] Skipping QuestionType.RANGE due to filter settings.
2026-06-30 09:32:22,406 [WARNING] Warning: No endpoint provided for question type remapping.
2026-06-30 09:32:22,406 [WARNING] Skipping QuestionType.RANGE due to filter settings.
2026-06-30 09:32:22,406 [WARNING] Warning: No endpoint provided for question type remapping.
2026-06-30 09:32:22,406 [WARNING] Skipping QuestionType.RANGE due to filter settings.
2026-06-30 09:32:22,406 [WARNING] Warning: No endpoint provided for question type remapping.
2026-06-30 09:32:22,406 [WARNING] Skipping QuestionType.RANGE due to filter settings.
2026-06-30 09:32:22,406 [WARNING] Warning: No endpoint provided for question type remapping.
2026-06-30 09:32:22,406 [WARNING] Skipping QuestionType.RANGE due to filter settings.
2026-06-30 09:32:22,407 [WARNING] Warning: No endpoint provided for question type remapping.
2026-06-30 09:32:22,407 [WARNING] Skipping QuestionType.RANGE due to filter settings.
2026-06-30 09:32:22,407 [INFO]     Querying model gemini-2.5-flash with 580 message(s), temperature: 0.2
2026-06-30 09:32:22,407 [WARNING] Message is empty, skipping.
2026-06-30 09:32:22,407 [INFO] ('', None, [{}], {'error': 'Message is empty'})
2026-06-30 09:32:22,407 [WARNING] Message is empty, skipping.
2026-06-30 09:32:22,407 [INFO] ('', None, [{}], {'error': 'Message is empty'})
2026-06-30 09:32:22,407 [WARNING] Message is empty, skipping.
2026-06-30 09:32:22,407 [INFO] ('', None, [{}], {'error': 'Message is empty'})
2026-06-30 09:32:22,407 [WARNING] Message is empty, skipping.
2026-06-30 09:32:22,407 [INFO] ('', None, [{}], {'error': 'Message is empty'})
2026-06-30 09:32:22,407 [WARNING] Message is empty, skipping.
2026-06-30 09:32:22,409 [INFO] ('', None, [{}], {'error': 'Message is empty'})
2026-06-30 09:32:22,409 [WARNING] Message is empty, skipping.
2026-06-30 09:32:22,409 [INFO] ('', None, [{}], {'error': 'Message is empty'})
2026-06-30 09:32:22,409 [WARNING] Message is empty, skipping.
2026-06-30 09:32:22,414 [INFO] ('', None, [{}], {'error': 'Message is empty'})
2026-06-30 09:32:22,414 [WARNING] Message is empty, skipping.
2026-06-30 09:32:22,414 [INFO] ('', None, [{}], {'error': 'Message is empty'})
2026-06-30 09:32:22,414 [WARNING] Message is empty, skipping.
2026-06-30 09:32:22,414 [INFO] ('', None, [{}], {'error': 'Message is empty'})
2026-06-30 09:32:22,414 [WARNING] Message is empty, skipping.
2026-06-30 09:32:22,418 [INFO] ('', None, [{}], {'error': 'Message is empty'})
2026-06-30 09:32:22,418 [WARNING] Message is empty, skipping.
2026-06-30 09:32:22,418 [INFO] ('', None, [{}], {'error': 'Message is empty'})
2026-06-30 09:32:22,418 [WARNING] Message is empty, skipping.
2026-06-30 09:32:22,418 [INFO] ('', None, [{}], {'error': 'Message is empty'})
2026-06-30 09:32:22,419 [WARNING] Message is empty, skipping.
2026-06-30 09:32:22,419 [INFO] ('', None, [{}], {'error': 'Message is empty'})
2026-06-30 09:32:22,419 [WARNING] Message is empty, skipping.
2026-06-30 09:32:22,419 [INFO] ('', None, [{}], {'error': 'Message is empty'})
2026-06-30 09:32:22,419 [WARNING] Message is empty, skipping.
2026-06-30 09:32:22,419 [INFO] ('', None, [{}], {'error': 'Message is empty'})
2026-06-30 09:32:22,419 [WARNING] Message is empty, skipping.
2026-06-30 09:32:22,430 [INFO] ('', None, [{}], {'error': 'Message is empty'})
2026-06-30 09:32:22,430 [WARNING] Message is empty, skipping.
2026-06-30 09:32:22,430 [INFO] ('', None, [{}], {'error': 'Message is empty'})
2026-06-30 09:32:22,430 [WARNING] Message is empty, skipping.
2026-06-30 09:32:22,430 [INFO] ('', None, [{}], {'error': 'Message is empty'})
2026-06-30 09:32:22,431 [WARNING] Message is empty, skipping.
2026-06-30 09:32:22,431 [INFO] ('', None, [{}], {'error': 'Message is empty'})
2026-06-30 09:32:22,431 [WARNING] Message is empty, skipping.
2026-06-30 09:32:22,433 [INFO] ('', None, [{}], {'error': 'Message is empty'})
2026-06-30 09:32:22,433 [WARNING] Message is empty, skipping.
2026-06-30 09:32:22,433 [INFO] ('', None, [{}], {'error': 'Message is empty'})
2026-06-30 09:32:22,433 [WARNING] Message is empty, skipping.
2026-06-30 09:32:22,433 [INFO] ('', None, [{}], {'error': 'Message is empty'})
2026-06-30 09:32:22,433 [WARNING] Message is empty, skipping.
2026-06-30 09:32:22,434 [INFO] ('', None, [{}], {'error': 'Message is empty'})
2026-06-30 09:32:22,434 [WARNING] Message is empty, skipping.
2026-06-30 09:32:22,434 [INFO] ('', None, [{}], {'error': 'Message is empty'})
2026-06-30 09:32:22,434 [WARNING] Message is empty, skipping.
2026-06-30 09:32:22,435 [INFO] ('', None, [{}], {'error': 'Message is empty'})
2026-06-30 09:32:22,435 [WARNING] Message is empty, skipping.
2026-06-30 09:32:22,435 [INFO] ('', None, [{}], {'error': 'Message is empty'})
2026-06-30 09:32:22,435 [WARNING] Message is empty, skipping.
2026-06-30 09:32:22,435 [INFO] ('', None, [{}], {'error': 'Message is empty'})
2026-06-30 09:32:22,435 [WARNING] Message is empty, skipping.
2026-06-30 09:32:22,435 [INFO] ('', None, [{}], {'error': 'Message is empty'})
2026-06-30 09:32:22,435 [WARNING] Message is empty, skipping.
2026-06-30 09:32:22,435 [INFO] ('', None, [{}], {'error': 'Message is empty'})
2026-06-30 09:32:22,443 [WARNING] Message is empty, skipping.
2026-06-30 09:32:22,443 [INFO] ('', None, [{}], {'error': 'Message is empty'})
2026-06-30 09:32:22,443 [WARNING] Message is empty, skipping.
2026-06-30 09:32:22,443 [INFO] ('', None, [{}], {'error': 'Message is empty'})
2026-06-30 09:32:22,443 [WARNING] Message is empty, skipping.
2026-06-30 09:32:22,444 [INFO] ('', None, [{}], {'error': 'Message is empty'})
2026-06-30 09:32:22,444 [WARNING] Message is empty, skipping.
2026-06-30 09:32:22,444 [INFO] ('', None, [{}], {'error': 'Message is empty'})
2026-06-30 09:32:22,445 [WARNING] Message is empty, skipping.
2026-06-30 09:32:22,445 [INFO] ('', None, [{}], {'error': 'Message is empty'})
2026-06-30 09:32:22,445 [WARNING] Message is empty, skipping.
2026-06-30 09:32:22,445 [INFO] ('', None, [{}], {'error': 'Message is empty'})
2026-06-30 09:32:22,446 [WARNING] Message is empty, skipping.
2026-06-30 09:32:22,446 [INFO] ('', None, [{}], {'error': 'Message is empty'})
2026-06-30 09:32:22,446 [WARNING] Message is empty, skipping.
2026-06-30 09:32:22,446 [INFO] ('', None, [{}], {'error': 'Message is empty'})
2026-06-30 09:32:22,447 [WARNING] Message is empty, skipping.
2026-06-30 09:32:22,447 [INFO] ('', None, [{}], {'error': 'Message is empty'})
2026-06-30 09:32:22,448 [WARNING] Message is empty, skipping.
2026-06-30 09:32:22,448 [INFO] ('', None, [{}], {'error': 'Message is empty'})
2026-06-30 09:32:22,449 [WARNING] Message is empty, skipping.
2026-06-30 09:32:22,449 [INFO] ('', None, [{}], {'error': 'Message is empty'})
2026-06-30 09:32:22,449 [WARNING] Message is empty, skipping.
2026-06-30 09:32:22,449 [INFO] ('', None, [{}], {'error': 'Message is empty'})
2026-06-30 09:32:22,450 [WARNING] Message is empty, skipping.
2026-06-30 09:32:22,450 [INFO] ('', None, [{}], {'error': 'Message is empty'})
2026-06-30 09:32:22,451 [WARNING] Message is empty, skipping.
2026-06-30 09:32:22,451 [INFO] ('', None, [{}], {'error': 'Message is empty'})
2026-06-30 09:32:22,451 [WARNING] Message is empty, skipping.
2026-06-30 09:32:22,451 [INFO] ('', None, [{}], {'error': 'Message is empty'})
2026-06-30 09:32:22,452 [WARNING] Message is empty, skipping.
2026-06-30 09:32:22,452 [INFO] ('', None, [{}], {'error': 'Message is empty'})
2026-06-30 09:32:22,452 [WARNING] Message is empty, skipping.
2026-06-30 09:32:22,452 [INFO] ('', None, [{}], {'error': 'Message is empty'})
2026-06-30 09:32:22,453 [WARNING] Message is empty, skipping.
2026-06-30 09:32:22,453 [INFO] ('', None, [{}], {'error': 'Message is empty'})
2026-06-30 09:32:22,453 [WARNING] Message is empty, skipping.
2026-06-30 09:32:22,453 [INFO] ('', None, [{}], {'error': 'Message is empty'})
2026-06-30 09:32:22,454 [WARNING] Message is empty, skipping.
2026-06-30 09:32:22,454 [INFO] ('', None, [{}], {'error': 'Message is empty'})
2026-06-30 09:32:22,455 [WARNING] Message is empty, skipping.
2026-06-30 09:32:22,455 [INFO] ('', None, [{}], {'error': 'Message is empty'})
2026-06-30 09:32:22,455 [WARNING] Message is empty, skipping.
2026-06-30 09:32:22,455 [INFO] ('', None, [{}], {'error': 'Message is empty'})
2026-06-30 09:32:22,456 [WARNING] Message is empty, skipping.
2026-06-30 09:32:22,456 [INFO] ('', None, [{}], {'error': 'Message is empty'})
2026-06-30 09:32:22,456 [WARNING] Message is empty, skipping.
2026-06-30 09:32:22,456 [INFO] ('', None, [{}], {'error': 'Message is empty'})
2026-06-30 09:32:22,457 [WARNING] Message is empty, skipping.
2026-06-30 09:32:22,457 [INFO] ('', None, [{}], {'error': 'Message is empty'})
2026-06-30 09:32:22,457 [WARNING] Message is empty, skipping.
2026-06-30 09:32:22,457 [INFO] ('', None, [{}], {'error': 'Message is empty'})
2026-06-30 09:32:22,458 [WARNING] Message is empty, skipping.
2026-06-30 09:32:22,458 [INFO] ('', None, [{}], {'error': 'Message is empty'})
2026-06-30 09:32:22,458 [WARNING] Message is empty, skipping.
2026-06-30 09:32:22,458 [INFO] ('', None, [{}], {'error': 'Message is empty'})
2026-06-30 09:32:22,463 [WARNING] Message is empty, skipping.
2026-06-30 09:32:22,463 [INFO] ('', None, [{}], {'error': 'Message is empty'})
2026-06-30 09:32:22,463 [WARNING] Message is empty, skipping.
2026-06-30 09:32:22,463 [INFO] ('', None, [{}], {'error': 'Message is empty'})
2026-06-30 09:32:22,463 [WARNING] Message is empty, skipping.
2026-06-30 09:32:22,463 [INFO] ('', None, [{}], {'error': 'Message is empty'})
2026-06-30 09:32:22,463 [WARNING] Message is empty, skipping.
2026-06-30 09:32:22,476 [INFO] ('', None, [{}], {'error': 'Message is empty'})
2026-06-30 09:32:22,476 [WARNING] Message is empty, skipping.
2026-06-30 09:32:22,476 [INFO] ('', None, [{}], {'error': 'Message is empty'})
2026-06-30 09:32:22,476 [WARNING] Message is empty, skipping.
2026-06-30 09:32:22,477 [INFO] ('', None, [{}], {'error': 'Message is empty'})
2026-06-30 09:32:22,477 [WARNING] Message is empty, skipping.
2026-06-30 09:32:22,477 [INFO] ('', None, [{}], {'error': 'Message is empty'})
2026-06-30 09:32:22,477 [WARNING] Message is empty, skipping.
2026-06-30 09:32:22,477 [INFO] ('', None, [{}], {'error': 'Message is empty'})
2026-06-30 09:32:22,477 [WARNING] Message is empty, skipping.
2026-06-30 09:32:22,477 [INFO] ('', None, [{}], {'error': 'Message is empty'})
2026-06-30 09:32:22,477 [WARNING] Message is empty, skipping.
2026-06-30 09:32:22,477 [INFO] ('', None, [{}], {'error': 'Message is empty'})
2026-06-30 09:32:22,477 [WARNING] Message is empty, skipping.
2026-06-30 09:32:22,477 [INFO] ('', None, [{}], {'error': 'Message is empty'})
2026-06-30 09:32:22,477 [WARNING] Message is empty, skipping.
2026-06-30 09:32:22,478 [INFO] ('', None, [{}], {'error': 'Message is empty'})
2026-06-30 09:32:22,478 [WARNING] Message is empty, skipping.
2026-06-30 09:32:22,478 [INFO] ('', None, [{}], {'error': 'Message is empty'})
2026-06-30 09:32:22,478 [WARNING] Message is empty, skipping.
2026-06-30 09:32:22,478 [INFO] ('', None, [{}], {'error': 'Message is empty'})
2026-06-30 09:32:22,478 [WARNING] Message is empty, skipping.
2026-06-30 09:32:22,478 [INFO] ('', None, [{}], {'error': 'Message is empty'})
2026-06-30 09:32:22,478 [WARNING] Message is empty, skipping.
2026-06-30 09:32:22,483 [INFO] ('', None, [{}], {'error': 'Message is empty'})
2026-06-30 09:32:22,483 [WARNING] Message is empty, skipping.
2026-06-30 09:32:22,483 [INFO] ('', None, [{}], {'error': 'Message is empty'})
2026-06-30 09:32:22,483 [WARNING] Message is empty, skipping.
2026-06-30 09:32:22,483 [INFO] ('', None, [{}], {'error': 'Message is empty'})
2026-06-30 09:32:22,484 [WARNING] Message is empty, skipping.
2026-06-30 09:32:22,484 [INFO] ('', None, [{}], {'error': 'Message is empty'})
2026-06-30 09:32:22,484 [WARNING] Message is empty, skipping.
2026-06-30 09:32:22,484 [INFO] ('', None, [{}], {'error': 'Message is empty'})
2026-06-30 09:32:22,484 [WARNING] Message is empty, skipping.
2026-06-30 09:32:22,485 [INFO] ('', None, [{}], {'error': 'Message is empty'})
2026-06-30 09:32:22,485 [WARNING] Message is empty, skipping.
2026-06-30 09:32:22,485 [INFO] ('', None, [{}], {'error': 'Message is empty'})
2026-06-30 09:32:22,485 [WARNING] Message is empty, skipping.
2026-06-30 09:32:22,486 [INFO] ('', None, [{}], {'error': 'Message is empty'})
2026-06-30 09:32:22,486 [WARNING] Message is empty, skipping.
2026-06-30 09:32:22,486 [INFO] ('', None, [{}], {'error': 'Message is empty'})
2026-06-30 09:32:22,486 [WARNING] Message is empty, skipping.
2026-06-30 09:32:22,488 [INFO] ('', None, [{}], {'error': 'Message is empty'})
2026-06-30 09:32:22,488 [WARNING] Message is empty, skipping.
2026-06-30 09:32:22,488 [INFO] ('', None, [{}], {'error': 'Message is empty'})
2026-06-30 09:32:22,488 [WARNING] Message is empty, skipping.
2026-06-30 09:32:22,489 [INFO] ('', None, [{}], {'error': 'Message is empty'})
2026-06-30 09:32:22,489 [WARNING] Message is empty, skipping.
2026-06-30 09:32:22,489 [INFO] ('', None, [{}], {'error': 'Message is empty'})
2026-06-30 09:32:22,489 [WARNING] Message is empty, skipping.
2026-06-30 09:32:22,489 [INFO] ('', None, [{}], {'error': 'Message is empty'})
2026-06-30 09:32:22,489 [WARNING] Message is empty, skipping.
2026-06-30 09:32:22,491 [INFO] ('', None, [{}], {'error': 'Message is empty'})
2026-06-30 09:32:22,491 [WARNING] Message is empty, skipping.
2026-06-30 09:32:22,491 [INFO] ('', None, [{}], {'error': 'Message is empty'})
2026-06-30 09:32:22,491 [WARNING] Message is empty, skipping.
2026-06-30 09:32:22,491 [INFO] ('', None, [{}], {'error': 'Message is empty'})
2026-06-30 09:32:22,491 [WARNING] Message is empty, skipping.
2026-06-30 09:32:22,491 [INFO] ('', None, [{}], {'error': 'Message is empty'})
2026-06-30 09:32:22,491 [WARNING] Message is empty, skipping.
2026-06-30 09:32:22,491 [INFO] ('', None, [{}], {'error': 'Message is empty'})
2026-06-30 09:32:22,491 [WARNING] Message is empty, skipping.
2026-06-30 09:32:22,493 [INFO] ('', None, [{}], {'error': 'Message is empty'})
2026-06-30 09:32:22,493 [WARNING] Message is empty, skipping.
2026-06-30 09:32:22,493 [INFO] ('', None, [{}], {'error': 'Message is empty'})
2026-06-30 09:32:22,493 [WARNING] Message is empty, skipping.
2026-06-30 09:32:22,493 [INFO] ('', None, [{}], {'error': 'Message is empty'})
2026-06-30 09:32:22,493 [WARNING] Message is empty, skipping.
2026-06-30 09:32:22,496 [INFO] ('', None, [{}], {'error': 'Message is empty'})
2026-06-30 09:32:22,498 [WARNING] Message is empty, skipping.
2026-06-30 09:32:22,499 [INFO] ('', None, [{}], {'error': 'Message is empty'})
2026-06-30 09:32:22,499 [WARNING] Message is empty, skipping.
2026-06-30 09:32:22,499 [INFO] ('', None, [{}], {'error': 'Message is empty'})
2026-06-30 09:32:22,499 [WARNING] Message is empty, skipping.
2026-06-30 09:32:22,500 [INFO] ('', None, [{}], {'error': 'Message is empty'})
2026-06-30 09:32:22,500 [WARNING] Message is empty, skipping.
2026-06-30 09:32:22,500 [INFO] ('', None, [{}], {'error': 'Message is empty'})
2026-06-30 09:32:22,500 [WARNING] Message is empty, skipping.
2026-06-30 09:32:22,500 [INFO] ('', None, [{}], {'error': 'Message is empty'})
2026-06-30 09:32:22,500 [WARNING] Message is empty, skipping.
2026-06-30 09:32:22,500 [INFO] ('', None, [{}], {'error': 'Message is empty'})
2026-06-30 09:32:22,500 [WARNING] Message is empty, skipping.
2026-06-30 09:32:22,503 [INFO] ('', None, [{}], {'error': 'Message is empty'})
2026-06-30 09:32:22,503 [WARNING] Message is empty, skipping.
2026-06-30 09:32:22,503 [INFO] ('', None, [{}], {'error': 'Message is empty'})
2026-06-30 09:32:22,503 [WARNING] Message is empty, skipping.
2026-06-30 09:32:22,503 [INFO] ('', None, [{}], {'error': 'Message is empty'})
2026-06-30 09:32:22,503 [WARNING] Message is empty, skipping.
2026-06-30 09:32:22,503 [INFO] ('', None, [{}], {'error': 'Message is empty'})
2026-06-30 09:32:22,503 [WARNING] Message is empty, skipping.
2026-06-30 09:32:22,504 [INFO] ('', None, [{}], {'error': 'Message is empty'})
2026-06-30 09:32:22,504 [WARNING] Message is empty, skipping.
2026-06-30 09:32:22,504 [INFO] ('', None, [{}], {'error': 'Message is empty'})
2026-06-30 09:32:22,504 [WARNING] Message is empty, skipping.
2026-06-30 09:32:22,505 [INFO] ('', None, [{}], {'error': 'Message is empty'})
2026-06-30 09:32:22,505 [WARNING] Message is empty, skipping.
2026-06-30 09:32:22,505 [INFO] ('', None, [{}], {'error': 'Message is empty'})
2026-06-30 09:32:22,505 [WARNING] Message is empty, skipping.
2026-06-30 09:32:22,505 [INFO] ('', None, [{}], {'error': 'Message is empty'})
2026-06-30 09:32:22,505 [WARNING] Message is empty, skipping.
2026-06-30 09:32:22,506 [INFO] ('', None, [{}], {'error': 'Message is empty'})
2026-06-30 09:32:22,506 [WARNING] Message is empty, skipping.
2026-06-30 09:32:22,506 [INFO] ('', None, [{}], {'error': 'Message is empty'})
2026-06-30 09:32:22,506 [WARNING] Message is empty, skipping.
2026-06-30 09:32:22,506 [INFO] ('', None, [{}], {'error': 'Message is empty'})
2026-06-30 09:32:22,506 [WARNING] Message is empty, skipping.
2026-06-30 09:32:22,506 [INFO] ('', None, [{}], {'error': 'Message is empty'})
2026-06-30 09:32:22,506 [WARNING] Message is empty, skipping.
2026-06-30 09:32:22,506 [INFO] ('', None, [{}], {'error': 'Message is empty'})
2026-06-30 09:32:22,506 [WARNING] Message is empty, skipping.
2026-06-30 09:32:22,507 [INFO] ('', None, [{}], {'error': 'Message is empty'})
2026-06-30 09:32:22,507 [WARNING] Message is empty, skipping.
2026-06-30 09:32:22,507 [INFO] ('', None, [{}], {'error': 'Message is empty'})
2026-06-30 09:32:22,507 [WARNING] Message is empty, skipping.
2026-06-30 09:32:22,509 [INFO] ('', None, [{}], {'error': 'Message is empty'})
2026-06-30 09:32:22,509 [WARNING] Message is empty, skipping.
2026-06-30 09:32:22,509 [INFO] ('', None, [{}], {'error': 'Message is empty'})
2026-06-30 09:32:22,509 [WARNING] Message is empty, skipping.
2026-06-30 09:32:22,509 [INFO] ('', None, [{}], {'error': 'Message is empty'})
2026-06-30 09:32:22,509 [WARNING] Message is empty, skipping.
2026-06-30 09:32:22,509 [INFO] ('', None, [{}], {'error': 'Message is empty'})
2026-06-30 09:32:22,509 [WARNING] Message is empty, skipping.
2026-06-30 09:32:22,509 [INFO] ('', None, [{}], {'error': 'Message is empty'})
2026-06-30 09:32:22,509 [WARNING] Message is empty, skipping.
2026-06-30 09:32:22,509 [INFO] ('', None, [{}], {'error': 'Message is empty'})
2026-06-30 09:32:22,509 [WARNING] Message is empty, skipping.
2026-06-30 09:32:22,509 [INFO] ('', None, [{}], {'error': 'Message is empty'})
2026-06-30 09:32:22,509 [WARNING] Message is empty, skipping.
2026-06-30 09:32:22,510 [INFO] ('', None, [{}], {'error': 'Message is empty'})
2026-06-30 09:32:22,510 [WARNING] Message is empty, skipping.
2026-06-30 09:32:22,510 [INFO] ('', None, [{}], {'error': 'Message is empty'})
2026-06-30 09:32:22,510 [WARNING] Message is empty, skipping.
2026-06-30 09:32:22,511 [INFO] ('', None, [{}], {'error': 'Message is empty'})
2026-06-30 09:32:22,511 [WARNING] Message is empty, skipping.
2026-06-30 09:32:22,511 [INFO] ('', None, [{}], {'error': 'Message is empty'})
2026-06-30 09:32:22,511 [WARNING] Message is empty, skipping.
2026-06-30 09:32:22,511 [INFO] ('', None, [{}], {'error': 'Message is empty'})
2026-06-30 09:32:22,511 [WARNING] Message is empty, skipping.
2026-06-30 09:32:22,511 [INFO] ('', None, [{}], {'error': 'Message is empty'})
2026-06-30 09:32:22,511 [WARNING] Message is empty, skipping.
2026-06-30 09:32:22,512 [INFO] ('', None, [{}], {'error': 'Message is empty'})
2026-06-30 09:32:22,512 [WARNING] Message is empty, skipping.
2026-06-30 09:32:22,512 [INFO] ('', None, [{}], {'error': 'Message is empty'})
2026-06-30 09:32:22,512 [WARNING] Message is empty, skipping.
2026-06-30 09:32:22,512 [INFO] ('', None, [{}], {'error': 'Message is empty'})
2026-06-30 09:32:22,512 [WARNING] Message is empty, skipping.
2026-06-30 09:32:22,512 [INFO] ('', None, [{}], {'error': 'Message is empty'})
2026-06-30 09:32:22,512 [WARNING] Message is empty, skipping.
2026-06-30 09:32:22,516 [INFO] ('', None, [{}], {'error': 'Message is empty'})
2026-06-30 09:32:22,516 [WARNING] Message is empty, skipping.
2026-06-30 09:32:22,516 [INFO] ('', None, [{}], {'error': 'Message is empty'})
2026-06-30 09:32:22,516 [WARNING] Message is empty, skipping.
2026-06-30 09:32:22,516 [INFO] ('', None, [{}], {'error': 'Message is empty'})
2026-06-30 09:32:22,516 [WARNING] Message is empty, skipping.
2026-06-30 09:32:22,516 [INFO] ('', None, [{}], {'error': 'Message is empty'})
2026-06-30 09:32:22,516 [WARNING] Message is empty, skipping.
2026-06-30 09:32:22,517 [INFO] ('', None, [{}], {'error': 'Message is empty'})
2026-06-30 09:32:22,517 [WARNING] Message is empty, skipping.
2026-06-30 09:32:22,517 [INFO] ('', None, [{}], {'error': 'Message is empty'})
2026-06-30 09:32:22,517 [WARNING] Message is empty, skipping.
2026-06-30 09:32:22,521 [INFO] ('', None, [{}], {'error': 'Message is empty'})
2026-06-30 09:32:22,521 [WARNING] Message is empty, skipping.
2026-06-30 09:32:22,521 [INFO] ('', None, [{}], {'error': 'Message is empty'})
2026-06-30 09:32:22,521 [WARNING] Message is empty, skipping.
2026-06-30 09:32:22,521 [INFO] ('', None, [{}], {'error': 'Message is empty'})
2026-06-30 09:32:22,521 [WARNING] Message is empty, skipping.
2026-06-30 09:32:22,521 [INFO] ('', None, [{}], {'error': 'Message is empty'})
2026-06-30 09:32:22,521 [WARNING] Message is empty, skipping.
2026-06-30 09:32:22,522 [INFO] ('', None, [{}], {'error': 'Message is empty'})
2026-06-30 09:32:22,522 [WARNING] Message is empty, skipping.
2026-06-30 09:32:22,523 [INFO] ('', None, [{}], {'error': 'Message is empty'})
2026-06-30 09:32:22,523 [WARNING] Message is empty, skipping.
2026-06-30 09:32:22,523 [INFO] ('', None, [{}], {'error': 'Message is empty'})
2026-06-30 09:32:22,523 [WARNING] Message is empty, skipping.
2026-06-30 09:32:22,526 [INFO] ('', None, [{}], {'error': 'Message is empty'})
2026-06-30 09:32:22,526 [WARNING] Message is empty, skipping.
2026-06-30 09:32:22,526 [INFO] ('', None, [{}], {'error': 'Message is empty'})
2026-06-30 09:32:22,526 [WARNING] Message is empty, skipping.
2026-06-30 09:32:22,526 [INFO] ('', None, [{}], {'error': 'Message is empty'})
2026-06-30 09:32:22,526 [WARNING] Message is empty, skipping.
2026-06-30 09:32:22,529 [INFO] ('', None, [{}], {'error': 'Message is empty'})
2026-06-30 09:32:22,529 [WARNING] Message is empty, skipping.
2026-06-30 09:32:22,529 [INFO] ('', None, [{}], {'error': 'Message is empty'})
2026-06-30 09:32:22,529 [WARNING] Message is empty, skipping.
2026-06-30 09:32:22,530 [INFO] ('', None, [{}], {'error': 'Message is empty'})
2026-06-30 09:32:22,530 [WARNING] Message is empty, skipping.
2026-06-30 09:32:22,530 [INFO] ('', None, [{}], {'error': 'Message is empty'})
2026-06-30 09:32:22,530 [WARNING] Message is empty, skipping.
2026-06-30 09:32:22,530 [INFO] ('', None, [{}], {'error': 'Message is empty'})
2026-06-30 09:32:22,530 [WARNING] Message is empty, skipping.
2026-06-30 09:32:22,531 [INFO] ('', None, [{}], {'error': 'Message is empty'})
2026-06-30 09:32:22,531 [WARNING] Message is empty, skipping.
2026-06-30 09:32:22,531 [INFO] ('', None, [{}], {'error': 'Message is empty'})
2026-06-30 09:32:22,531 [WARNING] Message is empty, skipping.
2026-06-30 09:32:22,531 [INFO] ('', None, [{}], {'error': 'Message is empty'})
2026-06-30 09:32:22,531 [WARNING] Message is empty, skipping.
2026-06-30 09:32:22,531 [INFO] ('', None, [{}], {'error': 'Message is empty'})
2026-06-30 09:32:22,531 [WARNING] Message is empty, skipping.
2026-06-30 09:32:22,531 [INFO] ('', None, [{}], {'error': 'Message is empty'})
2026-06-30 09:32:22,531 [WARNING] Message is empty, skipping.
2026-06-30 09:32:22,531 [INFO] ('', None, [{}], {'error': 'Message is empty'})
2026-06-30 09:32:22,531 [WARNING] Message is empty, skipping.
2026-06-30 09:32:22,531 [INFO] ('', None, [{}], {'error': 'Message is empty'})
2026-06-30 09:32:22,533 [WARNING] Message is empty, skipping.
2026-06-30 09:32:22,533 [INFO] ('', None, [{}], {'error': 'Message is empty'})
2026-06-30 09:32:22,533 [WARNING] Message is empty, skipping.
2026-06-30 09:32:22,533 [INFO] ('', None, [{}], {'error': 'Message is empty'})
2026-06-30 09:32:22,533 [WARNING] Message is empty, skipping.
2026-06-30 09:32:22,534 [INFO] ('', None, [{}], {'error': 'Message is empty'})
2026-06-30 09:32:22,534 [WARNING] Message is empty, skipping.
2026-06-30 09:32:22,534 [INFO] ('', None, [{}], {'error': 'Message is empty'})
2026-06-30 09:32:22,534 [WARNING] Message is empty, skipping.
2026-06-30 09:32:22,534 [INFO] ('', None, [{}], {'error': 'Message is empty'})
2026-06-30 09:32:22,534 [WARNING] Message is empty, skipping.
2026-06-30 09:32:22,534 [INFO] ('', None, [{}], {'error': 'Message is empty'})
2026-06-30 09:32:22,534 [WARNING] Message is empty, skipping.
2026-06-30 09:32:22,534 [INFO] ('', None, [{}], {'error': 'Message is empty'})
2026-06-30 09:32:22,535 [WARNING] Message is empty, skipping.
2026-06-30 09:32:22,535 [INFO] ('', None, [{}], {'error': 'Message is empty'})
2026-06-30 09:32:22,535 [WARNING] Message is empty, skipping.
2026-06-30 09:32:22,535 [INFO] ('', None, [{}], {'error': 'Message is empty'})
2026-06-30 09:32:22,535 [WARNING] Message is empty, skipping.
2026-06-30 09:32:22,535 [INFO] ('', None, [{}], {'error': 'Message is empty'})
2026-06-30 09:32:22,535 [WARNING] Message is empty, skipping.
2026-06-30 09:32:22,535 [INFO] ('', None, [{}], {'error': 'Message is empty'})
2026-06-30 09:32:22,535 [WARNING] Message is empty, skipping.
2026-06-30 09:32:22,535 [INFO] ('', None, [{}], {'error': 'Message is empty'})
2026-06-30 09:32:22,535 [WARNING] Message is empty, skipping.
2026-06-30 09:32:22,535 [INFO] ('', None, [{}], {'error': 'Message is empty'})
2026-06-30 09:32:22,535 [WARNING] Message is empty, skipping.
2026-06-30 09:32:22,535 [INFO] ('', None, [{}], {'error': 'Message is empty'})
2026-06-30 09:32:22,535 [WARNING] Message is empty, skipping.
2026-06-30 09:32:22,536 [INFO] ('', None, [{}], {'error': 'Message is empty'})
2026-06-30 09:32:22,536 [WARNING] Message is empty, skipping.
2026-06-30 09:32:22,536 [INFO] ('', None, [{}], {'error': 'Message is empty'})
2026-06-30 09:32:22,536 [WARNING] Message is empty, skipping.
2026-06-30 09:32:22,536 [INFO] ('', None, [{}], {'error': 'Message is empty'})
2026-06-30 09:32:22,536 [WARNING] Message is empty, skipping.
2026-06-30 09:32:22,536 [INFO] ('', None, [{}], {'error': 'Message is empty'})
2026-06-30 09:32:22,536 [WARNING] Message is empty, skipping.
2026-06-30 09:32:22,536 [INFO] ('', None, [{}], {'error': 'Message is empty'})
2026-06-30 09:32:22,536 [WARNING] Message is empty, skipping.
2026-06-30 09:32:22,536 [INFO] ('', None, [{}], {'error': 'Message is empty'})
2026-06-30 09:32:22,536 [WARNING] Message is empty, skipping.
2026-06-30 09:32:22,536 [INFO] ('', None, [{}], {'error': 'Message is empty'})
2026-06-30 09:32:22,536 [WARNING] Message is empty, skipping.
2026-06-30 09:32:22,536 [INFO] ('', None, [{}], {'error': 'Message is empty'})
2026-06-30 09:32:22,536 [WARNING] Message is empty, skipping.
2026-06-30 09:32:22,536 [INFO] ('', None, [{}], {'error': 'Message is empty'})
2026-06-30 09:32:22,536 [WARNING] Message is empty, skipping.
2026-06-30 09:32:22,536 [INFO] ('', None, [{}], {'error': 'Message is empty'})
2026-06-30 09:32:22,536 [WARNING] Message is empty, skipping.
2026-06-30 09:32:22,537 [INFO] ('', None, [{}], {'error': 'Message is empty'})
2026-06-30 09:32:22,538 [WARNING] Message is empty, skipping.
2026-06-30 09:32:22,538 [INFO] ('', None, [{}], {'error': 'Message is empty'})
2026-06-30 09:32:22,538 [WARNING] Message is empty, skipping.
2026-06-30 09:32:22,538 [INFO] ('', None, [{}], {'error': 'Message is empty'})
2026-06-30 09:32:22,538 [WARNING] Message is empty, skipping.
2026-06-30 09:32:22,540 [INFO] ('', None, [{}], {'error': 'Message is empty'})
2026-06-30 09:32:22,540 [WARNING] Message is empty, skipping.
2026-06-30 09:32:22,540 [INFO] ('', None, [{}], {'error': 'Message is empty'})
2026-06-30 09:32:22,540 [WARNING] Message is empty, skipping.
2026-06-30 09:32:22,541 [INFO] ('', None, [{}], {'error': 'Message is empty'})
2026-06-30 09:32:22,541 [WARNING] Message is empty, skipping.
2026-06-30 09:32:22,541 [INFO] ('', None, [{}], {'error': 'Message is empty'})
2026-06-30 09:32:22,541 [WARNING] Message is empty, skipping.
2026-06-30 09:32:22,541 [INFO] ('', None, [{}], {'error': 'Message is empty'})
2026-06-30 09:32:22,543 [WARNING] Message is empty, skipping.
2026-06-30 09:32:22,543 [INFO] ('', None, [{}], {'error': 'Message is empty'})
2026-06-30 09:32:22,543 [WARNING] Message is empty, skipping.
2026-06-30 09:32:22,545 [INFO] ('', None, [{}], {'error': 'Message is empty'})
2026-06-30 09:32:22,545 [WARNING] Message is empty, skipping.
2026-06-30 09:32:22,545 [INFO] ('', None, [{}], {'error': 'Message is empty'})
2026-06-30 09:32:22,545 [WARNING] Message is empty, skipping.
2026-06-30 09:32:22,545 [INFO] ('', None, [{}], {'error': 'Message is empty'})
2026-06-30 09:32:22,545 [WARNING] Message is empty, skipping.
2026-06-30 09:32:22,545 [INFO] ('', None, [{}], {'error': 'Message is empty'})
2026-06-30 09:32:22,545 [WARNING] Message is empty, skipping.
2026-06-30 09:32:22,545 [INFO] ('', None, [{}], {'error': 'Message is empty'})
2026-06-30 09:32:22,548 [WARNING] Message is empty, skipping.
2026-06-30 09:32:22,548 [INFO] ('', None, [{}], {'error': 'Message is empty'})
2026-06-30 09:32:22,548 [WARNING] Message is empty, skipping.
2026-06-30 09:32:22,548 [INFO] ('', None, [{}], {'error': 'Message is empty'})
2026-06-30 09:32:22,548 [WARNING] Message is empty, skipping.
2026-06-30 09:32:22,548 [INFO] ('', None, [{}], {'error': 'Message is empty'})
2026-06-30 09:32:22,548 [WARNING] Message is empty, skipping.
2026-06-30 09:32:22,548 [INFO] ('', None, [{}], {'error': 'Message is empty'})
2026-06-30 09:32:22,548 [WARNING] Message is empty, skipping.
2026-06-30 09:32:22,548 [INFO] ('', None, [{}], {'error': 'Message is empty'})
2026-06-30 09:32:22,548 [WARNING] Message is empty, skipping.
2026-06-30 09:32:22,552 [INFO] ('', None, [{}], {'error': 'Message is empty'})
2026-06-30 09:32:22,555 [WARNING] Message is empty, skipping.
2026-06-30 09:32:22,555 [INFO] ('', None, [{}], {'error': 'Message is empty'})
2026-06-30 09:32:22,558 [WARNING] Message is empty, skipping.
2026-06-30 09:32:22,558 [INFO] ('', None, [{}], {'error': 'Message is empty'})
2026-06-30 09:32:22,558 [WARNING] Message is empty, skipping.
2026-06-30 09:32:22,558 [INFO] ('', None, [{}], {'error': 'Message is empty'})
2026-06-30 09:32:22,559 [WARNING] Message is empty, skipping.
2026-06-30 09:32:22,559 [INFO] ('', None, [{}], {'error': 'Message is empty'})
2026-06-30 09:32:22,559 [WARNING] Message is empty, skipping.
2026-06-30 09:32:22,559 [INFO] ('', None, [{}], {'error': 'Message is empty'})
2026-06-30 09:32:22,559 [WARNING] Message is empty, skipping.
2026-06-30 09:32:22,559 [INFO] ('', None, [{}], {'error': 'Message is empty'})
2026-06-30 09:32:22,559 [WARNING] Message is empty, skipping.
2026-06-30 09:32:22,559 [INFO] ('', None, [{}], {'error': 'Message is empty'})
2026-06-30 09:32:22,559 [WARNING] Message is empty, skipping.
2026-06-30 09:32:22,560 [INFO] ('', None, [{}], {'error': 'Message is empty'})
2026-06-30 09:32:22,560 [WARNING] Message is empty, skipping.
2026-06-30 09:32:22,560 [INFO] ('', None, [{}], {'error': 'Message is empty'})
2026-06-30 09:32:22,560 [WARNING] Message is empty, skipping.
2026-06-30 09:32:22,560 [INFO] ('', None, [{}], {'error': 'Message is empty'})
2026-06-30 09:32:22,560 [WARNING] Message is empty, skipping.
2026-06-30 09:32:22,560 [INFO] ('', None, [{}], {'error': 'Message is empty'})
2026-06-30 09:32:22,560 [WARNING] Message is empty, skipping.
2026-06-30 09:32:22,560 [INFO] ('', None, [{}], {'error': 'Message is empty'})
2026-06-30 09:32:22,560 [WARNING] Message is empty, skipping.
2026-06-30 09:32:22,562 [INFO] ('', None, [{}], {'error': 'Message is empty'})
2026-06-30 09:32:22,562 [WARNING] Message is empty, skipping.
2026-06-30 09:32:22,562 [INFO] ('', None, [{}], {'error': 'Message is empty'})
2026-06-30 09:32:22,562 [WARNING] Message is empty, skipping.
2026-06-30 09:32:22,563 [INFO] ('', None, [{}], {'error': 'Message is empty'})
2026-06-30 09:32:22,563 [WARNING] Message is empty, skipping.
2026-06-30 09:32:22,563 [INFO] ('', None, [{}], {'error': 'Message is empty'})
2026-06-30 09:32:22,564 [WARNING] Message is empty, skipping.
2026-06-30 09:32:22,564 [INFO] ('', None, [{}], {'error': 'Message is empty'})
2026-06-30 09:32:22,564 [WARNING] Message is empty, skipping.
2026-06-30 09:32:22,565 [INFO] ('', None, [{}], {'error': 'Message is empty'})
2026-06-30 09:32:22,565 [WARNING] Message is empty, skipping.
2026-06-30 09:32:22,565 [INFO] ('', None, [{}], {'error': 'Message is empty'})
2026-06-30 09:32:22,565 [WARNING] Message is empty, skipping.
2026-06-30 09:32:22,566 [INFO] ('', None, [{}], {'error': 'Message is empty'})
2026-06-30 09:32:22,566 [WARNING] Message is empty, skipping.
2026-06-30 09:32:22,567 [INFO] ('', None, [{}], {'error': 'Message is empty'})
2026-06-30 09:32:22,567 [WARNING] Message is empty, skipping.
2026-06-30 09:32:22,567 [INFO] ('', None, [{}], {'error': 'Message is empty'})
2026-06-30 09:32:22,568 [WARNING] Message is empty, skipping.
2026-06-30 09:32:22,568 [INFO] ('', None, [{}], {'error': 'Message is empty'})
2026-06-30 09:32:22,568 [WARNING] Message is empty, skipping.
2026-06-30 09:32:22,570 [INFO] ('', None, [{}], {'error': 'Message is empty'})
2026-06-30 09:32:22,570 [WARNING] Message is empty, skipping.
2026-06-30 09:32:22,570 [INFO] ('', None, [{}], {'error': 'Message is empty'})
2026-06-30 09:32:22,571 [WARNING] Message is empty, skipping.
2026-06-30 09:32:22,571 [INFO] ('', None, [{}], {'error': 'Message is empty'})
2026-06-30 09:32:22,571 [WARNING] Message is empty, skipping.
2026-06-30 09:32:22,571 [INFO] ('', None, [{}], {'error': 'Message is empty'})
2026-06-30 09:32:22,572 [WARNING] Message is empty, skipping.
2026-06-30 09:32:22,572 [INFO] ('', None, [{}], {'error': 'Message is empty'})
2026-06-30 09:32:22,572 [WARNING] Message is empty, skipping.
2026-06-30 09:32:22,572 [INFO] ('', None, [{}], {'error': 'Message is empty'})
2026-06-30 09:32:22,573 [WARNING] Message is empty, skipping.
2026-06-30 09:32:22,573 [INFO] ('', None, [{}], {'error': 'Message is empty'})
2026-06-30 09:32:22,573 [WARNING] Message is empty, skipping.
2026-06-30 09:32:22,573 [INFO] ('', None, [{}], {'error': 'Message is empty'})
2026-06-30 09:32:22,574 [WARNING] Message is empty, skipping.
2026-06-30 09:32:22,574 [INFO] ('', None, [{}], {'error': 'Message is empty'})
2026-06-30 09:32:22,574 [WARNING] Message is empty, skipping.
2026-06-30 09:32:22,574 [INFO] ('', None, [{}], {'error': 'Message is empty'})
2026-06-30 09:32:22,574 [WARNING] Message is empty, skipping.
2026-06-30 09:32:22,574 [INFO] ('', None, [{}], {'error': 'Message is empty'})
2026-06-30 09:32:22,574 [WARNING] Message is empty, skipping.
2026-06-30 09:32:22,574 [INFO] ('', None, [{}], {'error': 'Message is empty'})
2026-06-30 09:32:22,574 [WARNING] Message is empty, skipping.
2026-06-30 09:32:22,579 [INFO] ('', None, [{}], {'error': 'Message is empty'})
2026-06-30 09:32:22,579 [WARNING] Message is empty, skipping.
2026-06-30 09:32:22,580 [INFO] ('', None, [{}], {'error': 'Message is empty'})
2026-06-30 09:32:22,580 [WARNING] Message is empty, skipping.
2026-06-30 09:32:22,580 [INFO] ('', None, [{}], {'error': 'Message is empty'})
2026-06-30 09:32:22,580 [WARNING] Message is empty, skipping.
2026-06-30 09:32:22,580 [INFO] ('', None, [{}], {'error': 'Message is empty'})
2026-06-30 09:32:22,581 [WARNING] Message is empty, skipping.
2026-06-30 09:32:22,581 [INFO] ('', None, [{}], {'error': 'Message is empty'})
2026-06-30 09:32:22,581 [WARNING] Message is empty, skipping.
2026-06-30 09:32:22,581 [INFO] ('', None, [{}], {'error': 'Message is empty'})
2026-06-30 09:32:22,581 [WARNING] Message is empty, skipping.
2026-06-30 09:32:22,583 [INFO] ('', None, [{}], {'error': 'Message is empty'})
2026-06-30 09:32:22,583 [WARNING] Message is empty, skipping.
2026-06-30 09:32:22,584 [INFO] ('', None, [{}], {'error': 'Message is empty'})
2026-06-30 09:32:22,585 [WARNING] Message is empty, skipping.
2026-06-30 09:32:22,585 [INFO] ('', None, [{}], {'error': 'Message is empty'})
2026-06-30 09:32:22,585 [WARNING] Message is empty, skipping.
2026-06-30 09:32:22,585 [INFO] ('', None, [{}], {'error': 'Message is empty'})
2026-06-30 09:32:22,585 [WARNING] Message is empty, skipping.
2026-06-30 09:32:22,585 [INFO] ('', None, [{}], {'error': 'Message is empty'})
2026-06-30 09:32:22,585 [WARNING] Message is empty, skipping.
2026-06-30 09:32:22,585 [INFO] ('', None, [{}], {'error': 'Message is empty'})
2026-06-30 09:32:22,585 [WARNING] Message is empty, skipping.
2026-06-30 09:32:22,590 [INFO] ('', None, [{}], {'error': 'Message is empty'})
2026-06-30 09:32:22,590 [WARNING] Message is empty, skipping.
2026-06-30 09:32:22,590 [INFO] ('', None, [{}], {'error': 'Message is empty'})
2026-06-30 09:32:22,590 [WARNING] Message is empty, skipping.
2026-06-30 09:32:22,591 [INFO] ('', None, [{}], {'error': 'Message is empty'})
2026-06-30 09:32:22,591 [WARNING] Message is empty, skipping.
2026-06-30 09:32:22,591 [INFO] ('', None, [{}], {'error': 'Message is empty'})
2026-06-30 09:32:22,591 [WARNING] Message is empty, skipping.
2026-06-30 09:32:22,592 [INFO] ('', None, [{}], {'error': 'Message is empty'})
2026-06-30 09:32:22,592 [WARNING] Message is empty, skipping.
2026-06-30 09:32:22,592 [INFO] ('', None, [{}], {'error': 'Message is empty'})
2026-06-30 09:32:22,592 [WARNING] Message is empty, skipping.
2026-06-30 09:32:22,596 [INFO] ('', None, [{}], {'error': 'Message is empty'})
2026-06-30 09:32:22,596 [WARNING] Message is empty, skipping.
2026-06-30 09:32:22,596 [INFO] ('', None, [{}], {'error': 'Message is empty'})
2026-06-30 09:32:22,597 [WARNING] Message is empty, skipping.
2026-06-30 09:32:22,597 [INFO] ('', None, [{}], {'error': 'Message is empty'})
2026-06-30 09:32:22,597 [WARNING] Message is empty, skipping.
2026-06-30 09:32:22,598 [INFO] ('', None, [{}], {'error': 'Message is empty'})
2026-06-30 09:32:22,603 [WARNING] Message is empty, skipping.
2026-06-30 09:32:22,603 [INFO] ('', None, [{}], {'error': 'Message is empty'})
2026-06-30 09:32:22,603 [WARNING] Message is empty, skipping.
2026-06-30 09:32:22,603 [INFO] ('', None, [{}], {'error': 'Message is empty'})
2026-06-30 09:32:22,603 [WARNING] Message is empty, skipping.
2026-06-30 09:32:22,603 [INFO] ('', None, [{}], {'error': 'Message is empty'})
2026-06-30 09:32:22,603 [WARNING] Message is empty, skipping.
2026-06-30 09:32:22,605 [INFO] ('', None, [{}], {'error': 'Message is empty'})
2026-06-30 09:32:22,605 [WARNING] Message is empty, skipping.
2026-06-30 09:32:22,605 [INFO] ('', None, [{}], {'error': 'Message is empty'})
2026-06-30 09:32:22,605 [WARNING] Message is empty, skipping.
2026-06-30 09:32:22,605 [INFO] ('', None, [{}], {'error': 'Message is empty'})
2026-06-30 09:32:22,605 [WARNING] Message is empty, skipping.
2026-06-30 09:32:22,606 [INFO] ('', None, [{}], {'error': 'Message is empty'})
2026-06-30 09:32:22,606 [WARNING] Message is empty, skipping.
2026-06-30 09:32:22,606 [INFO] ('', None, [{}], {'error': 'Message is empty'})
2026-06-30 09:32:22,606 [WARNING] Message is empty, skipping.
2026-06-30 09:32:22,606 [INFO] ('', None, [{}], {'error': 'Message is empty'})
2026-06-30 09:32:22,606 [WARNING] Message is empty, skipping.
2026-06-30 09:32:22,606 [INFO] ('', None, [{}], {'error': 'Message is empty'})
2026-06-30 09:32:22,606 [WARNING] Message is empty, skipping.
2026-06-30 09:32:22,610 [INFO] ('', None, [{}], {'error': 'Message is empty'})
2026-06-30 09:32:22,610 [WARNING] Message is empty, skipping.
2026-06-30 09:32:22,610 [INFO] ('', None, [{}], {'error': 'Message is empty'})
2026-06-30 09:32:22,610 [WARNING] Message is empty, skipping.
2026-06-30 09:32:22,611 [INFO] ('', None, [{}], {'error': 'Message is empty'})
2026-06-30 09:32:22,611 [WARNING] Message is empty, skipping.
2026-06-30 09:32:22,611 [INFO] ('', None, [{}], {'error': 'Message is empty'})
2026-06-30 09:32:22,611 [WARNING] Message is empty, skipping.
2026-06-30 09:32:22,611 [INFO] ('', None, [{}], {'error': 'Message is empty'})
2026-06-30 09:32:22,611 [WARNING] Message is empty, skipping.
2026-06-30 09:32:22,611 [INFO] ('', None, [{}], {'error': 'Message is empty'})
2026-06-30 09:32:22,611 [WARNING] Message is empty, skipping.
2026-06-30 09:32:22,611 [INFO] ('', None, [{}], {'error': 'Message is empty'})
2026-06-30 09:32:22,611 [WARNING] Message is empty, skipping.
2026-06-30 09:32:22,615 [INFO] ('', None, [{}], {'error': 'Message is empty'})
2026-06-30 09:32:22,615 [WARNING] Message is empty, skipping.
2026-06-30 09:32:22,615 [INFO] ('', None, [{}], {'error': 'Message is empty'})
2026-06-30 09:32:22,615 [WARNING] Message is empty, skipping.
2026-06-30 09:32:22,615 [INFO] ('', None, [{}], {'error': 'Message is empty'})
2026-06-30 09:32:22,615 [WARNING] Message is empty, skipping.
2026-06-30 09:32:22,615 [INFO] ('', None, [{}], {'error': 'Message is empty'})
2026-06-30 09:32:22,615 [WARNING] Message is empty, skipping.
2026-06-30 09:32:22,615 [INFO] ('', None, [{}], {'error': 'Message is empty'})
2026-06-30 09:32:22,615 [WARNING] Message is empty, skipping.
2026-06-30 09:32:22,619 [INFO] ('', None, [{}], {'error': 'Message is empty'})
2026-06-30 09:32:22,619 [WARNING] Message is empty, skipping.
2026-06-30 09:32:22,619 [INFO] ('', None, [{}], {'error': 'Message is empty'})
2026-06-30 09:32:22,619 [WARNING] Message is empty, skipping.
2026-06-30 09:32:22,619 [INFO] ('', None, [{}], {'error': 'Message is empty'})
2026-06-30 09:32:22,621 [WARNING] Message is empty, skipping.
2026-06-30 09:32:22,621 [INFO] ('', None, [{}], {'error': 'Message is empty'})
2026-06-30 09:32:22,621 [WARNING] Message is empty, skipping.
2026-06-30 09:32:22,625 [INFO] ('', None, [{}], {'error': 'Message is empty'})
2026-06-30 09:32:22,627 [WARNING] Message is empty, skipping.
2026-06-30 09:32:22,627 [INFO] ('', None, [{}], {'error': 'Message is empty'})
2026-06-30 09:32:22,627 [WARNING] Message is empty, skipping.
2026-06-30 09:32:22,627 [INFO] ('', None, [{}], {'error': 'Message is empty'})
2026-06-30 09:32:22,627 [WARNING] Message is empty, skipping.
2026-06-30 09:32:22,627 [INFO] ('', None, [{}], {'error': 'Message is empty'})
2026-06-30 09:32:22,628 [WARNING] Message is empty, skipping.
2026-06-30 09:32:22,628 [INFO] ('', None, [{}], {'error': 'Message is empty'})
2026-06-30 09:32:22,628 [WARNING] Message is empty, skipping.
2026-06-30 09:32:22,629 [INFO] ('', None, [{}], {'error': 'Message is empty'})
2026-06-30 09:32:22,629 [WARNING] Message is empty, skipping.
2026-06-30 09:32:22,629 [INFO] ('', None, [{}], {'error': 'Message is empty'})
2026-06-30 09:32:22,629 [WARNING] Message is empty, skipping.
2026-06-30 09:32:22,629 [INFO] ('', None, [{}], {'error': 'Message is empty'})
2026-06-30 09:32:22,629 [WARNING] Message is empty, skipping.
2026-06-30 09:32:22,629 [INFO] ('', None, [{}], {'error': 'Message is empty'})
2026-06-30 09:32:22,629 [WARNING] Message is empty, skipping.
2026-06-30 09:32:22,631 [INFO] ('', None, [{}], {'error': 'Message is empty'})
2026-06-30 09:32:22,631 [WARNING] Message is empty, skipping.
2026-06-30 09:32:22,632 [INFO] ('', None, [{}], {'error': 'Message is empty'})
2026-06-30 09:32:22,632 [WARNING] Message is empty, skipping.
2026-06-30 09:32:22,632 [INFO] ('', None, [{}], {'error': 'Message is empty'})
2026-06-30 09:32:22,632 [WARNING] Message is empty, skipping.
2026-06-30 09:32:22,632 [INFO] ('', None, [{}], {'error': 'Message is empty'})
2026-06-30 09:32:22,632 [WARNING] Message is empty, skipping.
2026-06-30 09:32:22,632 [INFO] ('', None, [{}], {'error': 'Message is empty'})
2026-06-30 09:32:22,633 [WARNING] Message is empty, skipping.
2026-06-30 09:32:22,633 [INFO] ('', None, [{}], {'error': 'Message is empty'})
2026-06-30 09:32:22,633 [WARNING] Message is empty, skipping.
2026-06-30 09:32:22,634 [INFO] ('', None, [{}], {'error': 'Message is empty'})
2026-06-30 09:32:22,634 [WARNING] Message is empty, skipping.
2026-06-30 09:32:22,634 [INFO] ('', None, [{}], {'error': 'Message is empty'})
2026-06-30 09:32:22,634 [WARNING] Message is empty, skipping.
2026-06-30 09:32:22,635 [INFO] ('', None, [{}], {'error': 'Message is empty'})
2026-06-30 09:32:22,635 [WARNING] Message is empty, skipping.
2026-06-30 09:32:22,636 [INFO] ('', None, [{}], {'error': 'Message is empty'})
2026-06-30 09:32:22,636 [WARNING] Message is empty, skipping.
2026-06-30 09:32:22,636 [INFO] ('', None, [{}], {'error': 'Message is empty'})
2026-06-30 09:32:22,636 [WARNING] Message is empty, skipping.
2026-06-30 09:32:22,636 [INFO] ('', None, [{}], {'error': 'Message is empty'})
2026-06-30 09:32:22,636 [WARNING] Message is empty, skipping.
2026-06-30 09:32:22,636 [INFO] ('', None, [{}], {'error': 'Message is empty'})
2026-06-30 09:32:22,636 [WARNING] Message is empty, skipping.
2026-06-30 09:32:22,636 [INFO] ('', None, [{}], {'error': 'Message is empty'})
2026-06-30 09:32:22,636 [WARNING] Message is empty, skipping.
2026-06-30 09:32:22,636 [INFO] ('', None, [{}], {'error': 'Message is empty'})
2026-06-30 09:32:22,636 [WARNING] Message is empty, skipping.
2026-06-30 09:32:22,636 [INFO] ('', None, [{}], {'error': 'Message is empty'})
2026-06-30 09:32:22,636 [WARNING] Message is empty, skipping.
2026-06-30 09:32:22,638 [INFO] ('', None, [{}], {'error': 'Message is empty'})
2026-06-30 09:32:22,638 [WARNING] Message is empty, skipping.
2026-06-30 09:32:22,638 [INFO] ('', None, [{}], {'error': 'Message is empty'})
2026-06-30 09:32:22,638 [WARNING] Message is empty, skipping.
2026-06-30 09:32:22,639 [INFO] ('', None, [{}], {'error': 'Message is empty'})
2026-06-30 09:32:22,639 [WARNING] Message is empty, skipping.
2026-06-30 09:32:22,639 [INFO] ('', None, [{}], {'error': 'Message is empty'})
2026-06-30 09:32:22,639 [WARNING] Message is empty, skipping.
2026-06-30 09:32:22,639 [INFO] ('', None, [{}], {'error': 'Message is empty'})
2026-06-30 09:32:22,639 [WARNING] Message is empty, skipping.
2026-06-30 09:32:22,643 [INFO] ('', None, [{}], {'error': 'Message is empty'})
2026-06-30 09:32:22,644 [WARNING] Message is empty, skipping.
2026-06-30 09:32:22,644 [INFO] ('', None, [{}], {'error': 'Message is empty'})
2026-06-30 09:32:22,644 [WARNING] Message is empty, skipping.
2026-06-30 09:32:22,644 [INFO] ('', None, [{}], {'error': 'Message is empty'})
2026-06-30 09:32:22,644 [WARNING] Message is empty, skipping.
2026-06-30 09:32:22,644 [INFO] ('', None, [{}], {'error': 'Message is empty'})
2026-06-30 09:32:22,645 [WARNING] Message is empty, skipping.
2026-06-30 09:32:22,645 [INFO] ('', None, [{}], {'error': 'Message is empty'})
2026-06-30 09:32:22,647 [WARNING] Message is empty, skipping.
2026-06-30 09:32:22,647 [INFO] ('', None, [{}], {'error': 'Message is empty'})
2026-06-30 09:32:22,647 [WARNING] Message is empty, skipping.
2026-06-30 09:32:22,648 [INFO] ('', None, [{}], {'error': 'Message is empty'})
2026-06-30 09:32:22,648 [WARNING] Message is empty, skipping.
2026-06-30 09:32:22,648 [INFO] ('', None, [{}], {'error': 'Message is empty'})
2026-06-30 09:32:22,648 [WARNING] Message is empty, skipping.
2026-06-30 09:32:22,648 [INFO] ('', None, [{}], {'error': 'Message is empty'})
2026-06-30 09:32:22,648 [WARNING] Message is empty, skipping.
2026-06-30 09:32:22,648 [INFO] ('', None, [{}], {'error': 'Message is empty'})
2026-06-30 09:32:22,648 [WARNING] Message is empty, skipping.
2026-06-30 09:32:22,649 [INFO] ('', None, [{}], {'error': 'Message is empty'})
2026-06-30 09:32:22,649 [WARNING] Message is empty, skipping.
2026-06-30 09:32:22,649 [INFO] ('', None, [{}], {'error': 'Message is empty'})
2026-06-30 09:32:22,649 [WARNING] Message is empty, skipping.
2026-06-30 09:32:22,649 [INFO] ('', None, [{}], {'error': 'Message is empty'})
2026-06-30 09:32:22,649 [WARNING] Message is empty, skipping.
2026-06-30 09:32:22,649 [INFO] ('', None, [{}], {'error': 'Message is empty'})
2026-06-30 09:32:22,652 [WARNING] Message is empty, skipping.
2026-06-30 09:32:22,652 [INFO] ('', None, [{}], {'error': 'Message is empty'})
2026-06-30 09:32:22,652 [WARNING] Message is empty, skipping.
2026-06-30 09:32:22,652 [INFO] ('', None, [{}], {'error': 'Message is empty'})
2026-06-30 09:32:22,653 [WARNING] Message is empty, skipping.
2026-06-30 09:32:22,653 [INFO] ('', None, [{}], {'error': 'Message is empty'})
2026-06-30 09:32:22,653 [WARNING] Message is empty, skipping.
2026-06-30 09:32:22,654 [INFO] ('', None, [{}], {'error': 'Message is empty'})
2026-06-30 09:32:22,654 [WARNING] Message is empty, skipping.
2026-06-30 09:32:22,654 [INFO] ('', None, [{}], {'error': 'Message is empty'})
2026-06-30 09:32:22,654 [WARNING] Message is empty, skipping.
2026-06-30 09:32:22,655 [INFO] ('', None, [{}], {'error': 'Message is empty'})
2026-06-30 09:32:22,655 [WARNING] Message is empty, skipping.
2026-06-30 09:32:22,655 [INFO] ('', None, [{}], {'error': 'Message is empty'})
2026-06-30 09:32:22,655 [WARNING] Message is empty, skipping.
2026-06-30 09:32:22,655 [INFO] ('', None, [{}], {'error': 'Message is empty'})
2026-06-30 09:32:22,655 [WARNING] Message is empty, skipping.
2026-06-30 09:32:22,655 [INFO] ('', None, [{}], {'error': 'Message is empty'})
2026-06-30 09:32:22,655 [WARNING] Message is empty, skipping.
2026-06-30 09:32:22,655 [INFO] ('', None, [{}], {'error': 'Message is empty'})
2026-06-30 09:32:22,655 [WARNING] Message is empty, skipping.
2026-06-30 09:32:22,655 [INFO] ('', None, [{}], {'error': 'Message is empty'})
2026-06-30 09:32:22,656 [WARNING] Message is empty, skipping.
2026-06-30 09:32:22,656 [INFO] ('', None, [{}], {'error': 'Message is empty'})
2026-06-30 09:32:22,656 [WARNING] Message is empty, skipping.
2026-06-30 09:32:22,656 [INFO] ('', None, [{}], {'error': 'Message is empty'})
2026-06-30 09:32:22,656 [WARNING] Message is empty, skipping.
2026-06-30 09:32:22,656 [INFO] ('', None, [{}], {'error': 'Message is empty'})
2026-06-30 09:32:22,656 [WARNING] Message is empty, skipping.
2026-06-30 09:32:22,656 [INFO] ('', None, [{}], {'error': 'Message is empty'})
2026-06-30 09:32:22,656 [WARNING] Message is empty, skipping.
2026-06-30 09:32:22,658 [INFO] ('', None, [{}], {'error': 'Message is empty'})
2026-06-30 09:32:22,659 [WARNING] Message is empty, skipping.
2026-06-30 09:32:22,659 [INFO] ('', None, [{}], {'error': 'Message is empty'})
2026-06-30 09:32:22,659 [WARNING] Message is empty, skipping.
2026-06-30 09:32:22,660 [INFO] ('', None, [{}], {'error': 'Message is empty'})
2026-06-30 09:32:22,660 [WARNING] Message is empty, skipping.
2026-06-30 09:32:22,660 [INFO] ('', None, [{}], {'error': 'Message is empty'})
2026-06-30 09:32:22,660 [WARNING] Message is empty, skipping.
2026-06-30 09:32:22,660 [INFO] ('', None, [{}], {'error': 'Message is empty'})
2026-06-30 09:32:22,660 [WARNING] Message is empty, skipping.
2026-06-30 09:32:22,660 [INFO] ('', None, [{}], {'error': 'Message is empty'})
2026-06-30 09:32:22,660 [WARNING] Message is empty, skipping.
2026-06-30 09:32:22,663 [INFO] ('', None, [{}], {'error': 'Message is empty'})
2026-06-30 09:32:22,663 [WARNING] Message is empty, skipping.
2026-06-30 09:32:22,663 [INFO] ('', None, [{}], {'error': 'Message is empty'})
2026-06-30 09:32:22,663 [WARNING] Message is empty, skipping.
2026-06-30 09:32:22,663 [INFO] ('', None, [{}], {'error': 'Message is empty'})
2026-06-30 09:32:22,663 [WARNING] Message is empty, skipping.
2026-06-30 09:32:22,663 [INFO] ('', None, [{}], {'error': 'Message is empty'})
2026-06-30 09:32:22,663 [WARNING] Message is empty, skipping.
2026-06-30 09:32:22,663 [INFO] ('', None, [{}], {'error': 'Message is empty'})
2026-06-30 09:32:22,663 [WARNING] Message is empty, skipping.
2026-06-30 09:32:22,669 [INFO] ('', None, [{}], {'error': 'Message is empty'})
2026-06-30 09:32:22,669 [WARNING] Message is empty, skipping.
2026-06-30 09:32:22,669 [INFO] ('', None, [{}], {'error': 'Message is empty'})
2026-06-30 09:32:22,670 [WARNING] Message is empty, skipping.
2026-06-30 09:32:22,670 [INFO] ('', None, [{}], {'error': 'Message is empty'})
2026-06-30 09:32:22,670 [WARNING] Message is empty, skipping.
2026-06-30 09:32:22,671 [INFO] ('', None, [{}], {'error': 'Message is empty'})
2026-06-30 09:32:22,671 [WARNING] Message is empty, skipping.
2026-06-30 09:32:22,671 [INFO] ('', None, [{}], {'error': 'Message is empty'})
2026-06-30 09:32:22,672 [WARNING] Message is empty, skipping.
2026-06-30 09:32:22,672 [INFO] ('', None, [{}], {'error': 'Message is empty'})
2026-06-30 09:32:22,673 [WARNING] Message is empty, skipping.
2026-06-30 09:32:22,674 [INFO] ('', None, [{}], {'error': 'Message is empty'})
2026-06-30 09:32:22,674 [WARNING] Message is empty, skipping.
2026-06-30 09:32:22,674 [INFO] ('', None, [{}], {'error': 'Message is empty'})
2026-06-30 09:32:22,674 [WARNING] Message is empty, skipping.
2026-06-30 09:32:22,674 [INFO] ('', None, [{}], {'error': 'Message is empty'})
2026-06-30 09:32:22,674 [WARNING] Message is empty, skipping.
2026-06-30 09:32:22,674 [INFO] ('', None, [{}], {'error': 'Message is empty'})
2026-06-30 09:32:22,674 [WARNING] Message is empty, skipping.
2026-06-30 09:32:22,674 [INFO] ('', None, [{}], {'error': 'Message is empty'})
2026-06-30 09:32:22,674 [WARNING] Message is empty, skipping.
2026-06-30 09:32:22,674 [INFO] ('', None, [{}], {'error': 'Message is empty'})
2026-06-30 09:32:22,674 [WARNING] Message is empty, skipping.
2026-06-30 09:32:22,677 [INFO] ('', None, [{}], {'error': 'Message is empty'})
2026-06-30 09:32:22,677 [WARNING] Message is empty, skipping.
2026-06-30 09:32:22,677 [INFO] ('', None, [{}], {'error': 'Message is empty'})
2026-06-30 09:32:22,677 [WARNING] Message is empty, skipping.
2026-06-30 09:32:22,677 [INFO] ('', None, [{}], {'error': 'Message is empty'})
2026-06-30 09:32:22,677 [WARNING] Message is empty, skipping.
2026-06-30 09:32:22,677 [INFO] ('', None, [{}], {'error': 'Message is empty'})
2026-06-30 09:32:22,677 [WARNING] Message is empty, skipping.
2026-06-30 09:32:22,677 [INFO] ('', None, [{}], {'error': 'Message is empty'})
2026-06-30 09:32:22,677 [WARNING] Message is empty, skipping.
2026-06-30 09:32:22,678 [INFO] ('', None, [{}], {'error': 'Message is empty'})
2026-06-30 09:32:22,678 [WARNING] Message is empty, skipping.
2026-06-30 09:32:22,678 [INFO] ('', None, [{}], {'error': 'Message is empty'})
2026-06-30 09:32:22,682 [WARNING] Message is empty, skipping.
2026-06-30 09:32:22,682 [INFO] ('', None, [{}], {'error': 'Message is empty'})
2026-06-30 09:32:22,682 [WARNING] Message is empty, skipping.
2026-06-30 09:32:22,682 [INFO] ('', None, [{}], {'error': 'Message is empty'})
2026-06-30 09:32:22,682 [WARNING] Message is empty, skipping.
2026-06-30 09:32:22,684 [INFO] ('', None, [{}], {'error': 'Message is empty'})
2026-06-30 09:32:22,684 [WARNING] Message is empty, skipping.
2026-06-30 09:32:22,684 [INFO] ('', None, [{}], {'error': 'Message is empty'})
2026-06-30 09:32:22,684 [WARNING] Message is empty, skipping.
2026-06-30 09:32:22,685 [INFO] ('', None, [{}], {'error': 'Message is empty'})
2026-06-30 09:32:22,685 [WARNING] Message is empty, skipping.
2026-06-30 09:32:22,685 [INFO] ('', None, [{}], {'error': 'Message is empty'})
2026-06-30 09:32:22,685 [WARNING] Message is empty, skipping.
2026-06-30 09:32:22,687 [INFO] ('', None, [{}], {'error': 'Message is empty'})
2026-06-30 09:32:22,687 [WARNING] Message is empty, skipping.
2026-06-30 09:32:22,688 [INFO] ('', None, [{}], {'error': 'Message is empty'})
2026-06-30 09:32:22,688 [WARNING] Message is empty, skipping.
2026-06-30 09:32:22,688 [INFO] ('', None, [{}], {'error': 'Message is empty'})
2026-06-30 09:32:22,688 [WARNING] Message is empty, skipping.
2026-06-30 09:32:22,688 [INFO] ('', None, [{}], {'error': 'Message is empty'})
2026-06-30 09:32:22,694 [WARNING] Message is empty, skipping.
2026-06-30 09:32:22,694 [INFO] ('', None, [{}], {'error': 'Message is empty'})
2026-06-30 09:32:22,694 [WARNING] Message is empty, skipping.
2026-06-30 09:32:22,694 [INFO] ('', None, [{}], {'error': 'Message is empty'})
2026-06-30 09:32:22,694 [WARNING] Message is empty, skipping.
2026-06-30 09:32:22,694 [INFO] ('', None, [{}], {'error': 'Message is empty'})
2026-06-30 09:32:22,694 [WARNING] Message is empty, skipping.
2026-06-30 09:32:22,694 [INFO] ('', None, [{}], {'error': 'Message is empty'})
2026-06-30 09:32:22,694 [WARNING] Message is empty, skipping.
2026-06-30 09:32:22,695 [INFO] ('', None, [{}], {'error': 'Message is empty'})
2026-06-30 09:32:22,695 [WARNING] Message is empty, skipping.
2026-06-30 09:32:22,695 [INFO] ('', None, [{}], {'error': 'Message is empty'})
2026-06-30 09:32:22,700 [WARNING] Message is empty, skipping.
2026-06-30 09:32:22,704 [INFO] ('', None, [{}], {'error': 'Message is empty'})
2026-06-30 09:32:22,704 [WARNING] Message is empty, skipping.
2026-06-30 09:32:22,704 [INFO] ('', None, [{}], {'error': 'Message is empty'})
2026-06-30 09:32:22,704 [WARNING] Message is empty, skipping.
2026-06-30 09:32:22,704 [INFO] ('', None, [{}], {'error': 'Message is empty'})
2026-06-30 09:32:22,704 [WARNING] Message is empty, skipping.
2026-06-30 09:32:22,704 [INFO] ('', None, [{}], {'error': 'Message is empty'})
2026-06-30 09:32:22,705 [WARNING] Message is empty, skipping.
2026-06-30 09:32:22,705 [INFO] ('', None, [{}], {'error': 'Message is empty'})
2026-06-30 09:32:22,705 [WARNING] Message is empty, skipping.
2026-06-30 09:32:22,705 [INFO] ('', None, [{}], {'error': 'Message is empty'})
2026-06-30 09:32:22,705 [WARNING] Message is empty, skipping.
2026-06-30 09:32:22,705 [INFO] ('', None, [{}], {'error': 'Message is empty'})
2026-06-30 09:32:22,706 [WARNING] Message is empty, skipping.
2026-06-30 09:32:22,706 [INFO] ('', None, [{}], {'error': 'Message is empty'})
2026-06-30 09:32:22,707 [WARNING] Message is empty, skipping.
2026-06-30 09:32:22,707 [INFO] ('', None, [{}], {'error': 'Message is empty'})
2026-06-30 09:32:22,708 [WARNING] Message is empty, skipping.
2026-06-30 09:32:22,709 [INFO] ('', None, [{}], {'error': 'Message is empty'})
2026-06-30 09:32:22,709 [WARNING] Message is empty, skipping.
2026-06-30 09:32:22,709 [INFO] ('', None, [{}], {'error': 'Message is empty'})
2026-06-30 09:32:22,709 [WARNING] Message is empty, skipping.
2026-06-30 09:32:22,710 [INFO] ('', None, [{}], {'error': 'Message is empty'})
2026-06-30 09:32:22,710 [WARNING] Message is empty, skipping.
2026-06-30 09:32:22,710 [INFO] ('', None, [{}], {'error': 'Message is empty'})
2026-06-30 09:32:22,710 [WARNING] Message is empty, skipping.
2026-06-30 09:32:22,711 [INFO] ('', None, [{}], {'error': 'Message is empty'})
2026-06-30 09:32:22,711 [WARNING] Message is empty, skipping.
2026-06-30 09:32:22,711 [INFO] ('', None, [{}], {'error': 'Message is empty'})
2026-06-30 09:32:22,711 [WARNING] Message is empty, skipping.
2026-06-30 09:32:22,712 [INFO] ('', None, [{}], {'error': 'Message is empty'})
2026-06-30 09:32:22,712 [WARNING] Message is empty, skipping.
2026-06-30 09:32:22,713 [INFO] ('', None, [{}], {'error': 'Message is empty'})
2026-06-30 09:32:22,713 [WARNING] Message is empty, skipping.
2026-06-30 09:32:22,713 [INFO] ('', None, [{}], {'error': 'Message is empty'})
2026-06-30 09:32:22,714 [WARNING] Message is empty, skipping.
2026-06-30 09:32:22,714 [INFO] ('', None, [{}], {'error': 'Message is empty'})
2026-06-30 09:32:22,714 [WARNING] Message is empty, skipping.
2026-06-30 09:32:22,714 [INFO] ('', None, [{}], {'error': 'Message is empty'})
2026-06-30 09:32:22,715 [WARNING] Message is empty, skipping.
2026-06-30 09:32:22,715 [INFO] ('', None, [{}], {'error': 'Message is empty'})
2026-06-30 09:32:22,716 [WARNING] Message is empty, skipping.
2026-06-30 09:32:22,719 [INFO] ('', None, [{}], {'error': 'Message is empty'})
2026-06-30 09:32:22,719 [WARNING] Message is empty, skipping.
2026-06-30 09:32:22,719 [INFO] ('', None, [{}], {'error': 'Message is empty'})
2026-06-30 09:32:22,720 [WARNING] Message is empty, skipping.
2026-06-30 09:32:22,720 [INFO] ('', None, [{}], {'error': 'Message is empty'})
2026-06-30 09:32:22,720 [WARNING] Message is empty, skipping.
2026-06-30 09:32:22,720 [INFO] ('', None, [{}], {'error': 'Message is empty'})
2026-06-30 09:32:22,720 [WARNING] Message is empty, skipping.
2026-06-30 09:32:22,720 [INFO] ('', None, [{}], {'error': 'Message is empty'})
2026-06-30 09:32:22,720 [WARNING] Message is empty, skipping.
2026-06-30 09:32:22,720 [INFO] ('', None, [{}], {'error': 'Message is empty'})
2026-06-30 09:32:22,720 [WARNING] Message is empty, skipping.
2026-06-30 09:32:22,720 [INFO] ('', None, [{}], {'error': 'Message is empty'})
2026-06-30 09:32:22,720 [WARNING] Message is empty, skipping.
2026-06-30 09:32:22,720 [INFO] ('', None, [{}], {'error': 'Message is empty'})
2026-06-30 09:32:22,721 [WARNING] Message is empty, skipping.
2026-06-30 09:32:22,721 [INFO] ('', None, [{}], {'error': 'Message is empty'})
2026-06-30 09:32:22,721 [WARNING] Message is empty, skipping.
2026-06-30 09:32:22,721 [INFO] ('', None, [{}], {'error': 'Message is empty'})
2026-06-30 09:32:22,722 [WARNING] Message is empty, skipping.
2026-06-30 09:32:22,722 [INFO] ('', None, [{}], {'error': 'Message is empty'})
2026-06-30 09:32:22,722 [WARNING] Message is empty, skipping.
2026-06-30 09:32:22,722 [INFO] ('', None, [{}], {'error': 'Message is empty'})
2026-06-30 09:32:22,723 [WARNING] Message is empty, skipping.
2026-06-30 09:32:22,723 [INFO] ('', None, [{}], {'error': 'Message is empty'})
2026-06-30 09:32:22,723 [WARNING] Message is empty, skipping.
2026-06-30 09:32:22,724 [INFO] ('', None, [{}], {'error': 'Message is empty'})
2026-06-30 09:32:22,724 [WARNING] Message is empty, skipping.
2026-06-30 09:32:22,724 [INFO] ('', None, [{}], {'error': 'Message is empty'})
2026-06-30 09:32:22,725 [WARNING] Message is empty, skipping.
2026-06-30 09:32:22,725 [INFO] ('', None, [{}], {'error': 'Message is empty'})
2026-06-30 09:32:22,725 [WARNING] Message is empty, skipping.
2026-06-30 09:32:22,725 [INFO] ('', None, [{}], {'error': 'Message is empty'})
2026-06-30 09:32:22,726 [WARNING] Message is empty, skipping.
2026-06-30 09:32:22,726 [INFO] ('', None, [{}], {'error': 'Message is empty'})
2026-06-30 09:32:22,726 [WARNING] Message is empty, skipping.
2026-06-30 09:32:22,726 [INFO] ('', None, [{}], {'error': 'Message is empty'})
2026-06-30 09:32:22,727 [WARNING] Message is empty, skipping.
2026-06-30 09:32:22,727 [INFO] ('', None, [{}], {'error': 'Message is empty'})
2026-06-30 09:32:22,727 [WARNING] Message is empty, skipping.
2026-06-30 09:32:22,727 [INFO] ('', None, [{}], {'error': 'Message is empty'})
2026-06-30 09:32:22,728 [WARNING] Message is empty, skipping.
2026-06-30 09:32:22,728 [INFO] ('', None, [{}], {'error': 'Message is empty'})
2026-06-30 09:32:22,728 [WARNING] Message is empty, skipping.
2026-06-30 09:32:22,728 [INFO] ('', None, [{}], {'error': 'Message is empty'})
2026-06-30 09:32:22,729 [WARNING] Message is empty, skipping.
2026-06-30 09:32:22,729 [INFO] ('', None, [{}], {'error': 'Message is empty'})
2026-06-30 09:32:22,729 [WARNING] Message is empty, skipping.
2026-06-30 09:32:22,729 [INFO] ('', None, [{}], {'error': 'Message is empty'})
2026-06-30 09:32:22,729 [WARNING] Message is empty, skipping.
2026-06-30 09:32:22,729 [INFO] ('', None, [{}], {'error': 'Message is empty'})
2026-06-30 09:32:22,729 [WARNING] Message is empty, skipping.
2026-06-30 09:32:22,730 [INFO] ('', None, [{}], {'error': 'Message is empty'})
2026-06-30 09:32:22,730 [WARNING] Message is empty, skipping.
2026-06-30 09:32:22,730 [INFO] ('', None, [{}], {'error': 'Message is empty'})
2026-06-30 09:32:22,730 [WARNING] Message is empty, skipping.
2026-06-30 09:32:22,730 [INFO] ('', None, [{}], {'error': 'Message is empty'})
2026-06-30 09:32:22,730 [WARNING] Message is empty, skipping.
2026-06-30 09:32:22,730 [INFO] ('', None, [{}], {'error': 'Message is empty'})
2026-06-30 09:32:22,730 [WARNING] Message is empty, skipping.
2026-06-30 09:32:22,731 [INFO] ('', None, [{}], {'error': 'Message is empty'})
2026-06-30 09:32:22,731 [WARNING] Message is empty, skipping.
2026-06-30 09:32:22,731 [INFO] ('', None, [{}], {'error': 'Message is empty'})
2026-06-30 09:32:22,731 [WARNING] Message is empty, skipping.
2026-06-30 09:32:22,731 [INFO] ('', None, [{}], {'error': 'Message is empty'})
2026-06-30 09:32:22,731 [WARNING] Message is empty, skipping.
2026-06-30 09:32:22,732 [INFO] ('', None, [{}], {'error': 'Message is empty'})
2026-06-30 09:32:22,732 [WARNING] Message is empty, skipping.
2026-06-30 09:32:22,732 [INFO] ('', None, [{}], {'error': 'Message is empty'})
2026-06-30 09:32:22,732 [WARNING] Message is empty, skipping.
2026-06-30 09:32:22,732 [INFO] ('', None, [{}], {'error': 'Message is empty'})
2026-06-30 09:32:22,734 [WARNING] Message is empty, skipping.
2026-06-30 09:32:22,734 [INFO] ('', None, [{}], {'error': 'Message is empty'})
2026-06-30 09:32:22,736 [WARNING] Message is empty, skipping.
2026-06-30 09:32:22,736 [INFO] ('', None, [{}], {'error': 'Message is empty'})
2026-06-30 09:32:22,737 [WARNING] Message is empty, skipping.
2026-06-30 09:32:22,737 [INFO] ('', None, [{}], {'error': 'Message is empty'})
2026-06-30 09:32:22,737 [WARNING] Message is empty, skipping.
2026-06-30 09:32:22,737 [INFO] ('', None, [{}], {'error': 'Message is empty'})
2026-06-30 09:32:22,737 [WARNING] Message is empty, skipping.
2026-06-30 09:32:22,749 [INFO] ('', None, [{}], {'error': 'Message is empty'})
2026-06-30 09:32:22,749 [WARNING] Message is empty, skipping.
2026-06-30 09:32:22,749 [INFO] ('', None, [{}], {'error': 'Message is empty'})
2026-06-30 09:32:22,749 [WARNING] Message is empty, skipping.
2026-06-30 09:32:22,749 [INFO] ('', None, [{}], {'error': 'Message is empty'})
2026-06-30 09:32:22,749 [WARNING] Message is empty, skipping.
2026-06-30 09:32:22,750 [INFO] ('', None, [{}], {'error': 'Message is empty'})
2026-06-30 09:32:22,750 [WARNING] Message is empty, skipping.
2026-06-30 09:32:22,750 [INFO] ('', None, [{}], {'error': 'Message is empty'})
2026-06-30 09:32:22,750 [WARNING] Message is empty, skipping.
2026-06-30 09:32:22,750 [INFO] ('', None, [{}], {'error': 'Message is empty'})
2026-06-30 09:32:22,750 [WARNING] Message is empty, skipping.
2026-06-30 09:32:22,761 [INFO] ('', None, [{}], {'error': 'Message is empty'})
2026-06-30 09:32:22,761 [WARNING] Message is empty, skipping.
2026-06-30 09:32:22,761 [INFO] ('', None, [{}], {'error': 'Message is empty'})
2026-06-30 09:32:22,761 [WARNING] Message is empty, skipping.
2026-06-30 09:32:22,761 [INFO] ('', None, [{}], {'error': 'Message is empty'})
2026-06-30 09:32:22,761 [WARNING] Message is empty, skipping.
2026-06-30 09:32:22,761 [INFO] ('', None, [{}], {'error': 'Message is empty'})
2026-06-30 09:32:22,761 [WARNING] Message is empty, skipping.
2026-06-30 09:32:22,763 [INFO] ('', None, [{}], {'error': 'Message is empty'})
2026-06-30 09:32:22,763 [WARNING] Message is empty, skipping.
2026-06-30 09:32:22,763 [INFO] ('', None, [{}], {'error': 'Message is empty'})
2026-06-30 09:32:22,763 [WARNING] Message is empty, skipping.
2026-06-30 09:32:22,763 [INFO] ('', None, [{}], {'error': 'Message is empty'})
2026-06-30 09:32:22,763 [WARNING] Message is empty, skipping.
2026-06-30 09:32:22,763 [INFO] ('', None, [{}], {'error': 'Message is empty'})
2026-06-30 09:32:22,763 [WARNING] Message is empty, skipping.
2026-06-30 09:32:22,764 [INFO] ('', None, [{}], {'error': 'Message is empty'})
2026-06-30 09:32:22,764 [WARNING] Message is empty, skipping.
2026-06-30 09:32:22,765 [INFO] ('', None, [{}], {'error': 'Message is empty'})
2026-06-30 09:32:22,765 [WARNING] Message is empty, skipping.
2026-06-30 09:32:22,765 [INFO] ('', None, [{}], {'error': 'Message is empty'})
2026-06-30 09:32:22,766 [WARNING] Message is empty, skipping.
2026-06-30 09:32:22,766 [INFO] ('', None, [{}], {'error': 'Message is empty'})
2026-06-30 09:32:22,766 [WARNING] Message is empty, skipping.
2026-06-30 09:32:22,766 [INFO] ('', None, [{}], {'error': 'Message is empty'})
2026-06-30 09:32:22,767 [WARNING] Message is empty, skipping.
2026-06-30 09:32:22,767 [INFO] ('', None, [{}], {'error': 'Message is empty'})
2026-06-30 09:32:22,767 [WARNING] Message is empty, skipping.
2026-06-30 09:32:22,768 [INFO] ('', None, [{}], {'error': 'Message is empty'})
2026-06-30 09:32:22,768 [WARNING] Message is empty, skipping.
2026-06-30 09:32:22,768 [INFO] ('', None, [{}], {'error': 'Message is empty'})
2026-06-30 09:32:22,769 [WARNING] Message is empty, skipping.
2026-06-30 09:32:22,769 [INFO] ('', None, [{}], {'error': 'Message is empty'})
2026-06-30 09:32:22,769 [WARNING] Message is empty, skipping.
2026-06-30 09:32:22,769 [INFO] ('', None, [{}], {'error': 'Message is empty'})
2026-06-30 09:32:22,769 [WARNING] Message is empty, skipping.
2026-06-30 09:32:22,770 [INFO] ('', None, [{}], {'error': 'Message is empty'})
2026-06-30 09:32:22,770 [WARNING] Message is empty, skipping.
2026-06-30 09:32:22,770 [INFO] ('', None, [{}], {'error': 'Message is empty'})
2026-06-30 09:32:22,770 [WARNING] Message is empty, skipping.
2026-06-30 09:32:22,770 [INFO] ('', None, [{}], {'error': 'Message is empty'})
2026-06-30 09:32:22,771 [WARNING] Message is empty, skipping.
2026-06-30 09:32:22,771 [INFO] ('', None, [{}], {'error': 'Message is empty'})
2026-06-30 09:32:22,773 [WARNING] Message is empty, skipping.
2026-06-30 09:32:22,773 [INFO] ('', None, [{}], {'error': 'Message is empty'})
2026-06-30 09:32:22,775 [WARNING] Message is empty, skipping.
2026-06-30 09:32:22,775 [INFO] ('', None, [{}], {'error': 'Message is empty'})
2026-06-30 09:32:22,775 [WARNING] Message is empty, skipping.
2026-06-30 09:32:22,776 [INFO] ('', None, [{}], {'error': 'Message is empty'})
2026-06-30 09:32:22,777 [WARNING] Message is empty, skipping.
2026-06-30 09:32:22,777 [INFO] ('', None, [{}], {'error': 'Message is empty'})
2026-06-30 09:32:22,777 [WARNING] Message is empty, skipping.
2026-06-30 09:32:22,777 [INFO] ('', None, [{}], {'error': 'Message is empty'})
2026-06-30 09:32:22,778 [WARNING] Message is empty, skipping.
2026-06-30 09:32:22,778 [INFO] ('', None, [{}], {'error': 'Message is empty'})
2026-06-30 09:32:22,778 [WARNING] Message is empty, skipping.
2026-06-30 09:32:22,778 [INFO] ('', None, [{}], {'error': 'Message is empty'})
2026-06-30 09:32:22,778 [WARNING] Message is empty, skipping.
2026-06-30 09:32:22,779 [INFO] ('', None, [{}], {'error': 'Message is empty'})
2026-06-30 09:32:22,780 [WARNING] Message is empty, skipping.
2026-06-30 09:32:22,780 [INFO] ('', None, [{}], {'error': 'Message is empty'})
2026-06-30 09:32:22,780 [WARNING] Message is empty, skipping.
2026-06-30 09:32:22,780 [INFO] ('', None, [{}], {'error': 'Message is empty'})
2026-06-30 09:32:22,780 [WARNING] Message is empty, skipping.
2026-06-30 09:32:22,780 [INFO] ('', None, [{}], {'error': 'Message is empty'})
2026-06-30 09:32:22,780 [WARNING] Message is empty, skipping.
2026-06-30 09:32:22,780 [INFO] ('', None, [{}], {'error': 'Message is empty'})
2026-06-30 09:32:22,780 [WARNING] Message is empty, skipping.
2026-06-30 09:32:22,785 [INFO] ('', None, [{}], {'error': 'Message is empty'})
2026-06-30 09:32:22,785 [WARNING] Message is empty, skipping.
2026-06-30 09:32:22,785 [INFO] ('', None, [{}], {'error': 'Message is empty'})
2026-06-30 09:32:22,789 [WARNING] Message is empty, skipping.
2026-06-30 09:32:22,789 [INFO] ('', None, [{}], {'error': 'Message is empty'})
2026-06-30 09:32:22,790 [WARNING] Message is empty, skipping.
2026-06-30 09:32:22,790 [INFO] ('', None, [{}], {'error': 'Message is empty'})
2026-06-30 09:32:22,790 [WARNING] Message is empty, skipping.
2026-06-30 09:32:22,791 [INFO] ('', None, [{}], {'error': 'Message is empty'})
2026-06-30 09:32:22,792 [WARNING] Message is empty, skipping.
2026-06-30 09:32:22,793 [INFO] ('', None, [{}], {'error': 'Message is empty'})
2026-06-30 09:32:22,793 [WARNING] Message is empty, skipping.
2026-06-30 09:32:22,793 [INFO] ('', None, [{}], {'error': 'Message is empty'})
2026-06-30 09:32:22,793 [WARNING] Message is empty, skipping.
2026-06-30 09:32:22,794 [INFO] ('', None, [{}], {'error': 'Message is empty'})
2026-06-30 09:32:22,795 [WARNING] Message is empty, skipping.
2026-06-30 09:32:22,795 [INFO] ('', None, [{}], {'error': 'Message is empty'})
2026-06-30 09:32:22,795 [WARNING] Message is empty, skipping.
2026-06-30 09:32:22,796 [INFO] ('', None, [{}], {'error': 'Message is empty'})
2026-06-30 09:32:22,796 [WARNING] Message is empty, skipping.
2026-06-30 09:32:22,796 [INFO] ('', None, [{}], {'error': 'Message is empty'})
2026-06-30 09:32:22,796 [WARNING] Message is empty, skipping.
2026-06-30 09:32:22,796 [INFO] ('', None, [{}], {'error': 'Message is empty'})
2026-06-30 09:32:22,797 [WARNING] Message is empty, skipping.
2026-06-30 09:32:22,798 [INFO] ('', None, [{}], {'error': 'Message is empty'})
2026-06-30 09:32:22,800 [WARNING] Message is empty, skipping.
2026-06-30 09:32:22,800 [INFO] ('', None, [{}], {'error': 'Message is empty'})
2026-06-30 09:32:22,800 [WARNING] Message is empty, skipping.
2026-06-30 09:32:22,800 [INFO] ('', None, [{}], {'error': 'Message is empty'})
2026-06-30 09:32:22,801 [WARNING] Message is empty, skipping.
2026-06-30 09:32:22,802 [INFO] ('', None, [{}], {'error': 'Message is empty'})
2026-06-30 09:32:22,802 [WARNING] Message is empty, skipping.
2026-06-30 09:32:22,804 [INFO] ('', None, [{}], {'error': 'Message is empty'})
2026-06-30 09:32:22,804 [WARNING] Message is empty, skipping.
2026-06-30 09:32:22,804 [INFO] ('', None, [{}], {'error': 'Message is empty'})
2026-06-30 09:32:22,805 [WARNING] Message is empty, skipping.
2026-06-30 09:32:22,805 [INFO] ('', None, [{}], {'error': 'Message is empty'})
2026-06-30 09:32:22,805 [WARNING] Message is empty, skipping.
2026-06-30 09:32:22,805 [INFO] ('', None, [{}], {'error': 'Message is empty'})
2026-06-30 09:32:22,806 [WARNING] Message is empty, skipping.
2026-06-30 09:32:22,806 [INFO] ('', None, [{}], {'error': 'Message is empty'})
2026-06-30 09:32:22,806 [WARNING] Message is empty, skipping.
2026-06-30 09:32:22,807 [INFO] ('', None, [{}], {'error': 'Message is empty'})
2026-06-30 09:32:22,807 [WARNING] Message is empty, skipping.
2026-06-30 09:32:22,807 [INFO] ('', None, [{}], {'error': 'Message is empty'})
2026-06-30 09:32:22,807 [WARNING] Message is empty, skipping.
2026-06-30 09:32:22,807 [INFO] ('', None, [{}], {'error': 'Message is empty'})
2026-06-30 09:32:22,808 [WARNING] Message is empty, skipping.
2026-06-30 09:32:22,808 [INFO] ('', None, [{}], {'error': 'Message is empty'})
2026-06-30 09:32:22,808 [WARNING] Message is empty, skipping.
2026-06-30 09:32:22,808 [INFO] ('', None, [{}], {'error': 'Message is empty'})
2026-06-30 09:32:22,808 [WARNING] Message is empty, skipping.
2026-06-30 09:32:22,808 [INFO] ('', None, [{}], {'error': 'Message is empty'})
2026-06-30 09:32:22,808 [WARNING] Message is empty, skipping.
2026-06-30 09:32:22,808 [INFO] ('', None, [{}], {'error': 'Message is empty'})
2026-06-30 09:32:22,808 [WARNING] Message is empty, skipping.
2026-06-30 09:32:22,808 [INFO] ('', None, [{}], {'error': 'Message is empty'})
2026-06-30 09:32:22,808 [WARNING] Message is empty, skipping.
2026-06-30 09:32:22,808 [INFO] ('', None, [{}], {'error': 'Message is empty'})
2026-06-30 09:32:22,808 [WARNING] Message is empty, skipping.
2026-06-30 09:32:22,808 [INFO] ('', None, [{}], {'error': 'Message is empty'})
2026-06-30 09:32:22,809 [WARNING] Message is empty, skipping.
2026-06-30 09:32:22,809 [INFO] ('', None, [{}], {'error': 'Message is empty'})
2026-06-30 09:32:22,809 [WARNING] Message is empty, skipping.
2026-06-30 09:32:22,809 [INFO] ('', None, [{}], {'error': 'Message is empty'})
2026-06-30 09:32:22,809 [WARNING] Message is empty, skipping.
2026-06-30 09:32:22,809 [INFO] ('', None, [{}], {'error': 'Message is empty'})
2026-06-30 09:32:22,809 [WARNING] Message is empty, skipping.
2026-06-30 09:32:22,809 [INFO] ('', None, [{}], {'error': 'Message is empty'})
2026-06-30 09:32:22,809 [WARNING] Message is empty, skipping.
2026-06-30 09:32:22,809 [INFO] ('', None, [{}], {'error': 'Message is empty'})
2026-06-30 09:32:22,809 [WARNING] Message is empty, skipping.
2026-06-30 09:32:22,809 [INFO] ('', None, [{}], {'error': 'Message is empty'})
2026-06-30 09:32:22,809 [WARNING] Message is empty, skipping.
2026-06-30 09:32:22,809 [INFO] ('', None, [{}], {'error': 'Message is empty'})
2026-06-30 09:32:22,809 [WARNING] Message is empty, skipping.
2026-06-30 09:32:22,809 [INFO] ('', None, [{}], {'error': 'Message is empty'})
2026-06-30 09:32:22,809 [WARNING] Message is empty, skipping.
2026-06-30 09:32:22,809 [INFO] ('', None, [{}], {'error': 'Message is empty'})
2026-06-30 09:32:22,809 [WARNING] Message is empty, skipping.
2026-06-30 09:32:22,809 [INFO] ('', None, [{}], {'error': 'Message is empty'})
2026-06-30 09:32:22,809 [WARNING] Message is empty, skipping.
2026-06-30 09:32:22,809 [INFO] ('', None, [{}], {'error': 'Message is empty'})
2026-06-30 09:32:22,809 [WARNING] Message is empty, skipping.
2026-06-30 09:32:22,809 [INFO] ('', None, [{}], {'error': 'Message is empty'})
2026-06-30 09:32:22,809 [WARNING] Message is empty, skipping.
2026-06-30 09:32:22,809 [INFO] ('', None, [{}], {'error': 'Message is empty'})
2026-06-30 09:32:22,809 [WARNING] Message is empty, skipping.
2026-06-30 09:32:22,809 [INFO] ('', None, [{}], {'error': 'Message is empty'})
2026-06-30 09:32:22,810 [WARNING] Message is empty, skipping.
2026-06-30 09:32:22,810 [INFO] ('', None, [{}], {'error': 'Message is empty'})
2026-06-30 09:32:22,810 [WARNING] Message is empty, skipping.
2026-06-30 09:32:22,811 [INFO] ('', None, [{}], {'error': 'Message is empty'})
2026-06-30 09:32:22,811 [WARNING] Message is empty, skipping.
2026-06-30 09:32:22,812 [INFO] ('', None, [{}], {'error': 'Message is empty'})
2026-06-30 09:32:22,812 [WARNING] Message is empty, skipping.
2026-06-30 09:32:22,813 [INFO] ('', None, [{}], {'error': 'Message is empty'})
2026-06-30 09:32:22,813 [WARNING] Message is empty, skipping.
2026-06-30 09:32:22,814 [INFO] ('', None, [{}], {'error': 'Message is empty'})
2026-06-30 09:32:22,816 [WARNING] Message is empty, skipping.
2026-06-30 09:32:22,816 [INFO] ('', None, [{}], {'error': 'Message is empty'})
2026-06-30 09:32:22,817 [WARNING] Message is empty, skipping.
2026-06-30 09:32:22,817 [INFO] ('', None, [{}], {'error': 'Message is empty'})
2026-06-30 09:32:22,823 [WARNING] Message is empty, skipping.
2026-06-30 09:32:22,825 [INFO] ('', None, [{}], {'error': 'Message is empty'})
2026-06-30 09:32:22,826 [WARNING] Message is empty, skipping.
2026-06-30 09:32:22,826 [INFO] ('', None, [{}], {'error': 'Message is empty'})
2026-06-30 09:32:22,826 [WARNING] Message is empty, skipping.
2026-06-30 09:32:22,826 [INFO] ('', None, [{}], {'error': 'Message is empty'})
2026-06-30 09:32:22,826 [WARNING] Message is empty, skipping.
2026-06-30 09:32:22,827 [INFO] ('', None, [{}], {'error': 'Message is empty'})
2026-06-30 09:32:22,827 [WARNING] Message is empty, skipping.
2026-06-30 09:32:22,828 [INFO] ('', None, [{}], {'error': 'Message is empty'})
2026-06-30 09:32:22,828 [WARNING] Message is empty, skipping.
2026-06-30 09:32:22,828 [INFO] ('', None, [{}], {'error': 'Message is empty'})
2026-06-30 09:32:22,828 [WARNING] Message is empty, skipping.
2026-06-30 09:32:22,829 [INFO] ('', None, [{}], {'error': 'Message is empty'})
2026-06-30 09:32:22,831 [WARNING] Message is empty, skipping.
2026-06-30 09:32:22,831 [INFO] ('', None, [{}], {'error': 'Message is empty'})
2026-06-30 09:32:22,832 [WARNING] Message is empty, skipping.
2026-06-30 09:32:22,832 [INFO] ('', None, [{}], {'error': 'Message is empty'})
2026-06-30 09:32:22,832 [WARNING] Message is empty, skipping.
2026-06-30 09:32:22,833 [INFO] ('', None, [{}], {'error': 'Message is empty'})
2026-06-30 09:32:22,833 [WARNING] Message is empty, skipping.
2026-06-30 09:32:22,835 [INFO] ('', None, [{}], {'error': 'Message is empty'})
2026-06-30 09:32:22,835 [WARNING] Message is empty, skipping.
2026-06-30 09:32:22,835 [INFO] ('', None, [{}], {'error': 'Message is empty'})
2026-06-30 09:32:22,836 [WARNING] Message is empty, skipping.
2026-06-30 09:32:22,836 [INFO] ('', None, [{}], {'error': 'Message is empty'})
2026-06-30 09:32:22,836 [WARNING] Message is empty, skipping.
2026-06-30 09:32:22,836 [INFO] ('', None, [{}], {'error': 'Message is empty'})
2026-06-30 09:32:22,837 [WARNING] Message is empty, skipping.
2026-06-30 09:32:22,837 [INFO] ('', None, [{}], {'error': 'Message is empty'})
2026-06-30 09:32:22,837 [WARNING] Message is empty, skipping.
2026-06-30 09:32:22,837 [INFO] ('', None, [{}], {'error': 'Message is empty'})
2026-06-30 09:32:22,838 [WARNING] Message is empty, skipping.
2026-06-30 09:32:22,838 [INFO] ('', None, [{}], {'error': 'Message is empty'})
2026-06-30 09:32:22,839 [WARNING] Message is empty, skipping.
2026-06-30 09:32:22,839 [INFO] ('', None, [{}], {'error': 'Message is empty'})
2026-06-30 09:32:22,840 [WARNING] Message is empty, skipping.
2026-06-30 09:32:22,840 [INFO] ('', None, [{}], {'error': 'Message is empty'})
2026-06-30 09:32:22,840 [WARNING] Message is empty, skipping.
2026-06-30 09:32:22,840 [INFO] ('', None, [{}], {'error': 'Message is empty'})
2026-06-30 09:32:22,841 [WARNING] Message is empty, skipping.
2026-06-30 09:32:22,841 [INFO] ('', None, [{}], {'error': 'Message is empty'})
2026-06-30 09:32:22,841 [WARNING] Message is empty, skipping.
2026-06-30 09:32:22,843 [INFO] ('', None, [{}], {'error': 'Message is empty'})
2026-06-30 09:32:22,843 [WARNING] Message is empty, skipping.
2026-06-30 09:32:22,844 [INFO] ('', None, [{}], {'error': 'Message is empty'})
2026-06-30 09:32:22,844 [WARNING] Message is empty, skipping.
2026-06-30 09:32:22,845 [INFO] ('', None, [{}], {'error': 'Message is empty'})
2026-06-30 09:32:22,845 [WARNING] Message is empty, skipping.
2026-06-30 09:32:22,845 [INFO] ('', None, [{}], {'error': 'Message is empty'})
2026-06-30 09:32:22,845 [WARNING] Message is empty, skipping.
2026-06-30 09:32:22,846 [INFO] ('', None, [{}], {'error': 'Message is empty'})
2026-06-30 09:32:22,846 [WARNING] Message is empty, skipping.
2026-06-30 09:32:22,847 [INFO] ('', None, [{}], {'error': 'Message is empty'})
2026-06-30 09:32:22,847 [WARNING] Message is empty, skipping.
2026-06-30 09:32:22,848 [INFO] ('', None, [{}], {'error': 'Message is empty'})
2026-06-30 09:32:22,848 [WARNING] Message is empty, skipping.
2026-06-30 09:32:22,848 [INFO] ('', None, [{}], {'error': 'Message is empty'})
2026-06-30 09:32:22,849 [WARNING] Message is empty, skipping.
2026-06-30 09:32:22,849 [INFO] ('', None, [{}], {'error': 'Message is empty'})
2026-06-30 09:32:22,849 [WARNING] Message is empty, skipping.
2026-06-30 09:32:22,849 [INFO] ('', None, [{}], {'error': 'Message is empty'})
