2026-06-30 12:15:42,990 [INFO] Starting question generation for sc/nonwritten-records.
2026-06-30 12:15:42,990 [INFO] 

Generating questions for dataset at endpoint: nonwritten-records
2026-06-30 12:15:42,991 [INFO] ... (more hidden) ...
2026-06-30 12:15:42,991 [WARNING] Warning: No endpoint provided for question type remapping.
2026-06-30 12:15:42,991 [WARNING] Skipping QuestionType.RANGE due to filter settings.
2026-06-30 12:15:42,992 [WARNING] Warning: No endpoint provided for question type remapping.
2026-06-30 12:15:42,992 [WARNING] Skipping QuestionType.RANGE due to filter settings.
2026-06-30 12:15:42,992 [WARNING] Warning: No endpoint provided for question type remapping.
2026-06-30 12:15:42,992 [WARNING] Skipping QuestionType.RANGE due to filter settings.
2026-06-30 12:15:42,992 [WARNING] Warning: No endpoint provided for question type remapping.
2026-06-30 12:15:42,992 [WARNING] Skipping QuestionType.RANGE due to filter settings.
2026-06-30 12:15:42,993 [WARNING] Warning: No endpoint provided for question type remapping.
2026-06-30 12:15:42,993 [WARNING] Skipping QuestionType.RANGE due to filter settings.
2026-06-30 12:15:42,993 [WARNING] Warning: No endpoint provided for question type remapping.
2026-06-30 12:15:42,993 [WARNING] Skipping QuestionType.RANGE due to filter settings.
2026-06-30 12:15:42,993 [WARNING] Warning: No endpoint provided for question type remapping.
2026-06-30 12:15:42,993 [WARNING] Skipping QuestionType.RANGE due to filter settings.
2026-06-30 12:15:42,994 [WARNING] Warning: No endpoint provided for question type remapping.
2026-06-30 12:15:42,994 [WARNING] Skipping QuestionType.RANGE due to filter settings.
2026-06-30 12:15:42,994 [WARNING] Warning: No endpoint provided for question type remapping.
2026-06-30 12:15:42,994 [WARNING] Skipping QuestionType.RANGE due to filter settings.
2026-06-30 12:15:42,994 [WARNING] Warning: No endpoint provided for question type remapping.
2026-06-30 12:15:42,994 [WARNING] Skipping QuestionType.RANGE due to filter settings.
2026-06-30 12:15:42,995 [WARNING] Warning: No endpoint provided for question type remapping.
2026-06-30 12:15:42,995 [WARNING] Skipping QuestionType.RANGE due to filter settings.
2026-06-30 12:15:42,995 [WARNING] Warning: No endpoint provided for question type remapping.
2026-06-30 12:15:42,995 [WARNING] Skipping QuestionType.RANGE due to filter settings.
2026-06-30 12:15:42,995 [WARNING] Warning: No endpoint provided for question type remapping.
2026-06-30 12:15:42,995 [WARNING] Skipping QuestionType.RANGE due to filter settings.
2026-06-30 12:15:42,996 [WARNING] Warning: No endpoint provided for question type remapping.
2026-06-30 12:15:42,996 [WARNING] Skipping QuestionType.RANGE due to filter settings.
2026-06-30 12:15:42,996 [WARNING] Warning: No endpoint provided for question type remapping.
2026-06-30 12:15:42,996 [WARNING] Skipping QuestionType.RANGE due to filter settings.
2026-06-30 12:15:42,996 [WARNING] Warning: No endpoint provided for question type remapping.
2026-06-30 12:15:42,996 [WARNING] Skipping QuestionType.RANGE due to filter settings.
2026-06-30 12:15:42,997 [WARNING] Warning: No endpoint provided for question type remapping.
2026-06-30 12:15:42,997 [WARNING] Skipping QuestionType.RANGE due to filter settings.
2026-06-30 12:15:42,997 [WARNING] Warning: No endpoint provided for question type remapping.
2026-06-30 12:15:42,997 [WARNING] Skipping QuestionType.RANGE due to filter settings.
2026-06-30 12:15:42,997 [WARNING] Warning: No endpoint provided for question type remapping.
2026-06-30 12:15:42,997 [WARNING] Skipping QuestionType.RANGE due to filter settings.
2026-06-30 12:15:42,998 [WARNING] Warning: No endpoint provided for question type remapping.
2026-06-30 12:15:42,998 [WARNING] Skipping QuestionType.RANGE due to filter settings.
2026-06-30 12:15:42,998 [WARNING] Warning: No endpoint provided for question type remapping.
2026-06-30 12:15:42,998 [WARNING] Skipping QuestionType.RANGE due to filter settings.
2026-06-30 12:15:42,998 [WARNING] Warning: No endpoint provided for question type remapping.
2026-06-30 12:15:42,998 [WARNING] Skipping QuestionType.RANGE due to filter settings.
2026-06-30 12:15:42,999 [WARNING] Warning: No endpoint provided for question type remapping.
2026-06-30 12:15:42,999 [WARNING] Skipping QuestionType.RANGE due to filter settings.
2026-06-30 12:15:42,999 [WARNING] Warning: No endpoint provided for question type remapping.
2026-06-30 12:15:42,999 [WARNING] Skipping QuestionType.RANGE due to filter settings.
2026-06-30 12:15:42,999 [WARNING] Warning: No endpoint provided for question type remapping.
2026-06-30 12:15:42,999 [WARNING] Skipping QuestionType.RANGE due to filter settings.
2026-06-30 12:15:43,000 [WARNING] Warning: No endpoint provided for question type remapping.
2026-06-30 12:15:43,000 [WARNING] Skipping QuestionType.RANGE due to filter settings.
2026-06-30 12:15:43,000 [WARNING] Warning: No endpoint provided for question type remapping.
2026-06-30 12:15:43,000 [WARNING] Skipping QuestionType.RANGE due to filter settings.
2026-06-30 12:15:43,000 [WARNING] Warning: No endpoint provided for question type remapping.
2026-06-30 12:15:43,000 [WARNING] Skipping QuestionType.RANGE due to filter settings.
2026-06-30 12:15:43,001 [WARNING] Warning: No endpoint provided for question type remapping.
2026-06-30 12:15:43,001 [WARNING] Skipping QuestionType.RANGE due to filter settings.
2026-06-30 12:15:43,001 [WARNING] Warning: No endpoint provided for question type remapping.
2026-06-30 12:15:43,001 [WARNING] Skipping QuestionType.RANGE due to filter settings.
2026-06-30 12:15:43,001 [WARNING] Warning: No endpoint provided for question type remapping.
2026-06-30 12:15:43,001 [WARNING] Skipping QuestionType.RANGE due to filter settings.
2026-06-30 12:15:43,001 [WARNING] Warning: No endpoint provided for question type remapping.
2026-06-30 12:15:43,001 [WARNING] Skipping QuestionType.RANGE due to filter settings.
2026-06-30 12:15:43,001 [WARNING] Warning: No endpoint provided for question type remapping.
2026-06-30 12:15:43,001 [WARNING] Skipping QuestionType.RANGE due to filter settings.
2026-06-30 12:15:43,001 [WARNING] Warning: No endpoint provided for question type remapping.
2026-06-30 12:15:43,001 [WARNING] Skipping QuestionType.RANGE due to filter settings.
2026-06-30 12:15:43,006 [WARNING] Warning: No endpoint provided for question type remapping.
2026-06-30 12:15:43,006 [WARNING] Skipping QuestionType.RANGE due to filter settings.
2026-06-30 12:15:43,006 [WARNING] Warning: No endpoint provided for question type remapping.
2026-06-30 12:15:43,006 [WARNING] Skipping QuestionType.RANGE due to filter settings.
2026-06-30 12:15:43,006 [WARNING] Warning: No endpoint provided for question type remapping.
2026-06-30 12:15:43,006 [WARNING] Skipping QuestionType.RANGE due to filter settings.
2026-06-30 12:15:43,006 [WARNING] Warning: No endpoint provided for question type remapping.
2026-06-30 12:15:43,006 [WARNING] Skipping QuestionType.RANGE due to filter settings.
2026-06-30 12:15:43,006 [WARNING] Warning: No endpoint provided for question type remapping.
2026-06-30 12:15:43,006 [WARNING] Skipping QuestionType.RANGE due to filter settings.
2026-06-30 12:15:43,006 [WARNING] Warning: No endpoint provided for question type remapping.
2026-06-30 12:15:43,006 [WARNING] Skipping QuestionType.RANGE due to filter settings.
2026-06-30 12:15:43,006 [WARNING] Warning: No endpoint provided for question type remapping.
2026-06-30 12:15:43,006 [WARNING] Skipping QuestionType.RANGE due to filter settings.
2026-06-30 12:15:43,006 [WARNING] Warning: No endpoint provided for question type remapping.
2026-06-30 12:15:43,006 [WARNING] Skipping QuestionType.RANGE due to filter settings.
2026-06-30 12:15:43,006 [WARNING] Warning: No endpoint provided for question type remapping.
2026-06-30 12:15:43,006 [WARNING] Skipping QuestionType.RANGE due to filter settings.
2026-06-30 12:15:43,006 [WARNING] Warning: No endpoint provided for question type remapping.
2026-06-30 12:15:43,006 [WARNING] Skipping QuestionType.RANGE due to filter settings.
2026-06-30 12:15:43,006 [WARNING] Warning: No endpoint provided for question type remapping.
2026-06-30 12:15:43,006 [WARNING] Skipping QuestionType.RANGE due to filter settings.
2026-06-30 12:15:43,006 [WARNING] Warning: No endpoint provided for question type remapping.
2026-06-30 12:15:43,006 [WARNING] Skipping QuestionType.RANGE due to filter settings.
2026-06-30 12:15:43,006 [WARNING] Warning: No endpoint provided for question type remapping.
2026-06-30 12:15:43,006 [WARNING] Skipping QuestionType.RANGE due to filter settings.
2026-06-30 12:15:43,006 [WARNING] Warning: No endpoint provided for question type remapping.
2026-06-30 12:15:43,006 [WARNING] Skipping QuestionType.RANGE due to filter settings.
2026-06-30 12:15:43,006 [WARNING] Warning: No endpoint provided for question type remapping.
2026-06-30 12:15:43,006 [WARNING] Skipping QuestionType.RANGE due to filter settings.
2026-06-30 12:15:43,006 [WARNING] Warning: No endpoint provided for question type remapping.
2026-06-30 12:15:43,006 [WARNING] Skipping QuestionType.RANGE due to filter settings.
2026-06-30 12:15:43,006 [WARNING] Warning: No endpoint provided for question type remapping.
2026-06-30 12:15:43,006 [WARNING] Skipping QuestionType.RANGE due to filter settings.
2026-06-30 12:15:43,006 [WARNING] Warning: No endpoint provided for question type remapping.
2026-06-30 12:15:43,006 [WARNING] Skipping QuestionType.RANGE due to filter settings.
2026-06-30 12:15:43,006 [WARNING] Warning: No endpoint provided for question type remapping.
2026-06-30 12:15:43,006 [WARNING] Skipping QuestionType.RANGE due to filter settings.
2026-06-30 12:15:43,006 [WARNING] Warning: No endpoint provided for question type remapping.
2026-06-30 12:15:43,006 [WARNING] Skipping QuestionType.RANGE due to filter settings.
2026-06-30 12:15:43,006 [WARNING] Warning: No endpoint provided for question type remapping.
2026-06-30 12:15:43,006 [WARNING] Skipping QuestionType.RANGE due to filter settings.
2026-06-30 12:15:43,006 [WARNING] Warning: No endpoint provided for question type remapping.
2026-06-30 12:15:43,006 [WARNING] Skipping QuestionType.RANGE due to filter settings.
2026-06-30 12:15:43,006 [WARNING] Warning: No endpoint provided for question type remapping.
2026-06-30 12:15:43,008 [WARNING] Skipping QuestionType.RANGE due to filter settings.
2026-06-30 12:15:43,008 [WARNING] Warning: No endpoint provided for question type remapping.
2026-06-30 12:15:43,008 [WARNING] Skipping QuestionType.RANGE due to filter settings.
2026-06-30 12:15:43,008 [WARNING] Warning: No endpoint provided for question type remapping.
2026-06-30 12:15:43,008 [WARNING] Skipping QuestionType.RANGE due to filter settings.
2026-06-30 12:15:43,008 [WARNING] Warning: No endpoint provided for question type remapping.
2026-06-30 12:15:43,008 [WARNING] Skipping QuestionType.RANGE due to filter settings.
2026-06-30 12:15:43,008 [WARNING] Warning: No endpoint provided for question type remapping.
2026-06-30 12:15:43,008 [WARNING] Skipping QuestionType.RANGE due to filter settings.
2026-06-30 12:15:43,008 [WARNING] Warning: No endpoint provided for question type remapping.
2026-06-30 12:15:43,008 [WARNING] Skipping QuestionType.RANGE due to filter settings.
2026-06-30 12:15:43,008 [WARNING] Warning: No endpoint provided for question type remapping.
2026-06-30 12:15:43,011 [WARNING] Skipping QuestionType.RANGE due to filter settings.
2026-06-30 12:15:43,011 [WARNING] Warning: No endpoint provided for question type remapping.
2026-06-30 12:15:43,011 [WARNING] Skipping QuestionType.RANGE due to filter settings.
2026-06-30 12:15:43,011 [WARNING] Warning: No endpoint provided for question type remapping.
2026-06-30 12:15:43,011 [WARNING] Skipping QuestionType.RANGE due to filter settings.
2026-06-30 12:15:43,011 [WARNING] Warning: No endpoint provided for question type remapping.
2026-06-30 12:15:43,011 [WARNING] Skipping QuestionType.RANGE due to filter settings.
2026-06-30 12:15:43,011 [WARNING] Warning: No endpoint provided for question type remapping.
2026-06-30 12:15:43,011 [WARNING] Skipping QuestionType.RANGE due to filter settings.
2026-06-30 12:15:43,011 [WARNING] Warning: No endpoint provided for question type remapping.
2026-06-30 12:15:43,015 [WARNING] Skipping QuestionType.RANGE due to filter settings.
2026-06-30 12:15:43,015 [WARNING] Warning: No endpoint provided for question type remapping.
2026-06-30 12:15:43,015 [WARNING] Skipping QuestionType.RANGE due to filter settings.
2026-06-30 12:15:43,015 [WARNING] Warning: No endpoint provided for question type remapping.
2026-06-30 12:15:43,015 [WARNING] Skipping QuestionType.RANGE due to filter settings.
2026-06-30 12:15:43,015 [WARNING] Warning: No endpoint provided for question type remapping.
2026-06-30 12:15:43,015 [WARNING] Skipping QuestionType.RANGE due to filter settings.
2026-06-30 12:15:43,015 [WARNING] Warning: No endpoint provided for question type remapping.
2026-06-30 12:15:43,015 [WARNING] Skipping QuestionType.RANGE due to filter settings.
2026-06-30 12:15:43,016 [WARNING] Warning: No endpoint provided for question type remapping.
2026-06-30 12:15:43,016 [WARNING] Skipping QuestionType.RANGE due to filter settings.
2026-06-30 12:15:43,016 [WARNING] Warning: No endpoint provided for question type remapping.
2026-06-30 12:15:43,016 [WARNING] Skipping QuestionType.RANGE due to filter settings.
2026-06-30 12:15:43,016 [WARNING] Warning: No endpoint provided for question type remapping.
2026-06-30 12:15:43,016 [WARNING] Skipping QuestionType.RANGE due to filter settings.
2026-06-30 12:15:43,016 [WARNING] Warning: No endpoint provided for question type remapping.
2026-06-30 12:15:43,016 [WARNING] Skipping QuestionType.RANGE due to filter settings.
2026-06-30 12:15:43,016 [WARNING] Warning: No endpoint provided for question type remapping.
2026-06-30 12:15:43,016 [WARNING] Skipping QuestionType.RANGE due to filter settings.
2026-06-30 12:15:43,016 [WARNING] Warning: No endpoint provided for question type remapping.
2026-06-30 12:15:43,017 [WARNING] Skipping QuestionType.RANGE due to filter settings.
2026-06-30 12:15:43,017 [WARNING] Warning: No endpoint provided for question type remapping.
2026-06-30 12:15:43,017 [WARNING] Skipping QuestionType.RANGE due to filter settings.
2026-06-30 12:15:43,017 [WARNING] Warning: No endpoint provided for question type remapping.
2026-06-30 12:15:43,017 [WARNING] Skipping QuestionType.RANGE due to filter settings.
2026-06-30 12:15:43,017 [WARNING] Warning: No endpoint provided for question type remapping.
2026-06-30 12:15:43,018 [WARNING] Skipping QuestionType.RANGE due to filter settings.
2026-06-30 12:15:43,018 [WARNING] Warning: No endpoint provided for question type remapping.
2026-06-30 12:15:43,018 [WARNING] Skipping QuestionType.RANGE due to filter settings.
2026-06-30 12:15:43,018 [WARNING] Warning: No endpoint provided for question type remapping.
2026-06-30 12:15:43,018 [WARNING] Skipping QuestionType.RANGE due to filter settings.
2026-06-30 12:15:43,018 [WARNING] Warning: No endpoint provided for question type remapping.
2026-06-30 12:15:43,018 [WARNING] Skipping QuestionType.RANGE due to filter settings.
2026-06-30 12:15:43,019 [WARNING] Warning: No endpoint provided for question type remapping.
2026-06-30 12:15:43,019 [WARNING] Skipping QuestionType.RANGE due to filter settings.
2026-06-30 12:15:43,020 [WARNING] Warning: No endpoint provided for question type remapping.
2026-06-30 12:15:43,020 [WARNING] Skipping QuestionType.RANGE due to filter settings.
2026-06-30 12:15:43,020 [WARNING] Warning: No endpoint provided for question type remapping.
2026-06-30 12:15:43,020 [WARNING] Skipping QuestionType.RANGE due to filter settings.
2026-06-30 12:15:43,021 [WARNING] Warning: No endpoint provided for question type remapping.
2026-06-30 12:15:43,023 [WARNING] Skipping QuestionType.RANGE due to filter settings.
2026-06-30 12:15:43,023 [WARNING] Warning: No endpoint provided for question type remapping.
2026-06-30 12:15:43,024 [WARNING] Skipping QuestionType.RANGE due to filter settings.
2026-06-30 12:15:43,024 [WARNING] Warning: No endpoint provided for question type remapping.
2026-06-30 12:15:43,024 [WARNING] Skipping QuestionType.RANGE due to filter settings.
2026-06-30 12:15:43,024 [WARNING] Warning: No endpoint provided for question type remapping.
2026-06-30 12:15:43,025 [WARNING] Skipping QuestionType.RANGE due to filter settings.
2026-06-30 12:15:43,025 [WARNING] Warning: No endpoint provided for question type remapping.
2026-06-30 12:15:43,025 [WARNING] Skipping QuestionType.RANGE due to filter settings.
2026-06-30 12:15:43,025 [WARNING] Warning: No endpoint provided for question type remapping.
2026-06-30 12:15:43,025 [WARNING] Skipping QuestionType.RANGE due to filter settings.
2026-06-30 12:15:43,025 [WARNING] Warning: No endpoint provided for question type remapping.
2026-06-30 12:15:43,025 [WARNING] Skipping QuestionType.RANGE due to filter settings.
2026-06-30 12:15:43,025 [WARNING] Warning: No endpoint provided for question type remapping.
2026-06-30 12:15:43,025 [WARNING] Skipping QuestionType.RANGE due to filter settings.
2026-06-30 12:15:43,025 [WARNING] Warning: No endpoint provided for question type remapping.
2026-06-30 12:15:43,025 [WARNING] Skipping QuestionType.RANGE due to filter settings.
2026-06-30 12:15:43,025 [WARNING] Warning: No endpoint provided for question type remapping.
2026-06-30 12:15:43,025 [WARNING] Skipping QuestionType.RANGE due to filter settings.
2026-06-30 12:15:43,025 [WARNING] Warning: No endpoint provided for question type remapping.
2026-06-30 12:15:43,025 [WARNING] Skipping QuestionType.RANGE due to filter settings.
2026-06-30 12:15:43,025 [WARNING] Warning: No endpoint provided for question type remapping.
2026-06-30 12:15:43,025 [WARNING] Skipping QuestionType.RANGE due to filter settings.
2026-06-30 12:15:43,025 [WARNING] Warning: No endpoint provided for question type remapping.
2026-06-30 12:15:43,025 [WARNING] Skipping QuestionType.RANGE due to filter settings.
2026-06-30 12:15:43,025 [WARNING] Warning: No endpoint provided for question type remapping.
2026-06-30 12:15:43,025 [WARNING] Skipping QuestionType.RANGE due to filter settings.
2026-06-30 12:15:43,025 [WARNING] Warning: No endpoint provided for question type remapping.
2026-06-30 12:15:43,025 [WARNING] Skipping QuestionType.RANGE due to filter settings.
2026-06-30 12:15:43,025 [WARNING] Warning: No endpoint provided for question type remapping.
2026-06-30 12:15:43,034 [WARNING] Skipping QuestionType.RANGE due to filter settings.
2026-06-30 12:15:43,034 [WARNING] Warning: No endpoint provided for question type remapping.
2026-06-30 12:15:43,034 [WARNING] Skipping QuestionType.RANGE due to filter settings.
2026-06-30 12:15:43,034 [WARNING] Warning: No endpoint provided for question type remapping.
2026-06-30 12:15:43,034 [WARNING] Skipping QuestionType.RANGE due to filter settings.
2026-06-30 12:15:43,034 [WARNING] Warning: No endpoint provided for question type remapping.
2026-06-30 12:15:43,034 [WARNING] Skipping QuestionType.RANGE due to filter settings.
2026-06-30 12:15:43,036 [WARNING] Warning: No endpoint provided for question type remapping.
2026-06-30 12:15:43,036 [WARNING] Skipping QuestionType.RANGE due to filter settings.
2026-06-30 12:15:43,036 [WARNING] Warning: No endpoint provided for question type remapping.
2026-06-30 12:15:43,036 [WARNING] Skipping QuestionType.RANGE due to filter settings.
2026-06-30 12:15:43,036 [WARNING] Warning: No endpoint provided for question type remapping.
2026-06-30 12:15:43,036 [WARNING] Skipping QuestionType.RANGE due to filter settings.
2026-06-30 12:15:43,036 [WARNING] Warning: No endpoint provided for question type remapping.
2026-06-30 12:15:43,036 [WARNING] Skipping QuestionType.RANGE due to filter settings.
2026-06-30 12:15:43,036 [WARNING] Warning: No endpoint provided for question type remapping.
2026-06-30 12:15:43,036 [WARNING] Skipping QuestionType.RANGE due to filter settings.
2026-06-30 12:15:43,036 [WARNING] Warning: No endpoint provided for question type remapping.
2026-06-30 12:15:43,036 [WARNING] Skipping QuestionType.RANGE due to filter settings.
2026-06-30 12:15:43,036 [WARNING] Warning: No endpoint provided for question type remapping.
2026-06-30 12:15:43,036 [WARNING] Skipping QuestionType.RANGE due to filter settings.
2026-06-30 12:15:43,036 [WARNING] Warning: No endpoint provided for question type remapping.
2026-06-30 12:15:43,036 [WARNING] Skipping QuestionType.RANGE due to filter settings.
2026-06-30 12:15:43,036 [WARNING] Warning: No endpoint provided for question type remapping.
2026-06-30 12:15:43,036 [WARNING] Skipping QuestionType.RANGE due to filter settings.
2026-06-30 12:15:43,037 [WARNING] Warning: No endpoint provided for question type remapping.
2026-06-30 12:15:43,037 [WARNING] Skipping QuestionType.RANGE due to filter settings.
2026-06-30 12:15:43,037 [WARNING] Warning: No endpoint provided for question type remapping.
2026-06-30 12:15:43,037 [WARNING] Skipping QuestionType.RANGE due to filter settings.
2026-06-30 12:15:43,038 [WARNING] Warning: No endpoint provided for question type remapping.
2026-06-30 12:15:43,038 [WARNING] Skipping QuestionType.RANGE due to filter settings.
2026-06-30 12:15:43,038 [WARNING] Warning: No endpoint provided for question type remapping.
2026-06-30 12:15:43,038 [WARNING] Skipping QuestionType.RANGE due to filter settings.
2026-06-30 12:15:43,038 [WARNING] Warning: No endpoint provided for question type remapping.
2026-06-30 12:15:43,038 [WARNING] Skipping QuestionType.RANGE due to filter settings.
2026-06-30 12:15:43,039 [WARNING] Warning: No endpoint provided for question type remapping.
2026-06-30 12:15:43,039 [WARNING] Skipping QuestionType.RANGE due to filter settings.
2026-06-30 12:15:43,039 [WARNING] Warning: No endpoint provided for question type remapping.
2026-06-30 12:15:43,039 [WARNING] Skipping QuestionType.RANGE due to filter settings.
2026-06-30 12:15:43,039 [WARNING] Warning: No endpoint provided for question type remapping.
2026-06-30 12:15:43,039 [WARNING] Skipping QuestionType.RANGE due to filter settings.
2026-06-30 12:15:43,039 [WARNING] Warning: No endpoint provided for question type remapping.
2026-06-30 12:15:43,041 [WARNING] Skipping QuestionType.RANGE due to filter settings.
2026-06-30 12:15:43,041 [WARNING] Warning: No endpoint provided for question type remapping.
2026-06-30 12:15:43,041 [WARNING] Skipping QuestionType.RANGE due to filter settings.
2026-06-30 12:15:43,041 [WARNING] Warning: No endpoint provided for question type remapping.
2026-06-30 12:15:43,044 [WARNING] Skipping QuestionType.RANGE due to filter settings.
2026-06-30 12:15:43,044 [WARNING] Warning: No endpoint provided for question type remapping.
2026-06-30 12:15:43,044 [WARNING] Skipping QuestionType.RANGE due to filter settings.
2026-06-30 12:15:43,044 [WARNING] Warning: No endpoint provided for question type remapping.
2026-06-30 12:15:43,045 [WARNING] Skipping QuestionType.RANGE due to filter settings.
2026-06-30 12:15:43,045 [WARNING] Warning: No endpoint provided for question type remapping.
2026-06-30 12:15:43,045 [WARNING] Skipping QuestionType.RANGE due to filter settings.
2026-06-30 12:15:43,045 [WARNING] Warning: No endpoint provided for question type remapping.
2026-06-30 12:15:43,045 [WARNING] Skipping QuestionType.RANGE due to filter settings.
2026-06-30 12:15:43,045 [WARNING] Warning: No endpoint provided for question type remapping.
2026-06-30 12:15:43,045 [WARNING] Skipping QuestionType.RANGE due to filter settings.
2026-06-30 12:15:43,046 [WARNING] Warning: No endpoint provided for question type remapping.
2026-06-30 12:15:43,046 [WARNING] Skipping QuestionType.RANGE due to filter settings.
2026-06-30 12:15:43,046 [WARNING] Warning: No endpoint provided for question type remapping.
2026-06-30 12:15:43,046 [WARNING] Skipping QuestionType.RANGE due to filter settings.
2026-06-30 12:15:43,046 [WARNING] Warning: No endpoint provided for question type remapping.
2026-06-30 12:15:43,046 [WARNING] Skipping QuestionType.RANGE due to filter settings.
2026-06-30 12:15:43,047 [WARNING] Warning: No endpoint provided for question type remapping.
2026-06-30 12:15:43,047 [WARNING] Skipping QuestionType.RANGE due to filter settings.
2026-06-30 12:15:43,047 [WARNING] Warning: No endpoint provided for question type remapping.
2026-06-30 12:15:43,047 [WARNING] Skipping QuestionType.RANGE due to filter settings.
2026-06-30 12:15:43,047 [WARNING] Warning: No endpoint provided for question type remapping.
2026-06-30 12:15:43,048 [WARNING] Skipping QuestionType.RANGE due to filter settings.
2026-06-30 12:15:43,049 [WARNING] Warning: No endpoint provided for question type remapping.
2026-06-30 12:15:43,050 [WARNING] Skipping QuestionType.RANGE due to filter settings.
2026-06-30 12:15:43,050 [WARNING] Warning: No endpoint provided for question type remapping.
2026-06-30 12:15:43,050 [WARNING] Skipping QuestionType.RANGE due to filter settings.
2026-06-30 12:15:43,051 [WARNING] Warning: No endpoint provided for question type remapping.
2026-06-30 12:15:43,051 [WARNING] Skipping QuestionType.RANGE due to filter settings.
2026-06-30 12:15:43,051 [WARNING] Warning: No endpoint provided for question type remapping.
2026-06-30 12:15:43,051 [WARNING] Skipping QuestionType.RANGE due to filter settings.
2026-06-30 12:15:43,052 [WARNING] Warning: No endpoint provided for question type remapping.
2026-06-30 12:15:43,052 [WARNING] Skipping QuestionType.RANGE due to filter settings.
2026-06-30 12:15:43,052 [WARNING] Warning: No endpoint provided for question type remapping.
2026-06-30 12:15:43,052 [WARNING] Skipping QuestionType.RANGE due to filter settings.
2026-06-30 12:15:43,052 [WARNING] Warning: No endpoint provided for question type remapping.
2026-06-30 12:15:43,053 [WARNING] Skipping QuestionType.RANGE due to filter settings.
2026-06-30 12:15:43,053 [WARNING] Warning: No endpoint provided for question type remapping.
2026-06-30 12:15:43,053 [WARNING] Skipping QuestionType.RANGE due to filter settings.
2026-06-30 12:15:43,053 [WARNING] Warning: No endpoint provided for question type remapping.
2026-06-30 12:15:43,053 [WARNING] Skipping QuestionType.RANGE due to filter settings.
2026-06-30 12:15:43,054 [WARNING] Warning: No endpoint provided for question type remapping.
2026-06-30 12:15:43,054 [WARNING] Skipping QuestionType.RANGE due to filter settings.
2026-06-30 12:15:43,054 [WARNING] Warning: No endpoint provided for question type remapping.
2026-06-30 12:15:43,054 [WARNING] Skipping QuestionType.RANGE due to filter settings.
2026-06-30 12:15:43,054 [WARNING] Warning: No endpoint provided for question type remapping.
2026-06-30 12:15:43,054 [WARNING] Skipping QuestionType.RANGE due to filter settings.
2026-06-30 12:15:43,054 [WARNING] Warning: No endpoint provided for question type remapping.
2026-06-30 12:15:43,055 [WARNING] Skipping QuestionType.RANGE due to filter settings.
2026-06-30 12:15:43,055 [WARNING] Warning: No endpoint provided for question type remapping.
2026-06-30 12:15:43,055 [WARNING] Skipping QuestionType.RANGE due to filter settings.
2026-06-30 12:15:43,056 [WARNING] Warning: No endpoint provided for question type remapping.
2026-06-30 12:15:43,056 [WARNING] Skipping QuestionType.RANGE due to filter settings.
2026-06-30 12:15:43,056 [WARNING] Warning: No endpoint provided for question type remapping.
2026-06-30 12:15:43,056 [WARNING] Skipping QuestionType.RANGE due to filter settings.
2026-06-30 12:15:43,057 [WARNING] Warning: No endpoint provided for question type remapping.
2026-06-30 12:15:43,057 [WARNING] Skipping QuestionType.RANGE due to filter settings.
2026-06-30 12:15:43,057 [WARNING] Warning: No endpoint provided for question type remapping.
2026-06-30 12:15:43,057 [WARNING] Skipping QuestionType.RANGE due to filter settings.
2026-06-30 12:15:43,057 [WARNING] Warning: No endpoint provided for question type remapping.
2026-06-30 12:15:43,057 [WARNING] Skipping QuestionType.RANGE due to filter settings.
2026-06-30 12:15:43,057 [WARNING] Warning: No endpoint provided for question type remapping.
2026-06-30 12:15:43,058 [WARNING] Skipping QuestionType.RANGE due to filter settings.
2026-06-30 12:15:43,058 [WARNING] Warning: No endpoint provided for question type remapping.
2026-06-30 12:15:43,058 [WARNING] Skipping QuestionType.RANGE due to filter settings.
2026-06-30 12:15:43,058 [WARNING] Warning: No endpoint provided for question type remapping.
2026-06-30 12:15:43,058 [WARNING] Skipping QuestionType.RANGE due to filter settings.
2026-06-30 12:15:43,059 [WARNING] Warning: No endpoint provided for question type remapping.
2026-06-30 12:15:43,059 [WARNING] Skipping QuestionType.RANGE due to filter settings.
2026-06-30 12:15:43,059 [WARNING] Warning: No endpoint provided for question type remapping.
2026-06-30 12:15:43,059 [WARNING] Skipping QuestionType.RANGE due to filter settings.
2026-06-30 12:15:43,059 [WARNING] Warning: No endpoint provided for question type remapping.
2026-06-30 12:15:43,059 [WARNING] Skipping QuestionType.RANGE due to filter settings.
2026-06-30 12:15:43,060 [WARNING] Warning: No endpoint provided for question type remapping.
2026-06-30 12:15:43,060 [WARNING] Skipping QuestionType.RANGE due to filter settings.
2026-06-30 12:15:43,060 [WARNING] Warning: No endpoint provided for question type remapping.
2026-06-30 12:15:43,060 [WARNING] Skipping QuestionType.RANGE due to filter settings.
2026-06-30 12:15:43,060 [WARNING] Warning: No endpoint provided for question type remapping.
2026-06-30 12:15:43,060 [WARNING] Skipping QuestionType.RANGE due to filter settings.
2026-06-30 12:15:43,061 [WARNING] Warning: No endpoint provided for question type remapping.
2026-06-30 12:15:43,061 [WARNING] Skipping QuestionType.RANGE due to filter settings.
2026-06-30 12:15:43,061 [WARNING] Warning: No endpoint provided for question type remapping.
2026-06-30 12:15:43,063 [WARNING] Skipping QuestionType.RANGE due to filter settings.
2026-06-30 12:15:43,063 [WARNING] Warning: No endpoint provided for question type remapping.
2026-06-30 12:15:43,064 [WARNING] Skipping QuestionType.RANGE due to filter settings.
2026-06-30 12:15:43,064 [WARNING] Warning: No endpoint provided for question type remapping.
2026-06-30 12:15:43,064 [WARNING] Skipping QuestionType.RANGE due to filter settings.
2026-06-30 12:15:43,064 [WARNING] Warning: No endpoint provided for question type remapping.
2026-06-30 12:15:43,064 [WARNING] Skipping QuestionType.RANGE due to filter settings.
2026-06-30 12:15:43,065 [WARNING] Warning: No endpoint provided for question type remapping.
2026-06-30 12:15:43,065 [WARNING] Skipping QuestionType.RANGE due to filter settings.
2026-06-30 12:15:43,065 [WARNING] Warning: No endpoint provided for question type remapping.
2026-06-30 12:15:43,065 [WARNING] Skipping QuestionType.RANGE due to filter settings.
2026-06-30 12:15:43,065 [WARNING] Warning: No endpoint provided for question type remapping.
2026-06-30 12:15:43,065 [WARNING] Skipping QuestionType.RANGE due to filter settings.
2026-06-30 12:15:43,065 [WARNING] Warning: No endpoint provided for question type remapping.
2026-06-30 12:15:43,065 [WARNING] Skipping QuestionType.RANGE due to filter settings.
2026-06-30 12:15:43,066 [WARNING] Warning: No endpoint provided for question type remapping.
2026-06-30 12:15:43,066 [WARNING] Skipping QuestionType.RANGE due to filter settings.
2026-06-30 12:15:43,066 [WARNING] Warning: No endpoint provided for question type remapping.
2026-06-30 12:15:43,066 [WARNING] Skipping QuestionType.RANGE due to filter settings.
2026-06-30 12:15:43,066 [WARNING] Warning: No endpoint provided for question type remapping.
2026-06-30 12:15:43,066 [WARNING] Skipping QuestionType.RANGE due to filter settings.
2026-06-30 12:15:43,067 [WARNING] Warning: No endpoint provided for question type remapping.
2026-06-30 12:15:43,067 [WARNING] Skipping QuestionType.RANGE due to filter settings.
2026-06-30 12:15:43,067 [WARNING] Warning: No endpoint provided for question type remapping.
2026-06-30 12:15:43,067 [WARNING] Skipping QuestionType.RANGE due to filter settings.
2026-06-30 12:15:43,067 [WARNING] Warning: No endpoint provided for question type remapping.
2026-06-30 12:15:43,068 [WARNING] Skipping QuestionType.RANGE due to filter settings.
2026-06-30 12:15:43,068 [WARNING] Warning: No endpoint provided for question type remapping.
2026-06-30 12:15:43,068 [WARNING] Skipping QuestionType.RANGE due to filter settings.
2026-06-30 12:15:43,069 [WARNING] Warning: No endpoint provided for question type remapping.
2026-06-30 12:15:43,069 [WARNING] Skipping QuestionType.RANGE due to filter settings.
2026-06-30 12:15:43,069 [WARNING] Warning: No endpoint provided for question type remapping.
2026-06-30 12:15:43,070 [WARNING] Skipping QuestionType.RANGE due to filter settings.
2026-06-30 12:15:43,070 [WARNING] Warning: No endpoint provided for question type remapping.
2026-06-30 12:15:43,070 [WARNING] Skipping QuestionType.RANGE due to filter settings.
2026-06-30 12:15:43,070 [WARNING] Warning: No endpoint provided for question type remapping.
2026-06-30 12:15:43,070 [WARNING] Skipping QuestionType.RANGE due to filter settings.
2026-06-30 12:15:43,070 [WARNING] Warning: No endpoint provided for question type remapping.
2026-06-30 12:15:43,071 [WARNING] Skipping QuestionType.RANGE due to filter settings.
2026-06-30 12:15:43,071 [WARNING] Warning: No endpoint provided for question type remapping.
2026-06-30 12:15:43,071 [WARNING] Skipping QuestionType.RANGE due to filter settings.
2026-06-30 12:15:43,071 [WARNING] Warning: No endpoint provided for question type remapping.
2026-06-30 12:15:43,071 [WARNING] Skipping QuestionType.RANGE due to filter settings.
2026-06-30 12:15:43,071 [WARNING] Warning: No endpoint provided for question type remapping.
2026-06-30 12:15:43,072 [WARNING] Skipping QuestionType.RANGE due to filter settings.
2026-06-30 12:15:43,072 [WARNING] Warning: No endpoint provided for question type remapping.
2026-06-30 12:15:43,072 [WARNING] Skipping QuestionType.RANGE due to filter settings.
2026-06-30 12:15:43,072 [WARNING] Warning: No endpoint provided for question type remapping.
2026-06-30 12:15:43,072 [WARNING] Skipping QuestionType.RANGE due to filter settings.
2026-06-30 12:15:43,072 [WARNING] Warning: No endpoint provided for question type remapping.
2026-06-30 12:15:43,073 [WARNING] Skipping QuestionType.RANGE due to filter settings.
2026-06-30 12:15:43,073 [WARNING] Warning: No endpoint provided for question type remapping.
2026-06-30 12:15:43,073 [WARNING] Skipping QuestionType.RANGE due to filter settings.
2026-06-30 12:15:43,073 [WARNING] Warning: No endpoint provided for question type remapping.
2026-06-30 12:15:43,073 [WARNING] Skipping QuestionType.RANGE due to filter settings.
2026-06-30 12:15:43,073 [WARNING] Warning: No endpoint provided for question type remapping.
2026-06-30 12:15:43,074 [WARNING] Skipping QuestionType.RANGE due to filter settings.
2026-06-30 12:15:43,074 [WARNING] Warning: No endpoint provided for question type remapping.
2026-06-30 12:15:43,074 [WARNING] Skipping QuestionType.RANGE due to filter settings.
2026-06-30 12:15:43,074 [WARNING] Warning: No endpoint provided for question type remapping.
2026-06-30 12:15:43,074 [WARNING] Skipping QuestionType.RANGE due to filter settings.
2026-06-30 12:15:43,075 [WARNING] Warning: No endpoint provided for question type remapping.
2026-06-30 12:15:43,075 [WARNING] Skipping QuestionType.RANGE due to filter settings.
2026-06-30 12:15:43,075 [WARNING] Warning: No endpoint provided for question type remapping.
2026-06-30 12:15:43,075 [WARNING] Skipping QuestionType.RANGE due to filter settings.
2026-06-30 12:15:43,075 [WARNING] Warning: No endpoint provided for question type remapping.
2026-06-30 12:15:43,075 [WARNING] Skipping QuestionType.RANGE due to filter settings.
2026-06-30 12:15:43,076 [WARNING] Warning: No endpoint provided for question type remapping.
2026-06-30 12:15:43,076 [WARNING] Skipping QuestionType.RANGE due to filter settings.
2026-06-30 12:15:43,076 [WARNING] Warning: No endpoint provided for question type remapping.
2026-06-30 12:15:43,076 [WARNING] Skipping QuestionType.RANGE due to filter settings.
2026-06-30 12:15:43,076 [WARNING] Warning: No endpoint provided for question type remapping.
2026-06-30 12:15:43,076 [WARNING] Skipping QuestionType.RANGE due to filter settings.
2026-06-30 12:15:43,077 [WARNING] Warning: No endpoint provided for question type remapping.
2026-06-30 12:15:43,077 [WARNING] Skipping QuestionType.RANGE due to filter settings.
2026-06-30 12:15:43,077 [WARNING] Warning: No endpoint provided for question type remapping.
2026-06-30 12:15:43,077 [WARNING] Skipping QuestionType.RANGE due to filter settings.
2026-06-30 12:15:43,077 [WARNING] Warning: No endpoint provided for question type remapping.
2026-06-30 12:15:43,077 [WARNING] Skipping QuestionType.RANGE due to filter settings.
2026-06-30 12:15:43,078 [WARNING] Warning: No endpoint provided for question type remapping.
2026-06-30 12:15:43,078 [WARNING] Skipping QuestionType.RANGE due to filter settings.
2026-06-30 12:15:43,078 [WARNING] Warning: No endpoint provided for question type remapping.
2026-06-30 12:15:43,078 [WARNING] Skipping QuestionType.RANGE due to filter settings.
2026-06-30 12:15:43,078 [WARNING] Warning: No endpoint provided for question type remapping.
2026-06-30 12:15:43,078 [WARNING] Skipping QuestionType.RANGE due to filter settings.
2026-06-30 12:15:43,079 [WARNING] Warning: No endpoint provided for question type remapping.
2026-06-30 12:15:43,079 [WARNING] Skipping QuestionType.RANGE due to filter settings.
2026-06-30 12:15:43,079 [WARNING] Warning: No endpoint provided for question type remapping.
2026-06-30 12:15:43,079 [WARNING] Skipping QuestionType.RANGE due to filter settings.
2026-06-30 12:15:43,079 [WARNING] Warning: No endpoint provided for question type remapping.
2026-06-30 12:15:43,079 [WARNING] Skipping QuestionType.RANGE due to filter settings.
2026-06-30 12:15:43,080 [WARNING] Warning: No endpoint provided for question type remapping.
2026-06-30 12:15:43,080 [WARNING] Skipping QuestionType.RANGE due to filter settings.
2026-06-30 12:15:43,083 [WARNING] Warning: No endpoint provided for question type remapping.
2026-06-30 12:15:43,083 [WARNING] Skipping QuestionType.RANGE due to filter settings.
2026-06-30 12:15:43,083 [WARNING] Warning: No endpoint provided for question type remapping.
2026-06-30 12:15:43,083 [WARNING] Skipping QuestionType.RANGE due to filter settings.
2026-06-30 12:15:43,083 [WARNING] Warning: No endpoint provided for question type remapping.
2026-06-30 12:15:43,083 [WARNING] Skipping QuestionType.RANGE due to filter settings.
2026-06-30 12:15:43,083 [WARNING] Warning: No endpoint provided for question type remapping.
2026-06-30 12:15:43,083 [WARNING] Skipping QuestionType.RANGE due to filter settings.
2026-06-30 12:15:43,083 [WARNING] Warning: No endpoint provided for question type remapping.
2026-06-30 12:15:43,083 [WARNING] Skipping QuestionType.RANGE due to filter settings.
2026-06-30 12:15:43,083 [WARNING] Warning: No endpoint provided for question type remapping.
2026-06-30 12:15:43,083 [WARNING] Skipping QuestionType.RANGE due to filter settings.
2026-06-30 12:15:43,083 [WARNING] Warning: No endpoint provided for question type remapping.
2026-06-30 12:15:43,083 [WARNING] Skipping QuestionType.RANGE due to filter settings.
2026-06-30 12:15:43,083 [WARNING] Warning: No endpoint provided for question type remapping.
2026-06-30 12:15:43,083 [WARNING] Skipping QuestionType.RANGE due to filter settings.
2026-06-30 12:15:43,083 [WARNING] Warning: No endpoint provided for question type remapping.
2026-06-30 12:15:43,083 [WARNING] Skipping QuestionType.RANGE due to filter settings.
2026-06-30 12:15:43,083 [WARNING] Warning: No endpoint provided for question type remapping.
2026-06-30 12:15:43,083 [WARNING] Skipping QuestionType.RANGE due to filter settings.
2026-06-30 12:15:43,084 [WARNING] Warning: No endpoint provided for question type remapping.
2026-06-30 12:15:43,084 [WARNING] Skipping QuestionType.RANGE due to filter settings.
2026-06-30 12:15:43,084 [WARNING] Warning: No endpoint provided for question type remapping.
2026-06-30 12:15:43,086 [WARNING] Skipping QuestionType.RANGE due to filter settings.
2026-06-30 12:15:43,086 [WARNING] Warning: No endpoint provided for question type remapping.
2026-06-30 12:15:43,086 [WARNING] Skipping QuestionType.RANGE due to filter settings.
2026-06-30 12:15:43,086 [WARNING] Warning: No endpoint provided for question type remapping.
2026-06-30 12:15:43,086 [WARNING] Skipping QuestionType.RANGE due to filter settings.
2026-06-30 12:15:43,086 [WARNING] Warning: No endpoint provided for question type remapping.
2026-06-30 12:15:43,086 [WARNING] Skipping QuestionType.RANGE due to filter settings.
2026-06-30 12:15:43,086 [WARNING] Warning: No endpoint provided for question type remapping.
2026-06-30 12:15:43,086 [WARNING] Skipping QuestionType.RANGE due to filter settings.
2026-06-30 12:15:43,086 [WARNING] Warning: No endpoint provided for question type remapping.
2026-06-30 12:15:43,086 [WARNING] Skipping QuestionType.RANGE due to filter settings.
2026-06-30 12:15:43,086 [WARNING] Warning: No endpoint provided for question type remapping.
2026-06-30 12:15:43,086 [WARNING] Skipping QuestionType.RANGE due to filter settings.
2026-06-30 12:15:43,086 [WARNING] Warning: No endpoint provided for question type remapping.
2026-06-30 12:15:43,086 [WARNING] Skipping QuestionType.RANGE due to filter settings.
2026-06-30 12:15:43,086 [WARNING] Warning: No endpoint provided for question type remapping.
2026-06-30 12:15:43,086 [WARNING] Skipping QuestionType.RANGE due to filter settings.
2026-06-30 12:15:43,086 [WARNING] Warning: No endpoint provided for question type remapping.
2026-06-30 12:15:43,086 [WARNING] Skipping QuestionType.RANGE due to filter settings.
2026-06-30 12:15:43,086 [WARNING] Warning: No endpoint provided for question type remapping.
2026-06-30 12:15:43,086 [WARNING] Skipping QuestionType.RANGE due to filter settings.
2026-06-30 12:15:43,086 [WARNING] Warning: No endpoint provided for question type remapping.
2026-06-30 12:15:43,086 [WARNING] Skipping QuestionType.RANGE due to filter settings.
2026-06-30 12:15:43,086 [WARNING] Warning: No endpoint provided for question type remapping.
2026-06-30 12:15:43,086 [WARNING] Skipping QuestionType.RANGE due to filter settings.
2026-06-30 12:15:43,086 [WARNING] Warning: No endpoint provided for question type remapping.
2026-06-30 12:15:43,086 [WARNING] Skipping QuestionType.RANGE due to filter settings.
2026-06-30 12:15:43,086 [WARNING] Warning: No endpoint provided for question type remapping.
2026-06-30 12:15:43,086 [WARNING] Skipping QuestionType.RANGE due to filter settings.
2026-06-30 12:15:43,086 [WARNING] Warning: No endpoint provided for question type remapping.
2026-06-30 12:15:43,086 [WARNING] Skipping QuestionType.RANGE due to filter settings.
2026-06-30 12:15:43,086 [WARNING] Warning: No endpoint provided for question type remapping.
2026-06-30 12:15:43,088 [WARNING] Skipping QuestionType.RANGE due to filter settings.
2026-06-30 12:15:43,088 [WARNING] Warning: No endpoint provided for question type remapping.
2026-06-30 12:15:43,088 [WARNING] Skipping QuestionType.RANGE due to filter settings.
2026-06-30 12:15:43,101 [WARNING] Warning: No endpoint provided for question type remapping.
2026-06-30 12:15:43,101 [WARNING] Skipping QuestionType.RANGE due to filter settings.
2026-06-30 12:15:43,101 [WARNING] Warning: No endpoint provided for question type remapping.
2026-06-30 12:15:43,101 [WARNING] Skipping QuestionType.RANGE due to filter settings.
2026-06-30 12:15:43,101 [WARNING] Warning: No endpoint provided for question type remapping.
2026-06-30 12:15:43,101 [WARNING] Skipping QuestionType.RANGE due to filter settings.
2026-06-30 12:15:43,101 [WARNING] Warning: No endpoint provided for question type remapping.
2026-06-30 12:15:43,101 [WARNING] Skipping QuestionType.RANGE due to filter settings.
2026-06-30 12:15:43,101 [WARNING] Warning: No endpoint provided for question type remapping.
2026-06-30 12:15:43,101 [WARNING] Skipping QuestionType.RANGE due to filter settings.
2026-06-30 12:15:43,101 [WARNING] Warning: No endpoint provided for question type remapping.
2026-06-30 12:15:43,101 [WARNING] Skipping QuestionType.RANGE due to filter settings.
2026-06-30 12:15:43,101 [WARNING] Warning: No endpoint provided for question type remapping.
2026-06-30 12:15:43,101 [WARNING] Skipping QuestionType.RANGE due to filter settings.
2026-06-30 12:15:43,101 [WARNING] Warning: No endpoint provided for question type remapping.
2026-06-30 12:15:43,101 [WARNING] Skipping QuestionType.RANGE due to filter settings.
2026-06-30 12:15:43,101 [WARNING] Warning: No endpoint provided for question type remapping.
2026-06-30 12:15:43,101 [WARNING] Skipping QuestionType.RANGE due to filter settings.
2026-06-30 12:15:43,101 [WARNING] Warning: No endpoint provided for question type remapping.
2026-06-30 12:15:43,101 [WARNING] Skipping QuestionType.RANGE due to filter settings.
2026-06-30 12:15:43,101 [WARNING] Warning: No endpoint provided for question type remapping.
2026-06-30 12:15:43,101 [WARNING] Skipping QuestionType.RANGE due to filter settings.
2026-06-30 12:15:43,101 [WARNING] Warning: No endpoint provided for question type remapping.
2026-06-30 12:15:43,101 [WARNING] Skipping QuestionType.RANGE due to filter settings.
2026-06-30 12:15:43,101 [WARNING] Warning: No endpoint provided for question type remapping.
2026-06-30 12:15:43,102 [WARNING] Skipping QuestionType.RANGE due to filter settings.
2026-06-30 12:15:43,102 [WARNING] Warning: No endpoint provided for question type remapping.
2026-06-30 12:15:43,110 [WARNING] Skipping QuestionType.RANGE due to filter settings.
2026-06-30 12:15:43,110 [WARNING] Warning: No endpoint provided for question type remapping.
2026-06-30 12:15:43,110 [WARNING] Skipping QuestionType.RANGE due to filter settings.
2026-06-30 12:15:43,111 [WARNING] Warning: No endpoint provided for question type remapping.
2026-06-30 12:15:43,111 [WARNING] Skipping QuestionType.RANGE due to filter settings.
2026-06-30 12:15:43,111 [WARNING] Warning: No endpoint provided for question type remapping.
2026-06-30 12:15:43,111 [WARNING] Skipping QuestionType.RANGE due to filter settings.
2026-06-30 12:15:43,111 [WARNING] Warning: No endpoint provided for question type remapping.
2026-06-30 12:15:43,111 [WARNING] Skipping QuestionType.RANGE due to filter settings.
2026-06-30 12:15:43,111 [WARNING] Warning: No endpoint provided for question type remapping.
2026-06-30 12:15:43,111 [WARNING] Skipping QuestionType.RANGE due to filter settings.
2026-06-30 12:15:43,111 [WARNING] Warning: No endpoint provided for question type remapping.
2026-06-30 12:15:43,111 [WARNING] Skipping QuestionType.RANGE due to filter settings.
2026-06-30 12:15:43,111 [WARNING] Warning: No endpoint provided for question type remapping.
2026-06-30 12:15:43,111 [WARNING] Skipping QuestionType.RANGE due to filter settings.
2026-06-30 12:15:43,111 [WARNING] Warning: No endpoint provided for question type remapping.
2026-06-30 12:15:43,111 [WARNING] Skipping QuestionType.RANGE due to filter settings.
2026-06-30 12:15:43,111 [WARNING] Warning: No endpoint provided for question type remapping.
2026-06-30 12:15:43,111 [WARNING] Skipping QuestionType.RANGE due to filter settings.
2026-06-30 12:15:43,111 [WARNING] Warning: No endpoint provided for question type remapping.
2026-06-30 12:15:43,111 [WARNING] Skipping QuestionType.RANGE due to filter settings.
2026-06-30 12:15:43,111 [WARNING] Warning: No endpoint provided for question type remapping.
2026-06-30 12:15:43,111 [WARNING] Skipping QuestionType.RANGE due to filter settings.
2026-06-30 12:15:43,111 [WARNING] Warning: No endpoint provided for question type remapping.
2026-06-30 12:15:43,111 [WARNING] Skipping QuestionType.RANGE due to filter settings.
2026-06-30 12:15:43,111 [WARNING] Warning: No endpoint provided for question type remapping.
2026-06-30 12:15:43,111 [WARNING] Skipping QuestionType.RANGE due to filter settings.
2026-06-30 12:15:43,111 [WARNING] Warning: No endpoint provided for question type remapping.
2026-06-30 12:15:43,111 [WARNING] Skipping QuestionType.RANGE due to filter settings.
2026-06-30 12:15:43,111 [WARNING] Warning: No endpoint provided for question type remapping.
2026-06-30 12:15:43,111 [WARNING] Skipping QuestionType.RANGE due to filter settings.
2026-06-30 12:15:43,111 [WARNING] Warning: No endpoint provided for question type remapping.
2026-06-30 12:15:43,111 [WARNING] Skipping QuestionType.RANGE due to filter settings.
2026-06-30 12:15:43,111 [WARNING] Warning: No endpoint provided for question type remapping.
2026-06-30 12:15:43,111 [WARNING] Skipping QuestionType.RANGE due to filter settings.
2026-06-30 12:15:43,111 [WARNING] Warning: No endpoint provided for question type remapping.
2026-06-30 12:15:43,112 [WARNING] Skipping QuestionType.RANGE due to filter settings.
2026-06-30 12:15:43,112 [WARNING] Warning: No endpoint provided for question type remapping.
2026-06-30 12:15:43,112 [WARNING] Skipping QuestionType.RANGE due to filter settings.
2026-06-30 12:15:43,112 [WARNING] Warning: No endpoint provided for question type remapping.
2026-06-30 12:15:43,112 [WARNING] Skipping QuestionType.RANGE due to filter settings.
2026-06-30 12:15:43,113 [WARNING] Warning: No endpoint provided for question type remapping.
2026-06-30 12:15:43,113 [WARNING] Skipping QuestionType.RANGE due to filter settings.
2026-06-30 12:15:43,113 [WARNING] Warning: No endpoint provided for question type remapping.
2026-06-30 12:15:43,113 [WARNING] Skipping QuestionType.RANGE due to filter settings.
2026-06-30 12:15:43,113 [WARNING] Warning: No endpoint provided for question type remapping.
2026-06-30 12:15:43,113 [WARNING] Skipping QuestionType.RANGE due to filter settings.
2026-06-30 12:15:43,113 [WARNING] Warning: No endpoint provided for question type remapping.
2026-06-30 12:15:43,113 [WARNING] Skipping QuestionType.RANGE due to filter settings.
2026-06-30 12:15:43,113 [WARNING] Warning: No endpoint provided for question type remapping.
2026-06-30 12:15:43,113 [WARNING] Skipping QuestionType.RANGE due to filter settings.
2026-06-30 12:15:43,113 [WARNING] Warning: No endpoint provided for question type remapping.
2026-06-30 12:15:43,113 [WARNING] Skipping QuestionType.RANGE due to filter settings.
2026-06-30 12:15:43,113 [WARNING] Warning: No endpoint provided for question type remapping.
2026-06-30 12:15:43,113 [WARNING] Skipping QuestionType.RANGE due to filter settings.
2026-06-30 12:15:43,113 [WARNING] Warning: No endpoint provided for question type remapping.
2026-06-30 12:15:43,114 [WARNING] Skipping QuestionType.RANGE due to filter settings.
2026-06-30 12:15:43,114 [WARNING] Warning: No endpoint provided for question type remapping.
2026-06-30 12:15:43,114 [WARNING] Skipping QuestionType.RANGE due to filter settings.
2026-06-30 12:15:43,114 [WARNING] Warning: No endpoint provided for question type remapping.
2026-06-30 12:15:43,114 [WARNING] Skipping QuestionType.RANGE due to filter settings.
2026-06-30 12:15:43,114 [WARNING] Warning: No endpoint provided for question type remapping.
2026-06-30 12:15:43,114 [WARNING] Skipping QuestionType.RANGE due to filter settings.
2026-06-30 12:15:43,114 [WARNING] Warning: No endpoint provided for question type remapping.
2026-06-30 12:15:43,114 [WARNING] Skipping QuestionType.RANGE due to filter settings.
2026-06-30 12:15:43,114 [WARNING] Warning: No endpoint provided for question type remapping.
2026-06-30 12:15:43,114 [WARNING] Skipping QuestionType.RANGE due to filter settings.
2026-06-30 12:15:43,114 [WARNING] Warning: No endpoint provided for question type remapping.
2026-06-30 12:15:43,114 [WARNING] Skipping QuestionType.RANGE due to filter settings.
2026-06-30 12:15:43,114 [WARNING] Warning: No endpoint provided for question type remapping.
2026-06-30 12:15:43,114 [WARNING] Skipping QuestionType.RANGE due to filter settings.
2026-06-30 12:15:43,114 [WARNING] Warning: No endpoint provided for question type remapping.
2026-06-30 12:15:43,114 [WARNING] Skipping QuestionType.RANGE due to filter settings.
2026-06-30 12:15:43,114 [WARNING] Warning: No endpoint provided for question type remapping.
2026-06-30 12:15:43,114 [WARNING] Skipping QuestionType.RANGE due to filter settings.
2026-06-30 12:15:43,114 [WARNING] Warning: No endpoint provided for question type remapping.
2026-06-30 12:15:43,114 [WARNING] Skipping QuestionType.RANGE due to filter settings.
2026-06-30 12:15:43,114 [WARNING] Warning: No endpoint provided for question type remapping.
2026-06-30 12:15:43,114 [WARNING] Skipping QuestionType.RANGE due to filter settings.
2026-06-30 12:15:43,114 [WARNING] Warning: No endpoint provided for question type remapping.
2026-06-30 12:15:43,114 [WARNING] Skipping QuestionType.RANGE due to filter settings.
2026-06-30 12:15:43,114 [WARNING] Warning: No endpoint provided for question type remapping.
2026-06-30 12:15:43,115 [WARNING] Skipping QuestionType.RANGE due to filter settings.
2026-06-30 12:15:43,115 [WARNING] Warning: No endpoint provided for question type remapping.
2026-06-30 12:15:43,115 [WARNING] Skipping QuestionType.RANGE due to filter settings.
2026-06-30 12:15:43,115 [WARNING] Warning: No endpoint provided for question type remapping.
2026-06-30 12:15:43,115 [WARNING] Skipping QuestionType.RANGE due to filter settings.
2026-06-30 12:15:43,115 [WARNING] Warning: No endpoint provided for question type remapping.
2026-06-30 12:15:43,115 [WARNING] Skipping QuestionType.RANGE due to filter settings.
2026-06-30 12:15:43,115 [WARNING] Warning: No endpoint provided for question type remapping.
2026-06-30 12:15:43,115 [WARNING] Skipping QuestionType.RANGE due to filter settings.
2026-06-30 12:15:43,115 [WARNING] Warning: No endpoint provided for question type remapping.
2026-06-30 12:15:43,115 [WARNING] Skipping QuestionType.RANGE due to filter settings.
2026-06-30 12:15:43,115 [WARNING] Warning: No endpoint provided for question type remapping.
2026-06-30 12:15:43,115 [WARNING] Skipping QuestionType.RANGE due to filter settings.
2026-06-30 12:15:43,119 [WARNING] Warning: No endpoint provided for question type remapping.
2026-06-30 12:15:43,119 [WARNING] Skipping QuestionType.RANGE due to filter settings.
2026-06-30 12:15:43,119 [WARNING] Warning: No endpoint provided for question type remapping.
2026-06-30 12:15:43,119 [WARNING] Skipping QuestionType.RANGE due to filter settings.
2026-06-30 12:15:43,119 [WARNING] Warning: No endpoint provided for question type remapping.
2026-06-30 12:15:43,119 [WARNING] Skipping QuestionType.RANGE due to filter settings.
2026-06-30 12:15:43,119 [WARNING] Warning: No endpoint provided for question type remapping.
2026-06-30 12:15:43,119 [WARNING] Skipping QuestionType.RANGE due to filter settings.
2026-06-30 12:15:43,119 [WARNING] Warning: No endpoint provided for question type remapping.
2026-06-30 12:15:43,119 [WARNING] Skipping QuestionType.RANGE due to filter settings.
2026-06-30 12:15:43,119 [WARNING] Warning: No endpoint provided for question type remapping.
2026-06-30 12:15:43,119 [WARNING] Skipping QuestionType.RANGE due to filter settings.
2026-06-30 12:15:43,119 [WARNING] Warning: No endpoint provided for question type remapping.
2026-06-30 12:15:43,119 [WARNING] Skipping QuestionType.RANGE due to filter settings.
2026-06-30 12:15:43,119 [WARNING] Warning: No endpoint provided for question type remapping.
2026-06-30 12:15:43,119 [WARNING] Skipping QuestionType.RANGE due to filter settings.
2026-06-30 12:15:43,119 [WARNING] Warning: No endpoint provided for question type remapping.
2026-06-30 12:15:43,119 [WARNING] Skipping QuestionType.RANGE due to filter settings.
2026-06-30 12:15:43,119 [WARNING] Warning: No endpoint provided for question type remapping.
2026-06-30 12:15:43,119 [WARNING] Skipping QuestionType.RANGE due to filter settings.
2026-06-30 12:15:43,119 [WARNING] Warning: No endpoint provided for question type remapping.
2026-06-30 12:15:43,119 [WARNING] Skipping QuestionType.RANGE due to filter settings.
2026-06-30 12:15:43,119 [WARNING] Warning: No endpoint provided for question type remapping.
2026-06-30 12:15:43,119 [WARNING] Skipping QuestionType.RANGE due to filter settings.
2026-06-30 12:15:43,119 [WARNING] Warning: No endpoint provided for question type remapping.
2026-06-30 12:15:43,119 [WARNING] Skipping QuestionType.RANGE due to filter settings.
2026-06-30 12:15:43,119 [WARNING] Warning: No endpoint provided for question type remapping.
2026-06-30 12:15:43,119 [WARNING] Skipping QuestionType.RANGE due to filter settings.
2026-06-30 12:15:43,119 [WARNING] Warning: No endpoint provided for question type remapping.
2026-06-30 12:15:43,119 [WARNING] Skipping QuestionType.RANGE due to filter settings.
2026-06-30 12:15:43,119 [WARNING] Warning: No endpoint provided for question type remapping.
2026-06-30 12:15:43,119 [WARNING] Skipping QuestionType.RANGE due to filter settings.
2026-06-30 12:15:43,119 [WARNING] Warning: No endpoint provided for question type remapping.
2026-06-30 12:15:43,119 [WARNING] Skipping QuestionType.RANGE due to filter settings.
2026-06-30 12:15:43,119 [WARNING] Warning: No endpoint provided for question type remapping.
2026-06-30 12:15:43,120 [WARNING] Skipping QuestionType.RANGE due to filter settings.
2026-06-30 12:15:43,120 [WARNING] Warning: No endpoint provided for question type remapping.
2026-06-30 12:15:43,120 [WARNING] Skipping QuestionType.RANGE due to filter settings.
2026-06-30 12:15:43,120 [WARNING] Warning: No endpoint provided for question type remapping.
2026-06-30 12:15:43,120 [WARNING] Skipping QuestionType.RANGE due to filter settings.
2026-06-30 12:15:43,120 [WARNING] Warning: No endpoint provided for question type remapping.
2026-06-30 12:15:43,120 [WARNING] Skipping QuestionType.RANGE due to filter settings.
2026-06-30 12:15:43,120 [WARNING] Warning: No endpoint provided for question type remapping.
2026-06-30 12:15:43,120 [WARNING] Skipping QuestionType.RANGE due to filter settings.
2026-06-30 12:15:43,120 [WARNING] Warning: No endpoint provided for question type remapping.
2026-06-30 12:15:43,120 [WARNING] Skipping QuestionType.RANGE due to filter settings.
2026-06-30 12:15:43,120 [WARNING] Warning: No endpoint provided for question type remapping.
2026-06-30 12:15:43,120 [WARNING] Skipping QuestionType.RANGE due to filter settings.
2026-06-30 12:15:43,120 [WARNING] Warning: No endpoint provided for question type remapping.
2026-06-30 12:15:43,120 [WARNING] Skipping QuestionType.RANGE due to filter settings.
2026-06-30 12:15:43,120 [WARNING] Warning: No endpoint provided for question type remapping.
2026-06-30 12:15:43,120 [WARNING] Skipping QuestionType.RANGE due to filter settings.
2026-06-30 12:15:43,120 [WARNING] Warning: No endpoint provided for question type remapping.
2026-06-30 12:15:43,120 [WARNING] Skipping QuestionType.RANGE due to filter settings.
2026-06-30 12:15:43,120 [WARNING] Warning: No endpoint provided for question type remapping.
2026-06-30 12:15:43,121 [WARNING] Skipping QuestionType.RANGE due to filter settings.
2026-06-30 12:15:43,121 [WARNING] Warning: No endpoint provided for question type remapping.
2026-06-30 12:15:43,121 [WARNING] Skipping QuestionType.RANGE due to filter settings.
2026-06-30 12:15:43,121 [WARNING] Warning: No endpoint provided for question type remapping.
2026-06-30 12:15:43,121 [WARNING] Skipping QuestionType.RANGE due to filter settings.
2026-06-30 12:15:43,121 [WARNING] Warning: No endpoint provided for question type remapping.
2026-06-30 12:15:43,121 [WARNING] Skipping QuestionType.RANGE due to filter settings.
2026-06-30 12:15:43,121 [WARNING] Warning: No endpoint provided for question type remapping.
2026-06-30 12:15:43,121 [WARNING] Skipping QuestionType.RANGE due to filter settings.
2026-06-30 12:15:43,122 [WARNING] Warning: No endpoint provided for question type remapping.
2026-06-30 12:15:43,122 [WARNING] Skipping QuestionType.RANGE due to filter settings.
2026-06-30 12:15:43,122 [WARNING] Warning: No endpoint provided for question type remapping.
2026-06-30 12:15:43,122 [WARNING] Skipping QuestionType.RANGE due to filter settings.
2026-06-30 12:15:43,122 [WARNING] Warning: No endpoint provided for question type remapping.
2026-06-30 12:15:43,122 [WARNING] Skipping QuestionType.RANGE due to filter settings.
2026-06-30 12:15:43,122 [WARNING] Warning: No endpoint provided for question type remapping.
2026-06-30 12:15:43,122 [WARNING] Skipping QuestionType.RANGE due to filter settings.
2026-06-30 12:15:43,122 [INFO]     Querying model gemini-2.5-flash with 339 message(s), temperature: 0.2
2026-06-30 12:15:43,122 [WARNING] Message is empty, skipping.
2026-06-30 12:15:43,122 [INFO] ('', None, [{}], {'error': 'Message is empty'})
2026-06-30 12:15:43,122 [WARNING] Message is empty, skipping.
2026-06-30 12:15:43,123 [INFO] ('', None, [{}], {'error': 'Message is empty'})
2026-06-30 12:15:43,123 [WARNING] Message is empty, skipping.
2026-06-30 12:15:43,123 [INFO] ('', None, [{}], {'error': 'Message is empty'})
2026-06-30 12:15:43,123 [WARNING] Message is empty, skipping.
2026-06-30 12:15:43,123 [INFO] ('', None, [{}], {'error': 'Message is empty'})
2026-06-30 12:15:43,123 [WARNING] Message is empty, skipping.
2026-06-30 12:15:43,126 [INFO] ('', None, [{}], {'error': 'Message is empty'})
2026-06-30 12:15:43,126 [WARNING] Message is empty, skipping.
2026-06-30 12:15:43,126 [INFO] ('', None, [{}], {'error': 'Message is empty'})
2026-06-30 12:15:43,126 [WARNING] Message is empty, skipping.
2026-06-30 12:15:43,128 [INFO] ('', None, [{}], {'error': 'Message is empty'})
2026-06-30 12:15:43,128 [WARNING] Message is empty, skipping.
2026-06-30 12:15:43,134 [INFO] ('', None, [{}], {'error': 'Message is empty'})
2026-06-30 12:15:43,134 [WARNING] Message is empty, skipping.
2026-06-30 12:15:43,134 [INFO] ('', None, [{}], {'error': 'Message is empty'})
2026-06-30 12:15:43,134 [WARNING] Message is empty, skipping.
2026-06-30 12:15:43,139 [INFO] ('', None, [{}], {'error': 'Message is empty'})
2026-06-30 12:15:43,139 [WARNING] Message is empty, skipping.
2026-06-30 12:15:43,141 [INFO] ('', None, [{}], {'error': 'Message is empty'})
2026-06-30 12:15:43,141 [WARNING] Message is empty, skipping.
2026-06-30 12:15:43,141 [INFO] ('', None, [{}], {'error': 'Message is empty'})
2026-06-30 12:15:43,141 [WARNING] Message is empty, skipping.
2026-06-30 12:15:43,143 [INFO] ('', None, [{}], {'error': 'Message is empty'})
2026-06-30 12:15:43,143 [WARNING] Message is empty, skipping.
2026-06-30 12:15:43,143 [INFO] ('', None, [{}], {'error': 'Message is empty'})
2026-06-30 12:15:43,143 [WARNING] Message is empty, skipping.
2026-06-30 12:15:43,147 [INFO] ('', None, [{}], {'error': 'Message is empty'})
2026-06-30 12:15:43,147 [WARNING] Message is empty, skipping.
2026-06-30 12:15:43,147 [INFO] ('', None, [{}], {'error': 'Message is empty'})
2026-06-30 12:15:43,147 [WARNING] Message is empty, skipping.
2026-06-30 12:15:43,149 [INFO] ('', None, [{}], {'error': 'Message is empty'})
2026-06-30 12:15:43,149 [WARNING] Message is empty, skipping.
2026-06-30 12:15:43,149 [INFO] ('', None, [{}], {'error': 'Message is empty'})
2026-06-30 12:15:43,149 [WARNING] Message is empty, skipping.
2026-06-30 12:15:43,151 [INFO] ('', None, [{}], {'error': 'Message is empty'})
2026-06-30 12:15:43,151 [WARNING] Message is empty, skipping.
2026-06-30 12:15:43,151 [INFO] ('', None, [{}], {'error': 'Message is empty'})
2026-06-30 12:15:43,151 [WARNING] Message is empty, skipping.
2026-06-30 12:15:43,151 [INFO] ('', None, [{}], {'error': 'Message is empty'})
2026-06-30 12:15:43,152 [WARNING] Message is empty, skipping.
2026-06-30 12:15:43,152 [INFO] ('', None, [{}], {'error': 'Message is empty'})
2026-06-30 12:15:43,152 [WARNING] Message is empty, skipping.
2026-06-30 12:15:43,155 [INFO] ('', None, [{}], {'error': 'Message is empty'})
2026-06-30 12:15:43,155 [WARNING] Message is empty, skipping.
2026-06-30 12:15:43,155 [INFO] ('', None, [{}], {'error': 'Message is empty'})
2026-06-30 12:15:43,155 [WARNING] Message is empty, skipping.
2026-06-30 12:15:43,155 [INFO] ('', None, [{}], {'error': 'Message is empty'})
2026-06-30 12:15:43,155 [WARNING] Message is empty, skipping.
2026-06-30 12:15:43,155 [INFO] ('', None, [{}], {'error': 'Message is empty'})
2026-06-30 12:15:43,155 [WARNING] Message is empty, skipping.
2026-06-30 12:15:43,155 [INFO] ('', None, [{}], {'error': 'Message is empty'})
2026-06-30 12:15:43,155 [WARNING] Message is empty, skipping.
2026-06-30 12:15:43,156 [INFO] ('', None, [{}], {'error': 'Message is empty'})
2026-06-30 12:15:43,156 [WARNING] Message is empty, skipping.
2026-06-30 12:15:43,156 [INFO] ('', None, [{}], {'error': 'Message is empty'})
2026-06-30 12:15:43,157 [WARNING] Message is empty, skipping.
2026-06-30 12:15:43,157 [INFO] ('', None, [{}], {'error': 'Message is empty'})
2026-06-30 12:15:43,157 [WARNING] Message is empty, skipping.
2026-06-30 12:15:43,157 [INFO] ('', None, [{}], {'error': 'Message is empty'})
2026-06-30 12:15:43,157 [WARNING] Message is empty, skipping.
2026-06-30 12:15:43,157 [INFO] ('', None, [{}], {'error': 'Message is empty'})
2026-06-30 12:15:43,157 [WARNING] Message is empty, skipping.
2026-06-30 12:15:43,157 [INFO] ('', None, [{}], {'error': 'Message is empty'})
2026-06-30 12:15:43,159 [WARNING] Message is empty, skipping.
2026-06-30 12:15:43,159 [INFO] ('', None, [{}], {'error': 'Message is empty'})
2026-06-30 12:15:43,159 [WARNING] Message is empty, skipping.
2026-06-30 12:15:43,159 [INFO] ('', None, [{}], {'error': 'Message is empty'})
2026-06-30 12:15:43,159 [WARNING] Message is empty, skipping.
2026-06-30 12:15:43,159 [INFO] ('', None, [{}], {'error': 'Message is empty'})
2026-06-30 12:15:43,159 [WARNING] Message is empty, skipping.
2026-06-30 12:15:43,159 [INFO] ('', None, [{}], {'error': 'Message is empty'})
2026-06-30 12:15:43,159 [WARNING] Message is empty, skipping.
2026-06-30 12:15:43,164 [INFO] ('', None, [{}], {'error': 'Message is empty'})
2026-06-30 12:15:43,164 [WARNING] Message is empty, skipping.
2026-06-30 12:15:43,164 [INFO] ('', None, [{}], {'error': 'Message is empty'})
2026-06-30 12:15:43,164 [WARNING] Message is empty, skipping.
2026-06-30 12:15:43,164 [INFO] ('', None, [{}], {'error': 'Message is empty'})
2026-06-30 12:15:43,164 [WARNING] Message is empty, skipping.
2026-06-30 12:15:43,164 [INFO] ('', None, [{}], {'error': 'Message is empty'})
2026-06-30 12:15:43,164 [WARNING] Message is empty, skipping.
2026-06-30 12:15:43,164 [INFO] ('', None, [{}], {'error': 'Message is empty'})
2026-06-30 12:15:43,164 [WARNING] Message is empty, skipping.
2026-06-30 12:15:43,166 [INFO] ('', None, [{}], {'error': 'Message is empty'})
2026-06-30 12:15:43,166 [WARNING] Message is empty, skipping.
2026-06-30 12:15:43,166 [INFO] ('', None, [{}], {'error': 'Message is empty'})
2026-06-30 12:15:43,166 [WARNING] Message is empty, skipping.
2026-06-30 12:15:43,167 [INFO] ('', None, [{}], {'error': 'Message is empty'})
2026-06-30 12:15:43,167 [WARNING] Message is empty, skipping.
2026-06-30 12:15:43,167 [INFO] ('', None, [{}], {'error': 'Message is empty'})
2026-06-30 12:15:43,169 [WARNING] Message is empty, skipping.
2026-06-30 12:15:43,169 [INFO] ('', None, [{}], {'error': 'Message is empty'})
2026-06-30 12:15:43,169 [WARNING] Message is empty, skipping.
2026-06-30 12:15:43,169 [INFO] ('', None, [{}], {'error': 'Message is empty'})
2026-06-30 12:15:43,169 [WARNING] Message is empty, skipping.
2026-06-30 12:15:43,169 [INFO] ('', None, [{}], {'error': 'Message is empty'})
2026-06-30 12:15:43,169 [WARNING] Message is empty, skipping.
2026-06-30 12:15:43,169 [INFO] ('', None, [{}], {'error': 'Message is empty'})
2026-06-30 12:15:43,169 [WARNING] Message is empty, skipping.
2026-06-30 12:15:43,170 [INFO] ('', None, [{}], {'error': 'Message is empty'})
2026-06-30 12:15:43,170 [WARNING] Message is empty, skipping.
2026-06-30 12:15:43,170 [INFO] ('', None, [{}], {'error': 'Message is empty'})
2026-06-30 12:15:43,170 [WARNING] Message is empty, skipping.
2026-06-30 12:15:43,170 [INFO] ('', None, [{}], {'error': 'Message is empty'})
2026-06-30 12:15:43,170 [WARNING] Message is empty, skipping.
2026-06-30 12:15:43,170 [INFO] ('', None, [{}], {'error': 'Message is empty'})
2026-06-30 12:15:43,170 [WARNING] Message is empty, skipping.
2026-06-30 12:15:43,170 [INFO] ('', None, [{}], {'error': 'Message is empty'})
2026-06-30 12:15:43,170 [WARNING] Message is empty, skipping.
2026-06-30 12:15:43,170 [INFO] ('', None, [{}], {'error': 'Message is empty'})
2026-06-30 12:15:43,170 [WARNING] Message is empty, skipping.
2026-06-30 12:15:43,170 [INFO] ('', None, [{}], {'error': 'Message is empty'})
2026-06-30 12:15:43,170 [WARNING] Message is empty, skipping.
2026-06-30 12:15:43,170 [INFO] ('', None, [{}], {'error': 'Message is empty'})
2026-06-30 12:15:43,170 [WARNING] Message is empty, skipping.
2026-06-30 12:15:43,173 [INFO] ('', None, [{}], {'error': 'Message is empty'})
2026-06-30 12:15:43,173 [WARNING] Message is empty, skipping.
2026-06-30 12:15:43,173 [INFO] ('', None, [{}], {'error': 'Message is empty'})
2026-06-30 12:15:43,173 [WARNING] Message is empty, skipping.
2026-06-30 12:15:43,173 [INFO] ('', None, [{}], {'error': 'Message is empty'})
2026-06-30 12:15:43,174 [WARNING] Message is empty, skipping.
2026-06-30 12:15:43,174 [INFO] ('', None, [{}], {'error': 'Message is empty'})
2026-06-30 12:15:43,174 [WARNING] Message is empty, skipping.
2026-06-30 12:15:43,174 [INFO] ('', None, [{}], {'error': 'Message is empty'})
2026-06-30 12:15:43,174 [WARNING] Message is empty, skipping.
2026-06-30 12:15:43,175 [INFO] ('', None, [{}], {'error': 'Message is empty'})
2026-06-30 12:15:43,175 [WARNING] Message is empty, skipping.
2026-06-30 12:15:43,175 [INFO] ('', None, [{}], {'error': 'Message is empty'})
2026-06-30 12:15:43,175 [WARNING] Message is empty, skipping.
2026-06-30 12:15:43,175 [INFO] ('', None, [{}], {'error': 'Message is empty'})
2026-06-30 12:15:43,175 [WARNING] Message is empty, skipping.
2026-06-30 12:15:43,175 [INFO] ('', None, [{}], {'error': 'Message is empty'})
2026-06-30 12:15:43,175 [WARNING] Message is empty, skipping.
2026-06-30 12:15:43,175 [INFO] ('', None, [{}], {'error': 'Message is empty'})
2026-06-30 12:15:43,175 [WARNING] Message is empty, skipping.
2026-06-30 12:15:43,176 [INFO] ('', None, [{}], {'error': 'Message is empty'})
2026-06-30 12:15:43,176 [WARNING] Message is empty, skipping.
2026-06-30 12:15:43,176 [INFO] ('', None, [{}], {'error': 'Message is empty'})
2026-06-30 12:15:43,176 [WARNING] Message is empty, skipping.
2026-06-30 12:15:43,177 [INFO] ('', None, [{}], {'error': 'Message is empty'})
2026-06-30 12:15:43,177 [WARNING] Message is empty, skipping.
2026-06-30 12:15:43,177 [INFO] ('', None, [{}], {'error': 'Message is empty'})
2026-06-30 12:15:43,177 [WARNING] Message is empty, skipping.
2026-06-30 12:15:43,177 [INFO] ('', None, [{}], {'error': 'Message is empty'})
2026-06-30 12:15:43,178 [WARNING] Message is empty, skipping.
2026-06-30 12:15:43,179 [INFO] ('', None, [{}], {'error': 'Message is empty'})
2026-06-30 12:15:43,179 [WARNING] Message is empty, skipping.
2026-06-30 12:15:43,179 [INFO] ('', None, [{}], {'error': 'Message is empty'})
2026-06-30 12:15:43,179 [WARNING] Message is empty, skipping.
2026-06-30 12:15:43,181 [INFO] ('', None, [{}], {'error': 'Message is empty'})
2026-06-30 12:15:43,181 [WARNING] Message is empty, skipping.
2026-06-30 12:15:43,181 [INFO] ('', None, [{}], {'error': 'Message is empty'})
2026-06-30 12:15:43,181 [WARNING] Message is empty, skipping.
2026-06-30 12:15:43,181 [INFO] ('', None, [{}], {'error': 'Message is empty'})
2026-06-30 12:15:43,181 [WARNING] Message is empty, skipping.
2026-06-30 12:15:43,181 [INFO] ('', None, [{}], {'error': 'Message is empty'})
2026-06-30 12:15:43,181 [WARNING] Message is empty, skipping.
2026-06-30 12:15:43,183 [INFO] ('', None, [{}], {'error': 'Message is empty'})
2026-06-30 12:15:43,183 [WARNING] Message is empty, skipping.
2026-06-30 12:15:43,183 [INFO] ('', None, [{}], {'error': 'Message is empty'})
2026-06-30 12:15:43,183 [WARNING] Message is empty, skipping.
2026-06-30 12:15:43,183 [INFO] ('', None, [{}], {'error': 'Message is empty'})
2026-06-30 12:15:43,183 [WARNING] Message is empty, skipping.
2026-06-30 12:15:43,183 [INFO] ('', None, [{}], {'error': 'Message is empty'})
2026-06-30 12:15:43,183 [WARNING] Message is empty, skipping.
2026-06-30 12:15:43,183 [INFO] ('', None, [{}], {'error': 'Message is empty'})
2026-06-30 12:15:43,183 [WARNING] Message is empty, skipping.
2026-06-30 12:15:43,184 [INFO] ('', None, [{}], {'error': 'Message is empty'})
2026-06-30 12:15:43,184 [WARNING] Message is empty, skipping.
2026-06-30 12:15:43,184 [INFO] ('', None, [{}], {'error': 'Message is empty'})
2026-06-30 12:15:43,184 [WARNING] Message is empty, skipping.
2026-06-30 12:15:43,184 [INFO] ('', None, [{}], {'error': 'Message is empty'})
2026-06-30 12:15:43,184 [WARNING] Message is empty, skipping.
2026-06-30 12:15:43,184 [INFO] ('', None, [{}], {'error': 'Message is empty'})
2026-06-30 12:15:43,184 [WARNING] Message is empty, skipping.
2026-06-30 12:15:43,185 [INFO] ('', None, [{}], {'error': 'Message is empty'})
2026-06-30 12:15:43,185 [WARNING] Message is empty, skipping.
2026-06-30 12:15:43,185 [INFO] ('', None, [{}], {'error': 'Message is empty'})
2026-06-30 12:15:43,185 [WARNING] Message is empty, skipping.
2026-06-30 12:15:43,185 [INFO] ('', None, [{}], {'error': 'Message is empty'})
2026-06-30 12:15:43,185 [WARNING] Message is empty, skipping.
2026-06-30 12:15:43,185 [INFO] ('', None, [{}], {'error': 'Message is empty'})
2026-06-30 12:15:43,185 [WARNING] Message is empty, skipping.
2026-06-30 12:15:43,185 [INFO] ('', None, [{}], {'error': 'Message is empty'})
2026-06-30 12:15:43,185 [WARNING] Message is empty, skipping.
2026-06-30 12:15:43,189 [INFO] ('', None, [{}], {'error': 'Message is empty'})
2026-06-30 12:15:43,190 [WARNING] Message is empty, skipping.
2026-06-30 12:15:43,190 [INFO] ('', None, [{}], {'error': 'Message is empty'})
2026-06-30 12:15:43,190 [WARNING] Message is empty, skipping.
2026-06-30 12:15:43,191 [INFO] ('', None, [{}], {'error': 'Message is empty'})
2026-06-30 12:15:43,191 [WARNING] Message is empty, skipping.
2026-06-30 12:15:43,191 [INFO] ('', None, [{}], {'error': 'Message is empty'})
2026-06-30 12:15:43,191 [WARNING] Message is empty, skipping.
2026-06-30 12:15:43,191 [INFO] ('', None, [{}], {'error': 'Message is empty'})
2026-06-30 12:15:43,191 [WARNING] Message is empty, skipping.
2026-06-30 12:15:43,191 [INFO] ('', None, [{}], {'error': 'Message is empty'})
2026-06-30 12:15:43,191 [WARNING] Message is empty, skipping.
2026-06-30 12:15:43,191 [INFO] ('', None, [{}], {'error': 'Message is empty'})
2026-06-30 12:15:43,191 [WARNING] Message is empty, skipping.
2026-06-30 12:15:43,192 [INFO] ('', None, [{}], {'error': 'Message is empty'})
2026-06-30 12:15:43,192 [WARNING] Message is empty, skipping.
2026-06-30 12:15:43,192 [INFO] ('', None, [{}], {'error': 'Message is empty'})
2026-06-30 12:15:43,192 [WARNING] Message is empty, skipping.
2026-06-30 12:15:43,192 [INFO] ('', None, [{}], {'error': 'Message is empty'})
2026-06-30 12:15:43,192 [WARNING] Message is empty, skipping.
2026-06-30 12:15:43,193 [INFO] ('', None, [{}], {'error': 'Message is empty'})
2026-06-30 12:15:43,193 [WARNING] Message is empty, skipping.
2026-06-30 12:15:43,193 [INFO] ('', None, [{}], {'error': 'Message is empty'})
2026-06-30 12:15:43,193 [WARNING] Message is empty, skipping.
2026-06-30 12:15:43,193 [INFO] ('', None, [{}], {'error': 'Message is empty'})
2026-06-30 12:15:43,193 [WARNING] Message is empty, skipping.
2026-06-30 12:15:43,193 [INFO] ('', None, [{}], {'error': 'Message is empty'})
2026-06-30 12:15:43,193 [WARNING] Message is empty, skipping.
2026-06-30 12:15:43,193 [INFO] ('', None, [{}], {'error': 'Message is empty'})
2026-06-30 12:15:43,193 [WARNING] Message is empty, skipping.
2026-06-30 12:15:43,193 [INFO] ('', None, [{}], {'error': 'Message is empty'})
2026-06-30 12:15:43,194 [WARNING] Message is empty, skipping.
2026-06-30 12:15:43,194 [INFO] ('', None, [{}], {'error': 'Message is empty'})
2026-06-30 12:15:43,194 [WARNING] Message is empty, skipping.
2026-06-30 12:15:43,194 [INFO] ('', None, [{}], {'error': 'Message is empty'})
2026-06-30 12:15:43,194 [WARNING] Message is empty, skipping.
2026-06-30 12:15:43,194 [INFO] ('', None, [{}], {'error': 'Message is empty'})
2026-06-30 12:15:43,194 [WARNING] Message is empty, skipping.
2026-06-30 12:15:43,194 [INFO] ('', None, [{}], {'error': 'Message is empty'})
2026-06-30 12:15:43,194 [WARNING] Message is empty, skipping.
2026-06-30 12:15:43,194 [INFO] ('', None, [{}], {'error': 'Message is empty'})
2026-06-30 12:15:43,194 [WARNING] Message is empty, skipping.
2026-06-30 12:15:43,194 [INFO] ('', None, [{}], {'error': 'Message is empty'})
2026-06-30 12:15:43,194 [WARNING] Message is empty, skipping.
2026-06-30 12:15:43,194 [INFO] ('', None, [{}], {'error': 'Message is empty'})
2026-06-30 12:15:43,194 [WARNING] Message is empty, skipping.
2026-06-30 12:15:43,194 [INFO] ('', None, [{}], {'error': 'Message is empty'})
2026-06-30 12:15:43,194 [WARNING] Message is empty, skipping.
2026-06-30 12:15:43,194 [INFO] ('', None, [{}], {'error': 'Message is empty'})
2026-06-30 12:15:43,194 [WARNING] Message is empty, skipping.
2026-06-30 12:15:43,194 [INFO] ('', None, [{}], {'error': 'Message is empty'})
2026-06-30 12:15:43,194 [WARNING] Message is empty, skipping.
2026-06-30 12:15:43,195 [INFO] ('', None, [{}], {'error': 'Message is empty'})
2026-06-30 12:15:43,195 [WARNING] Message is empty, skipping.
2026-06-30 12:15:43,198 [INFO] ('', None, [{}], {'error': 'Message is empty'})
2026-06-30 12:15:43,198 [WARNING] Message is empty, skipping.
2026-06-30 12:15:43,198 [INFO] ('', None, [{}], {'error': 'Message is empty'})
2026-06-30 12:15:43,198 [WARNING] Message is empty, skipping.
2026-06-30 12:15:43,199 [INFO] ('', None, [{}], {'error': 'Message is empty'})
2026-06-30 12:15:43,199 [WARNING] Message is empty, skipping.
2026-06-30 12:15:43,201 [INFO] ('', None, [{}], {'error': 'Message is empty'})
2026-06-30 12:15:43,201 [WARNING] Message is empty, skipping.
2026-06-30 12:15:43,201 [INFO] ('', None, [{}], {'error': 'Message is empty'})
2026-06-30 12:15:43,201 [WARNING] Message is empty, skipping.
2026-06-30 12:15:43,201 [INFO] ('', None, [{}], {'error': 'Message is empty'})
2026-06-30 12:15:43,201 [WARNING] Message is empty, skipping.
2026-06-30 12:15:43,201 [INFO] ('', None, [{}], {'error': 'Message is empty'})
2026-06-30 12:15:43,201 [WARNING] Message is empty, skipping.
2026-06-30 12:15:43,203 [INFO] ('', None, [{}], {'error': 'Message is empty'})
2026-06-30 12:15:43,203 [WARNING] Message is empty, skipping.
2026-06-30 12:15:43,203 [INFO] ('', None, [{}], {'error': 'Message is empty'})
2026-06-30 12:15:43,203 [WARNING] Message is empty, skipping.
2026-06-30 12:15:43,203 [INFO] ('', None, [{}], {'error': 'Message is empty'})
2026-06-30 12:15:43,203 [WARNING] Message is empty, skipping.
2026-06-30 12:15:43,205 [INFO] ('', None, [{}], {'error': 'Message is empty'})
2026-06-30 12:15:43,205 [WARNING] Message is empty, skipping.
2026-06-30 12:15:43,205 [INFO] ('', None, [{}], {'error': 'Message is empty'})
2026-06-30 12:15:43,205 [WARNING] Message is empty, skipping.
2026-06-30 12:15:43,208 [INFO] ('', None, [{}], {'error': 'Message is empty'})
2026-06-30 12:15:43,208 [WARNING] Message is empty, skipping.
2026-06-30 12:15:43,208 [INFO] ('', None, [{}], {'error': 'Message is empty'})
2026-06-30 12:15:43,208 [WARNING] Message is empty, skipping.
2026-06-30 12:15:43,208 [INFO] ('', None, [{}], {'error': 'Message is empty'})
2026-06-30 12:15:43,208 [WARNING] Message is empty, skipping.
2026-06-30 12:15:43,208 [INFO] ('', None, [{}], {'error': 'Message is empty'})
2026-06-30 12:15:43,208 [WARNING] Message is empty, skipping.
2026-06-30 12:15:43,208 [INFO] ('', None, [{}], {'error': 'Message is empty'})
2026-06-30 12:15:43,208 [WARNING] Message is empty, skipping.
2026-06-30 12:15:43,209 [INFO] ('', None, [{}], {'error': 'Message is empty'})
2026-06-30 12:15:43,209 [WARNING] Message is empty, skipping.
2026-06-30 12:15:43,209 [INFO] ('', None, [{}], {'error': 'Message is empty'})
2026-06-30 12:15:43,209 [WARNING] Message is empty, skipping.
2026-06-30 12:15:43,211 [INFO] ('', None, [{}], {'error': 'Message is empty'})
2026-06-30 12:15:43,211 [WARNING] Message is empty, skipping.
2026-06-30 12:15:43,211 [INFO] ('', None, [{}], {'error': 'Message is empty'})
2026-06-30 12:15:43,211 [WARNING] Message is empty, skipping.
2026-06-30 12:15:43,212 [INFO] ('', None, [{}], {'error': 'Message is empty'})
2026-06-30 12:15:43,212 [WARNING] Message is empty, skipping.
2026-06-30 12:15:43,212 [INFO] ('', None, [{}], {'error': 'Message is empty'})
2026-06-30 12:15:43,212 [WARNING] Message is empty, skipping.
2026-06-30 12:15:43,213 [INFO] ('', None, [{}], {'error': 'Message is empty'})
2026-06-30 12:15:43,213 [WARNING] Message is empty, skipping.
2026-06-30 12:15:43,213 [INFO] ('', None, [{}], {'error': 'Message is empty'})
2026-06-30 12:15:43,213 [WARNING] Message is empty, skipping.
2026-06-30 12:15:43,213 [INFO] ('', None, [{}], {'error': 'Message is empty'})
2026-06-30 12:15:43,213 [WARNING] Message is empty, skipping.
2026-06-30 12:15:43,214 [INFO] ('', None, [{}], {'error': 'Message is empty'})
2026-06-30 12:15:43,214 [WARNING] Message is empty, skipping.
2026-06-30 12:15:43,214 [INFO] ('', None, [{}], {'error': 'Message is empty'})
2026-06-30 12:15:43,214 [WARNING] Message is empty, skipping.
2026-06-30 12:15:43,214 [INFO] ('', None, [{}], {'error': 'Message is empty'})
2026-06-30 12:15:43,214 [WARNING] Message is empty, skipping.
2026-06-30 12:15:43,214 [INFO] ('', None, [{}], {'error': 'Message is empty'})
2026-06-30 12:15:43,215 [WARNING] Message is empty, skipping.
2026-06-30 12:15:43,215 [INFO] ('', None, [{}], {'error': 'Message is empty'})
2026-06-30 12:15:43,215 [WARNING] Message is empty, skipping.
2026-06-30 12:15:43,216 [INFO] ('', None, [{}], {'error': 'Message is empty'})
2026-06-30 12:15:43,216 [WARNING] Message is empty, skipping.
2026-06-30 12:15:43,216 [INFO] ('', None, [{}], {'error': 'Message is empty'})
2026-06-30 12:15:43,216 [WARNING] Message is empty, skipping.
2026-06-30 12:15:43,216 [INFO] ('', None, [{}], {'error': 'Message is empty'})
2026-06-30 12:15:43,217 [WARNING] Message is empty, skipping.
2026-06-30 12:15:43,217 [INFO] ('', None, [{}], {'error': 'Message is empty'})
2026-06-30 12:15:43,217 [WARNING] Message is empty, skipping.
2026-06-30 12:15:43,217 [INFO] ('', None, [{}], {'error': 'Message is empty'})
2026-06-30 12:15:43,217 [WARNING] Message is empty, skipping.
2026-06-30 12:15:43,217 [INFO] ('', None, [{}], {'error': 'Message is empty'})
2026-06-30 12:15:43,217 [WARNING] Message is empty, skipping.
2026-06-30 12:15:43,217 [INFO] ('', None, [{}], {'error': 'Message is empty'})
2026-06-30 12:15:43,218 [WARNING] Message is empty, skipping.
2026-06-30 12:15:43,218 [INFO] ('', None, [{}], {'error': 'Message is empty'})
2026-06-30 12:15:43,218 [WARNING] Message is empty, skipping.
2026-06-30 12:15:43,219 [INFO] ('', None, [{}], {'error': 'Message is empty'})
2026-06-30 12:15:43,219 [WARNING] Message is empty, skipping.
2026-06-30 12:15:43,219 [INFO] ('', None, [{}], {'error': 'Message is empty'})
2026-06-30 12:15:43,219 [WARNING] Message is empty, skipping.
2026-06-30 12:15:43,219 [INFO] ('', None, [{}], {'error': 'Message is empty'})
2026-06-30 12:15:43,219 [WARNING] Message is empty, skipping.
2026-06-30 12:15:43,220 [INFO] ('', None, [{}], {'error': 'Message is empty'})
2026-06-30 12:15:43,220 [WARNING] Message is empty, skipping.
2026-06-30 12:15:43,220 [INFO] ('', None, [{}], {'error': 'Message is empty'})
2026-06-30 12:15:43,220 [WARNING] Message is empty, skipping.
2026-06-30 12:15:43,220 [INFO] ('', None, [{}], {'error': 'Message is empty'})
2026-06-30 12:15:43,221 [WARNING] Message is empty, skipping.
2026-06-30 12:15:43,221 [INFO] ('', None, [{}], {'error': 'Message is empty'})
2026-06-30 12:15:43,221 [WARNING] Message is empty, skipping.
2026-06-30 12:15:43,221 [INFO] ('', None, [{}], {'error': 'Message is empty'})
2026-06-30 12:15:43,221 [WARNING] Message is empty, skipping.
2026-06-30 12:15:43,221 [INFO] ('', None, [{}], {'error': 'Message is empty'})
2026-06-30 12:15:43,221 [WARNING] Message is empty, skipping.
2026-06-30 12:15:43,222 [INFO] ('', None, [{}], {'error': 'Message is empty'})
2026-06-30 12:15:43,222 [WARNING] Message is empty, skipping.
2026-06-30 12:15:43,222 [INFO] ('', None, [{}], {'error': 'Message is empty'})
2026-06-30 12:15:43,222 [WARNING] Message is empty, skipping.
2026-06-30 12:15:43,222 [INFO] ('', None, [{}], {'error': 'Message is empty'})
2026-06-30 12:15:43,222 [WARNING] Message is empty, skipping.
2026-06-30 12:15:43,223 [INFO] ('', None, [{}], {'error': 'Message is empty'})
2026-06-30 12:15:43,223 [WARNING] Message is empty, skipping.
2026-06-30 12:15:43,223 [INFO] ('', None, [{}], {'error': 'Message is empty'})
2026-06-30 12:15:43,223 [WARNING] Message is empty, skipping.
2026-06-30 12:15:43,223 [INFO] ('', None, [{}], {'error': 'Message is empty'})
2026-06-30 12:15:43,223 [WARNING] Message is empty, skipping.
2026-06-30 12:15:43,223 [INFO] ('', None, [{}], {'error': 'Message is empty'})
2026-06-30 12:15:43,224 [WARNING] Message is empty, skipping.
2026-06-30 12:15:43,224 [INFO] ('', None, [{}], {'error': 'Message is empty'})
2026-06-30 12:15:43,224 [WARNING] Message is empty, skipping.
2026-06-30 12:15:43,224 [INFO] ('', None, [{}], {'error': 'Message is empty'})
2026-06-30 12:15:43,224 [WARNING] Message is empty, skipping.
2026-06-30 12:15:43,224 [INFO] ('', None, [{}], {'error': 'Message is empty'})
2026-06-30 12:15:43,225 [WARNING] Message is empty, skipping.
2026-06-30 12:15:43,225 [INFO] ('', None, [{}], {'error': 'Message is empty'})
2026-06-30 12:15:43,225 [WARNING] Message is empty, skipping.
2026-06-30 12:15:43,225 [INFO] ('', None, [{}], {'error': 'Message is empty'})
2026-06-30 12:15:43,225 [WARNING] Message is empty, skipping.
2026-06-30 12:15:43,225 [INFO] ('', None, [{}], {'error': 'Message is empty'})
2026-06-30 12:15:43,226 [WARNING] Message is empty, skipping.
2026-06-30 12:15:43,226 [INFO] ('', None, [{}], {'error': 'Message is empty'})
2026-06-30 12:15:43,226 [WARNING] Message is empty, skipping.
2026-06-30 12:15:43,226 [INFO] ('', None, [{}], {'error': 'Message is empty'})
2026-06-30 12:15:43,226 [WARNING] Message is empty, skipping.
2026-06-30 12:15:43,226 [INFO] ('', None, [{}], {'error': 'Message is empty'})
2026-06-30 12:15:43,227 [WARNING] Message is empty, skipping.
2026-06-30 12:15:43,227 [INFO] ('', None, [{}], {'error': 'Message is empty'})
2026-06-30 12:15:43,227 [WARNING] Message is empty, skipping.
2026-06-30 12:15:43,227 [INFO] ('', None, [{}], {'error': 'Message is empty'})
2026-06-30 12:15:43,227 [WARNING] Message is empty, skipping.
2026-06-30 12:15:43,227 [INFO] ('', None, [{}], {'error': 'Message is empty'})
2026-06-30 12:15:43,227 [WARNING] Message is empty, skipping.
2026-06-30 12:15:43,228 [INFO] ('', None, [{}], {'error': 'Message is empty'})
2026-06-30 12:15:43,228 [WARNING] Message is empty, skipping.
2026-06-30 12:15:43,228 [INFO] ('', None, [{}], {'error': 'Message is empty'})
2026-06-30 12:15:43,228 [WARNING] Message is empty, skipping.
2026-06-30 12:15:43,228 [INFO] ('', None, [{}], {'error': 'Message is empty'})
2026-06-30 12:15:43,228 [WARNING] Message is empty, skipping.
2026-06-30 12:15:43,229 [INFO] ('', None, [{}], {'error': 'Message is empty'})
2026-06-30 12:15:43,229 [WARNING] Message is empty, skipping.
2026-06-30 12:15:43,229 [INFO] ('', None, [{}], {'error': 'Message is empty'})
2026-06-30 12:15:43,229 [WARNING] Message is empty, skipping.
2026-06-30 12:15:43,229 [INFO] ('', None, [{}], {'error': 'Message is empty'})
2026-06-30 12:15:43,229 [WARNING] Message is empty, skipping.
2026-06-30 12:15:43,229 [INFO] ('', None, [{}], {'error': 'Message is empty'})
2026-06-30 12:15:43,230 [WARNING] Message is empty, skipping.
2026-06-30 12:15:43,230 [INFO] ('', None, [{}], {'error': 'Message is empty'})
2026-06-30 12:15:43,230 [WARNING] Message is empty, skipping.
2026-06-30 12:15:43,230 [INFO] ('', None, [{}], {'error': 'Message is empty'})
2026-06-30 12:15:43,230 [WARNING] Message is empty, skipping.
2026-06-30 12:15:43,230 [INFO] ('', None, [{}], {'error': 'Message is empty'})
2026-06-30 12:15:43,231 [WARNING] Message is empty, skipping.
2026-06-30 12:15:43,231 [INFO] ('', None, [{}], {'error': 'Message is empty'})
2026-06-30 12:15:43,231 [WARNING] Message is empty, skipping.
2026-06-30 12:15:43,231 [INFO] ('', None, [{}], {'error': 'Message is empty'})
2026-06-30 12:15:43,231 [WARNING] Message is empty, skipping.
2026-06-30 12:15:43,231 [INFO] ('', None, [{}], {'error': 'Message is empty'})
2026-06-30 12:15:43,231 [WARNING] Message is empty, skipping.
2026-06-30 12:15:43,232 [INFO] ('', None, [{}], {'error': 'Message is empty'})
2026-06-30 12:15:43,232 [WARNING] Message is empty, skipping.
2026-06-30 12:15:43,232 [INFO] ('', None, [{}], {'error': 'Message is empty'})
2026-06-30 12:15:43,232 [WARNING] Message is empty, skipping.
2026-06-30 12:15:43,232 [INFO] ('', None, [{}], {'error': 'Message is empty'})
2026-06-30 12:15:43,232 [WARNING] Message is empty, skipping.
2026-06-30 12:15:43,233 [INFO] ('', None, [{}], {'error': 'Message is empty'})
2026-06-30 12:15:43,233 [WARNING] Message is empty, skipping.
2026-06-30 12:15:43,233 [INFO] ('', None, [{}], {'error': 'Message is empty'})
2026-06-30 12:15:43,233 [WARNING] Message is empty, skipping.
2026-06-30 12:15:43,233 [INFO] ('', None, [{}], {'error': 'Message is empty'})
2026-06-30 12:15:43,233 [WARNING] Message is empty, skipping.
2026-06-30 12:15:43,233 [INFO] ('', None, [{}], {'error': 'Message is empty'})
2026-06-30 12:15:43,234 [WARNING] Message is empty, skipping.
2026-06-30 12:15:43,234 [INFO] ('', None, [{}], {'error': 'Message is empty'})
2026-06-30 12:15:43,234 [WARNING] Message is empty, skipping.
2026-06-30 12:15:43,234 [INFO] ('', None, [{}], {'error': 'Message is empty'})
2026-06-30 12:15:43,234 [WARNING] Message is empty, skipping.
2026-06-30 12:15:43,234 [INFO] ('', None, [{}], {'error': 'Message is empty'})
2026-06-30 12:15:43,235 [WARNING] Message is empty, skipping.
2026-06-30 12:15:43,235 [INFO] ('', None, [{}], {'error': 'Message is empty'})
2026-06-30 12:15:43,235 [WARNING] Message is empty, skipping.
2026-06-30 12:15:43,235 [INFO] ('', None, [{}], {'error': 'Message is empty'})
2026-06-30 12:15:43,235 [WARNING] Message is empty, skipping.
2026-06-30 12:15:43,235 [INFO] ('', None, [{}], {'error': 'Message is empty'})
2026-06-30 12:15:43,235 [WARNING] Message is empty, skipping.
2026-06-30 12:15:43,236 [INFO] ('', None, [{}], {'error': 'Message is empty'})
2026-06-30 12:15:43,236 [WARNING] Message is empty, skipping.
2026-06-30 12:15:43,236 [INFO] ('', None, [{}], {'error': 'Message is empty'})
2026-06-30 12:15:43,236 [WARNING] Message is empty, skipping.
2026-06-30 12:15:43,236 [INFO] ('', None, [{}], {'error': 'Message is empty'})
2026-06-30 12:15:43,236 [WARNING] Message is empty, skipping.
2026-06-30 12:15:43,236 [INFO] ('', None, [{}], {'error': 'Message is empty'})
2026-06-30 12:15:43,236 [WARNING] Message is empty, skipping.
2026-06-30 12:15:43,237 [INFO] ('', None, [{}], {'error': 'Message is empty'})
2026-06-30 12:15:43,237 [WARNING] Message is empty, skipping.
2026-06-30 12:15:43,237 [INFO] ('', None, [{}], {'error': 'Message is empty'})
2026-06-30 12:15:43,237 [WARNING] Message is empty, skipping.
2026-06-30 12:15:43,237 [INFO] ('', None, [{}], {'error': 'Message is empty'})
2026-06-30 12:15:43,237 [WARNING] Message is empty, skipping.
2026-06-30 12:15:43,237 [INFO] ('', None, [{}], {'error': 'Message is empty'})
2026-06-30 12:15:43,238 [WARNING] Message is empty, skipping.
2026-06-30 12:15:43,238 [INFO] ('', None, [{}], {'error': 'Message is empty'})
2026-06-30 12:15:43,238 [WARNING] Message is empty, skipping.
2026-06-30 12:15:43,238 [INFO] ('', None, [{}], {'error': 'Message is empty'})
2026-06-30 12:15:43,238 [WARNING] Message is empty, skipping.
2026-06-30 12:15:43,238 [INFO] ('', None, [{}], {'error': 'Message is empty'})
2026-06-30 12:15:43,238 [WARNING] Message is empty, skipping.
2026-06-30 12:15:43,238 [INFO] ('', None, [{}], {'error': 'Message is empty'})
2026-06-30 12:15:43,238 [WARNING] Message is empty, skipping.
2026-06-30 12:15:43,243 [INFO] ('', None, [{}], {'error': 'Message is empty'})
2026-06-30 12:15:43,243 [WARNING] Message is empty, skipping.
2026-06-30 12:15:43,243 [INFO] ('', None, [{}], {'error': 'Message is empty'})
2026-06-30 12:15:43,243 [WARNING] Message is empty, skipping.
2026-06-30 12:15:43,249 [INFO] ('', None, [{}], {'error': 'Message is empty'})
2026-06-30 12:15:43,249 [WARNING] Message is empty, skipping.
2026-06-30 12:15:43,249 [INFO] ('', None, [{}], {'error': 'Message is empty'})
2026-06-30 12:15:43,249 [WARNING] Message is empty, skipping.
2026-06-30 12:15:43,249 [INFO] ('', None, [{}], {'error': 'Message is empty'})
2026-06-30 12:15:43,250 [WARNING] Message is empty, skipping.
2026-06-30 12:15:43,250 [INFO] ('', None, [{}], {'error': 'Message is empty'})
2026-06-30 12:15:43,250 [WARNING] Message is empty, skipping.
2026-06-30 12:15:43,250 [INFO] ('', None, [{}], {'error': 'Message is empty'})
2026-06-30 12:15:43,250 [WARNING] Message is empty, skipping.
2026-06-30 12:15:43,250 [INFO] ('', None, [{}], {'error': 'Message is empty'})
2026-06-30 12:15:43,250 [WARNING] Message is empty, skipping.
2026-06-30 12:15:43,250 [INFO] ('', None, [{}], {'error': 'Message is empty'})
2026-06-30 12:15:43,250 [WARNING] Message is empty, skipping.
2026-06-30 12:15:43,252 [INFO] ('', None, [{}], {'error': 'Message is empty'})
2026-06-30 12:15:43,252 [WARNING] Message is empty, skipping.
2026-06-30 12:15:43,252 [INFO] ('', None, [{}], {'error': 'Message is empty'})
2026-06-30 12:15:43,252 [WARNING] Message is empty, skipping.
2026-06-30 12:15:43,253 [INFO] ('', None, [{}], {'error': 'Message is empty'})
2026-06-30 12:15:43,253 [WARNING] Message is empty, skipping.
2026-06-30 12:15:43,253 [INFO] ('', None, [{}], {'error': 'Message is empty'})
2026-06-30 12:15:43,253 [WARNING] Message is empty, skipping.
2026-06-30 12:15:43,253 [INFO] ('', None, [{}], {'error': 'Message is empty'})
2026-06-30 12:15:43,253 [WARNING] Message is empty, skipping.
2026-06-30 12:15:43,253 [INFO] ('', None, [{}], {'error': 'Message is empty'})
2026-06-30 12:15:43,253 [WARNING] Message is empty, skipping.
2026-06-30 12:15:43,253 [INFO] ('', None, [{}], {'error': 'Message is empty'})
2026-06-30 12:15:43,253 [WARNING] Message is empty, skipping.
2026-06-30 12:15:43,253 [INFO] ('', None, [{}], {'error': 'Message is empty'})
2026-06-30 12:15:43,253 [WARNING] Message is empty, skipping.
2026-06-30 12:15:43,253 [INFO] ('', None, [{}], {'error': 'Message is empty'})
2026-06-30 12:15:43,253 [WARNING] Message is empty, skipping.
2026-06-30 12:15:43,254 [INFO] ('', None, [{}], {'error': 'Message is empty'})
2026-06-30 12:15:43,254 [WARNING] Message is empty, skipping.
2026-06-30 12:15:43,254 [INFO] ('', None, [{}], {'error': 'Message is empty'})
2026-06-30 12:15:43,254 [WARNING] Message is empty, skipping.
2026-06-30 12:15:43,254 [INFO] ('', None, [{}], {'error': 'Message is empty'})
2026-06-30 12:15:43,254 [WARNING] Message is empty, skipping.
2026-06-30 12:15:43,254 [INFO] ('', None, [{}], {'error': 'Message is empty'})
2026-06-30 12:15:43,254 [WARNING] Message is empty, skipping.
2026-06-30 12:15:43,254 [INFO] ('', None, [{}], {'error': 'Message is empty'})
2026-06-30 12:15:43,254 [WARNING] Message is empty, skipping.
2026-06-30 12:15:43,255 [INFO] ('', None, [{}], {'error': 'Message is empty'})
2026-06-30 12:15:43,255 [WARNING] Message is empty, skipping.
2026-06-30 12:15:43,255 [INFO] ('', None, [{}], {'error': 'Message is empty'})
2026-06-30 12:15:43,255 [WARNING] Message is empty, skipping.
2026-06-30 12:15:43,255 [INFO] ('', None, [{}], {'error': 'Message is empty'})
2026-06-30 12:15:43,255 [WARNING] Message is empty, skipping.
2026-06-30 12:15:43,255 [INFO] ('', None, [{}], {'error': 'Message is empty'})
2026-06-30 12:15:43,255 [WARNING] Message is empty, skipping.
2026-06-30 12:15:43,256 [INFO] ('', None, [{}], {'error': 'Message is empty'})
2026-06-30 12:15:43,256 [WARNING] Message is empty, skipping.
2026-06-30 12:15:43,256 [INFO] ('', None, [{}], {'error': 'Message is empty'})
2026-06-30 12:15:43,256 [WARNING] Message is empty, skipping.
2026-06-30 12:15:43,256 [INFO] ('', None, [{}], {'error': 'Message is empty'})
2026-06-30 12:15:43,256 [WARNING] Message is empty, skipping.
2026-06-30 12:15:43,256 [INFO] ('', None, [{}], {'error': 'Message is empty'})
2026-06-30 12:15:43,256 [WARNING] Message is empty, skipping.
2026-06-30 12:15:43,258 [INFO] ('', None, [{}], {'error': 'Message is empty'})
2026-06-30 12:15:43,258 [WARNING] Message is empty, skipping.
2026-06-30 12:15:43,258 [INFO] ('', None, [{}], {'error': 'Message is empty'})
2026-06-30 12:15:43,258 [WARNING] Message is empty, skipping.
2026-06-30 12:15:43,258 [INFO] ('', None, [{}], {'error': 'Message is empty'})
2026-06-30 12:15:43,258 [WARNING] Message is empty, skipping.
2026-06-30 12:15:43,259 [INFO] ('', None, [{}], {'error': 'Message is empty'})
2026-06-30 12:15:43,259 [WARNING] Message is empty, skipping.
2026-06-30 12:15:43,259 [INFO] ('', None, [{}], {'error': 'Message is empty'})
2026-06-30 12:15:43,259 [WARNING] Message is empty, skipping.
2026-06-30 12:15:43,260 [INFO] ('', None, [{}], {'error': 'Message is empty'})
2026-06-30 12:15:43,264 [WARNING] Message is empty, skipping.
2026-06-30 12:15:43,264 [INFO] ('', None, [{}], {'error': 'Message is empty'})
2026-06-30 12:15:43,264 [WARNING] Message is empty, skipping.
2026-06-30 12:15:43,264 [INFO] ('', None, [{}], {'error': 'Message is empty'})
2026-06-30 12:15:43,264 [WARNING] Message is empty, skipping.
2026-06-30 12:15:43,264 [INFO] ('', None, [{}], {'error': 'Message is empty'})
2026-06-30 12:15:43,264 [WARNING] Message is empty, skipping.
2026-06-30 12:15:43,264 [INFO] ('', None, [{}], {'error': 'Message is empty'})
2026-06-30 12:15:43,264 [WARNING] Message is empty, skipping.
2026-06-30 12:15:43,264 [INFO] ('', None, [{}], {'error': 'Message is empty'})
2026-06-30 12:15:43,264 [WARNING] Message is empty, skipping.
2026-06-30 12:15:43,271 [INFO] ('', None, [{}], {'error': 'Message is empty'})
2026-06-30 12:15:43,272 [WARNING] Message is empty, skipping.
2026-06-30 12:15:43,273 [INFO] ('', None, [{}], {'error': 'Message is empty'})
2026-06-30 12:15:43,273 [WARNING] Message is empty, skipping.
2026-06-30 12:15:43,273 [INFO] ('', None, [{}], {'error': 'Message is empty'})
2026-06-30 12:15:43,273 [WARNING] Message is empty, skipping.
2026-06-30 12:15:43,274 [INFO] ('', None, [{}], {'error': 'Message is empty'})
2026-06-30 12:15:43,274 [WARNING] Message is empty, skipping.
2026-06-30 12:15:43,274 [INFO] ('', None, [{}], {'error': 'Message is empty'})
2026-06-30 12:15:43,275 [WARNING] Message is empty, skipping.
2026-06-30 12:15:43,275 [INFO] ('', None, [{}], {'error': 'Message is empty'})
2026-06-30 12:15:43,276 [WARNING] Message is empty, skipping.
2026-06-30 12:15:43,276 [INFO] ('', None, [{}], {'error': 'Message is empty'})
2026-06-30 12:15:43,277 [WARNING] Message is empty, skipping.
2026-06-30 12:15:43,277 [INFO] ('', None, [{}], {'error': 'Message is empty'})
2026-06-30 12:15:43,277 [WARNING] Message is empty, skipping.
2026-06-30 12:15:43,277 [INFO] ('', None, [{}], {'error': 'Message is empty'})
2026-06-30 12:15:43,277 [WARNING] Message is empty, skipping.
2026-06-30 12:15:43,277 [INFO] ('', None, [{}], {'error': 'Message is empty'})
2026-06-30 12:15:43,279 [WARNING] Message is empty, skipping.
2026-06-30 12:15:43,280 [INFO] ('', None, [{}], {'error': 'Message is empty'})
2026-06-30 12:15:43,281 [WARNING] Message is empty, skipping.
2026-06-30 12:15:43,281 [INFO] ('', None, [{}], {'error': 'Message is empty'})
2026-06-30 12:15:43,281 [WARNING] Message is empty, skipping.
2026-06-30 12:15:43,281 [INFO] ('', None, [{}], {'error': 'Message is empty'})
2026-06-30 12:15:43,281 [WARNING] Message is empty, skipping.
2026-06-30 12:15:43,282 [INFO] ('', None, [{}], {'error': 'Message is empty'})
2026-06-30 12:15:43,282 [WARNING] Message is empty, skipping.
2026-06-30 12:15:43,282 [INFO] ('', None, [{}], {'error': 'Message is empty'})
2026-06-30 12:15:43,282 [WARNING] Message is empty, skipping.
2026-06-30 12:15:43,282 [INFO] ('', None, [{}], {'error': 'Message is empty'})
2026-06-30 12:15:43,282 [WARNING] Message is empty, skipping.
2026-06-30 12:15:43,283 [INFO] ('', None, [{}], {'error': 'Message is empty'})
2026-06-30 12:15:43,283 [WARNING] Message is empty, skipping.
2026-06-30 12:15:43,283 [INFO] ('', None, [{}], {'error': 'Message is empty'})
2026-06-30 12:15:43,283 [WARNING] Message is empty, skipping.
2026-06-30 12:15:43,283 [INFO] ('', None, [{}], {'error': 'Message is empty'})
2026-06-30 12:15:43,283 [WARNING] Message is empty, skipping.
2026-06-30 12:15:43,284 [INFO] ('', None, [{}], {'error': 'Message is empty'})
2026-06-30 12:15:43,284 [WARNING] Message is empty, skipping.
2026-06-30 12:15:43,284 [INFO] ('', None, [{}], {'error': 'Message is empty'})
2026-06-30 12:15:43,284 [WARNING] Message is empty, skipping.
2026-06-30 12:15:43,284 [INFO] ('', None, [{}], {'error': 'Message is empty'})
2026-06-30 12:15:43,285 [WARNING] Message is empty, skipping.
2026-06-30 12:15:43,286 [INFO] ('', None, [{}], {'error': 'Message is empty'})
2026-06-30 12:15:43,286 [WARNING] Message is empty, skipping.
2026-06-30 12:15:43,286 [INFO] ('', None, [{}], {'error': 'Message is empty'})
2026-06-30 12:15:43,286 [WARNING] Message is empty, skipping.
2026-06-30 12:15:43,287 [INFO] ('', None, [{}], {'error': 'Message is empty'})
2026-06-30 12:15:43,287 [WARNING] Message is empty, skipping.
2026-06-30 12:15:43,287 [INFO] ('', None, [{}], {'error': 'Message is empty'})
2026-06-30 12:15:43,287 [WARNING] Message is empty, skipping.
2026-06-30 12:15:43,287 [INFO] ('', None, [{}], {'error': 'Message is empty'})
2026-06-30 12:15:43,287 [WARNING] Message is empty, skipping.
2026-06-30 12:15:43,288 [INFO] ('', None, [{}], {'error': 'Message is empty'})
2026-06-30 12:15:43,288 [WARNING] Message is empty, skipping.
2026-06-30 12:15:43,288 [INFO] ('', None, [{}], {'error': 'Message is empty'})
2026-06-30 12:15:43,288 [WARNING] Message is empty, skipping.
2026-06-30 12:15:43,288 [INFO] ('', None, [{}], {'error': 'Message is empty'})
2026-06-30 12:15:43,288 [WARNING] Message is empty, skipping.
2026-06-30 12:15:43,289 [INFO] ('', None, [{}], {'error': 'Message is empty'})
2026-06-30 12:15:43,289 [WARNING] Message is empty, skipping.
2026-06-30 12:15:43,289 [INFO] ('', None, [{}], {'error': 'Message is empty'})
2026-06-30 12:15:43,289 [WARNING] Message is empty, skipping.
2026-06-30 12:15:43,289 [INFO] ('', None, [{}], {'error': 'Message is empty'})
2026-06-30 12:15:43,290 [WARNING] Message is empty, skipping.
2026-06-30 12:15:43,290 [INFO] ('', None, [{}], {'error': 'Message is empty'})
2026-06-30 12:15:43,291 [WARNING] Message is empty, skipping.
2026-06-30 12:15:43,292 [INFO] ('', None, [{}], {'error': 'Message is empty'})
2026-06-30 12:15:43,292 [WARNING] Message is empty, skipping.
2026-06-30 12:15:43,292 [INFO] ('', None, [{}], {'error': 'Message is empty'})
2026-06-30 12:15:43,292 [WARNING] Message is empty, skipping.
2026-06-30 12:15:43,292 [INFO] ('', None, [{}], {'error': 'Message is empty'})
2026-06-30 12:15:43,293 [WARNING] Message is empty, skipping.
2026-06-30 12:15:43,293 [INFO] ('', None, [{}], {'error': 'Message is empty'})
2026-06-30 12:15:43,293 [WARNING] Message is empty, skipping.
2026-06-30 12:15:43,293 [INFO] ('', None, [{}], {'error': 'Message is empty'})
2026-06-30 12:15:43,293 [WARNING] Message is empty, skipping.
2026-06-30 12:15:43,294 [INFO] ('', None, [{}], {'error': 'Message is empty'})
2026-06-30 12:15:43,294 [WARNING] Message is empty, skipping.
2026-06-30 12:15:43,294 [INFO] ('', None, [{}], {'error': 'Message is empty'})
2026-06-30 12:15:43,294 [WARNING] Message is empty, skipping.
2026-06-30 12:15:43,294 [INFO] ('', None, [{}], {'error': 'Message is empty'})
2026-06-30 12:15:43,295 [WARNING] Message is empty, skipping.
2026-06-30 12:15:43,295 [INFO] ('', None, [{}], {'error': 'Message is empty'})
2026-06-30 12:15:43,295 [WARNING] Message is empty, skipping.
2026-06-30 12:15:43,295 [INFO] ('', None, [{}], {'error': 'Message is empty'})
2026-06-30 12:15:43,295 [WARNING] Message is empty, skipping.
2026-06-30 12:15:43,295 [INFO] ('', None, [{}], {'error': 'Message is empty'})
2026-06-30 12:15:43,295 [WARNING] Message is empty, skipping.
2026-06-30 12:15:43,296 [INFO] ('', None, [{}], {'error': 'Message is empty'})
2026-06-30 12:15:43,296 [WARNING] Message is empty, skipping.
2026-06-30 12:15:43,296 [INFO] ('', None, [{}], {'error': 'Message is empty'})
2026-06-30 12:15:43,297 [WARNING] Message is empty, skipping.
2026-06-30 12:15:43,297 [INFO] ('', None, [{}], {'error': 'Message is empty'})
2026-06-30 12:15:43,298 [WARNING] Message is empty, skipping.
2026-06-30 12:15:43,298 [INFO] ('', None, [{}], {'error': 'Message is empty'})
2026-06-30 12:15:43,298 [WARNING] Message is empty, skipping.
2026-06-30 12:15:43,298 [INFO] ('', None, [{}], {'error': 'Message is empty'})
2026-06-30 12:15:43,298 [WARNING] Message is empty, skipping.
2026-06-30 12:15:43,298 [INFO] ('', None, [{}], {'error': 'Message is empty'})
2026-06-30 12:15:43,298 [WARNING] Message is empty, skipping.
2026-06-30 12:15:43,299 [INFO] ('', None, [{}], {'error': 'Message is empty'})
2026-06-30 12:15:43,299 [WARNING] Message is empty, skipping.
2026-06-30 12:15:43,299 [INFO] ('', None, [{}], {'error': 'Message is empty'})
2026-06-30 12:15:43,299 [WARNING] Message is empty, skipping.
2026-06-30 12:15:43,299 [INFO] ('', None, [{}], {'error': 'Message is empty'})
2026-06-30 12:15:43,299 [WARNING] Message is empty, skipping.
2026-06-30 12:15:43,300 [INFO] ('', None, [{}], {'error': 'Message is empty'})
2026-06-30 12:15:43,300 [WARNING] Message is empty, skipping.
2026-06-30 12:15:43,300 [INFO] ('', None, [{}], {'error': 'Message is empty'})
2026-06-30 12:15:43,300 [WARNING] Message is empty, skipping.
2026-06-30 12:15:43,300 [INFO] ('', None, [{}], {'error': 'Message is empty'})
2026-06-30 12:15:43,301 [WARNING] Message is empty, skipping.
2026-06-30 12:15:43,301 [INFO] ('', None, [{}], {'error': 'Message is empty'})
2026-06-30 12:15:43,301 [WARNING] Message is empty, skipping.
2026-06-30 12:15:43,301 [INFO] ('', None, [{}], {'error': 'Message is empty'})
2026-06-30 12:15:43,301 [WARNING] Message is empty, skipping.
2026-06-30 12:15:43,301 [INFO] ('', None, [{}], {'error': 'Message is empty'})
2026-06-30 12:15:43,301 [WARNING] Message is empty, skipping.
2026-06-30 12:15:43,302 [INFO] ('', None, [{}], {'error': 'Message is empty'})
2026-06-30 12:15:43,302 [WARNING] Message is empty, skipping.
2026-06-30 12:15:43,302 [INFO] ('', None, [{}], {'error': 'Message is empty'})
2026-06-30 12:15:43,302 [WARNING] Message is empty, skipping.
2026-06-30 12:15:43,302 [INFO] ('', None, [{}], {'error': 'Message is empty'})
2026-06-30 12:15:43,302 [WARNING] Message is empty, skipping.
2026-06-30 12:15:43,302 [INFO] ('', None, [{}], {'error': 'Message is empty'})
2026-06-30 12:15:43,302 [WARNING] Message is empty, skipping.
2026-06-30 12:15:43,303 [INFO] ('', None, [{}], {'error': 'Message is empty'})
2026-06-30 12:15:43,303 [WARNING] Message is empty, skipping.
2026-06-30 12:15:43,303 [INFO] ('', None, [{}], {'error': 'Message is empty'})
2026-06-30 12:15:43,303 [WARNING] Message is empty, skipping.
2026-06-30 12:15:43,303 [INFO] ('', None, [{}], {'error': 'Message is empty'})
2026-06-30 12:15:43,303 [WARNING] Message is empty, skipping.
2026-06-30 12:15:43,304 [INFO] ('', None, [{}], {'error': 'Message is empty'})
2026-06-30 12:15:43,304 [WARNING] Message is empty, skipping.
2026-06-30 12:15:43,304 [INFO] ('', None, [{}], {'error': 'Message is empty'})
2026-06-30 12:15:43,304 [WARNING] Message is empty, skipping.
2026-06-30 12:15:43,304 [INFO] ('', None, [{}], {'error': 'Message is empty'})
2026-06-30 12:15:43,304 [WARNING] Message is empty, skipping.
2026-06-30 12:15:43,305 [INFO] ('', None, [{}], {'error': 'Message is empty'})
2026-06-30 12:15:43,305 [WARNING] Message is empty, skipping.
2026-06-30 12:15:43,305 [INFO] ('', None, [{}], {'error': 'Message is empty'})
2026-06-30 12:15:43,305 [INFO] Processing batch queries for gemini-2.5-flash, batch size: 2048: 100%|##########| 1/1 [00:00<00:00,  3.18it/s]
2026-06-30 12:15:43,305 [INFO] Processing batch queries for gemini-2.5-flash, batch size: 2048: 100%|##########| 1/1 [00:00<00:00,  3.18it/s]
2026-06-30 12:15:43,306 [INFO] ... (more hidden) ...
2026-06-30 12:15:43,307 [INFO] Formatting items for endpoint: https://seshat-db.com/api/sc/nonwritten-records/: 100%|##########| 339/339 [00:00<00:00, 374965.47it/s]
2026-06-30 12:15:43,307 [INFO] {'endpoint_identifier': 'https://seshat-db.com/api/sc/nonwritten-records/', 'model': 'gemini-2.5-flash', 'entry_idx': 0, 'output': '', 'reasoning': '', 'message': '[{}]', 'others': '{"error": "Message is empty"}'}
2026-06-30 12:15:43,313 [INFO] Questions generated and saved to /Users/apple/Documents/github/neurips_llms/llm-bechmark/db/gen/30_06_2026/run_8_gemini-2.5-flash/sc/range/sc_nonwritten-records_questions.csv
2026-06-30 12:15:43,313 [INFO] Successfully completed question generation for sc/nonwritten-records.
