endpoint_identifier,entry_idx,output
https://seshat-db.com/api/wf/daggers/,0,Was the dagger present as a military technology in the warfare practices of the Afghans and Mahrattas at Panipat in 1761 CE? Please respond with either 'present' or 'absent'.
https://seshat-db.com/api/wf/daggers/,1,"During the period from <time-start> to <time-end>, was the dagger, defined as a short blade with a sharp point and handle, present or absent as a military technology in the warfare practices of '<polity>'? Please provide your answer as either 'present' or 'absent'."
https://seshat-db.com/api/wf/daggers/,2,"During the period from <time-start> to <time-end>, was the use of daggers similar to those used by the Seleucid Empire present or absent as a military technology in the warfare practices of '<polity>'? Provide your answer strictly as either 'present' or 'absent'."
https://seshat-db.com/api/wf/daggers/,3,"During the period from <time-start> to <time-end>, was the use of daggers as a military technology present or absent in the warfare practices of '<polity>'? Please provide your answer strictly as either 'present' or 'absent', considering the fact that the depiction of daggers in murals at Dilberjin near Balkh and their presence among steppe riders suggest their usage in warfare during that time."
https://seshat-db.com/api/wf/daggers/,4,"During the period from <time-start> to <time-end>, was the use of daggers as a military technology present or absent among the steppe riders of '<polity>'? Please provide your answer as either 'present' or 'absent'."
https://seshat-db.com/api/wf/daggers/,5,"During the period from <time-start> to <time-end>, were daggers, defined as short stabbing weapons commonly used in ancient warfare, present or absent as a military technology in the warfare practices of '<polity>? Please provide your answer as either 'present' or 'absent'."
https://seshat-db.com/api/wf/daggers/,6,"During the period from <time-start> to <time-end>, was the use of daggers as a military technology present or absent among the steppe riders of '<polity>'? Please provide your answer strictly as either 'present' or 'absent'."
https://seshat-db.com/api/wf/daggers/,7,"During the period from <time-start> to <time-end>, was the bronze dagger, also known as a Han period knife (British Museum), present or absent as a military technology in the warfare practices of '<polity>'? Please provide your answer as either 'present' or 'absent'."
https://seshat-db.com/api/wf/daggers/,8,"During the period from <time-start> to <time-end>, was the dao, defined as a sturdy, single-edged saber with only very slight curvature, present or absent as a military technology in the warfare practices of '<polity>'? Please respond with either 'present' or 'absent'."
https://seshat-db.com/api/wf/daggers/,9,"During the period from <time-start> to <time-end>, was the dagger, defined as a weapon made of metal and typically featuring a sharp blade, present or absent in the weaponry of '<polity>'? Please provide your answer as either 'present' or 'absent'."
https://seshat-db.com/api/wf/daggers/,10,"During the period from <time-start> to <time-end>, were daggers present or absent as a military technology in the warfare practices of '<polity>'? Provide your answer strictly as either 'present' or 'absent'."
https://seshat-db.com/api/wf/daggers/,11,"Please provide more information about the expected format and content of the expert input required for coding the variable ""dagger"". This will help me provide an accurate and appropriate question template."
https://seshat-db.com/api/wf/daggers/,12,"I apologize, but I am unable to provide an answer without further information about the coding requirements for the variable ""Dagger"". Please provide more details so that I can assist you better."
https://seshat-db.com/api/wf/daggers/,13,"During the period from <time-start> to <time-end>, were daggers as a military technology present or absent in the warfare practices of '<polity>'? Please provide your answer strictly as either 'present' or 'absent'."
https://seshat-db.com/api/wf/daggers/,14,"During the period from <time-start> to <time-end>, was daggers, defined as imported knives from an outside culture, present or absent in the warfare practices of '<polity>'? Provide your answer strictly as either 'present' or 'absent'. Note: This question assumes that the term ""daggers"" refers specifically to imported knives rather than locally produced ones. If the term includes both types of knives, a different question format may be necessary."
https://seshat-db.com/api/wf/daggers/,15,"During the period from <time-start> to <time-end>, was the dagger, defined as a short bladed weapon, present or absent as a military technology in the warfare practices of '<polity>'? Please provide your answer as either 'present' or 'absent'."
https://seshat-db.com/api/wf/daggers/,16,"During the period from <time-start> to <time-end>, was the use of daggers as a military technology present or absent in the warfare practices of '<polity>'? Provide your answer strictly as either 'present' or 'absent'."
https://seshat-db.com/api/wf/daggers/,17,"During the period from <time-start> to <time-end>, was the use of daggers as a military technology present or absent in the warfare practices of '<polity>'? Please respond with either 'present' or 'absent'."
https://seshat-db.com/api/wf/daggers/,18,"During the period from <time-start> to <time-end>, was the use of daggers present or absent in the warfare practices of '<polity>' when compared to its usage in previous periods? Please respond with either 'present' or 'absent'."
https://seshat-db.com/api/wf/daggers/,19,"During the period from <time-start> to <time-end>, was the microlithic dagger, also known as a tool knife with no mention of its usage as a weapon in historical records, present or absent as a military technology in the warfare practices of '<polity>'? Please provide your answer strictly as either 'present' or 'absent'."
https://seshat-db.com/api/wf/daggers/,20,"During the period from <time-start> to <time-end>, was the usage of daggers as a military technology present or absent in the warfare practices of '<polity>'? Please respond with either 'present' or 'absent'."
https://seshat-db.com/api/wf/daggers/,21,"During the period from <time-start> to <time-end>, were daggers, specifically the ones carried by Manchu soldiers on their belts, present or absent as a military technology in the warfare practices of '<polity>'? Provide your answer strictly as either 'present' or 'absent'."
https://seshat-db.com/api/wf/daggers/,22,Was bronze dagger technology present or absent in ancient Chinese warfare practices during the period from <time-start> to <time-end>? Please provide your answer as either 'present' or 'absent'.
https://seshat-db.com/api/wf/daggers/,23,"During the period from <time-start> to <time-end>, was the dagger present or absent as a military technology in the warfare practices of '<polity>'? Please provide your answer as either 'present' or 'absent'."
https://seshat-db.com/api/wf/daggers/,24,Was the use of daggers as a military technology present or absent in the warfare practices of '<polity>' during the period from <time-start> to <time-end>? Please provide your answer as either 'present' or 'absent'.
https://seshat-db.com/api/wf/daggers/,25,"During the period from <time-start> to <time-end>, was the dagger as a military technology present or absent in the warfare practices of '<polity>'? Please provide your answer strictly as either 'present' or 'absent'."
https://seshat-db.com/api/wf/daggers/,26,"During the period from <time-start> to <time-end>, was the dagger, defined as a short blade typically worn as a weapon on one's person, present or absent in the military technology used by '<polity>'? Please provide your answer as either 'present' or 'absent'."
https://seshat-db.com/api/wf/daggers/,27,"During the period from <time-start> to <time-end>, were daggers known and in use as a military technology in the warfare practices of '<polity>'? Please provide your answer strictly as either 'present' or 'absent'."
https://seshat-db.com/api/wf/daggers/,28,"During the period from <time-start> to <time-end>, were bronze daggers, as described by Wagner (1993), present or absent in the weaponry of '<polity>'? Please respond with either 'present' or 'absent'."
https://seshat-db.com/api/wf/daggers/,29,"During the period from <time-start> to <time-end>, were minimally effective knives considered daggers as a military technology used in warfare by '<polity>'? Please provide your answer as either 'present' or 'absent'."
https://seshat-db.com/api/wf/daggers/,30,"During the period from <time-start> to <time-end>, was the use of daggers as a military technology present or absent in the warfare strategies of '<polity>'? Provide your answer strictly as either 'present' or 'absent'."
https://seshat-db.com/api/wf/daggers/,31,"During the period from <time-start> to <time-end>, was the dagger, a type of short sword with a sharp point, present or absent as a military technology in the warfare practices of '<polity>'? Provide your answer strictly as either 'present' or 'absent'."
https://seshat-db.com/api/wf/daggers/,32,"During the period from <time-start> to <time-end>, was the use of daggers as a military technology present or absent in the warfare practices of '<polity>'? Provide your answer strictly as either 'present' or 'absent'."
https://seshat-db.com/api/wf/daggers/,33,"During the period from <time-start> to <time-end>, was the use of knives as a military technology present or absent in the warfare practices of '<polity>'? Respond with either 'present' or 'absent'. Please note that knives were used by some indigenous groups in the region, but the frequency and effectiveness of their use as a military technology remains uncertain."
https://seshat-db.com/api/wf/daggers/,34,"During the period from <time-start> to <time-end>, was the use of daggers as a military technology present or absent in the warfare practices of '<polity>'? Please note that we define daggers as having a short haft and a long, wide iron blade, worn in a scabbard on a belt. Also, it mentions that Machetes and trade knives are also sometimes employed as fighting weapons, and that in a regular battle, warriors are armed with shield and lances and recently with large forest knives. Provide your answer strictly as either 'present' or 'absent'."
https://seshat-db.com/api/wf/daggers/,35,"Was the dagger, an infantry weapon characterized by its short length and sharp blade, present or absent in the battlefield tactics of Arab and Turcoman troops during the period from <time-start> to <time-end> in the context of '<polity>'? Please respond with either 'present' or 'absent'."
https://seshat-db.com/api/wf/daggers/,36,"Was the dagger, a hand-held cutting tool typically characterized by a slender blade and a handle, considered a weapon during the period from <time-start> to <time-end> in the military practices of '<polity>'? Please provide your answer as either 'present' or 'absent'."
https://seshat-db.com/api/wf/daggers/,37,"Was the use of metal daggers present or absent in the warfare practices of '<polity>' during the Naqada IIA-IIB period, as described in Gilbert (2004)? Please provide your answer as either 'present' or 'absent'."
https://seshat-db.com/api/wf/daggers/,38,"During the period from <time-start> to <time-end>, was the dagger, defined as a type of hand-held weapon typically made of steel and featuring a sharp-edged blade, present or absent in the battlefield weaponry of '<polity>'? Please provide your answer strictly as either 'present' or 'absent'. Note that other types of weapons such as the bow and arrow, spear, axe, and mace were also commonly used during this time period as depicted in various sources such as the book by Shaw (1991)."
https://seshat-db.com/api/wf/daggers/,39,"Was dagger, defined as a type of short sword or knife, present or absent as a military technology in the warfare practices of ancient Greece from <time-start> to <time-end>? Please provide your answer strictly as either 'present' or 'absent'."
https://seshat-db.com/api/wf/daggers/,40,"During the period from <time-start> to <time-end>, was the use of daggers as a military technology present or absent in the warfare practices of '<polity>'? Please provide your answer strictly as either 'present' or 'absent'."
https://seshat-db.com/api/wf/daggers/,41,Was the use of daggers as a military technology present or absent in the warfare practices of '<polity>' during the period from <time-start> to <time-end>? Please provide your answer strictly as either 'present' or 'absent'.
https://seshat-db.com/api/wf/daggers/,42,"During the period from <time-start> to <time-end>, were daggers present as a military technology in the warfare practices of '<polity>'? Please provide your answer strictly as either 'present' or 'absent'."
https://seshat-db.com/api/wf/daggers/,43,"During the period from <time-start> to <time-end>, was the use of daggers as a military technology present or absent in the warfare practices of '<polity>'? Provide your answer strictly as either 'present' or 'absent'."
https://seshat-db.com/api/wf/daggers/,44,"During the period from <time-start> to <time-end>, were daggers, defined as metallic blades that were used as weapons, present or absent in the burial practices of '<polity>' in the Amratian Period? Please provide your answer strictly as either 'present' or 'absent'."
https://seshat-db.com/api/wf/daggers/,45,"During the period from <time-start> to <time-end>, were daggers, defined as metal weapons with a curved blade and a handle, present or absent in the burial practices of '<polity>' in the Amratian Period? Provide your answer strictly as either 'present' or 'absent'."
https://seshat-db.com/api/wf/daggers/,46,"During the period from <time-start> to <time-end>, was metal dagger, defined as an early Egyptian weapon made of metal, present or absent in the warfare practices of '<polity>'? Please provide your answer strictly as either 'present' or 'absent'."
https://seshat-db.com/api/wf/daggers/,47,"During the period from <time-start> to <time-end>, was the dagger, defined as a tool made of metal links that forms a mesh-like structure, present or absent as a military technology in the warfare practices of '<polity>'? Provide your answer strictly as either 'present' or 'absent'."
https://seshat-db.com/api/wf/daggers/,48,"During the period from <time-start> to <time-end>, was the dagger, defined as a sharp-edged weapon typically used for hunting or combat, present or absent as a military technology in the warfare practices of '<polity>'? Provide your answer strictly as either 'present' or 'absent'."
https://seshat-db.com/api/wf/daggers/,49,"During the period from <time-start> to <time-end>, was the khepesh, a scimitar-like weapon with a curved blade modelled on an Asiatic form, present as a military technology in the warfare practices of '<polity>'? Provide your answer strictly as either 'present' or 'absent'."
https://seshat-db.com/api/wf/daggers/,50,"Sure, I'd be happy to help! What period are you referring to and which polity?
Please provide me with the relevant information so that I can craft an appropriate question for you."
https://seshat-db.com/api/wf/daggers/,51,"During the period from <time-start> to <time-end>, was the use of metal daggers, including those appearing no earlier than during Naqada IIC-D, present or absent as a military technology in the warfare practices of '<polity>? Please respond with either 'present' or 'absent'."
https://seshat-db.com/api/wf/daggers/,52,"During the period from <time-start> to <time-end>, was dagger, defined as a handheld weapon consisting of a blade attached to a handle, present or absent as a military technology in the warfare practices of '<polity>'? Please provide your answer strictly as either 'present' or 'absent'."
https://seshat-db.com/api/wf/daggers/,53,"During the period from <time-start> to <time-end>, were daggers present as a military technology in the warfare practices of '<polity>'? Please respond with either 'present' or 'absent'."
https://seshat-db.com/api/wf/daggers/,54,Was the use of daggers as a military technology present or absent during the period from <time-start> to <time-end> in the warfare strategies of '<polity>'? Respond with either 'present' or 'absent'.
https://seshat-db.com/api/wf/daggers/,55,"During the period from <time-start> to <time-end>, was the dagger, defined as a short stabbing weapon typically made of bone, antler, or bronze, present or absent as a military technology in the warfare practices of '<polity>'? Please provide your answer strictly as either 'present' or 'absent'."
https://seshat-db.com/api/wf/daggers/,56,"During the period from <time-start> to <time-end>, were daggers present as a military technology in the naval forces of '<polity>' under Persian rule, according to Herodotus? Please provide your answer as either 'present' or 'absent'."
https://seshat-db.com/api/wf/daggers/,57,"During the period from <time-start> to <time-end>, were daggers, defined as short swords used for stabbing and cutting, present or absent as a military technology in the warfare practices of '<polity>'?

Answer: Present or Absent."
https://seshat-db.com/api/wf/daggers/,58,"Was the dagger, defined as a short sword without a handle, present or absent as a military technology in the warfare practices of '<polity>' during the period from <time-start> to <time-end>? Please provide your answer strictly as either 'present' or 'absent'."
https://seshat-db.com/api/wf/daggers/,59,"During the period from <time-start> to <time-end>, was dagger present as a military technology in the warfare practices of the Abbasid Caliphate? Provide your answer strictly as either 'present' or 'absent'."
https://seshat-db.com/api/wf/daggers/,60,"During the period from <time-start> to <time-end>, were daggers present or absent as an everyday tool for fighters in '<polity>'? Answer with either 'present' or 'absent'."
https://seshat-db.com/api/wf/daggers/,61,"During the colonial period in '<polity>', was the use of knives as a military technology present or absent? Please provide your answer strictly as either 'present' or 'absent'."
https://seshat-db.com/api/wf/daggers/,62,"Was the use of knives as a military technology present or absent in the warfare practices of '<polity>' during the colonial period, according to Goodenough? Provide your answer strictly as either 'present' or 'absent'."
https://seshat-db.com/api/wf/daggers/,63,"During the period from <time-start> to <time-end>, were daggers, defined as one of the earliest weapons made of copper or bronze, and later accompanied by poignards and hallebardes, present or absent as a military technology in the warfare practices of '<polity>'? Please provide your answer as either 'present' or 'absent'."
https://seshat-db.com/api/wf/daggers/,64,"During the period from <time-start> to <time-end>, were daggers, which are typically found alongside bell-beakers and other types of weapons like triangular barbed-flint arrowheads and wristguards, present as part of the weaponry of '<polity>'? Please respond with either 'present' or 'absent'."
https://seshat-db.com/api/wf/daggers/,65,"During the period from <time-start> to <time-end>, was the use of daggers as a military technology present or absent in the warfare practices of '<polity>'? Please provide your answer strictly as either 'present' or 'absent'."
https://seshat-db.com/api/wf/daggers/,66,"During the period from <time-start> to <time-end>, was the use of daggers as a military technology present or absent in the warfare practices of '<polity>'? Please provide your answer as either 'present' or 'absent', based on the information provided in David Parrott's ""Armed Forces"" chapter in the Oxford Handbook of the Ancien Régime."
https://seshat-db.com/api/wf/daggers/,67,"During the period from <time-start> to <time-end>, was the use of daggers as a military technology present or absent in the warfare practices of '<polity>'? Provide your answer strictly as either 'present' or 'absent'."
https://seshat-db.com/api/wf/daggers/,68,"During the period from <time-start> to <time-end>, was the use of daggers as a military technology present or absent in the warfare practices of '<polity>'? Provide your answer strictly as either 'present' or 'absent'."
https://seshat-db.com/api/wf/daggers/,69,"During the period from <time-start> to <time-end>, was the dagger, defined as a short, single-edged knife commonly used as a personal weapon, present or absent as a military technology in the warfare practices of '<polity>'? Provide your answer strictly as either 'present' or 'absent'."
https://seshat-db.com/api/wf/daggers/,70,"During the period from <time-start> to <time-end>, was the dagger, a type of weapon typically not commonly listed as a primary military tool, present or absent in the warfare practices of '<polity>'? Please provide your answer as either 'present' or 'absent'."
https://seshat-db.com/api/wf/daggers/,71,"During the period from <time-start> to <time-end>, was a very fine decorated one-edged knife of advanced Hallstatt A type, also known as a dagger with notched hilt, present or absent as a military technology in the warfare practices of '<polity>? Provide your answer strictly as either 'present' or 'absent'."
https://seshat-db.com/api/wf/daggers/,72,"During the period from <time-start> to <time-end>, was the use of daggers as a military technology present or absent in the warfare practices of '<polity>' in the Paris Basin region? Please provide your answer strictly as either 'present' or 'absent'."
https://seshat-db.com/api/wf/daggers/,73,Was the dagger a military technology present or absent in the warfare practices of the巴黎盆地 region during the period from <time-start> to <time-end>? Provide your answer strictly as either 'present' or 'absent'. Please note that this information comes from Koch et al.'s work on Celtic culture and is not a primary source.
https://seshat-db.com/api/wf/daggers/,74,Was the use of daggers as a military technology present or absent in the western Hallstatt region during the period from <time-start> to <time-end> in the context of '<polity>? Answer with either 'present' or 'absent'.
https://seshat-db.com/api/wf/daggers/,75,"During the period from <time-start> to <time-end>, was the use of the scramasax, defined as a type of dagger commonly used by Anglo-Saxon warriors, present or absent in the weaponry of '<polity>'? Answer with either 'present' or 'absent'."
https://seshat-db.com/api/wf/daggers/,76,"During the period from <time-start> to <time-end>, was the use of scaramasax, defined as a type of dagger commonly used by Anglo-Saxon warriors, present or absent in the warfare practices of '<polity>'? Please provide your answer strictly as either 'present' or 'absent'."
https://seshat-db.com/api/wf/daggers/,77,"During the period from <time-start> to <time-end>, was the use of the scramasax, a type of dagger, present or absent in the warfare practices of '<polity>'? Please provide your answer strictly as either 'present' or 'absent'."
https://seshat-db.com/api/wf/daggers/,78,"During the period from <time-start> to <time-end>, was an iron dagger, specifically one found in a Halstatt tomb dating back to the mid-5th century BC, considered a military technology in the warfare practices of '<polity>? Please provide your answer as either 'present' or 'absent'."
https://seshat-db.com/api/wf/daggers/,79,"During the period from <time-start> to <time-end>, was iron dagger, defined as a sharp weapon made of iron, present or absent in the weaponry of '<polity>'? Please respond with either 'present' or 'absent'."
https://seshat-db.com/api/wf/daggers/,80,"During the period from <time-start> to <time-end>, was iron dagger, defined as an iron weapon with a sharp blade, present or absent as a military technology in the warfare practices of '<polity>'? Please provide your answer strictly as either 'present' or 'absent'."
https://seshat-db.com/api/wf/daggers/,81,"During the period from <time-start> to <time-end>, was the use of daggers, specifically those with a long straight sword as their primary weapon and used to exploit gaps in armor, present or absent in the warfare practices of '<polity>'? Provide your answer strictly as either 'present' or 'absent'."
https://seshat-db.com/api/wf/daggers/,82,"During the period from <time-start> to <time-end>, was the use of daggers present as a military technology in the warfare practices of '<polity>'? Please provide your answer as either 'present' or 'absent'."
https://seshat-db.com/api/wf/daggers/,83,"Was the use of daggers as a military technology present or absent in the warfare practices of '<polity>' during the period from <time-start> to <time-end>? Please note that the term ""indigenous forces under British command"" has been coded as ""inferred present."" If you have any additional information or clarification, please provide it in your response."
https://seshat-db.com/api/wf/daggers/,84,"During the period from <time-start> to <time-end>, were daggers made of iron and shaped like Turkish blades, described by Sarbah in his book ""Fanti National Constitution,"" present or absent as a military technology in the warfare practices of '<polity>'? Please provide your answer strictly as either 'present' or 'absent'."
https://seshat-db.com/api/wf/daggers/,85,Was daggers as a military technology present or absent in the warfare practices of Asante during the period from <time-start> to <time-end>? Provide your answer strictly as either 'present' or 'absent'.
https://seshat-db.com/api/wf/daggers/,86,"During the period from <time-start> to <time-end>, was the use of daggers as a military technology present or absent in the warfare practices of '<polity>'? Please provide your answer as either 'present' or 'absent'."
https://seshat-db.com/api/wf/daggers/,87,"During the period from <time-start> to <time-end>, was the use of daggers as a military technology present or absent in the warfare practices of '<polity>'? Please provide your answer strictly as either 'present' or 'absent'."
https://seshat-db.com/api/wf/daggers/,88,Was the use of daggers as a military technology present or absent in the warfare practices of '<polity>' during the period from <time-start> to <time-end>? Please provide your answer as either 'present' or 'absent'.
https://seshat-db.com/api/wf/daggers/,89,"During the period from <time-start> to <time-end>, was the dagger, a short bladed weapon commonly used for close combat, present or absent in the warfare practices of '<polity>'? Please provide your answer strictly as either 'present' or 'absent'."
https://seshat-db.com/api/wf/daggers/,90,"The absence or presence of daggers as a military technology used in warfare.

During the period from <time-start> to <time-end>, was the use of daggers as a military technology present or absent in the warfare strategies of '<polity>'? Respond with either 'present' or 'absent'."
https://seshat-db.com/api/wf/daggers/,91,"During the period from <time-start> to <time-end> in the context of '<polity>', was the use of daggers as a military technology present or absent? Provide your answer strictly as either 'present' or 'absent'."
https://seshat-db.com/api/wf/daggers/,92,The absence or presence of daggers as a military technology used in warfare. Please respond with either 'absent' or 'present'.
https://seshat-db.com/api/wf/daggers/,93,"During the period from <time-start> to <time-end>, were daggers, defined as short, pointy blades used for combat, present or absent as a military technology in the warfare practices of '<polity>'? Provide your answer strictly as either 'present' or 'absent'."
https://seshat-db.com/api/wf/daggers/,94,"During the period from <time-start> to <time-end>, was the use of daggers as a military technology present or absent in the warfare practices of '<polity>'? Please provide your answer strictly as either 'present' or 'absent'."
https://seshat-db.com/api/wf/daggers/,95,"During the period from <time-start> to <time-end>, was the use of daggers as a military technology present or absent in the warfare practices of '<polity>'? Provide your answer strictly as either 'present' or 'absent'."
https://seshat-db.com/api/wf/daggers/,96,"During the period from <time-start> to <time-end>, was the dagger, defined as a short, single-edged blade used for stabbing, present or absent as a military technology in the warfare practices of '<polity>'? Please provide your answer as either 'present' or 'absent'."
https://seshat-db.com/api/wf/daggers/,97,"During the period from <time-start> to <time-end>, were wooden daggers, a type of melee weapon typically made of wood and commonly used in ancient Hawaiian warfare, present or absent as a military technology in the warfare practices of '<polity>? Provide your answer strictly as either 'present' or 'absent'."
https://seshat-db.com/api/wf/daggers/,98,"During the period from <time-start> to <time-end>, were wooden daggers used as a military technology in the warfare practices of '<polity>'? Provide your answer strictly as either 'present' or 'absent'."
https://seshat-db.com/api/wf/daggers/,99,"During the period from <time-start> to <time-end>, were wooden daggers present or absent in the warfare practices of '<polity>'? Provide your answer strictly as either 'present' or 'absent'."
https://seshat-db.com/api/wf/daggers/,100,"During the period from <time-start> to <time-end>, was the use of daggers as a military technology present or absent in the warfare practices of '<polity>'? Please provide your answer strictly as either 'present' or 'absent'."
https://seshat-db.com/api/wf/daggers/,101,"During the period from <time-start> to <time-end>, was the use of daggers as a military technology present or absent in the warfare practices of '<polity>'? Please provide your answer as either 'present' or 'absent'."
https://seshat-db.com/api/wf/daggers/,102,"During the period from <time-start> to <time-end>, was the Javanese Kris, a bladed weapon introduced sometime after 350 CE, present as a military technology in the warfare practices of '<polity>'? Please provide your answer strictly as either 'present' or 'absent'."
https://seshat-db.com/api/wf/daggers/,103,"During the period from <time-start> to <time-end>, was the Javanese Kris, defined as a dagger-like weapon typically consisting of a curved blade and a hilt, present or absent in the martial arts practices of '<polity>'? Please provide your answer as either 'present' or 'absent'."
https://seshat-db.com/api/wf/daggers/,104,"Was the use of daggers, defined as a long-bladed weapon typically used for stabbing, present or absent as a military technology in the warfare practices of Old Mataram during the period from <time-start> to <time-end>? Provide your answer strictly as either 'present' or 'absent'."
https://seshat-db.com/api/wf/daggers/,105,"Was the use of daggers, including pisau, parang, and kris, present or absent in the warfare practices of '<polity>' during the period from <time-start> to <time-end>? Please respond with either 'present' or 'absent'."
https://seshat-db.com/api/wf/daggers/,106,"During the period from <time-start> to <time-end>, was the dagger as the most common bladed weapon present or absent in the warfare practices of '<polity>'? Please provide your answer strictly as either 'present' or 'absent'."
https://seshat-db.com/api/wf/daggers/,107,"During the period from <time-start> to <time-end>, were daggers present or absent as a military technology in the warfare practices of '<polity>' depicted in the murals and carvings found in the Borobudur and Prambanan temples, as well as in the Old Mataram culture? Provide your answer strictly as either 'present' or 'absent'."
https://seshat-db.com/api/wf/daggers/,108,"During the period from <time-start> to <time-end>, were daggers present or absent as a military technology in the hand-to-hand combat techniques employed by the inhabitants of towns attempting to repel attackers during sieges in the context of '<polity>'? Please provide your response as either 'present' or 'absent'."
https://seshat-db.com/api/wf/daggers/,109,Was the use of daggers as a military technology present or absent in the warfare practices of '<polity>' during the period from <time-start> to <time-end>? Please respond with either 'present' or 'absent'.
https://seshat-db.com/api/wf/daggers/,110,"During the period from <time-start> to <time-end>, was the use of daggers as a military technology present or absent in the warfare practices of '<polity>'? Provide your answer strictly as either 'present' or 'absent'."
https://seshat-db.com/api/wf/daggers/,111,"During the period from <time-start> to <time-end>, were daggers depicted on the Bhilsa Topes statues, which are Buddhist monuments dating back to c100 BCE, present or absent as a military technology in the warfare practices of '<polity>? Provide your answer strictly as either 'present' or 'absent'."
https://seshat-db.com/api/wf/daggers/,112,"During the period from <time-start> to <time-end>, were daggers and double-bladed ""dagger-like"" weapons present or absent in the military technology of '<polity>'? Please provide your answer as either 'present' or 'absent'."
https://seshat-db.com/api/wf/daggers/,113,"During the period from <time-start> to <time-end>, were daggers adorned by soldiers as a military technology in the warfare practices of '<polity>'? Provide your answer strictly as either 'present' or 'absent'."
https://seshat-db.com/api/wf/daggers/,114,"During the period from <time-start> to <time-end>, were daggers, defined as small knives or swords, present or absent in the weaponry of '<polity>'? Please provide your answer as either 'present' or 'absent'."
https://seshat-db.com/api/wf/daggers/,115,"During the period from <time-start> to <time-end>, was the dagger, an iron age weapon commonly found in burials, present or absent in the weaponry of '<polity>'? Please provide your answer as either 'present' or 'absent'."
https://seshat-db.com/api/wf/daggers/,116,"During the period from <time-start> to <time-end>, was the dagger, defined as a short-handled knife or sword, present or absent as a military technology in the warfare practices of '<polity>' in Vedic-era India? Please provide your answer strictly as either 'present' or 'absent'."
https://seshat-db.com/api/wf/daggers/,117,"During the period from <time-start> to <time-end>, were daggers present or absent as a military technology in the warfare practices of '<polity>'? Please note that according to Hasan Nizami's Taj-ul-Maathir (13th CE), Muslim cavaliers also used iron maces, battleaxes, daggers, and javelins. On the other hand, the Hindu Rajputs had only spears or lances as their main weapon. Please provide your answer strictly as either 'present' or 'absent'."
https://seshat-db.com/api/wf/daggers/,118,"During the period from <time-start> to <time-end>, was the use of daggers as a military technology present or absent in the warfare strategies of '<polity>'? Please respond with either 'present' or 'absent'."
https://seshat-db.com/api/wf/daggers/,119,"During the period from <time-start> to <time-end>, was the use of daggers as a military technology present or absent in the warfare strategies of '<polity>'? Please provide your answer as either 'present' or 'absent'."
https://seshat-db.com/api/wf/daggers/,120,"During the period from <time-start> to <time-end>, was the dagger, as a weapon used by A’chik people, present or absent as a military technology in their warfare practices? Please provide your answer strictly as either 'present' or 'absent'."
https://seshat-db.com/api/wf/daggers/,121,"During the period from <time-start> to <time-end>, was the dagger, defined as a short, pointed weapon typically carried for self-defense, present or absent as a military technology in the warfare practices of '<polity>'? Please respond with either 'present' or 'absent'."
https://seshat-db.com/api/wf/daggers/,122,"Was the usage of daggers as a military technology present or absent in the warfare practices of the Gurjara-Pratihara dynasty in India between the post-Gupta era and the Islamic invasions, according to the descriptions provided in the sources cited? Answer with either 'present' or 'absent'."
https://seshat-db.com/api/wf/daggers/,123,"During the period from <time-start> to <time-end>, was the use of daggers, which were imitated by the Guptas after being introduced by Central Asian nomads, present or absent in the warfare practices of '<polity>'? Provide your answer strictly as either 'present' or 'absent'."
https://seshat-db.com/api/wf/daggers/,124,"During the period from <time-start> to <time-end>, was the use of daggers present or absent as a military technology in the warfare practices of '<polity>'? Please note that this is a post-Gupta era polity, and according to military historian U. P. Thapliyal, there were no innovations in the theory and practice of warfare during this time. Answer strictly as either 'present' or 'absent'."
https://seshat-db.com/api/wf/daggers/,125,"During the period from <time-start> to <time-end>, was the dagger, defined as a short sword with a single cutting edge, present or absent in the weaponry of '<polity>'? Please respond with either 'present' or 'absent'."
https://seshat-db.com/api/wf/daggers/,126,"During the period from <time-start> to <time-end>, was the dagger, defined as a short, pointy weapon with a single-edged blade, present or absent as a military technology in the warfare practices of '<polity>'? Provide your answer strictly as either 'present' or 'absent'."
https://seshat-db.com/api/wf/daggers/,127,"During the period from <time-start> to <time-end>, was the use of daggers as a military technology present or absent in the warfare strategies of '<polity>'? Please respond with either 'present' or 'absent'."
https://seshat-db.com/api/wf/daggers/,128,"During the period from <time-start> to <time-end> in the context of '<polity>', were clay plaques depicting male and female infantry armed with a sword or dagger (as seen in Paharpur c8th CE)? Respond with either 'present' or 'absent'."
https://seshat-db.com/api/wf/daggers/,129,"During the period from <time-start> to <time-end> in the context of '<polity>', were clay plaques depicting both male and female infantry armed with a sword or dagger present or absent as evidence of the use of daggers as a military technology? Please provide your answer as either 'present' or 'absent'."
https://seshat-db.com/api/wf/daggers/,130,"During the period from <time-start> to <time-end>, was dagger usage present or absent as a military technology in the warfare practices of the post-Gupta era polity of '<polity>'? Please provide your answer as either 'present' or 'absent'."
https://seshat-db.com/api/wf/daggers/,131,"Was dagger, defined as a short stabbing weapon commonly used for both hunting and warfare, present or absent as a military technology in the warfare practices of ancient and early medieval India between <time-start> and <time-end>? Provide your answer strictly as either 'present' or 'absent'."
https://seshat-db.com/api/wf/daggers/,132,"Was the trident dagger, defined as a type of dagger characterized by its three-pointed blade, present or absent in the military technology of the Mauryan army in the period from <time-start> to <time-end>? Please provide your answer as either 'present' or 'absent'."
https://seshat-db.com/api/wf/daggers/,133,Was the use of daggers as a military technology present or absent in the warfare practices of the Rajputs during the period from <time-start> to <time-end>? Provide your answer strictly as either 'present' or 'absent'.
https://seshat-db.com/api/wf/daggers/,134,"During the period from <time-start> to <time-end>, was the dagger, defined as a short sword with a sharp point, present or absent as a military technology in the warfare practices of '<polity>'? Provide your answer strictly as either 'present' or 'absent'."
https://seshat-db.com/api/wf/daggers/,135,"During the period from <time-start> to <time-end>, were daggers, inferred to have been used by the military of the Satavahana empire and possibly also by the Mauryan army, present or absent as a military technology in the warfare practices of '<polity>? Please provide your answer as either 'present' or 'absent'."
https://seshat-db.com/api/wf/daggers/,136,"During the period from <time-start> to <time-end>, was the trident dagger, inferred from continuity with Mauryan polity, present as a military technology in the warfare practices of '<polity>'? Please provide your answer strictly as either 'present' or 'absent'."
https://seshat-db.com/api/wf/daggers/,137,"During the period from <time-start> to <time-end>, was the dagger, defined as a short stabbing weapon, present or absent as a military technology in the warfare practices of '<polity>'? Please note that this question assumes that the historical evidence cited in Abraham Eraly's book supports the claim that the Indian army had a declining standard of arms during this period."
https://seshat-db.com/api/wf/daggers/,138,"During the period from <time-start> to <time-end>, were archers carrying daggers at their waist, defined as a short sword, present or absent in the fighting techniques of '<polity>'? Please provide your response as either 'present' or 'absent'."
https://seshat-db.com/api/wf/daggers/,139,"During the period from <time-start> to <time-end>, was dagger use present or absent in the battlefield tactics of '<polity>' for defensive purposes? Please provide your answer strictly as either 'present' or 'absent'."
https://seshat-db.com/api/wf/daggers/,140,"During the period from <time-start> to <time-end>, were daggers, including those used by the Abbasid Caliphate, present or absent in the warfare practices of '<polity>'? Provide your answer strictly as either 'present' or 'absent'."
https://seshat-db.com/api/wf/daggers/,141,"During the period from <time-start> to <time-end>, was iron dagger, defined as a type of weapon consisting of a short, usually single-edged blade attached to a handle or hilt, present or absent in the warfare practices of '<polity>'? Provide your answer strictly as either 'present' or 'absent'."
https://seshat-db.com/api/wf/daggers/,142,"During the period from <time-start> to <time-end>, was the dagger, defined as a short stabbing weapon with a double-edged blade and often with a hilt, present or absent in the warfare practices of '<polity>'? Provide your answer strictly as either 'present' or 'absent'."
https://seshat-db.com/api/wf/daggers/,143,"During the period from <time-start> to <time-end>, were dagger-like weapons, such as those depicted in Curtis, J. E. 1983, present or absent in the warfare practices of '<polity>'? Provide your answer strictly as either 'present' or 'absent'."
https://seshat-db.com/api/wf/daggers/,144,"During the period from <time-start> to <time-end>, was the use of iron daggers present or absent in the warfare practices of '<polity>'? Provide your answer strictly as either 'present' or 'absent'."
https://seshat-db.com/api/wf/daggers/,145,"During the period from <time-start> to <time-end>, was iron dagger, defined as a type of weapon made primarily of iron, present or absent as a military technology in the warfare practices of '<polity>'? Provide your answer strictly as either 'present' or 'absent'."
https://seshat-db.com/api/wf/daggers/,146,"During the period from <time-start> to <time-end>, was iron dagger (defined as a sword-like weapon made of iron) present or absent as a military technology in the warfare practices of '<polity>'? Provide your answer strictly as either 'present' or 'absent'."
https://seshat-db.com/api/wf/daggers/,147,"During the period from <time-start> to <time-end>, was dagger, defined as a short sword or knife typically used for close combat, present or absent as a military technology in the warfare practices of '<polity>'? Please provide your answer strictly as either 'present' or 'absent'."
https://seshat-db.com/api/wf/daggers/,148,"During the period from <time-start> to <time-end>, was the use of daggers present or absent as a military technology in the warfare practices of '<polity>'? Provide your answer strictly as either 'present' or 'absent', taking into account the development of iron weapons replacing bronze spears and other weapons during the early first millennium, as described by McIntosh (2005)."
https://seshat-db.com/api/wf/daggers/,149,"During the period from <time-start> to <time-end>, was the use of daggers present or absent as a military technology in the warfare practices of '<polity>'? Please note that there is little evidence for warfare in Neolithic Mesopotamia. Provide your answer strictly as either 'present' or 'absent'. (Reference: Hamblin, 2006; Seshat Database URL: <https://www.zotero.org/groups/1051264/seshat_databank/items/itemKey/4WM3RBTD>)"
https://seshat-db.com/api/wf/daggers/,150,"During the period from <time-start> to <time-end>, was the use of daggers as a military technology present or absent in the warfare practices of '<polity>'? Provide your answer strictly as either 'present' or 'absent'. Note: There have been already found both daggers and knives in the Ubaid, but their exact purpose is unknown. (References: Stein 1994; Heatley 2010)"
https://seshat-db.com/api/wf/daggers/,151,"During the period from <time-start> to <time-end>, was the use of daggers, specifically battle axes made of tin and iron, present or absent as a military technology in the warfare practices of '<polity>'? Provide your answer strictly as either 'present' or 'absent'."
https://seshat-db.com/api/wf/daggers/,152,"During the period from <time-start> to <time-end>, were daggers, specifically weapons made of bronze, present in the military technology of '<polity>'? Please respond with either 'present' or 'absent'."
https://seshat-db.com/api/wf/daggers/,153,"During the period from <time-start> to <time-end>, were daggers, specifically the ones depicted on the Late Uruk cylinder seal which shows an early arms factory producing bows and bronze daggers, present or absent in the warfare practices of '<polity>'? Please provide your answer strictly as either 'present' or 'absent'."
https://seshat-db.com/api/wf/daggers/,154,"During the period from <time-start> to <time-end>, were daggers present or absent as a military technology in the warfare practices of '<polity>'? Please provide your answer strictly as either 'present' or 'absent'."
https://seshat-db.com/api/wf/daggers/,155,"During the period from <time-start> to <time-end>, was the use of daggers as a military technology present or absent in the warfare practices of the Anatolian Principalities, as described by historian Ibrahim Kafesoglu in his work ""A Short History of Turkish-Islamic States""? Please provide your answer strictly as either 'present' or 'absent'."
https://seshat-db.com/api/wf/daggers/,156,"During the period from <time-start> to <time-end>, were bone needles/knives present as a military technology in the warfare practices of '<polity>'? Provide your answer strictly as either 'present' or 'absent'."
https://seshat-db.com/api/wf/daggers/,157,"During the period from <time-start> to <time-end>, were daggers and knives in tombs at Susa present or absent as a military technology in the warfare practices of '<polity>? Provide your answer strictly as either 'present' or 'absent'."
https://seshat-db.com/api/wf/daggers/,158,"During the period from <time-start> to <time-end>, were daggers present in the weaponry of the Persian army in the era of the Abbasid Caliphate as described by Robinson (1967)? Please provide your answer as either 'present' or 'absent'."
https://seshat-db.com/api/wf/daggers/,159,"During the period from <time-start> to <time-end>, were daggers with upturned ends, defined as a type of short sword with an upturned end, present or absent as a military technology in the warfare practices of '<polity>'? Please provide your answer strictly as either 'present' or 'absent'."
https://seshat-db.com/api/wf/daggers/,160,"Was the dagger, a type of short sword used by Parthian heavy cavalry, present or absent in the warfare practices of Elymaenians during the period from <time-start> to <time-end>? Please provide your answer strictly as either 'present' or 'absent'."
https://seshat-db.com/api/wf/daggers/,161,"During the period from <time-start> to <time-end>, were bone daggers/knives, stone blades, obsidian blades, or longer knife blades, defined as weapons used in warfare, present or absent in the warfare practices of '<polity>'? Provide your answer strictly as either 'present' or 'absent'."
https://seshat-db.com/api/wf/daggers/,162,Was the depiction of Ilkanid/Mongol soldiers with daggers as a common feature during the period from <time-start> to <time-end> in the military practices of '<polity>'? Please respond with either 'present' or 'absent'.
https://seshat-db.com/api/wf/daggers/,163,"During the period from <time-start> to <time-end>, were bone daggers (also known as bone needles/knives) present or absent in the military technology of '<polity>'? Please provide your answer strictly as either 'present' or 'absent'."
https://seshat-db.com/api/wf/daggers/,164,"During the period from <time-start> to <time-end>, was bone or stone dagger as a tool used in warfare present or absent in the armed forces of '<polity>'? Answer either 'present' or 'absent'. Please note that this variable refers specifically to bone or stone daggers as a tool for warfare, not for personal defense."
https://seshat-db.com/api/wf/daggers/,165,"During the period from <time-start> to <time-end>, was bone dagger (defined as a needle or knife made of bone) present or absent in the warfare practices of '<polity>'? Please provide your answer strictly as either 'present' or 'absent'."
https://seshat-db.com/api/wf/daggers/,166,"During the period from <time-start> to <time-end>, was bone/stone/dagger (defined as a tool made of these materials specifically designed for cutting or piercing) present or absent in the weaponry of '<polity>'? Please provide your answer strictly as either 'present' or 'absent'."
https://seshat-db.com/api/wf/daggers/,167,"During the period from <time-start> to <time-end>, was the dagger as a military technology present or absent in the warfare practices of '<polity>'? Please provide your answer strictly as either 'present' or 'absent'."
https://seshat-db.com/api/wf/daggers/,168,"During the period from <time-start> to <time-end>, was the dagger as a military technology present or absent in the warfare practices of '<polity>'? Please provide your answer strictly as either 'present' or 'absent'."
https://seshat-db.com/api/wf/daggers/,169,"During the period from <time-start> to <time-end>, was the dagger, defined as a hand-held sword with a long blade and usually a hilt, present or absent as a military technology in the warfare practices of '<polity>'? Please provide your answer strictly as either 'present' or 'absent'."
https://seshat-db.com/api/wf/daggers/,170,"During the period from <time-start> to <time-end>, were daggers, including but not limited to pear-shaped stone maceheads, copper/bronze spiked and star maces, shortswords, knives/daggers with upturned ends, iron socketed spears, and arrowheads, present or absent as a military technology in the warfare practices of '<polity>'? Please provide your answer as either 'present' or 'absent'."
https://seshat-db.com/api/wf/daggers/,171,"During the period from <time-start> to <time-end>, were daggers depicted on the Apotropaic Plaque, a Neo-Elamite artifact found in Susa, present or absent as a weapon in the military practices of '<polity>'? Please provide your answer strictly as either 'present' or 'absent'."
https://seshat-db.com/api/wf/daggers/,172,"During the period from <time-start> to <time-end>, was the dagger, defined as a secondary weapon for both heavy cavalrymen and horse archers, present or absent in the warfare practices of '<polity>'? Provide your answer strictly as either 'present' or 'absent'."
https://seshat-db.com/api/wf/daggers/,173,"During the period from <time-start> to <time-end>, was the dagger, defined as a secondary weapon for both heavy cavalrymen and horse-archers, present or absent as a military technology in the warfare practices of '<polity>'? Please provide your answer as either 'present' or 'absent'."
https://seshat-db.com/api/wf/daggers/,174,"Was bone needles/knives, or obsidian blades, present as a military technology during the period from <time-start> to <time-end> in the warfare practices of '<polity>? Please provide your answer as either 'present' or 'absent'."
https://seshat-db.com/api/wf/daggers/,175,"During the period from <time-start> to <time-end>, were Damascus steel daggers present or absent as a military technology in the warfare practices of '<polity>'? Please provide your answer strictly as either 'present' or 'absent'."
https://seshat-db.com/api/wf/daggers/,176,"During the period from <time-start> to <time-end>, were daggers present or absent as a military technology in the warfare practices of '<polity>'? Please provide your answer as either 'present' or 'absent', noting that this definition includes any type of dagger mentioned in poetry by Colin P. Mitchell (2009)."
https://seshat-db.com/api/wf/daggers/,177,"Was the dagger, defined as a short stabbing weapon with a single-edged blade, present or absent as a military technology in the warfare practices of '<polity>' during the period from <time-start> to <time-end>? Please provide your answer strictly as either 'present' or 'absent'."
https://seshat-db.com/api/wf/daggers/,178,"During the period from <time-start> to <time-end>, was the use of daggers as a military technology present or absent in the warfare practices of '<polity>'? Please respond with either 'present' or 'absent'."
https://seshat-db.com/api/wf/daggers/,179,"During the period from <time-start> to <time-end>, was the use of daggers as a military technology present or absent in the warfare practices of '<polity>'? Please respond with either 'present' or 'absent'."
https://seshat-db.com/api/wf/daggers/,180,"During the period from <time-start> to <time-end>, were daggers present or absent as a military technology in the warfare practices of '<polity>'? Please provide your answer as either 'present' or 'absent'."
https://seshat-db.com/api/wf/daggers/,181,"The absence or presence of daggers as a military technology used in warfare.
Was the use of daggers as a military technology present or absent in the warfare practices of '<polity>' during the period from <time-start> to <time-end>? Please provide your answer strictly as either 'present' or 'absent'."
https://seshat-db.com/api/wf/daggers/,182,"Was the dagger, defined as a short sword-like weapon with a single edge and a sharpened point, present or absent as a military technology in the warfare practices of '<polity>' between <time-start> and <time-end>? Please provide your answer as either 'present' or 'absent'."
https://seshat-db.com/api/wf/daggers/,183,"During the Sukkalmah period, was dagger, a type of weapon characterized by a socketed blade and usually paired with a handle, present or absent in the weaponry of '<polity>'? Please respond with either 'present' or 'absent'."
https://seshat-db.com/api/wf/daggers/,184,"During the period from <time-start> to <time-end>, were bone daggers and stone blades, including slender points, backed blades, bladelets, twisted bladelets with various kinds of light retouch, end scrapers, discoidal scrapers, side scrapers, and burins, considered as military technology in the warfare practices of '<polity>'? Please provide your answer strictly as either 'present' or 'absent'."
https://seshat-db.com/api/wf/daggers/,185,"During the period from <time-start> to <time-end>, were bone needles or knives with blades present in the warfare practices of '<polity>' as a military technology? Please respond with either 'present' or 'absent'."
https://seshat-db.com/api/wf/daggers/,186,"During the period from <time-start> to <time-end>, was bone needle/knife use, as defined as the presence of sharp objects made of bone, present or absent in the warfare practices of '<polity>'? Please provide your answer strictly as either 'present' or 'absent'."
https://seshat-db.com/api/wf/daggers/,187,"During the period from <time-start> to <time-end>, was the use of daggers as a military technology present or absent in the warfare practices of '<polity>'? Please provide your answer as either 'present' or 'absent'."
https://seshat-db.com/api/wf/daggers/,188,"During the period from <time-start> to <time-end>, were daggers present or absent as a military technology in the warfare practices of '<polity>' among the Apennine culture? Please provide your answer strictly as either 'present' or 'absent'."
https://seshat-db.com/api/wf/daggers/,189,"During the period from <time-start> to <time-end>, was the dagger, a type of blade designed primarily for stabbing, present or absent in the weaponry of '<polity>'? Please respond with either 'present' or 'absent'."
https://seshat-db.com/api/wf/daggers/,190,"During the period from <time-start> to <time-end>, was the dagger present or absent as a military technology in the warfare practices of '<polity>'? Please provide your answer strictly as either 'present' or 'absent'."
https://seshat-db.com/api/wf/daggers/,191,"In the period from <time-start> to <time-end>, was the use of daggers present or absent as a military technology in the warfare practices of the Roman Empire? Please provide your answer strictly as either 'present' or 'absent'."
https://seshat-db.com/api/wf/daggers/,192,"During the period from <time-start> to <time-end>, were daggers, defined as short stabbing weapons, present or absent as a military technology in the warfare practices of '<polity>' among the French mercenaries? Please provide your answer strictly as either 'present' or 'absent'."
https://seshat-db.com/api/wf/daggers/,193,"During the period from <time-start> to <time-end>, was the dagger, a type of sword typically smaller and lighter than a greatsword, present or absent as a military technology in the warfare practices of '<polity>'? Provide your answer strictly as either 'present' or 'absent'."
https://seshat-db.com/api/wf/daggers/,194,"During the period from <time-start> to <time-end>, was the use of daggers as a military technology present or absent in the warfare strategies of '<polity>'? Please respond with either 'present' or 'absent'."
https://seshat-db.com/api/wf/daggers/,195,"During the period from <time-start> to <time-end>, was the use of daggers as a military technology present or absent in the warfare strategies of '<polity>'? Respond with either 'present' or 'absent'."
https://seshat-db.com/api/wf/daggers/,196,"Was the dagger, defined as a short, single-edged sword typically worn on a belt, present or absent as a military technology in the warfare practices of '<polity>' between <time-start> and <time-end>? Please provide your answer as either 'present' or 'absent'."
https://seshat-db.com/api/wf/daggers/,197,"During the period from <time-start> to <time-end>, was the use of daggers as a military technology present or absent in the warfare practices of '<polity>'? Please respond with either 'present' or 'absent'."
https://seshat-db.com/api/wf/daggers/,198,"During the period from <time-start> to <time-end>, was the use of daggers as a military technology present or absent in the warfare strategies of '<polity>'? Respond with either 'present' or 'absent'."
https://seshat-db.com/api/wf/daggers/,199,"During the period from <time-start> to <time-end>, were daggers carried by legionaries in the warfare practices of '<polity>'? Provide your answer strictly as either 'present' or 'absent'."
https://seshat-db.com/api/wf/daggers/,200,Was the use of daggers as a military technology present or absent among Roman Legionaries during the period from <time-start> to <time-end> in '<polity>'? Answer with either 'present' or 'absent'.
https://seshat-db.com/api/wf/daggers/,201,"During the period from <time-start> to <time-end>, was the dagger, defined as a short sword with a single-edged blade and a hilt with a guard, present or absent as a military technology among the legions of '<polity>'? Please respond with either 'present' or 'absent'."
https://seshat-db.com/api/wf/daggers/,202,"During the period from <time-start> to <time-end>, was the use of daggers present as a military technology in the warfare practices of '<polity>'? Please provide your answer as either 'present' or 'absent'."
https://seshat-db.com/api/wf/daggers/,203,"The absence or presence of daggers as a military technology used in warfare.
Was the use of daggers as a military technology present or absent in the warfare strategies of '<polity>' during the period from <time-start> to <time-end>? Provide your answer strictly as either 'present' or 'absent'."
https://seshat-db.com/api/wf/daggers/,204,"During the period from <time-start> to <time-end>, was the use of daggers as a military technology present or absent in the warfare practices of the Lombard Kingdom? Please respond with either 'present' or 'absent'."
https://seshat-db.com/api/wf/daggers/,205,"During the period from <time-start> to <time-end>, was the use of daggers as a military technology present or absent in the warfare practices of '<polity>'? Provide your answer strictly as either 'present' or 'absent'."
https://seshat-db.com/api/wf/daggers/,206,"Was chainmail, defined as armor made of small metal rings linked together in a pattern to form a mesh, present or absent as a military technology in the warfare practices of '<polity>' during the period from <time-start> to <time-end>? Provide your answer strictly as either 'present' or 'absent'."
https://seshat-db.com/api/wf/daggers/,207,"During the period from <time-start> to <time-end>, was the dagger as a primary weapon used by warriors in '<polity>'战役中存在或不存在? Please provide your answer as either 'present' or 'absent'."
https://seshat-db.com/api/wf/daggers/,208,"During the period from <time-start> to <time-end>, was the dagger as a military technology present or absent in the warfare practices of '<polity>'? Provide your answer strictly as either 'present' or 'absent'."
https://seshat-db.com/api/wf/daggers/,209,"Was the use of tantō knives, specifically tachi swords, present or absent as a military technology in the warfare practices of '<polity>' during the period from <time-start> to <time-end>? Please respond with either 'present' or 'absent'."
https://seshat-db.com/api/wf/daggers/,210,Was the use of daggers as a military technology present or absent in the warfare practices of '<polity>' during the period from <time-start> to <time-end>? Provide your answer strictly as either 'present' or 'absent'.
https://seshat-db.com/api/wf/daggers/,211,"During the period from <time-start> to <time-end>, was the use of daggers as a military technology present or absent in the warfare strategies of '<polity>'? Respond with either 'present' or 'absent'."
https://seshat-db.com/api/wf/daggers/,212,"Was the dagger, which is a type of weapon characterized by a long, slender blade without edges, present or absent in the military technology of the Jomon culture between <time-start> and <time-end>? Please provide your answer as either 'present' or 'absent'."
https://seshat-db.com/api/wf/daggers/,213,"During the period from <time-start> to <time-end>, was the use of daggers as a military technology present or absent in the warfare strategies of '<polity>'? Provide your answer strictly as either 'present' or 'absent', taking into account the lack of archaeological evidence and scholarly consensus on the peaceful nature of the Jomon people."
https://seshat-db.com/api/wf/daggers/,214,"Was the dagger, a weapon consisting of a long, sharp blade attached to a handle, present or absent as a military technology in the warfare practices of '<polity>' during the period from <time-start> to <time-end>? Please provide your answer strictly as either 'present' or 'absent'."
https://seshat-db.com/api/wf/daggers/,215,"During the period from <time-start> to <time-end>, was the use of daggers as a military technology present or absent in the warfare practices of '<polity>'? Please provide your answer strictly as either 'present' or 'absent'."
https://seshat-db.com/api/wf/daggers/,216,"During the period from <time-start> to <time-end>, was the use of daggers as a military technology present or absent in the warfare practices of '<polity>'? Provide your answer strictly as either 'present' or 'absent'. Please note that there is no archaeological evidence for daggers and the scholarly consensus suggests that the Jomon society was relatively peaceful. Refs: Mizoguchi 2013, Pearson 2007."
https://seshat-db.com/api/wf/daggers/,217,"During the period from <time-start> to <time-end>, were ken tanto knives, a type of knife characterized by a single-edged blade, present or absent as a military technology in the warfare practices of '<polity>'? Please provide your answer strictly as either 'present' or 'absent'."
https://seshat-db.com/api/wf/daggers/,218,"During the period from <time-start> to <time-end>, was the use of daggers present or absent in the warfare practices of '<polity>'? Please provide your answer as either 'present' or 'absent'."
https://seshat-db.com/api/wf/daggers/,219,"During the period from <time-start> to <time-end>, were daggers, defined as a short stabbing weapon typically made of steel or other hard material, used as a military technology in the warfare practices of '<polity>'? Please provide your answer strictly as either 'present' or 'absent'."
https://seshat-db.com/api/wf/daggers/,220,"During the period from <time-start> to <time-end>, were samurai wearing daggers as a military technology present or absent in their warfare practices in '<polity>'? Please provide your answer as either 'present' or 'absent'."
https://seshat-db.com/api/wf/daggers/,221,"During the period from <time-start> to <time-end>, was the use of daggers as a military technology present or absent in the warfare practices of '<polity>'? Please provide your answer strictly as either 'present' or 'absent'."
https://seshat-db.com/api/wf/daggers/,222,"During the Yayoi period in the context of '<polity>', was the use of daggers as a military technology present or absent in the battlefield practices of the ancient Japanese warriors? Provide your answer strictly as either 'present' or 'absent'."
https://seshat-db.com/api/wf/daggers/,223,"During the period from <time-start> to <time-end>, was the usage of Turkish daggers present or absent in the warfare practices of '<polity>'? Please provide your answer strictly as either 'present' or 'absent'."
https://seshat-db.com/api/wf/daggers/,224,"During the period from <time-start> to <time-end>, was the dagger, a type of knife commonly carried by steppe riders, present or absent as a military technology in the warfare practices of '<polity>'? Provide your answer strictly as either 'present' or 'absent'."
https://seshat-db.com/api/wf/daggers/,225,"Question template: During the period from <time-start> to <time-end>, were daggers present or absent as a weapon used by the military forces of '<polity>'? Provide your answer strictly as either 'present' or 'absent'."
https://seshat-db.com/api/wf/daggers/,226,"During the period from <time-start> to <time-end>, were daggers, including those depicted in relief sculptures with elaborately decorated hilts, present or absent as a military technology in the capital of '<polity>'? Provide your answer strictly as either 'present' or 'absent'."
https://seshat-db.com/api/wf/daggers/,227,"During the period from <time-start> to <time-end>, were daggers present as a weapon in the armament of the permanent guard maintained at the capital of '<polity>'? Answer with either 'present' or 'absent'."
https://seshat-db.com/api/wf/daggers/,228,"During the period from <time-start> to <time-end>, were daggers as weapons part of the permanent guard maintained at the capital of '<polity>'? Please respond with either 'present' or 'absent'."
https://seshat-db.com/api/wf/daggers/,229,"During the period from <time-start> to <time-end>, was iron dagger, defined as a weapon made of iron, present or absent as a military technology in the warfare practices of '<polity>'? Provide your answer strictly as either 'present' or 'absent'."
https://seshat-db.com/api/wf/daggers/,230,"During the period from <time-start> to <time-end>, were daggers, which according to Coe (2003) were primarily used for knives, spears, and arrowheads during Iron Age chiefdoms, present or absent as a military technology in the warfare practices of '<polity>? Please provide your answer as either 'present' or 'absent'."
https://seshat-db.com/api/wf/daggers/,231,"During the period from <time-start> to <time-end>, were daggers made of iron present or absent in the military technology of '<polity>'? Provide your answer strictly as either 'present' or 'absent'."
https://seshat-db.com/api/wf/daggers/,232,"During the period from <time-start> to <time-end>, was dagger, defined as a short sword or knife, present or absent as a military technology in the warfare practices of '<polity>'? Please note that there is no evidence for the existence of daggers in Southeast Asia in the available sources. Provide your answer strictly as either 'present' or 'absent'."
https://seshat-db.com/api/wf/daggers/,233,"During the period from <time-start> to <time-end>, was evidence of daggers present or absent in the prehistoric graves excavated at Phum Snay, which date between c. 500 BC - 200 AD? Please provide your answer as either 'present' or 'absent'."
https://seshat-db.com/api/wf/daggers/,234,"During the period from <time-start> to <time-end>, was the bronze knife mentioned in the texts and associated with chariot driving used as a military technology in the warfare practices of '<polity>? Respond with either 'present' or 'absent'."
https://seshat-db.com/api/wf/daggers/,235,"During the period from <time-start> to <time-end>, was the use of daggers as a military technology present or absent in the warfare practices of '<polity>'? Provide your answer strictly as either 'present' or 'absent'."
https://seshat-db.com/api/wf/daggers/,236,"During the period from <time-start> to <time-end>, were daggers, defined as short stabbing swords, present or absent in the weaponry of ""<polity>""? Please provide your answer as either 'present' or 'absent'."
https://seshat-db.com/api/wf/daggers/,237,"During the period from <time-start> to <time-end>, was dagger as a conventional weapon played an effective role in West African warfare until as late as the middle of the last century? Respond with either 'present' or 'absent'."
https://seshat-db.com/api/wf/daggers/,238,"During the period from <time-start> to <time-end>, was the use of daggers as a military technology present or absent in the warfare strategies of '<polity>'? Respond with either 'present' or 'absent'."
https://seshat-db.com/api/wf/daggers/,239,"During the period from <time-start> to <time-end>, was the use of daggers as a military technology present or absent in the warfare strategies of '<polity>'? Please respond with either 'present' or 'absent'."
https://seshat-db.com/api/wf/daggers/,240,Was the use of daggers as a military technology present or absent in the warfare practices of the Niger Inland Delta during the period from <time-start> to <time-end>? Please provide your answer strictly as either 'present' or 'absent'.
https://seshat-db.com/api/wf/daggers/,241,"During the period from <time-start> to <time-end>, was the dagger, a short, double-edged knife used as a close combat weapon, present or absent as a military technology in the warfare practices of '<polity>'? Please provide your answer strictly as either 'present' or 'absent'."
https://seshat-db.com/api/wf/daggers/,242,"Was the dagger, defined as a long blade with a sharp point and often attached to a handle, present in the army's weaponry of the empire during the period from <time-start> to <time-end> in '<polity>'? Please provide your answer as either 'present' or 'absent'."
https://seshat-db.com/api/wf/daggers/,243,"During the period from <time-start> to <time-end>, were European-style daggers present or absent as a conventional weapon for stabbing in the warfare practices of '<polity>' in West Africa before the introduction of firearms? Please provide your answer strictly as either 'present' or 'absent'."
https://seshat-db.com/api/wf/daggers/,244,"Was the dagger, defined as a long bladed weapon primarily used for close combat, present or absent as a military technology in the warfare practices of '<polity>' during the period from <time-start> to <time-end>? Please provide your answer strictly as either 'present' or 'absent'."
https://seshat-db.com/api/wf/daggers/,245,"During the period from <time-start> to <time-end>, was the use of daggers as a military technology present or absent among steppe riders in '<polity>'? Please provide your answer as either 'present' or 'absent'."
https://seshat-db.com/api/wf/daggers/,246,Was the use of daggers as a military technology present or absent among steppe riders in the timeframe from <time-start> to <time-end> in the context of '<polity>'? Please provide your answer strictly as either 'present' or 'absent'.
https://seshat-db.com/api/wf/daggers/,247,"During the period from <time-start> to <time-end>, were depictions of Mongol soldiers with daggers, such as those shown in David Nicolle's book ""Arms and Armour of the Crusading Era, 1050-1350"", present or absent in the military technology of '<polity>'? Please provide your answer as either 'present' or 'absent'."
https://seshat-db.com/api/wf/daggers/,248,Was the use of daggers as a military technology present or absent in the warfare practices of '<polity>' during the period from <time-start> to <time-end>? Please provide your answer as either 'present' or 'absent'.
https://seshat-db.com/api/wf/daggers/,249,"During the period from <time-start> to <time-end>, was the use of daggers as a military technology present or absent among the steppe riders of '<polity>'? Please provide your answer strictly as either 'present' or 'absent'."
https://seshat-db.com/api/wf/daggers/,250,Was the use of daggers as a military technology present or absent among steppe riders during the period from <time-start> to <time-end> in the region of '<polity>'? Answer with either 'present' or 'absent'.
https://seshat-db.com/api/wf/daggers/,251,"Was the dagger, defined as a short, double-edged weapon carried by steppe riders throughout various periods and depicted in both archaeological and artistic records, present or absent as a military technology in the warfare practices of '<polity>' between <time-start> and <time-end>? Please provide your answer strictly as either 'present' or 'absent'."
https://seshat-db.com/api/wf/daggers/,252,"During the period from <time-start> to <time-end>, was the use of daggers as a military technology present or absent in the warfare practices of '<polity>' among the steppe riders? Please provide your answer as either 'present' or 'absent'."
https://seshat-db.com/api/wf/daggers/,253,"During the period from <time-start> to <time-end>, were daggers, typically carried by steppe riders, present or absent as a military technology in the warfare practices of '<polity>'? Please respond with either 'present' or 'absent'."
https://seshat-db.com/api/wf/daggers/,254,"During the period from <time-start> to <time-end>, was the dagger, defined as a short sword typically carried by steppe riders, present or absent as a military technology in the warfare practices of '<polity>'? Please provide your answer as either 'present' or 'absent'."
https://seshat-db.com/api/wf/daggers/,255,"During the period from <time-start> to <time-end>, were daggers present as a military technology among steppe riders in '<polity>'? Please provide your answer strictly as either 'present' or 'absent'."
https://seshat-db.com/api/wf/daggers/,256,"During the period from <time-start> to <time-end>, was the dagger, typically carried by steppe riders and featured in archaeological and artistic records, present or absent as a military technology in the warfare practices of '<polity>'? Please respond with either 'present' or 'absent'."
https://seshat-db.com/api/wf/daggers/,257,"During the period from <time-start> to <time-end>, was the dagger, a short knife or sword designed for close combat, present or absent in the weaponry of the steppe riders? Please provide your answer strictly as either 'present' or 'absent'."
https://seshat-db.com/api/wf/daggers/,258,"During the period from <time-start> to <time-end>, was the use of daggers as a military technology present or absent in the warfare practices of '<polity>'? Please provide your answer strictly as either 'present' or 'absent'."
https://seshat-db.com/api/wf/daggers/,259,"During the period from <time-start> to <time-end>, was the dagger, defined as a short bladed weapon, present or absent as a military technology in the warfare practices of '<polity>'? Provide your answer strictly as either 'present' or 'absent'."
https://seshat-db.com/api/wf/daggers/,260,"During the period from <time-start> to <time-end>, was the dagger, a sharp-edged weapon designed for close combat, present or absent as a military technology in the warfare practices of '<polity>'? Please provide your answer strictly as either 'present' or 'absent'."
https://seshat-db.com/api/wf/daggers/,261,"During the period from <time-start> to <time-end>, were obsidian-edged wooden swords and daggers inferred to be present based on the presence of obsidian blades in the valley of '<polity>'? Provide your answer strictly as either 'present' or 'absent'."
https://seshat-db.com/api/wf/daggers/,262,Was obsidian-edged wooden swords and daggers present as a military technology during the period from <time-start> to <time-end> in the warfare practices of '<polity>'? Provide your answer strictly as either 'present' or 'absent'.
https://seshat-db.com/api/wf/daggers/,263,"Was obsidian-edged wooden swords and daggers, an inference of present based on the presence of obsidian blades in the valley, present or absent as a military technology in the warfare practices of '<polity>' during the period from <time-start> to <time-end>? Please provide your answer strictly as either 'present' or 'absent'."
https://seshat-db.com/api/wf/daggers/,264,"During the period from <time-start> to <time-end>, were obsidian-edged wooden swords and daggers, referred to as ""dagger,"" inferred present based on the presence of obsidian blades in the valley? Please provide your answer strictly as either 'present' or 'absent'."
https://seshat-db.com/api/wf/daggers/,265,"During the period from <time-start> to <time-end>, were obsidian-edged wooden swords and daggers, inferred to be present based on the presence of obsidian blades in the valley, present or absent as a military technology in the warfare practices of '<polity>'? Please provide your answer strictly as either 'present' or 'absent'."
https://seshat-db.com/api/wf/daggers/,266,"During the period from <time-start> to <time-end>, were obsidian-edged wooden swords and daggers present or absent as a military technology in the warfare practices of '<polity>'? Please note that these blades were knives rather than swords or daggers according to David Carballo (pers. comm.). Answer with either 'present' or 'absent'."
https://seshat-db.com/api/wf/daggers/,267,"During the period from <time-start> to <time-end>, were obsidian-edged wooden swords and daggers, defined as knives rather than swords or daggers, present or absent in the warfare practices of '<polity>'? Provide your answer strictly as either 'present' or 'absent'."
https://seshat-db.com/api/wf/daggers/,268,"During the period from <time-start> to <time-end>, were daggers, defined as weapons other than obsidian swords, bows and arrows, slings, spears and atlatls, present or absent as a military technology in the warfare practices of '<polity>'? Please provide your answer as either 'present' or 'absent'."
https://seshat-db.com/api/wf/daggers/,269,"During the period from <time-start> to <time-end>, was the use of daggers as a military technology present or absent in the warfare practices of '<polity>'? Please provide your answer as either 'present' or 'absent', considering the possibility that they may have been used primarily for hunting rather than warfare."
https://seshat-db.com/api/wf/daggers/,270,"During the period from <time-start> to <time-end>, was the dagger, defined as a hand-held weapon consisting of a blade attached to a hilt, present or absent in the weaponry of '<polity>'? Provide your answer strictly as either 'present' or 'absent'."
https://seshat-db.com/api/wf/daggers/,271,"During the period from <time-start> to <time-end>, was dagger, defined as a knife primarily used in ritual contexts but also as an auxiliary weapon in combat, present or absent as a military technology in the warfare practices of '<polity>'? Please provide your answer strictly as either 'present' or 'absent'."
https://seshat-db.com/api/wf/daggers/,272,"During the period from <time-start> to <time-end>, was the use of daggers, defined as knives that served both as ritual tools and auxiliary weapons in combat, present or absent in the warfare practices of '<polity>'? Please provide your answer strictly as either 'present' or 'absent'."
https://seshat-db.com/api/wf/daggers/,273,"During the period from <time-start> to <time-end>, was obsidian knives, defined as simple stone tools consisting of stone axes, obsidian knives, and bone and antler instruments, present or absent as a military technology in the warfare practices of '<polity>'? Provide your answer strictly as either 'present' or 'absent'."
https://seshat-db.com/api/wf/daggers/,274,"During the period from <time-start> to <time-end>, were obsidian knives (defined as daggers made of obsidian), present or absent as a military technology in the warfare practices of '<polity>'? Provide your answer strictly as either 'present' or 'absent'."
https://seshat-db.com/api/wf/daggers/,275,"During the period from <time-start> to <time-end>, was obsidian knives, defined as simple stone axes, obsidian knives and bone and antler instruments, present or absent as a military technology in the warfare practices of '<polity>'? Please provide your answer strictly as either 'present' or 'absent'."
https://seshat-db.com/api/wf/daggers/,276,"During the period from <time-start> to <time-end>, were obsidian knives, also known as daggers, present or absent as a military technology in the warfare practices of '<polity>'? Please provide your answer strictly as either 'present' or 'absent'."
https://seshat-db.com/api/wf/daggers/,277,"During the period from <time-start> to <time-end>, was dagger, defined as a handheld weapon with a long, pointed blade, present or absent in the warfare practices of '<polity>' in Mesoamerica before the Middle Formative? Provide your answer strictly as either 'present' or 'absent'."
https://seshat-db.com/api/wf/daggers/,278,"During the Classic period of <polity>, was the dagger, defined as a long, narrow blade with a sharp point and often attached to a handle, present or absent as a military technology in the warfare practices of '<polity>'? Provide your answer strictly as either 'present' or 'absent'."
https://seshat-db.com/api/wf/daggers/,279,"During the period from <time-start> to <time-end>, were obsidian-edged wooden swords and daggers, inferred to be present based on the presence of obsidian blades in the valley, considered as a military technology in the warfare practices of '<polity>'? Please provide your answer as either 'present' or 'absent'."
https://seshat-db.com/api/wf/daggers/,280,"During the period from <time-start> to <time-end>, were daggers as a military technology present or absent in the warfare practices of '<polity>'? Please note that this question assumes that daggers were not mentioned in sources available to the author, but other weapons such as wooden and cloth-made weapons were recorded in later periods. Provide your answer strictly as either 'present' or 'absent'."
https://seshat-db.com/api/wf/daggers/,281,"During the period from <time-start> to <time-end>, were daggers, as relative to this period, sources only mention the atlatl and spears, present or absent as a military technology in the warfare practices of '<polity>'? Provide your answer strictly as either 'present' or 'absent'."
https://seshat-db.com/api/wf/daggers/,282,"During the period from <time-start> to <time-end>, were darts, knives, and a curved club, which have been identified as Toltec arms, present or absent in the armament of '<polity>'? Please provide your response strictly as either 'present' or 'absent'."
https://seshat-db.com/api/wf/daggers/,283,"During the period from <time-start> to <time-end>, was the use of daggers as a military technology present or absent in the warfare practices of '<polity>'? Please provide your answer strictly as either 'present' or 'absent'."
https://seshat-db.com/api/wf/daggers/,284,Was the use of daggers as a military technology present or absent in the warfare practices of '<polity>' during the period from <time-start> to <time-end>? Provide your answer strictly as either 'present' or 'absent'.
https://seshat-db.com/api/wf/daggers/,285,"During the period from <time-start> to <time-end>, was the dagger, as described by Brian Bauer in his personal communication (2015), present or absent as a military technology in the warfare practices of '<polity>'? Please provide your answer as either 'present' or 'absent'."
https://seshat-db.com/api/wf/daggers/,286,"During the period from <time-start> to <time-end>, were daggers, defined as knives with a sharp point and a single blade, present or absent as a military technology in the warfare practices of '<polity>'? Provide your answer strictly as either 'present' or 'absent'."
https://seshat-db.com/api/wf/daggers/,287,"During the period from <time-start> to <time-end>, was the use of daggers as a military technology present or absent in the warfare practices of '<polity>'? Provide your answer strictly as either 'present' or 'absent'."
https://seshat-db.com/api/wf/daggers/,288,"During the period from <time-start> to <time-end>, was the use of daggers as a military technology present or absent in the warfare strategies of '<polity>'? Respond with either 'present' or 'absent'."
https://seshat-db.com/api/wf/daggers/,289,"Was daggers, defined as knives, present or absent as a military technology in the warfare practices of '<polity>' during the period from <time-start> to <time-end>? Please provide your answer strictly as either 'present' or 'absent'."
https://seshat-db.com/api/wf/daggers/,290,"Was obsidian knives, defined as knives made of obsidian rock, present or absent as a military technology in the warfare practices of '<polity>' during the period from <time-start> to <time-end>? Please provide your answer strictly as either 'present' or 'absent'."
https://seshat-db.com/api/wf/daggers/,291,"During the period from <time-start> to <time-end>, was the use of daggers as a military technology present or absent in the warfare practices of '<polity>'? Provide your answer strictly as either 'present' or 'absent'."
https://seshat-db.com/api/wf/daggers/,292,"During the period from <time-start> to <time-end>, was the dagger, a short sword or knife with a single cutting edge, present or absent as a military technology in the warfare practices of '<polity>'? Please provide your answer as either 'present' or 'absent'."
https://seshat-db.com/api/wf/daggers/,293,"During the period from <time-start> to <time-end> in the context of '<polity>', were flint, bone, and copper daggers considered as a military technology for warfare? Please provide your answer strictly as either 'present' or 'absent'."
https://seshat-db.com/api/wf/daggers/,294,"Was the dagger, defined as a sharp-edged tool typically made from flint, bone, or copper, available as a weapon during the period from <time-start> to <time-end> in the warfare practices of '<polity>'? Answer with either 'present' or 'absent'."
https://seshat-db.com/api/wf/daggers/,295,"During the period from <time-start> to <time-end>, were flint, bone, and copper daggers considered as a military technology in the warfare practices of '<polity>'? Provide your answer strictly as either 'present' or 'absent'."
https://seshat-db.com/api/wf/daggers/,296,"Was Greek military technology present or absent in the warfare practices of the Indo-Greeks between <time-start> and <time-end>? Provide your answer strictly as either 'present' or 'absent'. This question considers the influence of Macedonian-style armor and military adventurers/mercenaries in India, as well as depictions on coins. It also notes that the coding reflects Greek military technology from an earlier period, leaving open the possibility that the reforms taking place were in reaction to Roman military innovations."
https://seshat-db.com/api/wf/daggers/,297,"During the period from <time-start> to <time-end>, were shaped metal daggers, including moulded daggers and arrowheads, known from Harappan sites present or absent in the technological innovations of warfare in '<polity>'? Provide your answer strictly as either 'present' or 'absent'."
https://seshat-db.com/api/wf/daggers/,298,"During the period from <time-start> to <time-end>, was the use of daggers as a military technology present or absent in the warfare practices of '<polity>'? Provide your answer strictly as either 'present' or 'absent'."
https://seshat-db.com/api/wf/daggers/,299,"During the period from <time-start> to <time-end>, did the use of daggers as a military technology by King Stabrobates of India, who used war elephants against Queen Shammuramat of Assyria in the 9th century BCE, become prevalent in the warfare practices of his polity? Please provide your answer as either 'present' or 'absent'."
https://seshat-db.com/api/wf/daggers/,300,"During the period from <time-start> to <time-end>, was the dagger, defined as a short stabbing weapon, present or absent in the armament of the Indian soldiers in early medieval India? Please provide your answer strictly as either 'present' or 'absent'."
https://seshat-db.com/api/wf/daggers/,301,"During the period from <time-start> to <time-end>, was dagger, defined as a type of short sword or knife, present or absent as a military technology in the warfare practices of '<polity>'? Please provide your answer strictly as either 'present' or 'absent'."
https://seshat-db.com/api/wf/daggers/,302,"During the period from <time-start> to <time-end>, were Harappan blades, defined as knives with characteristics similar to those found in the Levant and the Near East, present or absent as a military technology in the warfare practices of '<polity>'? Please provide your answer as either 'present' or 'absent'."
https://seshat-db.com/api/wf/daggers/,303,"During the period from <time-start> to <time-end>, were Harappan daggers, defined as knives with an unknown function but similar to those found in the Levant and Near East, present or absent in the warfare practices of '<polity>'? Please provide your answer strictly as either 'present' or 'absent'."
https://seshat-db.com/api/wf/daggers/,304,"During the period from <time-start> to <time-end>, were Harappan blades, defined as ancient Near Eastern blades that closely match types of daggers from the Levant and the Near East and have a thickness consistent with the Indus examples, present or absent as a military technology in the warfare practices of '<polity>'? Please provide your answer strictly as either 'present' or 'absent'."
https://seshat-db.com/api/wf/daggers/,305,"During the period from <time-start> to <time-end>, were Harappan blades, defined as thin-bladed weapons similar to those found in the Levant and the Near East, present or absent in the warfare practices of '<polity>'? Please provide your answer as either 'present' or 'absent'."
https://seshat-db.com/api/wf/daggers/,306,"During the period from <time-start> to <time-end>, was the usage of thebolat, defined as an ancient iron sword with a blade 14 cm long, sharpened on one side and curved towards the point, back straight and thick, but slightly thinner near the point, and sides adorned with engravings inlaid with copper and brass, present or absent in the warfare strategies of '<polity>'? Provide your answer strictly as either 'present' or 'absent'."
https://seshat-db.com/api/wf/daggers/,307,"During the period from <time-start> to <time-end>, was the use of bolat, an ancient iron sword with a blade 14 cm long, a sharpened edge and curve towards the point, a straight back and thick sides adorned with engravings and inlaid with copper and brass, present or absent in the warfare practices of '<polity>'? Provide your answer strictly as either 'present' or 'absent'."
https://seshat-db.com/api/wf/daggers/,308,"During the period from <time-start> to <time-end>, were daggers as a primary military weapon present or absent in the warfare practices of '<polity>'? Please provide your answer strictly as either 'present' or 'absent'."
https://seshat-db.com/api/wf/daggers/,309,"Was dagger, defined as a short sword, present or absent as a military technology during the period from <time-start> to <time-end> in the warfare practices of '<polity>' as observed by a European source around 1630? Provide your answer strictly as either 'present' or 'absent'."
https://seshat-db.com/api/wf/daggers/,310,"During the period from <time-start> to <time-end>, was the use of daggers as a military technology present or absent in the warfare practices of '<polity>'? Please respond with either 'present' or 'absent'."
https://seshat-db.com/api/wf/daggers/,311,"During the period from <time-start> to <time-end>, were daggers, defined as knives or short swords with a sharp point, present or absent in the daily life and material culture of Sarazm? Please provide your answer strictly as either 'present' or 'absent'."
https://seshat-db.com/api/wf/daggers/,312,"During the period from <time-start> to <time-end>, was dagger as a type of weapon present or absent in the warfare practices of '<polity>'? Please provide your answer strictly as either 'present' or 'absent'."
https://seshat-db.com/api/wf/daggers/,313,"During the period from <time-start> to <time-end>, were broken daggers commonly used as a military technology in warfare by individuals in the region covered by <polity>? Please provide your answer strictly as either 'present' or 'absent'."
https://seshat-db.com/api/wf/daggers/,314,"During the period from <time-start> to <time-end>, was the dagger, defined as a short sword typically made of iron or bronze with a sharpened blade, present or absent in the armament of the armies of '<polity>'? Please provide your answer strictly as either 'present' or 'absent'."
https://seshat-db.com/api/wf/daggers/,315,"Was the production of daggers for battle purposes, made locally from Anatolian metalworkers, present or absent in the households and graves of the Karum during the Assyrian Colony Period (<time-start> to <time-end>) in '<polity>'? Please respond with 'present' or 'absent'."
https://seshat-db.com/api/wf/daggers/,316,"During the period from <time-start> to <time-end>, was the use of daggers as a military technology present or absent in the warfare strategies of '<polity>'? Respond with either 'present' or 'absent'."
https://seshat-db.com/api/wf/daggers/,317,"During the period from <time-start> to <time-end>, was the dagger as a military technology present or absent in the warfare practices of '<polity>'? Please provide your answer as either 'present' or 'absent'."
https://seshat-db.com/api/wf/daggers/,318,"During the period from <time-start> to <time-end>, was the use of daggers as a military technology present or absent in the warfare practices of '<polity>'? Please respond with either 'present' or 'absent'."
https://seshat-db.com/api/wf/daggers/,319,"Was dagger, defined as a short stabbing weapon with a single-edged blade, present or absent in the warfare practices of '<polity>' between <time-start> and <time-end>? Please provide your answer strictly as either 'present' or 'absent'."
https://seshat-db.com/api/wf/daggers/,320,"During the period from <time-start> to <time-end>, were daggers commonly used as a military technology in the warfare practices of '<polity>'? Provide your answer strictly as either 'present' or 'absent'."
https://seshat-db.com/api/wf/daggers/,321,"During the period from <time-start> to <time-end>, were daggers, defined as a short blade typically carried by individuals and used primarily for close combat, present or absent as a military technology in the warfare practices of '<polity>'? Provide your answer strictly as either 'present' or 'absent'."
https://seshat-db.com/api/wf/daggers/,322,"During the period from <time-start> to <time-end>, was the dagger, defined as a blade typically shorter than a sword but longer than a knife and often featuring a sharpened point, present or absent as a military technology in the warfare practices of '<polity>'? Please provide your answer strictly as either 'present' or 'absent'."
https://seshat-db.com/api/wf/daggers/,323,"Was dagger, a type of knife with a sharp blade typically designed for stabbing, present or absent in the warfare practices of '<polity>' during the period from <time-start> to <time-end>? Provide your answer strictly as either 'present' or 'absent'."
https://seshat-db.com/api/wf/daggers/,324,"During the period from <time-start> to <time-end>, were daggers made of iron, specifically the type found at Sardis in western Anatolia, present or absent as a military technology in the warfare practices of '<polity>'? Provide your answer strictly as either 'present' or 'absent'."
https://seshat-db.com/api/wf/daggers/,325,"During the period from <time-start> to <time-end>, were curved daggers present or absent as a primary weapon in the army of '<polity>'? Provide your answer strictly as either 'present' or 'absent'."
https://seshat-db.com/api/wf/daggers/,326,"During the period from <time-start> to <time-end>, was bone dagger, defined as a bone needle or knife, present or absent in the weaponry of '<polity>'? Please provide your answer as either 'present' or 'absent'."
https://seshat-db.com/api/wf/daggers/,327,"During the period from <time-start> to <time-end>, was the use of daggers present or absent in the warfare strategies of '<polity>'? Provide your answer strictly as either 'present' or 'absent'."
https://seshat-db.com/api/wf/daggers/,328,"During the period from <time-start> to <time-end>, were daggers, defined as finely flaked flint daggers and elaborate obsidian bifacially flaked projectile points that could potentially have been used as daggers, found at the sites of Tepecik-Çiftlik and Çatalhöyük in Turkey related to warfare? Provide your answer as either 'present' or 'absent'."
https://seshat-db.com/api/wf/daggers/,329,"During the period from <time-start> to <time-end>, was the production of knives, daggers, swords, arrowheads, spearheads, armor scales, and helmets on a mass scale at fortress sites in '<polity>' present or absent, given the presence of similar items in earlier periods? Provide your answer strictly as either 'present' or 'absent'."
https://seshat-db.com/api/wf/daggers/,330,"During the period from <time-start> to <time-end>, was the use of daggers as a military technology present or absent in the warfare practices of '<polity>'? Please note that this is an illustration of West Anatolian infantryman from the first half of the 14th century and it does not necessarily reflect the usage of daggers as a military technology during this period."
https://seshat-db.com/api/wf/daggers/,331,"During the period from <time-start> to <time-end>, was the use of daggers as a military technology present or absent in the warfare practices of '<polity>'? Please respond with either 'present' or 'absent'."
https://seshat-db.com/api/wf/daggers/,332,"During the period from <time-start> to <time-end>, were curved daggers, as depicted in Nicolle's plates E and G, present or absent in the warfare practices of '<polity>'? Please provide your answer as either 'present' or 'absent'."
https://seshat-db.com/api/wf/daggers/,333,"Was the use of Yatağan daggers, defined as a type of dagger with an intricate hilt and blade serrated along its length, present or absent in the military technology of mid-18th-century '<polity>'? Please provide your answer as either 'present' or 'absent'."
https://seshat-db.com/api/wf/daggers/,334,"During the period from <time-start> to <time-end>, were knives, daggers, swords, arrowheads, spearheads, armor scales, and helmets produced on a mass scale and used in warfare as part of the military apparatus in the fortress of '<polity>'? Answer with either 'present' or 'absent'."
https://seshat-db.com/api/wf/daggers/,335,"During the period from <time-start> to <time-end>, was the use of daggers as a military technology present or absent in the warfare practices of '<polity>'? Provide your answer strictly as either 'present' or 'absent'."
https://seshat-db.com/api/wf/daggers/,336,Was the use of daggers as a military technology present or absent in the warfare practices of '<polity>' during the period from <time-start> to <time-end>? Answer with either 'present' or 'absent'.
https://seshat-db.com/api/wf/daggers/,337,"Was the production of knives, daggers, swords, arrowheads, spearheads, armor scales, and helmets on a mass scale and indicative of an impressive military apparatus present in the warfare practices of '<polity>' during the period from <time-start> to <time-end>? Please provide your answer as either 'present' or 'absent'."
https://seshat-db.com/api/wf/daggers/,338,"During the period from <time-start> to <time-end>, was the use of daggers as a military technology present or absent in the warfare strategies of '<polity>'? Respond with either 'present' or 'absent'."
https://seshat-db.com/api/wf/daggers/,339,"During the period from <time-start> to <time-end>, was the dagger, checked by Peter Peregrine, present or absent as a military technology in the warfare practices of '<polity>'? Provide your answer strictly as either 'present' or 'absent'."
https://seshat-db.com/api/wf/daggers/,340,"During the period from <time-start> to <time-end>, was the use of daggers as a military technology present or absent in the weaponry of '<polity>'? Provide your answer strictly as either 'present' or 'absent'."
https://seshat-db.com/api/wf/daggers/,341,"During the period from <time-start> to <time-end>, was the dagger, which was often worn as personal ornamentation along with other weapons such as the war club, tomahawk, and scalping knife, present or absent as a part of the weaponry and attire of '<polity>' warriors? Please provide your answer as either 'present' or 'absent'."
https://seshat-db.com/api/wf/daggers/,342,"During the period from <time-start> to <time-end>, was the dagger, defined as personal ornaments commonly carried by warriors, present or absent as a military technology in the warfare practices of '<polity>'? Please provide your answer strictly as either 'present' or 'absent'."
https://seshat-db.com/api/wf/daggers/,343,"During the period from <time-start> to <time-end>, was the dagger as a military technology present or absent in the warfare practices of '<polity>'? Provide your answer strictly as either 'present' or 'absent'."
https://seshat-db.com/api/wf/daggers/,344,"During the period from <time-start> to <time-end> in the context of '<polity>', was the dagger, as the primary weapon before the introduction of the bow around c300-400 CE, present or absent in the warfare practices of the region? Provide your answer strictly as either 'present' or 'absent'."
https://seshat-db.com/api/wf/daggers/,345,"During the period from <time-start> to <time-end>, was the dagger, as checked by Peter Peregrine, present or absent as a military technology in the warfare practices of '<polity>'? Please provide your answer as either 'present' or 'absent'."
https://seshat-db.com/api/wf/daggers/,346,"During the period from <time-start> to <time-end>, was the use of daggers as a military technology present or absent in the warfare practices of '<polity>'? Please provide your answer strictly as either 'present' or 'absent'."
https://seshat-db.com/api/wf/daggers/,347,"Was the dagger as a military technology present or absent in the warfare practices of the region around the time of the introduction of the bow (c. 300-400 CE), as per section 89-95 of Blitz and Porth (2013)? Provide your answer strictly as either 'present' or 'absent'."
https://seshat-db.com/api/wf/daggers/,348,"Was the dagger, defined as a short stabbing weapon typically made of iron or steel, present or absent as a military technology in the warfare practices of '<polity>' during the period from <time-start> to <time-end>? Provide your answer strictly as either 'present' or 'absent'."
https://seshat-db.com/api/wf/daggers/,349,"Was the dagger, defined as a weapon characterized by a sharp-edged blade attached to a handle, present or absent as a military technology in the warfare practices of '<polity>' during the period from <time-start> to <time-end>? Provide your answer strictly as either 'present' or 'absent'."
https://seshat-db.com/api/wf/daggers/,350,"During the period from <time-start> to <time-end>, was the use of daggers as a military technology present or absent in the warfare strategies of '<polity>'? Respond with either 'present' or 'absent'."
https://seshat-db.com/api/wf/daggers/,351,"During the period from <time-start> to <time-end>, was the dagger, a type of short bladed weapon typically carried in a sheath or hilt, present or absent in the warfare practices of '<polity>'? Provide your answer strictly as either 'present' or 'absent'."
https://seshat-db.com/api/wf/daggers/,352,"During the period from <time-start> to <time-end>, were daggers present or absent as a military technology in the warfare practices of '<polity>'? Please provide your answer strictly as either 'present' or 'absent'."
https://seshat-db.com/api/wf/daggers/,353,"During the period from <time-start> to <time-end>, was the dagger as a weapon carried by steppe riders present or absent in the warfare practices of '<polity>'? Please provide your answer strictly as either 'present' or 'absent'."
https://seshat-db.com/api/wf/daggers/,354,"During the period from <time-start> to <time-end>, were daggers, specifically the Hazara infantry's weapon of choice, present in the warfare practices of '<polity>'? Please provide your answer as either 'present' or 'absent'."
https://seshat-db.com/api/wf/daggers/,355,"Was the use of daggers made partly of bronze and partly of iron, followed by fully made of iron, a military technology present or absent in the warfare practices of '<polity>' during the period from <time-start> to <time-end>? Provide your answer strictly as either 'present' or 'absent'."
https://seshat-db.com/api/wf/daggers/,356,"During the period from <time-start> to <time-end>, was the dagger as a weapon used by the military in '<polity>'? Provide your answer strictly as either 'present' or 'absent'."
https://seshat-db.com/api/wf/daggers/,357,"During the period from <time-start> to <time-end>, was the dagger present or absent as a military technology among the steppe riders of '<polity>'? Please provide your answer strictly as either 'present' or 'absent'."
https://seshat-db.com/api/wf/daggers/,358,"During the period from <time-start> to <time-end>, was the dagger, defined as a short sword with a slender blade and typically used for close combat, present or absent as a military technology in the warfare practices of '<polity>'? Provide your answer strictly as either 'present' or 'absent'."
https://seshat-db.com/api/wf/daggers/,359,Was the use of daggers as a military technology present or absent in the warfare practices of the Sasanian Empire between <time-start> and <time-end> under the rule of the Arab Caliphate? Please provide your answer as either 'present' or 'absent'.
https://seshat-db.com/api/wf/daggers/,360,"During the period from <time-start> to <time-end>, was the use of daggers as a military technology present or absent in the weapons of the Tatar foot-soldiers as described by Marozzi in his book 'Tamerlane'? Please provide your answer strictly as either 'present' or 'absent'."
https://seshat-db.com/api/wf/daggers/,361,"During the period from <time-start> to <time-end>, was the dagger, defined as a main infantry weapon, present or absent as a military technology in the warfare practices of '<polity>? Please respond with either 'present' or 'absent'."
https://seshat-db.com/api/wf/daggers/,362,"Was the dagger, defined as a primary infantry weapon used in late Roman warfare, present or absent during the period from <time-start> to <time-end> in the context of '<polity>'? Please provide your answer as either 'present' or 'absent'."
https://seshat-db.com/api/wf/daggers/,363,"During the period from <time-start> to <time-end>, were daggers and swords represented in rock pictures found at sites such as Gabal Maihar, Wsdi Qu'ayf, Sa'ib Suhaybar, Gabal Ligasir, and Gabal Haid part of the military technology employed by the Bronze Age population in the region represented by these rock pictures? Answer as either 'present' or 'absent'."
https://seshat-db.com/api/wf/daggers/,364,"During the Bronze Age, were daggers and swords, specifically those depicted in rock pictures of Gabal Maihar (no. 1), the site north of Wsdi Qu'ayf (no. 2), Sa'ib Suhaybar (no. 3), Gabal Ligasir (no. 4) and Gabal Haid (no. 5), considered a military technology present or absent in the weaponry of the Yemeni people? Please provide your answer as either 'present' or 'absent'."
https://seshat-db.com/api/wf/daggers/,365,"During the period from <time-start> to <time-end>, was the dagger, a short blade weapon commonly used in close combat, present alongside rifles in the weaponry of '<polity>'? Please provide your answer as either 'present' or 'absent'."
https://seshat-db.com/api/wf/daggers/,366,"During the period from <time-start> to <time-end>, was the dagger as a military technology present or absent in the warfare practices of '<polity>'? Please provide your answer as either 'present' or 'absent'."
https://seshat-db.com/api/wf/daggers/,367,"During the period from <time-start> to <time-end>, was the use of daggers as a military technology present or absent in the warfare practices of the Ayyubid Sultanate? Please provide your answer as either 'present' or 'absent'."
https://seshat-db.com/api/wf/daggers/,368,"During the period from <time-start> to <time-end>, was the dagger, a hand-held weapon with a sharp blade and usually a hilt, present or absent as a military technology in the warfare practices of '<polity>'? Please provide your answer strictly as either 'present' or 'absent'."
https://seshat-db.com/api/wf/daggers/,369,"During the period from <time-start> to <time-end>, was the use of daggers as a military technology present or absent in the warfare strategies of the Ayyubid Sultanate in Yemen? Provide your answer strictly as either 'present' or 'absent'."
https://seshat-db.com/api/wf/daggers/,370,"Was the dagger, defined as a short, double-edged sword typically used for close combat, present or absent in the warfare practices of the Abbasid Caliphate during its occupation of Yemen between <time-start> and <time-end>? Provide your answer strictly as either 'present' or 'absent'."
https://seshat-db.com/api/wf/daggers/,371,"During the period from <time-start> to <time-end>, was the use of daggers as a military technology present or absent in the warfare practices of the Abbasid Caliphate? Please provide your answer strictly as either 'present' or 'absent'."
