endpoint_identifier,entry_idx,output
https://seshat-db.com/api/wf/javelins/,0,"During the period from <time-start> to <time-end>, was the javelin, defined as a spear thrown by a foot soldier or archer, a significant part of the weaponry used by Uzbek contingents and other tribal groups fighting in the region? Please provide your answer as either 'present' or 'absent'."
https://seshat-db.com/api/wf/javelins/,1,"During the period from <time-start> to <time-end>, were javelins, specifically the type used by the Ghurid dynasty, present or absent as a military technology in the warfare practices of '<polity>? Please provide your answer strictly as either 'present' or 'absent'."
https://seshat-db.com/api/wf/javelins/,2,"During the period from <time-start> to <time-end>, was the javelin, inferred as the primary weapon of the Bactrian Greeks in the tradition of the Macedonians, present or absent as a military technology in the warfare practices of '<polity>? Please provide your answer strictly as either 'present' or 'absent'."
https://seshat-db.com/api/wf/javelins/,3,"Was the use of javelins, as depicted in ancient art, a military technology present or absent in the warfare practices of Steppe warrior societies during the time period between <time-start> and <time-end>? Provide your answer strictly as either 'present' or 'absent'."
https://seshat-db.com/api/wf/javelins/,4,Was the use of javelins as a military technology present or absent among mounted steppe warriors between <time-start> and <time-end> in '<polity>'? Please provide your answer as either 'present' or 'absent'.
https://seshat-db.com/api/wf/javelins/,5,"During the period from <time-start> to <time-end>, were javelins, defined as a throwing weapon consisting of a shaft with a sharp point, present as a military technology in the warfare practices of '<polity>'? Please provide your answer as either 'present' or 'absent'."
https://seshat-db.com/api/wf/javelins/,6,"During the period from <time-start> to <time-end>, were bone-tipped javelins used by mounted horseback warriors in the warfare practices of '<polity>'? Please provide your answer strictly as either 'present' or 'absent'."
https://seshat-db.com/api/wf/javelins/,7,"During the period from <time-start> to <time-end>, was the javelin, as a throwing weapon, absent or present in the warfare practices of '<polity>'? Please respond with either 'absent' or 'present'."
https://seshat-db.com/api/wf/javelins/,8,"During the period from <time-start> to <time-end>, was the javelin, defined as a throwing spear, present or absent as a military technology in the warfare practices of '<polity>? Provide your answer strictly as either 'present' or 'absent'."
https://seshat-db.com/api/wf/javelins/,9,"Was bronze spearheads like those found at the tomb of Lijiazui Mi, Panlongcheng, a common military technology used in warfare in the late Shang dynasty (<time-start>) and early Zhou dynasty (<time-end>) in '<polity>'? Please provide your answer as either 'present' or 'absent'."
https://seshat-db.com/api/wf/javelins/,10,"During the late Shang Dynasty (c. 1600-1046 BCE), was the bronze javelin, as evidenced by the find at the tomb of Lijiazui Mi, Panlongcheng, considered a military technology present or absent in the warfare practices of '<polity>? Please provide your answer strictly as either 'present' or 'absent'."
https://seshat-db.com/api/wf/javelins/,11,"Was the javelin, defined as a long, thin pointed weapon designed to be thrown, present as a military technology in the warfare practices of '<polity>' during the period from <time-start> to <time-end>? Please provide your answer as either 'present' or 'absent'."
https://seshat-db.com/api/wf/javelins/,12,"During the period from <time-start> to <time-end>, was the javelin, defined as a type of spear typically thrown, present or absent as a military technology in the warfare practices of '<polity>'? Please provide your answer as either 'present' or 'absent'."
https://seshat-db.com/api/wf/javelins/,13,"During the period from <time-start> to <time-end>, was the javelin, inferred as a missile weapon, present or absent in the warfare practices of '<polity>'? Please respond with either 'present' or 'absent'."
https://seshat-db.com/api/wf/javelins/,14,"During the period from <time-start> to <time-end>, were javelins, defined as spears with projectile points, present or absent as a military technology in the warfare practices of '<polity>'? Please provide your answer strictly as either 'present' or 'absent'."
https://seshat-db.com/api/wf/javelins/,15,"During the period from <time-start> to <time-end>, was the javelin, a throwing weapon typically composed of a shaft and head, present or absent as a military technology in the warfare practices of '<polity>'? Please provide your answer strictly as either 'present' or 'absent'."
https://seshat-db.com/api/wf/javelins/,16,"During the period from <time-start> to <time-end>, were javelins present or absent as a military technology in the warfare practices of southwestern Yunnan in the late fourteenth century? Provide your answer strictly as either 'present' or 'absent'."
https://seshat-db.com/api/wf/javelins/,17,"During the period from <time-start> to <time-end>, was the javelin, defined as a spear-like weapon thrown by a single person, present or absent in the warfare practices of '<polity>'? Please respond with either 'present' or 'absent'."
https://seshat-db.com/api/wf/javelins/,18,"During the period from <time-start> to <time-end>, were javelins present or absent as a military technology in the warfare practices of the Northern Wei polity? Please respond with either 'present' or 'absent'."
https://seshat-db.com/api/wf/javelins/,19,"During the period from <time-start> to <time-end>, were harpoons with bone points, also known as javelins, present or absent as a military technology in the warfare practices of '<polity>'? Provide your answer strictly as either 'present' or 'absent'."
https://seshat-db.com/api/wf/javelins/,20,"During the period from <time-start> to <time-end>, was the javelin as a military technology present or absent in the warfare strategies of '<polity>'? Provide your answer strictly as either 'present' or 'absent'."
https://seshat-db.com/api/wf/javelins/,21,"During the period from <time-start> to <time-end>, was the lance, a mainstay for bannermen as described by Elliott (2001), present or absent in the warfare practices of '<polity>'? Provide your answer strictly as either 'present' or 'absent'."
https://seshat-db.com/api/wf/javelins/,22,"During the period from <time-start> to <time-end>, were hand-held or thrown spears, such as the javelin, present or absent as a military technology in the warfare practices of '<polity>'? Please provide your answer as either 'present' or 'absent'."
https://seshat-db.com/api/wf/javelins/,23,"During the period from <time-start> to <time-end>, were javelins used by 'javelinmen' as a military technology in the warfare practices of '<polity>'? Provide your answer strictly as either 'present' or 'absent'."
https://seshat-db.com/api/wf/javelins/,24,"During the period from <time-start> to <time-end>, was the use of javelins as a military technology present or absent in the warfare practices of '<polity>'? Provide your answer strictly as either 'present' or 'absent'."
https://seshat-db.com/api/wf/javelins/,25,"During the period from <time-start> to <time-end>, was the javelin, defined as a long-range weapon thrown by hand, present or absent in the warfare strategies of '<polity>'? Please provide your answer as either 'present' or 'absent'."
https://seshat-db.com/api/wf/javelins/,26,"During the period from <time-start> to <time-end>, were elite troops in the state of Wei equipped with javelins as a military technology in their warfare practices? Provide your answer strictly as either 'present' or 'absent'."
https://seshat-db.com/api/wf/javelins/,27,"Was the javelin, defined as a long, pointed missile thrown by a soldier, present or absent as a military technology in the warfare practices of '<polity>' during the period from <time-start> to <time-end>? Please provide your answer as either 'present' or 'absent'."
https://seshat-db.com/api/wf/javelins/,28,"During the period from <time-start> to <time-end>, were handheld javelins mentioned as a military technology in the warfare practices of '<polity>'? Provide your answer strictly as either 'present' or 'absent'."
https://seshat-db.com/api/wf/javelins/,29,"Was the javelin, defined as a long, pointed weapon thrown by a spearman, present or absent in the warfare practices of '<polity>' during the period from <time-start> to <time-end>? Please respond with either 'present' or 'absent'."
https://seshat-db.com/api/wf/javelins/,30,"During the period from <time-start> to <time-end>, was the javelin, a throwing weapon typically made of wood or metal with a sharpened tip, present or absent in the warfare practices of '<polity>'? Please provide your answer strictly as either 'present' or 'absent'."
https://seshat-db.com/api/wf/javelins/,31,"During the period from <time-start> to <time-end>, was the javelin, defined as a short spear thrown by hand, present or absent as a military technology in the warfare practices of '<polity>'? Please respond with either 'present' or 'absent'."
https://seshat-db.com/api/wf/javelins/,32,"During the period from <time-start> to <time-end>, was the javelin as a military technology present or absent in the warfare practices of '<polity>'? Please respond with either 'present' or 'absent'."
https://seshat-db.com/api/wf/javelins/,33,"Was the javelin, defined as a missile weapon consisting of a shaft with a chonta point inserted into one end and a wooden plug at the other end, present or absent in the warfare practices of '<polity>' during the period from <time-start> to <time-end>? Please provide your answer strictly as either 'present' or 'absent'."
https://seshat-db.com/api/wf/javelins/,34,"During the period from <time-start> to <time-end>, was the javelin, defined as a pointed stick thrown at enemies as a missile, present or absent in the warfare practices of '<polity>'? Please provide your answer strictly as either 'present' or 'absent'."
https://seshat-db.com/api/wf/javelins/,35,"During the period from <time-start> to <time-end>, were Muslim archers and javelin-throwers, including trained professional infantry, present or absent as a military technology in the warfare practices of '<polity>? Respond with either 'present' or 'absent'."
https://seshat-db.com/api/wf/javelins/,36,"During the period from <time-start> to <time-end>, was the use of javelins as a military technology present or absent in the warfare practices of '<polity>'? Please provide your answer as either 'present' or 'absent'."
https://seshat-db.com/api/wf/javelins/,37,"During the late Predynastic and Protodynastic Periods in '<polity>', was the javelin, defined as a short throwing stick with a sharp point, a principal weapon used in hunting and battle scenes? Please provide your answer strictly as either 'present' or 'absent'."
https://seshat-db.com/api/wf/javelins/,38,"During the late Predynastic and Protodynastic Periods in '<polity>', was the javelin, defined as a type of throwing weapon typically made of wood or stone, present or absent in warfare practices? Provide your answer strictly as either 'present' or 'absent'."
https://seshat-db.com/api/wf/javelins/,39,"During the period from <time-start> to <time-end>, were javelins, specifically those wielded by Greek mercenaries and their contemporaries, present or absent in the warfare practices of '<polity>'? Please provide your answer as either 'present' or 'absent'."
https://seshat-db.com/api/wf/javelins/,40,"Was the javelin, defined as a lightweight spear thrown by hand, present or absent in the warfare practices of '<polity>' during the period from <time-start> to <time-end>? Please provide your answer strictly as either 'present' or 'absent'."
https://seshat-db.com/api/wf/javelins/,41,"During the period from <time-start> to <time-end>, was the javelin, a thrown weapon used in ancient warfare, present or absent as a military technology in the warfare practices of '<polity>'? Please provide your answer strictly as either 'present' or 'absent'."
https://seshat-db.com/api/wf/javelins/,42,"During the period from <time-start> to <time-end>, was the javelin absent or present as a military technology in the warfare practices of '<polity>'? Please provide your answer strictly as either 'absent' or 'present'."
https://seshat-db.com/api/wf/javelins/,43,"During the late Predynastic and Protodynastic Periods in '<polity>', was the javelin, defined as a short throwing stick with a pointed head, used as a military technology in warfare? Please provide your answer strictly as either 'present' or 'absent'."
https://seshat-db.com/api/wf/javelins/,44,"Was the use of javelins, defined as a long throwing spear, present or absent in the regular troops' armament during the late Predynastic and Protodynastic Periods in '<polity>'? Please provide your answer as either 'present' or 'absent'."
https://seshat-db.com/api/wf/javelins/,45,"During the period from <time-start> to <time-end>, was the javelin, a type of throwing spear without a shield, absent or present as a military technology in the warfare practices of '<polity>'? Provide your answer strictly as either 'present' or 'absent'."
https://seshat-db.com/api/wf/javelins/,46,"During the period from <time-start> to <time-end>, was the javelin, a type of throwing weapon consisting of a long stick with a pointy head attached, present or absent as a military technology in the warfare practices of '<polity>'? Please provide your answer strictly as either 'present' or 'absent'."
https://seshat-db.com/api/wf/javelins/,47,"During the late Predynastic and Protodynastic Periods in '<polity>', was the javelin, defined as a spear-like weapon thrown by hand, present or absent as a primary military technology? Please provide your answer as either 'present' or 'absent'."
https://seshat-db.com/api/wf/javelins/,48,"During the period from <time-start> to <time-end>, was the javelin used from atop chariots present or absent in the warfare strategies of '<polity>'? Please provide your answer as either 'present' or 'absent'."
https://seshat-db.com/api/wf/javelins/,49,"During the period from <time-start> to <time-end>, was the javelin, as described by Spalinger (2008, 12), present or absent as a military technology in the warfare practices of '<polity>'? Please provide your answer strictly as either 'present' or 'absent'."
https://seshat-db.com/api/wf/javelins/,50,"During the period from <time-start> to <time-end>, was the javelin as a military technology present or absent in the warfare practices of '<polity>'? Please respond with either 'present' or 'absent'."
https://seshat-db.com/api/wf/javelins/,51,"Was javelin, defined as a throwing weapon typically made of wood or bronze and thrown with one hand, present or absent as a primary weapon in the warfare of the Egyptians during the Sixth to Thirteenth Dynasties? Please provide your answer as either 'present' or 'absent'."
https://seshat-db.com/api/wf/javelins/,52,"During the period from <time-start> to <time-end>, was the javelin, a type of spear used for hunting and warfare, used by the ancient Greek city-state of '<polity>' to attack elephants and their drivers? Please provide your answer as either 'absent' or 'present'."
https://seshat-db.com/api/wf/javelins/,53,"During the period from <time-start> to <time-end>, was the javelin, defined as a type of spear used for throwing or holding, used to attack elephants and their drivers in the warfare practices of '<polity>'? Provide your answer strictly as either 'present' or 'absent'."
https://seshat-db.com/api/wf/javelins/,54,"During the period from <time-start> to <time-end>, were javelins, a type of missile weapon consisting of a long shaft with a pointed head, present or absent as a military technology in the warfare practices of '<polity>'? Provide your answer strictly as either 'present' or 'absent'."
https://seshat-db.com/api/wf/javelins/,55,"During the period from <time-start> to <time-end>, was the javelin, defined as a short spear used in close combat, present or absent in the military technology of Caria, located in modern-day Turkey? Please respond with either 'present' or 'absent'."
https://seshat-db.com/api/wf/javelins/,56,"During the period from <time-start> to <time-end>, was the javelin, defined as a throwing stick used in combat, present or absent as a military technology in the warfare practices of '<polity>'? Please provide your answer strictly as either 'present' or 'absent'."
https://seshat-db.com/api/wf/javelins/,57,"During the period from <time-start> to <time-end>, was the javelin present or absent as a military technology in the warfare practices of '<polity>'? Please respond with either 'present' or 'absent'."
https://seshat-db.com/api/wf/javelins/,58,"During the period from <time-start> to <time-end>, was the javelin present as a military technology in the warfare practices of the Abbasid Caliphate? Provide your answer strictly as either 'present' or 'absent'."
https://seshat-db.com/api/wf/javelins/,59,"Was the use of New World weapons such as javelins by Spanish soldiers present or inferred as a military technology in their warfare practices against the Incas and Aztecs during the period from <time-start> to <time-end> in the context of '<polity>'? Please provide your answer as either 'present' or 'absent'. Note that we do not have information on whether the Habsburgs used these weapons themselves. Source: Pemberton, John. 2011. <i>Conquistadors: Searching for El Dorado: The Terrifying Spanish Conquest of the Aztec and Inca Empires</i>. Canary Press eBooks Limited. <a class=""external free"" href=""https://www.zotero.org/groups/seshat_databank/items/itemKey/3SI549GS"" rel=""nofollow"">https://www.zotero.org/groups/seshat_databank/items/itemKey/3SI549GS</a> <i>We don't know whether the Habsburgs use them themselves.</i> Section Reference: Pemberton, John. 2011. <i>Conquistadors: Searching for El Dorado: The Terrifying Spanish Conquest of the Aztec and Inca Empires</i>. Canary Press eBooks Limited. <a class=""external free"" href=""https://www.zotero.org/groups/seshat_databank/items/itemKey/3SI549GS"" rel=""nofollow"">https://www.zotero.org/groups/seshat_databank/items/itemKey/3SI549GS</a>"
https://seshat-db.com/api/wf/javelins/,60,"During the period from <time-start> to <time-end>, was the javelin, an ancient missile weapon, absent or present as a military technology in the warfare practices of '<polity>'? Please respond with either 'absent' or 'present'."
https://seshat-db.com/api/wf/javelins/,61,"During the period from <time-start> to <time-end>, was the javelin absent or present as a military technology in the warfare practices of '<polity>'? Please provide your answer strictly as either 'absent' or 'present'."
https://seshat-db.com/api/wf/javelins/,62,"During the period from <time-start> to <time-end>, was the javelin, defined as a spear-throwing device used for hunting and warfare, present or absent in the military technology of '<polity>'? Please provide your answer as either 'present' or 'absent'."
https://seshat-db.com/api/wf/javelins/,63,"During the period from <time-start> to <time-end>, was the javelin, defined as a spear-like weapon used in warfare, present or absent in the armed forces of '<polity>'? Please provide your response as either 'present' or 'absent'."
https://seshat-db.com/api/wf/javelins/,64,"Was the javelin, a type of missile weapon, present or absent as a military technology in the warfare practices of '<polity>' during the period from <time-start> to <time-end>? Provide your answer strictly as either 'present' or 'absent'."
https://seshat-db.com/api/wf/javelins/,65,"During the period from <time-start> to <time-end>, was the javelin, defined as a long, pointed weapon thrown by hand, present or absent as a military technology in the warfare practices of '<polity>'? Please provide your answer as either 'present' or 'absent'."
https://seshat-db.com/api/wf/javelins/,66,"During the period from <time-start> to <time-end>, was the use of javelins as a military technology present or absent in the warfare practices of '<polity>'? Provide your answer strictly as either 'present' or 'absent'."
https://seshat-db.com/api/wf/javelins/,67,"During the period from <time-start> to <time-end>, was the use of javelins present or absent in the warfare practices of '<polity>'? Provide your answer strictly as either 'present' or 'absent'."
https://seshat-db.com/api/wf/javelins/,68,"During the period from <time-start> to <time-end>, was the javelin, as defined by David Baker as a type of spear commonly used in ancient warfare, present in the military technology of '<polity>'? Please provide your answer as either 'present' or 'absent'."
https://seshat-db.com/api/wf/javelins/,69,"Was the javelin, defined as a long, pointed weapon thrown by hand, present or absent as a military technology in the warfare practices of '<polity>' during the period from <time-start> to <time-end>? Please note that your answer should strictly adhere to the definition provided by David Baker."
https://seshat-db.com/api/wf/javelins/,70,"During the period from <time-start> to <time-end>, was the javelin, defined as a spear-throwing weapon, present or absent as a military technology in the warfare practices of '<polity>'? Please provide your answer strictly as either 'present' or 'absent'."
https://seshat-db.com/api/wf/javelins/,71,"During the period from <time-start> to <time-end>, were javelins found within France but not close to the Paris Basin region, a military technology used in warfare? Provide your answer strictly as either 'present' or 'absent'."
https://seshat-db.com/api/wf/javelins/,72,"During the period from <time-start> to <time-end>, were javelins found within the geographical region surrounding but not including the Paris Basin in France? Please respond with either 'present' or 'absent'. Note that this question specifically asks about the presence or absence of javelins, not about their usage in warfare."
https://seshat-db.com/api/wf/javelins/,73,"During the period from <time-start> to <time-end>, were javelins, specifically those found within France but not close to the Paris Basin region, present as a military technology in the warfare practices of '<polity>'? Please provide your answer strictly as either 'present' or 'absent'."
https://seshat-db.com/api/wf/javelins/,74,"During the period from <time-start> to <time-end>, was javelin, as described in Halsall (2003), a common military technology in the warfare practices of '<polity>'? Please provide your answer strictly as either 'present' or 'absent'."
https://seshat-db.com/api/wf/javelins/,75,"During the period from <time-start> to <time-end>, was the javelin, defined as a long-range weapon thrown by a soldier, present or absent in the warfare practices of '<polity>'? Please provide your answer strictly as either 'present' or 'absent'."
https://seshat-db.com/api/wf/javelins/,76,"During the period from <time-start> to <time-end>, was the javelin, specifically described by Halsall (2003, 163-176), a weapon used in warfare by the Merovingians present or absent in their armies? Please provide your response as either 'present' or 'absent'."
https://seshat-db.com/api/wf/javelins/,77,"During the period from <time-start> to <time-end>, was the javelin, a type of spear designed for throwing and combat at short distances, present or absent as a military technology in the warfare practices of '<polity>'? Please provide your answer strictly as either 'present' or 'absent'."
https://seshat-db.com/api/wf/javelins/,78,"During the period from <time-start> to <time-end>, was the javelin, defined as a shorter and lighter spear designed for throwing at close range, present or absent in the weaponarium of the Celts of '<polity>'? Please respond with either 'present' or 'absent'."
https://seshat-db.com/api/wf/javelins/,79,"During the period from <time-start> to <time-end>, were javelins, defined as shorter, lightweight spears used for throwing and close combat, present or absent in the weapon arsenal of '<polity>'? Provide your answer strictly as either 'present' or 'absent'."
https://seshat-db.com/api/wf/javelins/,80,"During the period from <time-start> to <time-end>, was the javelin, defined as a short, pointed throwing weapon, present or absent as a military technology in the warfare practices of '<polity>'? Provide your answer strictly as either 'present' or 'absent'."
https://seshat-db.com/api/wf/javelins/,81,"During the period from <time-start> to <time-end>, was the javelin absent in the warfare practices of '<polity>'? Provide your answer strictly as either 'present' or 'absent'."
https://seshat-db.com/api/wf/javelins/,82,"During the period from <time-start> to <time-end>, was the javelin, defined as a throwing spear, present or absent in the warfare practices of '<polity>'? Please respond with either 'present' or 'absent'."
https://seshat-db.com/api/wf/javelins/,83,"Was the javelin, defined as a long pointed weapon thrown by hand, present or absent as a military technology in the warfare practices of Ansa's Gyasi men, as described in section 57 of Sarbah, John Mensah 1968? Answer with either 'present' or 'absent'."
https://seshat-db.com/api/wf/javelins/,84,"During the period from <time-start> to <time-end>, was the use of javelins present as a military technology in the warfare practices of '<polity>'? Provide your answer strictly as either 'present' or 'absent'."
https://seshat-db.com/api/wf/javelins/,85,"Was the javelin, defined as a long throwing weapon used for ranged combat in ancient Greece, present or absent in the warfare strategies of '<polity>' during the period from <time-start> to <time-end>? Provide your answer strictly as either 'present' or 'absent'."
https://seshat-db.com/api/wf/javelins/,86,"During the period from <time-start> to <time-end> in the context of '<polity>', was the javelin, defined as a throwing spear, present or absent as a military technology in the warfare practices of '<polity>'? Provide your answer strictly as either 'present' or 'absent'."
https://seshat-db.com/api/wf/javelins/,87,"Was the javelin, defined as a long-range missile weapon used by soldiers in ancient warfare, present or absent in the warfare practices of '<polity>' during the period from <time-start> to <time-end>? Please provide your answer strictly as either 'present' or 'absent'."
https://seshat-db.com/api/wf/javelins/,88,"During the period from <time-start> to <time-end>, was the javelin, defined as a long, slender missile weapon thrown by hand, present or absent as a military technology in the warfare practices of '<polity>'? Please provide your answer as either 'present' or 'absent'."
https://seshat-db.com/api/wf/javelins/,89,"During the period from <time-start> to <time-end>, was the javelin, defined as a long pointed weapon thrown by hand, present or absent as a military technology in the warfare practices of '<polity>'? Please provide your answer strictly as either 'present' or 'absent'."
https://seshat-db.com/api/wf/javelins/,90,"During the period from <time-start> to <time-end>, was the javelin, as described by Everson (2004), present or absent in the weaponry of '<polity>' warriors? Please respond with either 'present' or 'absent'."
https://seshat-db.com/api/wf/javelins/,91,"During the period from <time-start> to <time-end>, was the use of javelins, depicted in archaeological data such as frescos from Knossos, present or absent in the warfare practices of '<polity>'? Please provide your answer as either 'present' or 'absent'."
https://seshat-db.com/api/wf/javelins/,92,"During the period from <time-start> to <time-end>, was the javelin, defined as a throwing spear, present or absent in the warfare practices of '<polity>'? Provide your answer strictly as either 'present' or 'absent'."
https://seshat-db.com/api/wf/javelins/,93,"Was the javelin, defined as a long, pointed weapon thrown by hand, present or absent as a military technology in the warfare practices of '<polity>' during the period from <time-start> to <time-end>? Provide your answer strictly as either 'present' or 'absent'."
https://seshat-db.com/api/wf/javelins/,94,"During the period from <time-start> to <time-end>, was the javelin, defined as a long, slender throwing weapon, present or absent in the warfare practices of '<polity>'? Please provide your answer as either 'present' or 'absent'."
https://seshat-db.com/api/wf/javelins/,95,"During the period from <time-start> to <time-end>, was the javelin, defined as a spear-throwing weapon, present or absent as a military technology in the warfare practices of '<polity>'? Provide your answer strictly as either 'present' or 'absent'."
https://seshat-db.com/api/wf/javelins/,96,"During the period from <time-start> to <time-end>, was the javelin, a long-range throwing weapon, present or absent in the warfare practices of '<polity>'? Provide your answer strictly as either 'present' or 'absent'."
https://seshat-db.com/api/wf/javelins/,97,"Question: During the period from <time-start> to <time-end>, was the javelin, a throwing spear, present or absent in the warfare practices of '<polity>'? Please provide your answer strictly as either 'present' or 'absent'."
https://seshat-db.com/api/wf/javelins/,98,"Was the javelin, defined as a thrown spear used in warfare, present or absent as a military technology in the warfare practices of '<polity>' during the period from <time-start> to <time-end>? Provide your answer strictly as either 'present' or 'absent'."
https://seshat-db.com/api/wf/javelins/,99,"During the period from <time-start> to <time-end>, were javelins, defined as wooden lances with a hardened point, present or absent in the weapons of '<polity>'? Provide your answer strictly as either 'present' or 'absent'."
https://seshat-db.com/api/wf/javelins/,100,"During the period from <time-start> to <time-end>, was the use of the slighi, defined as a wooden lance with a hardened point typically made of ironwood or palmwood, as a military technology used in warfare by '<polity>'? Provide your answer strictly as either 'present' or 'absent'."
https://seshat-db.com/api/wf/javelins/,101,"During the period from <time-start> to <time-end>, was the javelin, defined as a throwing spear, present or absent in the warfare practices of '<polity>'? Please provide your answer strictly as either 'present' or 'absent'."
https://seshat-db.com/api/wf/javelins/,102,"Was the javelin, defined as a short, lightweight missile weapon thrown by hand, present or absent as a military technology in the warfare practices of '<polity>' during the period from <time-start> to <time-end>? Please provide your answer strictly as either 'present' or 'absent'."
https://seshat-db.com/api/wf/javelins/,103,"Was the javelin, defined as a type of thrown spear, present or absent as a military technology in the warfare practices of the Old Mataram culture in Java, Indonesia between <time-start> and <time-end>? Answer with 'present' or 'absent'."
https://seshat-db.com/api/wf/javelins/,104,"During the period from <time-start> to <time-end>, was javelin, defined as an infantry weapon consisting of a pointed stick thrown by hand, present or absent in the combat techniques of '<polity>'? Please respond with either 'present' or 'absent'."
https://seshat-db.com/api/wf/javelins/,105,"During the period from <time-start> to <time-end>, was the javelin, a type of throwing spear, present or absent as a military technology in the warfare practices of '<polity>'? Please provide your answer strictly as either 'present' or 'absent'."
https://seshat-db.com/api/wf/javelins/,106,"During the period from <time-start> to <time-end>, was the javelin, a long slender missile thrown by hand, present or absent as a military technology in the warfare practices of Old Mataram, a highly Indianized culture that was eventually replaced by an East Javanese one that increasingly promoted indigenous traditions? Please provide your answer strictly as either 'present' or 'absent'."
https://seshat-db.com/api/wf/javelins/,107,"During the period from <time-start> to <time-end>, were javelins, defined as short, pointed weapons thrown by foot soldiers, present or absent as a military technology in the warfare practices of '<polity>'? Please provide your answer strictly as either 'present' or 'absent'."
https://seshat-db.com/api/wf/javelins/,108,"During the period from <time-start> to <time-end>, was the javelin, a staple in Hellenic and Roman armies, present or absent as a military technology in the warfare practices of '<polity>'? Please provide your answer strictly as either 'present' or 'absent'."
https://seshat-db.com/api/wf/javelins/,109,"During the period from <time-start> to <time-end>, was the javelin, defined as a lightweight throwing spear, present or absent as a military technology in the warfare practices of '<polity>'? Provide your answer strictly as either 'present' or 'absent'."
https://seshat-db.com/api/wf/javelins/,110,"During the period from <time-start> to <time-end>, were javelins, delivered by war elephants, present or absent in the warfare practices of '<polity>'? Please provide your answer as either 'present' or 'absent'."
https://seshat-db.com/api/wf/javelins/,111,"Was the javelin, defined as a pointed throwing stick, present or absent as a military technology in the warfare practices of the Rashtrakutas during the period from <time-start> to <time-end>? Provide your answer strictly as either 'present' or 'absent'."
https://seshat-db.com/api/wf/javelins/,112,"During the period from <time-start> to <time-end>, was the javelin, defined as a spear thrown by one person against another, present or absent in the warfare practices of '<polity>'? Please respond with either 'present' or 'absent'."
https://seshat-db.com/api/wf/javelins/,113,"During the period from <time-start> to <time-end>, was the javelin, a copper and sometimes bronze weapon commonly found in non-Ayran Vedic-era hoards at Kallur, present or absent as a military technology in the warfare practices of '<polity>'? Please provide your answer as either 'present' or 'absent'."
https://seshat-db.com/api/wf/javelins/,114,"During the prehistoric age (<time-start> to <time-end>) in the upper Ganges valley and at Kallur in Hyderabad, Deccan, were javelins, defined as thrown barbed spears, present or absent as a military technology in the weaponry of the region? Please respond with either 'present' or 'absent'."
https://seshat-db.com/api/wf/javelins/,115,"During the period from <time-start> to <time-end>, were javelins present or absent as a military technology in the warfare practices of '<polity>'? Provide your answer strictly as either 'present' or 'absent'."
https://seshat-db.com/api/wf/javelins/,116,"During the period from <time-start> to <time-end>, were war elephants crews equipped with javelins as a military technology in their warfare practices in '<polity>'? Please respond with either 'present' or 'absent'."
https://seshat-db.com/api/wf/javelins/,117,"During the period from <time-start> to <time-end>, was the javelin, not explicitly mentioned in sources as an artifact found at sites in the region during this time, present or absent as a military technology in the warfare practices of '<polity>'? Please provide your answer strictly as either 'present' or 'absent'."
https://seshat-db.com/api/wf/javelins/,118,"During the period from <time-start> to <time-end>, was the javelin, as a military technology used in warfare, present or absent in the warfare practices of '<polity>'? Please provide your answer strictly as either 'present' or 'absent'."
https://seshat-db.com/api/wf/javelins/,119,"During the period from <time-start> to <time-end>, was the javelin, not mentioned in sources detailing A’chik weapons and tools, present or absent in the warfare practices of '<polity>'? Please provide your answer strictly as either 'present' or 'absent'."
https://seshat-db.com/api/wf/javelins/,120,"During the period from <time-start> to <time-end>, was the javelin, a lightweight missile weapon commonly used in ancient warfare, present or absent as a military technology in the warfare practices of '<polity>'? Provide your answer strictly as either 'present' or 'absent'."
https://seshat-db.com/api/wf/javelins/,121,"During the period from <time-start> to <time-end>, was the javelin, defined as a long throwing spear used by the Harsha army in Northern India, present or absent as a military technology in the warfare practices of '<polity>'? Please provide your answer strictly as either 'present' or 'absent'."
https://seshat-db.com/api/wf/javelins/,122,"During the period from <time-start> to <time-end>, were long javelins, defined as an armament consisting of a pointed stick or rod of metal or other material attached to a shaft, present or absent in the warfare practices of '<polity>'? Please provide your answer as either 'present' or 'absent'."
https://seshat-db.com/api/wf/javelins/,123,"During the period from <time-start> to <time-end>, were images of Skanda, the 'war general of gods', depicting him with a javelin present or absent in the outer walls sculptures of Hoysala temples located in '<polity>'? Please provide your answer as either 'present' or 'absent'."
https://seshat-db.com/api/wf/javelins/,124,"Was the use of javelins, defined as a short, pointed missile thrown by hand, present or absent as a military technology in the warfare practices of the Vakataka-Gupta age (c. 200-550 AD)? Provide your answer strictly as either 'present' or 'absent'."
https://seshat-db.com/api/wf/javelins/,125,"During the period from <time-start> to <time-end>, was the javelin, defined as a long throwing spear with a pointed head, present or absent as a military technology in the warfare practices of '<polity>'? Provide your answer strictly as either 'present' or 'absent'."
https://seshat-db.com/api/wf/javelins/,126,"During the period from <time-start> to <time-end>, were the varieties of javelins (tomara, sakti, and bhalla) present or absent in the warfare practices of '<polity>'? Please provide your answer strictly as either 'present' or 'absent'."
https://seshat-db.com/api/wf/javelins/,127,"During the period from <time-start> to <time-end>, were long javelins, as described by Hiuen Tsang in reference to the Harsha infantry having been 'drilled in them for generations,' present or absent as a military technology in the warfare practices of '<polity>'? Please provide your answer strictly as either 'present' or 'absent'."
https://seshat-db.com/api/wf/javelins/,128,"During the period from <time-start> to <time-end>, were Iron Javelins, defined as archaeological remains including iron javelin heads and other iron objects found in Northwest India, present or absent as a military technology in the warfare practices of '<polity>'? Provide your answer strictly as either 'present' or 'absent'."
https://seshat-db.com/api/wf/javelins/,129,Was the use of javelins by light cavalry in conjunction with a lance present or absent as a military technology in the warfare practices of '<polity>' during the period from <time-start> to <time-end>? Please provide your answer strictly as either 'present' or 'absent'.
https://seshat-db.com/api/wf/javelins/,130,"During the period from <time-start> to <time-end>, were javelins, defined as heavy infantry often carrying simple missile weapons like javelins, slings and the chakram, a razor-edged steel disc that resembles an oversized shuriken, present or absent in the warfare practices of '<polity>'? Please provide your answer as either 'present' or 'absent'."
https://seshat-db.com/api/wf/javelins/,131,"Was the javelin, a long throwing weapon commonly used in ancient warfare, present or absent in the popular weapons of warfare during the period from <time-start> to <time-end> in '<polity>'? Please provide your answer as either 'present' or 'absent'."
https://seshat-db.com/api/wf/javelins/,132,"During the period from <time-start> to <time-end>, did the Mauryan light cavalry use a javelin in conjunction with a lance? Please provide your answer as either 'present' or 'absent'."
https://seshat-db.com/api/wf/javelins/,133,"During the period from <time-start> to <time-end>, was the bronze leaf-point javelin used as a military technology by the Mauryan army of '<polity>'? Provide your answer strictly as either 'present' or 'absent'."
https://seshat-db.com/api/wf/javelins/,134,"During the period from <time-start> to <time-end>, was the javelin, defined as a type of missile weapon thrown by hand, present or absent in the warfare practices of '<polity>'? Please provide your answer strictly as either 'present' or 'absent'."
https://seshat-db.com/api/wf/javelins/,135,"During the period from <time-start> to <time-end>, were javelins present or absent in the weaponry of the Muhammadan soldiers in '<polity>'? Please provide your answer as either 'present' or 'absent'."
https://seshat-db.com/api/wf/javelins/,136,"During the period from <time-start> to <time-end> in the context of '<polity>', was the javelin, defined as a short spear or javelin, present or absent as a military technology used in warfare? Provide your answer strictly as either 'present' or 'absent'."
https://seshat-db.com/api/wf/javelins/,137,"During the first Abbasid period and under the Buyids, was the javelin, a thrown spear, present as a weapon of war in the warfare practices of '<polity>'? Provide your answer strictly as either 'present' or 'absent'."
https://seshat-db.com/api/wf/javelins/,138,"Was the javelin, defined as a type of spear typically thrown by a person, present as a military technology in the warfare practices of '<polity>' during the period from <time-start> to <time-end>? Please provide your answer strictly as either 'present' or 'absent'."
https://seshat-db.com/api/wf/javelins/,139,"Was the javelin, defined as a lightweight missile thrown by a single person, present or absent as a military technology in the warfare practices of '<polity>' during the period from <time-start> to <time-end>? Provide your answer strictly as either 'present' or 'absent'."
https://seshat-db.com/api/wf/javelins/,140,"During the period from <time-start> to <time-end>, was the javelin, a type of throwing weapon, present or absent in the warfare practices of '<polity>'? Provide your answer strictly as either 'present' or 'absent'."
https://seshat-db.com/api/wf/javelins/,141,"During the period from <time-start> to <time-end>, was the javelin, a thrown weapon typically made of wood or stone, present or absent in the warfare practices of '<polity>'? Please respond with either 'present' or 'absent'."
https://seshat-db.com/api/wf/javelins/,142,"During the period from <time-start> to <time-end>, was javelin as a military technology present or absent in the warfare practices of '<polity>'? Please provide your answer strictly as either 'present' or 'absent'."
https://seshat-db.com/api/wf/javelins/,143,"During the period from <time-start> to <time-end>, was javelin present or absent as a military technology in the warfare practices of '<polity>'? Please provide your answer as either 'present' or 'absent'."
https://seshat-db.com/api/wf/javelins/,144,"During the period from <time-start> to <time-end>, was the javelin, defined as a throwing spear, present or absent as a military technology in the warfare practices of '<polity>'? Please provide your answer strictly as either 'present' or 'absent', taking into account the information provided in the reference <i>(Gabriel and Metz 1991, 59)</i>."
https://seshat-db.com/api/wf/javelins/,145,"During the period from <time-start> to <time-end>, was the production of javelins present in the manufacturing activities of '<polity>' as depicted on the Late Uruk cylinder seal? Provide your answer as either 'present' or 'absent'."
https://seshat-db.com/api/wf/javelins/,146,"During the period from <time-start> to <time-end>, were javelins, defined as throwing spears, present or absent in the warfare practices of '<polity>'? Provide your answer strictly as either 'present' or 'absent'."
https://seshat-db.com/api/wf/javelins/,147,"During the period from <time-start> to <time-end>, were javelins, specifically those made of bronze or iron and designed for both stabbing and throwing, present or absent as a military technology in the warfare practices of '<polity>? Provide your answer strictly as either 'present' or 'absent'."
https://seshat-db.com/api/wf/javelins/,148,"Was the javelin, defined as a throwing stick used as a ranged weapon, present or absent in the military forces of the Anatolian Principalities during the period from <time-start> to <time-end>? Answer with either 'present' or 'absent'."
https://seshat-db.com/api/wf/javelins/,149,"The presence or absence of bone harpoons as a military technology used in warfare during the period from <time-start> to <time-end> in the context of '<polity>' is unknown. However, there is no evidence to suggest that they were exclusively used for hunting. Could these harpoons have been used to attack other humans as well? Please provide your answer as either 'absent' or 'present'."
https://seshat-db.com/api/wf/javelins/,150,"During the period from <time-start> to <time-end>, was bone harpoon, defined as a type of javelin that is often associated with hunting but may also have been used in warfare, present or absent as a military technology in the warfare practices of '<polity>? Please provide your answer strictly as either 'present' or 'absent'."
https://seshat-db.com/api/wf/javelins/,151,"During the period from <time-start> to <time-end>, were javelins used by the Ghaznavid armies present or absent as a military technology? Provide your answer strictly as either 'present' or 'absent'."
https://seshat-db.com/api/wf/javelins/,152,"During the period from <time-start> to <time-end> in the context of '<polity>', was the javelin, defined as a thrown weapon, present or absent as a military technology? Please note that the passage provided suggests that the javelin may have had a secondary role in ancient warfare. Your answer should strictly be either 'present' or 'absent'."
https://seshat-db.com/api/wf/javelins/,153,"During the period from <time-start> to <time-end>, was the javelin, also known as the xyston, present or absent as a military technology in the warfare practices of the Seleucid Greeks? Please provide your answer strictly as either 'present' or 'absent'."
https://seshat-db.com/api/wf/javelins/,154,"During the period from <time-start> to <time-end>, were bone harpoons, found for this time but its usage uncertain, present or absent in the warfare practices of '<polity>'? Please provide your answer as either 'present' or 'absent'. Note that the usage of bone harpoons may have been for both hunting and warfare, but there is currently insufficient evidence to confirm this."
https://seshat-db.com/api/wf/javelins/,155,Was the use of javelins as a military technology depicted by Ilkanid/Mongol soldiers present or absent during the period from <time-start> to <time-end> in the warfare practices of '<polity>? Answer with either 'present' or 'absent'.
https://seshat-db.com/api/wf/javelins/,156,"During the period from <time-start> to <time-end>, were bone harpoons, which may have been used for hunting or warfare, present or absent in the warfare practices of '<polity>'? Please provide your answer strictly as either 'present' or 'absent'."
https://seshat-db.com/api/wf/javelins/,157,"The absence or presence of bone harpoons, specifically the javelins found during the period from <time-start> to <time-end> in the context of '<polity>', was it used as a military technology or solely for hunting purposes? Please provide your answer as either 'military' or 'hunting'."
https://seshat-db.com/api/wf/javelins/,158,"During the period from <time-start> to <time-end>, was bone harpoon technology used as a javelin in warfare by ancient humans? Provide your answer strictly as either 'present' or 'absent'."
https://seshat-db.com/api/wf/javelins/,159,"During the period from <time-start> to <time-end>, were bone harpoons, which have been found in archaeological sites but its use for warfare or hunting is unclear, considered a military technology in the warfare practices of '<polity>? Please provide your answer as either 'present' or 'absent'."
https://seshat-db.com/api/wf/javelins/,160,"During the period from <time-start> to <time-end>, was the use of javelins as a primary military technology present or absent in the warfare practices of '<polity>'? Provide your answer strictly as either 'present' or 'absent'."
https://seshat-db.com/api/wf/javelins/,161,"Was the javelin, defined as a throwing weapon typically used for hunting and combat in the Middle East, present or absent as a military technology in ancient armies of '<polity>' between <time-start> and <time-end>? Please provide your answer as either 'present' or 'absent'."
https://seshat-db.com/api/wf/javelins/,162,"During the period from <time-start> to <time-end>, was the javelin, defined as a throwing weapon typically used in hunting or combat, absent or present as a military technology in the warfare practices of '<polity>'? Please provide your answer strictly as either 'present' or 'absent'."
https://seshat-db.com/api/wf/javelins/,163,"During the period from <time-start> to <time-end>, was the use of javelins as a military technology present or absent in the warfare practices of '<polity>' in the Middle East? Please provide your answer strictly as either 'present' or 'absent', taking into account that unlike other areas of the world, the spear in the Middle East remained primarily a stabbing weapon and its military use was likely limited to secondary roles."
https://seshat-db.com/api/wf/javelins/,164,"During the period from <time-start> to <time-end>, was the javelin, defined as a long shaft with a point at one end used for throwing, present or absent in the military practices of '<polity>'? Provide your answer strictly as either 'present' or 'absent'."
https://seshat-db.com/api/wf/javelins/,165,"During the period from <time-start> to <time-end>, was the javelin, defined as a thrown weapon, present or absent as a military technology in the warfare practices of '<polity>' in the Middle East region? Please provide your answer strictly as either 'present' or 'absent'. This question refers to the use of the javelin as a thrown weapon rather than as a stabbing weapon which was the primary usage in the region. Additionally, there is an Iron Age reference for the use of the javelin by horse riders. The answer should be strictly 'present' or 'absent'."
https://seshat-db.com/api/wf/javelins/,166,"During the period from <time-start> to <time-end>, was the javelin, an infantry weapon consisting of a long, slender shaft with a spearhead attached at one end, present or absent as a military technology in the warfare practices of '<polity>'? Please provide your answer as either 'present' or 'absent'."
https://seshat-db.com/api/wf/javelins/,167,"During the period from <time-start> to <time-end>, was the javelin, defined as an ancient spear, present or absent in the warfare practices of '<polity>'? Please provide your answer as either 'present' or 'absent'."
https://seshat-db.com/api/wf/javelins/,168,"During the period from <time-start> to <time-end>, was bone harpoon, which has been found in archaeological sites but its use for warfare or hunting is unclear, present or absent in the warfare practices of '<polity>'? Please provide your answer strictly as either 'present' or 'absent'."
https://seshat-db.com/api/wf/javelins/,169,"Was the javelin, defined as a throwing weapon consisting of a pointed shaft with a cup-shaped head, present or absent as a military technology in the warfare practices of '<polity>' during the period from <time-start> to <time-end>? Please respond with either 'present' or 'absent'."
https://seshat-db.com/api/wf/javelins/,170,"During the period from <time-start> to <time-end>, was the javelin, defined as a long, pointed weapon typically thrown by hand, present as a military technology in the warfare practices of the Safavids? Please provide your answer strictly as either 'present' or 'absent'."
https://seshat-db.com/api/wf/javelins/,171,"During the period from <time-start> to <time-end>, was the use of javelins as a military technology present or absent in the warfare practices of '<polity>'? Please provide your answer strictly as either 'present' or 'absent', referring to the discussion by Kevah Farrokh in ""Sassanian Elite Cavalry AD 224-642"" published by Osprey Publishing in 2005."
https://seshat-db.com/api/wf/javelins/,172,Was the use of javelins as a military technology present or absent in the warfare practices of '<polity>' during the period from <time-start> to <time-end> according to the information presented in Farrokh (2005)? Please provide your answer as either 'present' or 'absent'.
https://seshat-db.com/api/wf/javelins/,173,"During the period from <time-start> to <time-end>, was the xyston, or javelin, defined as a throwing spear used in warfare, present or absent as a military technology in the warfare practices of '<polity>'? Please provide your answer as either 'present' or 'absent'."
https://seshat-db.com/api/wf/javelins/,174,"During the period from <time-start> to <time-end>, were Ghulam or Mamluk soldiers known to use javelins as part of their battlefield weaponry? Please respond with either 'present' or 'absent'."
https://seshat-db.com/api/wf/javelins/,175,"During the period from <time-start> to <time-end>, was the javelin, defined as a throwing spear, present or absent in the military practices of '<polity>' in the Middle East? Please provide your answer as either 'present' or 'absent'."
https://seshat-db.com/api/wf/javelins/,176,"During the period from <time-start> to <time-end>, was the use of the javelin, a throwing weapon typically used for hunting or as a defensive tool, present or absent in the warfare practices of '<polity>'? Please provide your answer as either 'present' or 'absent', considering its potential role in ancient Middle Eastern warfare."
https://seshat-db.com/api/wf/javelins/,177,"During the period from <time-start> to <time-end> in the context of '<polity>', was the javelin, a throwing weapon used primarily for stabbing in the Middle East, absent or present as a 'military technology during this time? Provide your answer strictly as either 'absent' or 'present'."
https://seshat-db.com/api/wf/javelins/,178,"Question template: During the period from <time-start> to <time-end>, were bone harpoons, specifically the type described by Leverani (2014), used as a military technology in warfare by the ancient peoples of the area covered by <polity>? Please provide your answer as either 'present' or 'absent'."
https://seshat-db.com/api/wf/javelins/,179,"During the period from <time-start> to <time-end>, was bone harpoon, defined as a type of javelin made of bone and used for hunting or warfare, present or absent in the military practices of '<polity>'? Please provide your answer strictly as either 'present' or 'absent'."
https://seshat-db.com/api/wf/javelins/,180,"During the period from <time-start> to <time-end>, was bone harpoon, defined as a type of javelin made of bone and used for hunting or warfare, present or absent as a military technology in the warfare practices of '<polity>? Please note that the information regarding the use of bone harpoons for warfare comes from a military historian and should be taken into consideration while answering this question."
https://seshat-db.com/api/wf/javelins/,181,"During the period from <time-start> to <time-end>, was the javelin, defined as a type of missile weapon, present or absent as a military technology in the warfare practices of '<polity>'? Please respond with either 'present' or 'absent'."
https://seshat-db.com/api/wf/javelins/,182,"Was the javelin, defined as a throwing weapon similar to the Roman iaculum, present as a military technology during the late Bronze Age, specifically between <time-start> and <time-end> in the context of '<polity>? Provide your answer as either 'present' or 'absent'."
https://seshat-db.com/api/wf/javelins/,183,"Was the javelin, defined as a short missile thrown by a hand-held stick or javelin thrower, present or absent as a military technology in the warfare practices of '<polity>' during the period from <time-start> to <time-end>? Please provide your answer strictly as either 'present' or 'absent'."
https://seshat-db.com/api/wf/javelins/,184,"During the period from <time-start> to <time-end>, was the javelin, defined as a throwing spear, present or absent in the warfare practices of '<polity>'? Please respond with either 'present' or 'absent'."
https://seshat-db.com/api/wf/javelins/,185,"During the period from <time-start> to <time-end>, was the javelin, defined as a throwing weapon consisting of a spearhead attached to a wooden shaft, present or absent as a military technology in the warfare practices of '<polity>'? Please provide your answer strictly as either 'present' or 'absent'."
https://seshat-db.com/api/wf/javelins/,186,"During the period from <time-start> to <time-end>, was the javelin, defined as a long, pointed stick thrown by soldiers for hunting or warfare, present or absent as a military technology in the warfare practices of '<polity>'? Please provide your answer strictly as either 'present' or 'absent'."
https://seshat-db.com/api/wf/javelins/,187,"Was the javelin, defined as a spear-like weapon thrown by horse-mounted knights, absent or present in the warfare practices of the Papal States during the period from <time-start> to <time-end>? Provide your answer strictly as either 'absent' or 'present'."
https://seshat-db.com/api/wf/javelins/,188,"During the period from <time-start> to <time-end>, was the javelin, defined as a short, lightweight spear thrown by hand, present or absent as a military technology in the warfare practices of '<polity>'? Please provide your answer as either 'present' or 'absent'."
https://seshat-db.com/api/wf/javelins/,189,"During the period from <time-start> to <time-end>, was the javelin, a type of throwing spear, present or absent as a military technology in the warfare practices of '<polity>'? Please respond with either 'present' or 'absent'."
https://seshat-db.com/api/wf/javelins/,190,"During the period from <time-start> to <time-end>, was the javelin, a throwing spear, present or absent in the warfare strategies of '<polity>'? Please respond with either 'present' or 'absent'."
https://seshat-db.com/api/wf/javelins/,191,"During the period from <time-start> to <time-end>, was the javelin, defined as a long, thin missile thrown by a person or thrown from a sling, present or absent as a military technology in the warfare practices of '<polity>'? Please provide your answer as either 'present' or 'absent'."
https://seshat-db.com/api/wf/javelins/,192,"Was the use of 7ft javelins, also known as ""Javelin"", defined as a type of throwing weapon used by soldiers in ancient warfare, present or absent in the battlefield strategies of '<polity>' between <time-start> and <time-end>? Please provide your answer strictly as either 'present' or 'absent'."
https://seshat-db.com/api/wf/javelins/,193,"During the period from <time-start> to <time-end>, were javelins, defined as heavy throwing spears with a long iron head set in a wooden shaft, present or absent in the combat techniques of '<polity>' used by the hastati and principes in Roman warfare? Please provide your response as either 'present' or 'absent'."
https://seshat-db.com/api/wf/javelins/,194,"During the period from <time-start> to <time-end>, were javelins, defined as short iron-tipped spears thrown by skirmishers, present or absent as a military technology in the warfare practices of '<polity>'? Provide your answer strictly as either 'present' or 'absent'."
https://seshat-db.com/api/wf/javelins/,195,"During the period from <time-start> to <time-end>, was the use of javelins, specifically the light javelin, as a military technology present or absent in the warfare practices of '<polity>'? Provide your answer strictly as either 'present' or 'absent'."
https://seshat-db.com/api/wf/javelins/,196,"Was the javelin, a throwing stick commonly used by ancient soldiers for ranged combat, present or absent in the warfare practices of '<polity>' during the period from <time-start> to <time-end>? Please provide your answer as either 'present' or 'absent'."
https://seshat-db.com/api/wf/javelins/,197,"The absence or presence of javelins as a military technology used in warfare. During the period from <time-start> to <time-end>, was the use of javelins present or absent in the warfare strategies of '<polity>'? Respond with either 'present' or 'absent'."
https://seshat-db.com/api/wf/javelins/,198,"During the period from <time-start> to <time-end>, was the javelin, defined as a spear-like weapon thrown by hand, present or absent in the warfare practices of '<polity>'? Provide your answer strictly as either 'present' or 'absent'."
https://seshat-db.com/api/wf/javelins/,199,"During the period from <time-start> to <time-end>, was the javelin, a throwing weapon, present or absent as a military technology in the warfare practices of '<polity>'? Please provide your answer as either 'present' or 'absent'."
https://seshat-db.com/api/wf/javelins/,200,"During the period from <time-start> to <time-end>, were javelins, defined as thrown spears, present or absent as a military technology in the warfare practices of '<polity>' according to the <i>Ritsuryō</i> codes? Provide your answer strictly as either 'present' or 'absent'."
https://seshat-db.com/api/wf/javelins/,201,"During the period from <time-start> to <time-end>, was the use of javelins as a military technology present or absent in the warfare practices of '<polity>'? Provide your answer strictly as either 'present' or 'absent'."
https://seshat-db.com/api/wf/javelins/,202,Was the javelin absent or present as a military technology in the warfare practices of '<polity>' during the period from <time-start> to <time-end>? Provide your answer strictly as either 'absent' or 'present'.
https://seshat-db.com/api/wf/javelins/,203,"During the period from <time-start> to <time-end>, was the javelin, defined as a long throwing spear, present or absent in the military technology of '<polity>'? Please respond with either 'present' or 'absent'."
https://seshat-db.com/api/wf/javelins/,204,"During the period from <time-start> to <time-end>, was the javelin, a type of throwing weapon, present or absent in the warfare practices of '<polity>'? Please note that there is no archaeological evidence for its use by the Jomon people, and scholarly consensus suggests they were relatively peaceful. Answer with either 'present' or 'absent'."
https://seshat-db.com/api/wf/javelins/,205,"During the period from <time-start> to <time-end>, was the javelin, defined as a spear thrown from a distance, present or absent in the warfare strategies of '<polity>'? Please provide your answer strictly as either 'present' or 'absent'."
https://seshat-db.com/api/wf/javelins/,206,"During the period from <time-start> to <time-end>, was the javelin, a thrown weapon made of wood or stone, absent or present in the military practices of '<polity>'? Please provide your answer strictly as either 'absent' or 'present'."
https://seshat-db.com/api/wf/javelins/,207,"During the period from <time-start> to <time-end>, was the javelin, defined as a lightweight spear, present or absent as a military technology in the warfare practices of '<polity>'? Please provide your answer strictly as either 'present' or 'absent'."
https://seshat-db.com/api/wf/javelins/,208,"During the period from <time-start> to <time-end>, was the javelin present as a military technology in the warfare practices of '<polity>'? Please provide your answer strictly as either 'present' or 'absent'."
https://seshat-db.com/api/wf/javelins/,209,"During the period from <time-start> to <time-end>, was the javelin, a type of throwing spear, present or absent as a military technology in the warfare practices of '<polity>'? Please respond with either 'present' or 'absent'."
https://seshat-db.com/api/wf/javelins/,210,"During the period from <time-start> to <time-end>, was the javelin, defined as a spear used for throwing, present or absent in the warfare practices of '<polity>'? Please provide your answer strictly as either 'present' or 'absent'."
https://seshat-db.com/api/wf/javelins/,211,"During the period from <time-start> to <time-end>, was the use of javelins as a military technology present or absent in the warfare strategies of '<polity>'? Please provide your answer as either 'present' or 'absent'."
https://seshat-db.com/api/wf/javelins/,212,"During the period from <time-start> to <time-end>, was the javelin, a throwing weapon used in warfare, present or absent in the military practices of '<polity>'? Provide your answer strictly as either 'present' or 'absent'."
https://seshat-db.com/api/wf/javelins/,213,"During the period from <time-start> to <time-end>, was the use of javelins as a military technology present or absent in the warfare strategies of '<polity>'? Please respond with either 'present' or 'absent'."
https://seshat-db.com/api/wf/javelins/,214,"During the period from <time-start> to <time-end>, was the use of javelins, defined as spears (possibly handheld but could also be thrown), present or absent as a military technology in the warfare practices of '<polity>'? Provide your answer strictly as either 'present' or 'absent'."
https://seshat-db.com/api/wf/javelins/,215,"During the period from <time-start> to <time-end>, was the use of javelins as a military technology present or absent in the warfare practices of '<polity>' among ghulams or mamluks under the Seljuks? Provide your answer strictly as either 'present' or 'absent'."
https://seshat-db.com/api/wf/javelins/,216,"Was the javelin, defined as a long, slender shaft with a head made of wood, stone, or metal, commonly used by mounted nomadic warriors in the steppe zone between 700 BCE and AD 250? Your answer should be either 'absent' or 'present'."
https://seshat-db.com/api/wf/javelins/,217,"During the period from <time-start> to <time-end>, was the javelin as a weapon system present or absent in the warfare practices of '<polity>'? Please provide your answer strictly as either 'present' or 'absent'."
https://seshat-db.com/api/wf/javelins/,218,"During the period from <time-start> to <time-end>, was the javelin, as a missile weapon used in battle, absent or present in the warfare practices of '<polity>'? Please respond with either 'absent' or 'present'."
https://seshat-db.com/api/wf/javelins/,219,"During the period from <time-start> to <time-end>, was the javelin, a type of missile weapon thrown by hand, present or absent as a military technology in the warfare practices of '<polity>'? Please provide your answer strictly as either 'present' or 'absent'."
https://seshat-db.com/api/wf/javelins/,220,"During the period from <time-start> to <time-end>, was the use of javelins as a military technology present or absent in the warfare strategies of '<polity>'? Respond with either 'present' or 'absent'."
https://seshat-db.com/api/wf/javelins/,221,"During the period from <time-start> to <time-end>, were iron spears and arrowheads, including one found lodged in the spine of a man lying prone, considered a military technology for throwing purposes in the warfare strategies of '<polity>'? Please provide your answer as either 'present' or 'absent'."
https://seshat-db.com/api/wf/javelins/,222,"Was iron javelins, defined as pointed arrows with long shafts, used as a thrown weapon during the period from <time-start> to <time-end> in the warfare strategies of '<polity>'? Provide your answer strictly as either 'present' or 'absent'."
https://seshat-db.com/api/wf/javelins/,223,"Was the use of javelins as a military technology present or absent in the warfare practices of '<polity>' between <time-start> and <time-end>? Please provide your answer as either 'present' or 'absent', considering the evidence of iron spears and arrowheads found in the area supporting the idea of fighting. Note that the use of these spears as thrown weapons is uncertain. [[1](https://books.google.com/books?id=H9jBAAAAMAAJ&pg=PA21)]"
https://seshat-db.com/api/wf/javelins/,224,"During the period from <time-start> to <time-end>, was the javelin, defined as a long, pointed weapon thrown by a soldier, present or absent in the warfare practices of '<polity>'? Provide your answer strictly as either 'present' or 'absent'."
https://seshat-db.com/api/wf/javelins/,225,"During the period from <time-start> to <time-end>, was the javelin present or absent as a military technology in the warfare practices of '<polity>'? Please provide your answer as either 'present' or 'absent'."
https://seshat-db.com/api/wf/javelins/,226,"During the period from <time-start> to <time-end>, was the use of javelins, defined as spears that could be thrown from a chariot, present or absent in the warfare practices of '<polity>'? Provide your answer strictly as either 'present' or 'absent'."
https://seshat-db.com/api/wf/javelins/,227,"During the period from <time-start> to <time-end>, was the javelin, a common weapon in the region, present or absent as a military technology in the warfare practices of '<polity>'? Provide your answer strictly as either 'present' or 'absent'."
https://seshat-db.com/api/wf/javelins/,228,"During the period from <time-start> to <time-end>, was the javelin, defined as a throwing stick or missile weapon, present or absent as a military technology in the warfare practices of '<polity>'? Please provide your answer as either 'present' or 'absent'."
https://seshat-db.com/api/wf/javelins/,229,"During the period from <time-start> to <time-end>, were javelins, defined as throwing spears, present or absent as a conventional weapon in the warfare practices of '<polity>' in pre-colonial West Africa? Provide your answer strictly as either 'present' or 'absent'."
https://seshat-db.com/api/wf/javelins/,230,"During the period from <time-start> to <time-end>, was the javelin, defined as a type of spear, present or absent as a weapon in the warfare practices of '<polity>'? Provide your answer strictly as either 'present' or 'absent'."
https://seshat-db.com/api/wf/javelins/,231,"During the period from <time-start> to <time-end>, was the javelin, defined as a thrown weapon typically consisting of a long stick or pole with a point at one end, used as a hunting tool or for warfare by ancient civilizations such as the Greeks, Romans, and Egyptians? Please respond with either 'present' or 'absent'."
https://seshat-db.com/api/wf/javelins/,232,"During the period from <time-start> to <time-end>, were javelins, as weapons used to acquire food according to Reader 1998, present or absent as a military technology in the warfare practices of '<polity>'? Please provide your answer strictly as either 'present' or 'absent'."
https://seshat-db.com/api/wf/javelins/,233,"During the period from <time-start> to <time-end>, was javelin as a weapon most often used by ""<polity>"" for acquiring food? Provide your answer strictly as either 'present' or 'absent'."
https://seshat-db.com/api/wf/javelins/,234,"During the period from <time-start> to <time-end>, were javelins, defined as throwing spears, present or absent in the weapon systems of '<polity>'? Please provide your answer as either 'present' or 'absent'."
https://seshat-db.com/api/wf/javelins/,235,"During the period from <time-start> to <time-end>, was the javelin, defined as a throwing spear, present or absent in the weaponry of '<polity>' as a primary means of acquiring food? Please respond with either 'present' or 'absent'."
https://seshat-db.com/api/wf/javelins/,236,"During the period from <time-start> to <time-end>, were javelins, defined as long throwing spears typically used for hunting or warfare, present or absent as a weapon in the warfare practices of '<polity>'? Please provide your answer strictly as either 'present' or 'absent'."
https://seshat-db.com/api/wf/javelins/,237,"During the period from <time-start> to <time-end>, was the javelin, defined as a weapon typically consisting of a long rod with a pointed tip and a cord attached at one end, used as a primary offensive tool in warfare by the people of '<polity>'? Please provide your answer as either 'present' or 'absent'."
https://seshat-db.com/api/wf/javelins/,238,"During the period from <time-start> to <time-end>, were hundreds of soldiers carrying bows and javelins, including those used in ceremonial contexts, present as a military technology in the warfare practices of '<polity>'? Provide your answer strictly as either 'present' or 'absent'."
https://seshat-db.com/api/wf/javelins/,239,"During the period from <time-start> to <time-end> in West Africa, was the use of javelins as a conventional weapon present or absent in warfare strategies? Please provide your answer as either 'present' or 'absent'."
https://seshat-db.com/api/wf/javelins/,240,"During the period from <time-start> to <time-end>, was the javelin, defined as a spear that could be thrown or handheld, present or absent as a military technology in the warfare practices of '<polity>'? Please provide your answer strictly as either 'present' or 'absent'."
https://seshat-db.com/api/wf/javelins/,241,"During the period from <time-start> to <time-end>, was the javelin, defined as spears which could be thrown or wielded in close combat, present or absent as a military technology in the warfare practices of '<polity>'? Please provide your answer as either 'present' or 'absent'."
https://seshat-db.com/api/wf/javelins/,242,The absence or presence of javelins as a military technology used in warfare during the period from <time-start> to <time-end> in the context of '<polity>'. Provide your answer strictly as either 'present' or 'absent'.
https://seshat-db.com/api/wf/javelins/,243,"Was the short spear defined as a type of javelin, a thrown weapon, present or absent as a military technology in the warfare practices of the Liao dynasty as described in Huang and Hong (2018)? Please respond with either 'present' or 'absent'."
https://seshat-db.com/api/wf/javelins/,244,"During the period from <time-start> to <time-end>, were there depictions of Mongol soldiers with javelins in the warfare practices of '<polity>'? Answer as 'present' or 'absent'."
https://seshat-db.com/api/wf/javelins/,245,"During the period from <time-start> to <time-end>, was the javelin, defined as a lightweight spear thrown by hand, present or absent as a military technology in the warfare practices of '<polity>'? Provide your answer strictly as either 'present' or 'absent'."
https://seshat-db.com/api/wf/javelins/,246,"During the period from <time-start> to <time-end>, were atlatls, defined as spear-throwing devices used to increase the range and force of a projectile, present or absent in the armies of ""<polity>"" during the reigns of the various minor Khans who ruled after the fall of the Yuan Dynasty in 1455 CE? Please respond with either 'present' or 'absent'."
https://seshat-db.com/api/wf/javelins/,247,"During the period from 1400 CE to 1500 CE, was javelin use as a military technology present or absent among the Late Mongol cavalry of '<polity>'? Provide your answer strictly as either 'present' or 'absent'."
https://seshat-db.com/api/wf/javelins/,248,"During the period from <time-start> to <time-end>, was the use of javelins as a military technology present or absent in the warfare practices of '<polity>' by Late Mongol cavalry? Please provide your answer as either 'present' or 'absent'."
https://seshat-db.com/api/wf/javelins/,249,"During the period from <time-start> to <time-end>, was the javelin, defined as a long, pointed weapon used in combat, present or absent as a military technology in the warfare practices of '<polity>'? Please respond with either 'present' or 'absent'."
https://seshat-db.com/api/wf/javelins/,250,"During the period from <time-start> to <time-end>, was the javelin present or absent as a military technology in the warfare practices of '<polity>'? Provide your answer strictly as either 'present' or 'absent'."
https://seshat-db.com/api/wf/javelins/,251,"During the period from <time-start> to <time-end>, was the javelin, defined as a throwing stick or dart with a sharpened point, present or absent as a military technology in the warfare practices of '<polity>'? Provide your answer strictly as either 'present' or 'absent'."
https://seshat-db.com/api/wf/javelins/,252,"Was the javelin, defined as a throwing stick with a sharpened tip used for hunting and warfare, present or absent as a military technology in the warfare practices of '<polity>' during the period from <time-start> to <time-end>? Please provide your answer strictly as either 'present' or 'absent'."
https://seshat-db.com/api/wf/javelins/,253,"During the period from <time-start> to <time-end>, was the javelin, defined as a long throwing weapon with a sharpened head, present or absent as a military technology in the warfare practices of '<polity>'? Please provide your answer strictly as either 'present' or 'absent'."
https://seshat-db.com/api/wf/javelins/,254,The use of javelins as a military technology during the period from <time-start> to <time-end> in the warfare practices of '<polity>' was <answer>.
https://seshat-db.com/api/wf/javelins/,255,"During the period from <time-start> to <time-end>, was the javelin, defined as a throwing weapon, present or absent in the warfare strategies of '<polity>'? Respond with either 'present' or 'absent'."
https://seshat-db.com/api/wf/javelins/,256,"During the period from <time-start> to <time-end>, was the javelin, defined as a long, thin spear thrown by a soldier, present or absent in the warfare strategies of '<polity>'? Please provide your answer as either 'present' or 'absent'."
https://seshat-db.com/api/wf/javelins/,257,"During the period from <time-start> to <time-end>, was the javelin, defined as a short spear thrown by hand, present or absent as a military technology in the warfare practices of '<polity>'? Provide your answer strictly as either 'present' or 'absent'."
https://seshat-db.com/api/wf/javelins/,258,"Was javelin, defined as a spear used for hunting or warfare, present or absent as a military technology in the warfare practices of '<polity>' between <time-start> and <time-end>? Please provide your answer strictly as either 'present' or 'absent'."
https://seshat-db.com/api/wf/javelins/,259,"Was javelin, defined as clubs, bows and arrows, and spears, most commonly used to acquire food in the warfare practices of '<polity>' during the period from <time-start> to <time-end>? Please respond with either 'most commonly used' or 'not most commonly used'."
https://seshat-db.com/api/wf/javelins/,260,"During the period from <time-start> to <time-end>, were javelins, defined as thrown spears, present or absent as a military technology in the warfare practices of '<polity>'? Please provide your answer strictly as either 'present' or 'absent'."
https://seshat-db.com/api/wf/javelins/,261,"During the period from <time-start> to <time-end>, were javelins, defined as pointed wooden spears, present or absent in the warfare practices of '<polity>'? Please provide your answer strictly as either 'present' or 'absent'."
https://seshat-db.com/api/wf/javelins/,262,"During the period from <time-start> to <time-end>, was the javelin, defined as a thrown stick weapon, present or absent in the warfare practices of '<polity>'? Please note that the available archaeological evidence suggests that there may be preservation bias that has resulted in the lack of documentation of javelins for this period. Provide your answer strictly as either 'present' or 'absent'."
https://seshat-db.com/api/wf/javelins/,263,"During the period from <time-start> to <time-end>, was the javelin, defined as a type of missile weapon, present or absent in the warfare practices of '<polity>'? Please provide your answer as either 'present' or 'absent', taking into account the limited archaeological evidence available for this time period."
https://seshat-db.com/api/wf/javelins/,264,"During the period from <time-start> to <time-end>, were javelins, a type of lightweight missile weapon consisting of a pointed shaft with a short handle, present or absent in the warfare practices of '<polity>'? Please provide your answer strictly as either 'present' or 'absent'."
https://seshat-db.com/api/wf/javelins/,265,"During the period from <time-start> to <time-end>, was javelin, defined as any weapon other than obsidian swords, bows and arrows, slings, spears and atlatls, present or absent in the warfare practices of '<polity>'? Please provide your answer as either 'present' or 'absent'."
https://seshat-db.com/api/wf/javelins/,266,"During the period from <time-start> to <time-end>, was javelin, defined as a throwing stick used as a weapon, present or absent in the warfare practices of '<polity>'? Please provide your answer strictly as either 'present' or 'absent'."
https://seshat-db.com/api/wf/javelins/,267,"During the period from <time-start> to <time-end>, was the javelin as a military technology present or absent in the warfare practices of '<polity>'? Please provide your answer strictly as either 'present' or 'absent'."
https://seshat-db.com/api/wf/javelins/,268,"During the period from <time-start> to <time-end>, was the javelin, an arrow-like missile thrown by a wrist-mounted throwing arm called a ""javelina,"" present or absent as a military technology in the warfare practices of '<polity>'? Please provide your answer strictly as either 'present' or 'absent'."
https://seshat-db.com/api/wf/javelins/,269,"During the period from <time-start> to <time-end>, was the javelin, defined as a thrown spear, present or absent in the warfare practices of '<polity>'? Provide your answer strictly as either 'present' or 'absent'."
https://seshat-db.com/api/wf/javelins/,270,"Was the javelin, defined as a type of weapon used in warfare, present or absent in warfare in Mesoamerica during the period from c.4000 BCE to c.200 CE? Provide your answer strictly as either 'present' or 'absent'."
https://seshat-db.com/api/wf/javelins/,271,"During the period from <time-start> to <time-end>, was the javelin, defined as a throwing spear, a primary combat weapon in the Late Formative situation as it spread throughout Mesoamerica? Answer as either 'present' or 'absent'."
https://seshat-db.com/api/wf/javelins/,272,"During the period from <time-start> to <time-end>, was the use of javelins, defined as small throwing weapons made of wood or bone, present or absent in warfare among ancient Mesoamerican societies? Please provide your answer strictly as either 'present' or 'absent'."
https://seshat-db.com/api/wf/javelins/,273,"During the period from <time-start> to <time-end>, was the javelin, a throwing weapon consisting of a pointed stick or rod, present or absent as a military technology in the warfare practices of '<polity>'? Please provide your answer strictly as either 'present' or 'absent'."
https://seshat-db.com/api/wf/javelins/,274,"During the period from <time-start> to <time-end> in Mesoamerica, was the javelin, defined as a short, pointed throwing stick, present or absent as a military technology used in warfare? Please provide your answer strictly as either 'present' or 'absent'."
https://seshat-db.com/api/wf/javelins/,275,"During the Classic period of <polity>, was the javelin, defined as a long throwing stick with a head attached at one end, present or absent as a military technology in the warfare practices of '<polity>? Provide your answer strictly as either 'present' or 'absent'."
https://seshat-db.com/api/wf/javelins/,276,"During the period from <time-start> to <time-end>, were javelins, defined as short, light, and pointed spears used in warfare, present or absent in the warfare practices of '<polity>'? Please provide your answer strictly as either 'present' or 'absent'."
https://seshat-db.com/api/wf/javelins/,277,"During the period from <time-start> to <time-end>, were javelins, defined as throwing sticks or darts, present or absent as a military technology in the warfare practices of '<polity>'? Provide your answer strictly as either 'present' or 'absent'."
https://seshat-db.com/api/wf/javelins/,278,"During the period from <time-start> to <time-end>, were javelins present or absent as a military technology in the warfare practices of '<polity>'? Please provide your answer strictly as either 'present' or 'absent', considering that the archaeological record only mentions the atlatl and spears for this period, but there may be other weapons available that have not been preserved."
https://seshat-db.com/api/wf/javelins/,279,"During the period from <time-start> to <time-end>, was the javelin, which is not mentioned in detailed descriptions and lists of Toltec weaponry, present or absent as a military technology in the warfare practices of '<polity>'? Please provide your answer strictly as either 'present' or 'absent'."
https://seshat-db.com/api/wf/javelins/,280,"During the period from <time-start> to <time-end>, was the javelin, defined as a short, lightweight spear thrown by hand, present or absent as a military technology in the warfare practices of '<polity>'? Provide your answer strictly as either 'present' or 'absent'."
https://seshat-db.com/api/wf/javelins/,281,"Was the use of javelins, as a throwing weapon used for ranged combat, present or absent in the warfare practices of '<polity>' during the period from <time-start> to <time-end>? Please provide your answer strictly as either 'present' or 'absent'."
https://seshat-db.com/api/wf/javelins/,282,"Was the javelin, defined as a long, pointed weapon thrown by hand, used as a military technology in warfare during the period from <time-start> to <time-end> in the context of '<polity>? Please provide your answer as either 'present' or 'absent'."
https://seshat-db.com/api/wf/javelins/,283,"During the period from <time-start> to <time-end>, was the javelin, defined as a short, lightweight spear used as a throwing weapon, present or absent as a military technology in the warfare practices of '<polity>'? Please provide your answer strictly as either 'present' or 'absent'."
https://seshat-db.com/api/wf/javelins/,284,"During the period from <time-start> to <time-end>, was the javelin as a military technology present or absent in the warfare practices of '<polity>'? Provide your answer strictly as either 'present' or 'absent'."
https://seshat-db.com/api/wf/javelins/,285,"During the period from <time-start> to <time-end>, was the javelin, a long, thin missile thrown by a spearman or archer, used as a military technology in the warfare practices of '<polity>'? Please respond with either 'present' or 'absent'."
https://seshat-db.com/api/wf/javelins/,286,"Was the javelin, defined as a long, pointed weapon thrown by a single person, used in warfare during the period from <time-start> to <time-end> in the context of '<polity>? Please provide your answer as either 'present' or 'absent'."
https://seshat-db.com/api/wf/javelins/,287,"Was the javelin, defined as a thrown spear used with atlatls, present or absent in the warfare practices of '<polity>' during the period from <time-start> to <time-end>? Provide your answer strictly as either 'present' or 'absent'."
https://seshat-db.com/api/wf/javelins/,288,"During the period from <time-start> to <time-end>, was the javelin as described by Williams and Murray present or absent as a military technology in the warfare practices of '<polity>'? Provide your answer strictly as either 'present' or 'absent'."
https://seshat-db.com/api/wf/javelins/,289,"During the period from <time-start> to <time-end>, was the javelin, as described in the passage provided by Williams and Murray, present or absent in the warfare practices of '<polity>'? Please respond with either 'present' or 'absent'."
https://seshat-db.com/api/wf/javelins/,290,"During the period from <time-start> to <time-end>, was the javelin, a type of missile weapon, present or absent in the warfare practices of '<polity>'? Provide your answer strictly as either 'present' or 'absent'."
https://seshat-db.com/api/wf/javelins/,291,"During the period from <time-start> to <time-end>, was the javelin, defined as a pointed throwing weapon, present or absent as a military technology in the warfare practices of '<polity>'? Please provide your answer as either 'present' or 'absent'. Note that there is no mention of javelins specifically in the detailed descriptions or lists of finds from Mehrgarh, suggesting limited representation of war technology during this time. However, it is important to note that this information may not be entirely comprehensive and other sources may provide different insights. (References: Kenoyer 1991; Petrie, C.A. (in press))"
https://seshat-db.com/api/wf/javelins/,292,"During the period from <time-start> to <time-end>, was the use of javelins as a military technology present or absent in the warfare practices of '<polity>'? Provide your answer strictly as either 'present' or 'absent'."
https://seshat-db.com/api/wf/javelins/,293,"During the period from <time-start> to <time-end>, were javelins, inferred from depictions of Greek soldiers showing them carrying them, present or absent in the military tactics of '<polity>'? Please respond with either 'present' or 'absent'."
https://seshat-db.com/api/wf/javelins/,294,"During the period from <time-start> to <time-end>, was the javelin absent or present as a military technology in the warfare practices of '<polity>'? Please provide your answer strictly as either 'absent' or 'present'."
https://seshat-db.com/api/wf/javelins/,295,"During the period from <time-start> to <time-end>, was the javelin, defined as a lightweight missile thrown by hand, present or absent in the weapon arsenal of '<polity>'? Please provide your answer strictly as either 'present' or 'absent'."
https://seshat-db.com/api/wf/javelins/,296,"Was the use of javelins, defined as throwing weapons typically made of iron or bronze and ranging from arrows to spears, present in the military technology of King Stabrobates's polity on the Kachi Plain during the period from <time-start> to <time-end>? Provide your answer strictly as either 'present' or 'absent'."
https://seshat-db.com/api/wf/javelins/,297,"Was the use of javelins, defined as throwing weapons typically made of iron or bronze and thrown by hand, present or absent in the military technologies of the polity controlled by King Stabrobates during the period from <time-start> to <time-end> in the Kachi Plain? Please provide your answer as either 'present' or 'absent'."
https://seshat-db.com/api/wf/javelins/,298,"During the period from <time-start> to <time-end>, was the javelin, a type of throwing spear, present or absent as a military technology in the warfare practices of '<polity>' according to the sources cited in Abraham Eraly's book ""The Age of Wrath""? Provide your answer strictly as either 'present' or 'absent'."
https://seshat-db.com/api/wf/javelins/,299,Was the use of javelins as a military technology present or absent among the Samma during the period from <time-start> to <time-end>? Provide your answer strictly as either 'present' or 'absent'.
https://seshat-db.com/api/wf/javelins/,300,"During the period from <time-start> to <time-end>, was the javelin, defined as a thrown weapon consisting of a metal head attached to a shaft, present or absent in the warfare practices of '<polity>'? Provide your answer strictly as either 'present' or 'absent'."
https://seshat-db.com/api/wf/javelins/,301,Was the use of javelins as a military technology present or absent in the warfare practices of '<polity>' during the period from <time-start> to <time-end>? Provide your answer strictly as either 'present' or 'absent'.
https://seshat-db.com/api/wf/javelins/,302,"During the period from <time-start> to <time-end>, were javelins, described as long, thin arrows thrown from a distance, present or absent as a military technology in the warfare practices of '<polity>'? Please provide your answer as either 'present' or 'absent'."
https://seshat-db.com/api/wf/javelins/,303,"Was the use of javelins, defined as pointed throwing spears, present or absent in the warfare practices of the foreign Tungus tribes at the mouth of the Okhta River as described by Semen Epishev in 1652? Provide your answer strictly as either 'present' or 'absent'."
https://seshat-db.com/api/wf/javelins/,304,"During the period from <time-start> to <time-end>, were javelins common as a military technology in the warfare practices of '<polity>'? Provide your answer strictly as either 'present' or 'absent'."
https://seshat-db.com/api/wf/javelins/,305,"During the period from <time-start> to <time-end>, was the javelin, defined as a spear-like weapon thrown by hand, present or absent as a military technology in the warfare practices of '<polity>'? Please provide your answer strictly as either 'present' or 'absent'."
https://seshat-db.com/api/wf/javelins/,306,"During the period from <time-start> to <time-end>, was the javelin present as a military technology in the warfare practices of '<polity>'? Provide your answer strictly as either 'present' or 'absent'."
https://seshat-db.com/api/wf/javelins/,307,"During the period from <time-start> to <time-end>, was the use of javelins present or absent in the warfare strategies of '<polity>'? Respond with either 'present' or 'absent'."
https://seshat-db.com/api/wf/javelins/,308,"During the period from <time-start> to <time-end>, was the javelin, defined as a lightweight spear thrown by hand, present or absent as a military technology in the warfare practices of '<polity>'? Provide your answer strictly as either 'present' or 'absent'."
https://seshat-db.com/api/wf/javelins/,309,"During the period from <time-start> to <time-end>, was the javelin, a throwing weapon typically made of wood or metal, present or absent as a military technology in the warfare practices of '<polity>? Provide your answer strictly as either 'present' or 'absent'."
https://seshat-db.com/api/wf/javelins/,310,"During the period from <time-start> to <time-end>, was the use of javelins as a military technology present or absent in the warfare practices of '<polity>'? Please provide your answer strictly as either 'present' or 'absent'."
https://seshat-db.com/api/wf/javelins/,311,"During the period from <time-start> to <time-end>, was the javelin, referred to by Gaebel as a possible weapon carried by Hittite chariots, present or absent as a military technology in the warfare practices of '<polity>'? Please provide your answer strictly as either 'present' or 'absent'."
https://seshat-db.com/api/wf/javelins/,312,"During the period from <time-start> to <time-end>, were javelins present as a military technology in the warfare practices of '<polity>'? Provide your answer strictly as either 'present' or 'absent'."
https://seshat-db.com/api/wf/javelins/,313,"During the period from <time-start> to <time-end>, was the bone javelin, a type of harpoon weapon, present or absent in the warfare practices of '<polity>'? Provide your answer strictly as either 'present' or 'absent'."
https://seshat-db.com/api/wf/javelins/,314,"Was bone harpoon, defined as a hunting tool or potential weapon, present or absent as a military technology in the warfare practices of '<polity>' during the period from <time-start> to <time-end>? Provide your answer strictly as either 'present' or 'absent'."
https://seshat-db.com/api/wf/javelins/,315,"During the period from <time-start> to <time-end>, were javelins, defined as long throwing weapons commonly used by medieval armies, present or absent as a military technology in the warfare practices of '<polity>'? Please provide your answer strictly as either 'present' or 'absent'."
https://seshat-db.com/api/wf/javelins/,316,"During the period from <time-start> to <time-end>, was the javelin, as a throwing weapon, present or absent in the warfare practices of '<polity>'? Provide your answer strictly as either 'present' or 'absent'."
https://seshat-db.com/api/wf/javelins/,317,"During the period from <time-start> to <time-end>, was the javelin present as a military technology in the warfare practices of '<polity>' according to the source cited by Preiser-Kapeller (2015)? Please provide your answer strictly as either 'present' or 'absent'."
https://seshat-db.com/api/wf/javelins/,318,"During the period from <time-start> to <time-end>, were bone harpoons commonly used as a military technology for warfare in '<polity>'? Please respond with either 'present' or 'absent'."
https://seshat-db.com/api/wf/javelins/,319,"During the period from <time-start> to <time-end>, were bone harpoons used for warfare or hunting by the people of '<polity>'? Respond with either 'warfare' or 'hunting'. It is unclear whether they were specifically designed for or in active use for warfare. §REF§(Leverani 2014, 36) Liverani, Mario. Tabatabai, Soraia trans. 2014. The Ancient Near East. History, society and economy. Routledge. London."
https://seshat-db.com/api/wf/javelins/,320,"During the period from <time-start> to <time-end>, was the javelin, defined as a pointed spear thrown by a person, present or absent as a military technology in the warfare practices of '<polity>'? Provide your answer strictly as either 'present' or 'absent'."
https://seshat-db.com/api/wf/javelins/,321,"During the period from <time-start> to <time-end>, were javelins present as a military technology in the weaponry of light infantry in '<polity>'? Provide your answer strictly as either 'present' or 'absent'."
https://seshat-db.com/api/wf/javelins/,322,"During the period from <time-start> to <time-end>, were javelins carried by chariots and used as a military technology in the warfare practices of '<polity>'? Provide your answer strictly as either 'present' or 'absent'."
https://seshat-db.com/api/wf/javelins/,323,"During the period from <time-start> to <time-end>, were javelins, as weapons carried by chariots and possibly also used by archers in the ancient Hittite empire, present or absent in the warfare strategies of '<polity>? Please provide your answer as either 'present' or 'absent'."
https://seshat-db.com/api/wf/javelins/,324,"During the period from <time-start> to <time-end>, were javelins, referred to as Gaebel, present as part of the equipment carried by Hittite chariots as mentioned by Robert E. Gaebel in his work ""Cavalry Operations in the Ancient Greek World""? Please provide your answer strictly as either 'present' or 'absent'."
https://seshat-db.com/api/wf/javelins/,325,"During the period from <time-start> to <time-end>, was the javelin, defined as a throwing stick used in warfare, absent or present in the city of Sardis, ruled by Croesus according to Herodotus? Answer strictly as 'absent' or 'present'."
https://seshat-db.com/api/wf/javelins/,326,"During the period from <time-start> to <time-end>, were Odrysian Cavalry javelins, defined as 1.5 to 1.8 meters in length with iron or bronze-tipped heads, present as a military technology in the warfare practices of '<polity>'? Provide your answer strictly as either 'present' or 'absent'."
https://seshat-db.com/api/wf/javelins/,327,"During the period from <time-start> to <time-end>, were bone harpoons found for this time used as javelins in warfare by humans in '<polity>'? Provide your answer strictly as either 'present' or 'absent'."
https://seshat-db.com/api/wf/javelins/,328,"During the period from <time-start> to <time-end>, was bone harpoon, defined as a tool made of sharpened animal bones used for fishing or hunting, also used as a weapon in warfare by humans in the region of '<polity>'? Please respond with either 'present' or 'absent'."
https://seshat-db.com/api/wf/javelins/,329,"Was the use of bone harpoons as a javelin, defined as a pointed weapon thrown by hand, present or absent in the warfare practices of '<polity>' between <time-start> and <time-end>? Please provide your answer as either 'present' or 'absent'."
https://seshat-db.com/api/wf/javelins/,330,"During the period from <time-start> to <time-end>, were javelins carried by Hittite chariots as a military technology in their warfare strategies? Please provide your answer as either 'present' or 'absent'."
https://seshat-db.com/api/wf/javelins/,331,"During the period from <time-start> to <time-end>, were javelins, defined as short throwing spears, present or absent as a military technology in the warfare practices of '<polity>'? Provide your answer strictly as either 'present' or 'absent'."
https://seshat-db.com/api/wf/javelins/,332,Was the use of javelins as a military technology present or absent in the training and weaponry of '<polity>' during the period from <time-start> to <time-end>? Answer with either 'present' or 'absent'.
https://seshat-db.com/api/wf/javelins/,333,"During the period from <time-start> to <time-end>, were Javelins, a type of spear commonly used by early Janissaries, present or absent in the warfare practices of '<polity>? Please provide your answer as either 'present' or 'absent'."
https://seshat-db.com/api/wf/javelins/,334,"During the period from <time-start> to <time-end>, was the use of javelins as a military technology present or absent in the warfare practices of '<polity>'? Please provide your answer strictly as either 'present' or 'absent'."
https://seshat-db.com/api/wf/javelins/,335,"During the period from <time-start> to <time-end>, were javelins carried by chariots in the warfare practices of '<polity>'? Please provide your answer strictly as either 'present' or 'absent'."
https://seshat-db.com/api/wf/javelins/,336,"During the period from <time-start> to <time-end>, was the javelin, defined as a type of throwing spear, present or absent as a military technology in the warfare practices of '<polity>'? Provide your answer strictly as either 'present' or 'absent'."
https://seshat-db.com/api/wf/javelins/,337,"During the period from <time-start> to <time-end>, were javelins used by the Ghulam or Mamluk warriors of '<polity>' as a military technology? Provide your answer as either 'present' or 'absent'."
https://seshat-db.com/api/wf/javelins/,338,"During the period from <time-start> to <time-end>, were javelins carried by Hittite chariots as part of their armament as described by Gaebel? Answer with either 'present' or 'absent'."
https://seshat-db.com/api/wf/javelins/,339,"During the period from <time-start> to <time-end>, was the javelin, a throwing weapon consisting of a long shaft with a pointed tip attached to the end, present or absent as a military technology in the warfare practices of '<polity>'? Please provide your answer as either 'present' or 'absent'."
https://seshat-db.com/api/wf/javelins/,340,"During the period from <time-start> to <time-end> in the context of '<polity>', was the javelin, defined as a pointed missile weapon typically thrown or launched by hand, absent or present as a military technology during this time? Provide your answer strictly as either 'absent' or 'present'."
https://seshat-db.com/api/wf/javelins/,341,"During the period from <time-start> to <time-end>, was the javelin, defined as a throwing weapon typically made of wood or metal, present or absent as a military technology in the warfare practices of '<polity>'? Provide your answer strictly as either 'present' or 'absent'."
https://seshat-db.com/api/wf/javelins/,342,"During the period from <time-start> to <time-end>, was the use of javelins as a military technology present or absent in the warfare practices of '<polity>'? Provide your answer strictly as either 'present' or 'absent'."
https://seshat-db.com/api/wf/javelins/,343,"During the period from <time-start> to <time-end>, were javelins used as a military technology in warfare by '<polity>'? Please respond with either 'present' or 'absent'."
https://seshat-db.com/api/wf/javelins/,344,"Was the javelin, defined as a throwing spear, present or absent as a military technology in the warfare practices of '<polity>' during the period from <time-start> to <time-end>? Provide your answer strictly as either 'present' or 'absent'."
https://seshat-db.com/api/wf/javelins/,345,"Was the javelin, a thrown spear, present or absent as a military technology in warfare by'<polity>' between <time-start> and <time-end>? Please provide your answer as either 'present' or 'absent'."
https://seshat-db.com/api/wf/javelins/,346,"During the period from <time-start> to <time-end>, was the javelin, defined as a throwing stick or dart, present or absent as a primary weapon in the warfare practices of '<polity>? Provide your answer strictly as either 'present' or 'absent', acknowledging the previous knowledge provided about the shift towards the bow in the region around 300-400 CE."
https://seshat-db.com/api/wf/javelins/,347,"During the period from <time-start> to <time-end>, was the javelin, a throwing weapon typically made of wood or metal, present or absent as a military technology in the warfare practices of '<polity>'? Please provide your answer as either 'present' or 'absent'."
https://seshat-db.com/api/wf/javelins/,348,"During the period from <time-start> to <time-end>, was the use of javelins as a military technology present or absent in the warfare practices of '<polity>'? Please provide your answer strictly as either 'present' or 'absent'."
https://seshat-db.com/api/wf/javelins/,349,"During the period from <time-start> to <time-end>, was the javelin, which was the primary weapon in this region before the introduction of the bow around 300-400 CE, present or absent as a military technology in the warfare practices of '<polity>'? Please provide your answer strictly as either 'present' or 'absent'."
https://seshat-db.com/api/wf/javelins/,350,"During the period from <time-start> to <time-end>, was the javelin, defined as a long, pointed weapon thrown by hand, present or absent as a military technology in the warfare practices of '<polity>'? Provide your answer strictly as either 'present' or 'absent'."
https://seshat-db.com/api/wf/javelins/,351,"Was the javelin, defined as a pointed weapon thrown by hand, present or absent as a military technology in warfare in the region between <time-start> and <time-end> in '<polity>'? Provide your answer strictly as either 'present' or 'absent'."
https://seshat-db.com/api/wf/javelins/,352,"During the period from <time-start> to <time-end>, was the javelin as a military technology present or absent in the warfare practices of '<polity>'? Please provide your answer strictly as either 'present' or 'absent'."
https://seshat-db.com/api/wf/javelins/,353,"Was the javelin, defined as a long, thin missile thrown by hand, present or absent as a military technology in the warfare practices of '<polity>' during the period from <time-start> to <time-end>? Please provide your answer strictly as either 'present' or 'absent'."
https://seshat-db.com/api/wf/javelins/,354,"During the period from <time-start> to <time-end>, was the javelin, defined as a long, pointed throwing stick used as a ranged weapon, present or absent as a military technology in the warfare practices of '<polity>'? Provide your answer strictly as either 'present' or 'absent'."
https://seshat-db.com/api/wf/javelins/,355,"Was the javelin, defined as a spear-throwing weapon, present or absent as a military technology in the warfare practices of '<polity>' during the period from <time-start> to <time-end>? Please provide your answer as either 'present' or 'absent'."
https://seshat-db.com/api/wf/javelins/,356,"Was the use of Janid Dynasty's horsemen armed with traditional Central Asian-type javelins, which were specifically designed to be thrown in battle, present or absent in the warfare practices of the Janid Dynasty's kingdom of Bukhara during the period from <time-start> to <time-end>? Please provide your answer as either 'present' or 'absent'."
https://seshat-db.com/api/wf/javelins/,357,"During the period from <time-start> to <time-end>, was javelin, defined as a type of missile weapon typically thrown by foot soldiers or mounted archers, present or absent as a military technology in the warfare practices of '<polity>'? Provide your answer strictly as either 'present' or 'absent'."
https://seshat-db.com/api/wf/javelins/,358,The absence or presence of javelins as a military technology used in warfare was <answer> between <time-start> and <time-end> in the context of '<polity>'. Please respond with either 'absent' or 'present'.
https://seshat-db.com/api/wf/javelins/,359,"Was the use of javelins, defined as a short, light spear, present or absent as a military technology under the Seljuks and later periods, including the Ghulams and Mamluks, in the warfare practices of '<polity>' during the period from <time-start> to <time-end>? Provide your answer strictly as either 'present' or 'absent'."
https://seshat-db.com/api/wf/javelins/,360,"During the period from <time-start> to <time-end>, were javelins present or absent as a military technology in the warfare practices of '<polity>'? Please provide your answer strictly as either 'present' or 'absent'."
https://seshat-db.com/api/wf/javelins/,361,"Was the javelin, defined as a short, light spear, used primarily for hunting or as a ranged weapon during the period from <time-start> to <time-end> in the warfare practices of '<polity>? Provide your answer strictly as either 'primarily hunting' or 'ranged weapon'."
https://seshat-db.com/api/wf/javelins/,362,"During the period from <time-start> to <time-end>, was the javelin, defined as a spear that could be used as both a projectile and a thrusting implement, present or absent as a military technology in the warfare practices of '<polity>'? Please provide your answer strictly as either 'present' or 'absent'."
https://seshat-db.com/api/wf/javelins/,363,"During the period from <time-start> to <time-end>, was the javelin, defined as a spear that could serve as both a projectile and a thrusting implement, present or absent as a military technology in the warfare practices of '<polity>'? Please provide your answer strictly as either 'present' or 'absent'."
https://seshat-db.com/api/wf/javelins/,364,"During the period from <time-start> to <time-end>, were javelins, as depicted in rock-art from North Yemeni Late Neolithic and Bronze Age, present or absent as a military technology in the warfare practices of '<polity>'? Please provide your answer strictly as either 'present' or 'absent'. Note: This question is based on information provided in Jung (1991), which suggests that javelins may not have been prominently featured in depictions of warriors in this region during this time period. However, it does not rule out their presence entirely."
https://seshat-db.com/api/wf/javelins/,365,"During the period from <time-start> to <time-end>, were javelins present or absent as a military technology in the warfare practices of '<polity>'? Provide your answer strictly as either 'present' or 'absent'. Note that while there is no direct evidence of javelins being used in North Yemeni rock-art from the Late Neolithic and Bronze Age, as discussed by Jung (1991), it cannot be ruled out completely and further research may provide additional information."
https://seshat-db.com/api/wf/javelins/,366,"Was the javelin, defined as a long, pointed weapon thrown by hand, present or absent as a military technology in the warfare practices of '<polity>' during the period from <time-start> to <time-end>? Please provide your answer strictly as either 'present' or 'absent'."
https://seshat-db.com/api/wf/javelins/,367,"During the period from <time-start> to <time-end>, was the javelin, as defined by Sedov (pers. comm. to E. Cioni: September 2019), present or absent as a military technology in the warfare practices of '<polity>'? Please provide your answer strictly as either 'present' or 'absent'."
https://seshat-db.com/api/wf/javelins/,368,"Was the javelin, a type of throwing weapon commonly used by medieval armies, present or absent in the warfare strategies of the Ayyubid Sultanate, which ruled Yemen from 1175 to 1128 CE? Please provide your answer as either 'present' or 'absent'."
https://seshat-db.com/api/wf/javelins/,369,"During the period from <time-start> to <time-end>, was the javelin, as described by Sedov (<ref>), present or absent in the warfare strategies of '<polity>'? Please provide your answer strictly as either 'present' or 'absent'."
https://seshat-db.com/api/wf/javelins/,370,"During the period from <time-start> to <time-end>, were javelins used by the Ayyubid Sultanate as a military technology? Provide your answer strictly as either 'present' or 'absent'."
https://seshat-db.com/api/wf/javelins/,371,"During the period from <time-start> to <time-end>, were African mercenaries and/or Sudanic cavalry known to have used double-bladed lances, spears, and javelins in warfare as part of the military technology employed by the Sulayhids in '<polity>'? Please provide your answer as either 'present' or 'absent'."
https://seshat-db.com/api/wf/javelins/,372,"During the period from <time-start> to <time-end>, was the javelin, code inferred from the Abbasid Caliphate, which occupied Yemen between 751-868 CE, present or absent as a military technology in the warfare practices of '<polity>'? Provide your answer strictly as either 'present' or 'absent'."
