2026-06-30 20:12:20,088 [INFO] Starting question generation for sc/fictions.
2026-06-30 20:12:20,088 [INFO] 

Generating questions for dataset at endpoint: fictions
2026-06-30 20:12:20,089 [INFO] ... (more hidden) ...
2026-06-30 20:12:20,090 [WARNING] Warning: No endpoint provided for question type remapping.
2026-06-30 20:12:20,090 [WARNING] Skipping QuestionType.RANGE due to filter settings.
2026-06-30 20:12:20,091 [WARNING] Warning: No endpoint provided for question type remapping.
2026-06-30 20:12:20,091 [WARNING] Skipping QuestionType.RANGE due to filter settings.
2026-06-30 20:12:20,091 [WARNING] Warning: No endpoint provided for question type remapping.
2026-06-30 20:12:20,091 [WARNING] Skipping QuestionType.RANGE due to filter settings.
2026-06-30 20:12:20,091 [WARNING] Warning: No endpoint provided for question type remapping.
2026-06-30 20:12:20,092 [WARNING] Skipping QuestionType.RANGE due to filter settings.
2026-06-30 20:12:20,092 [WARNING] Warning: No endpoint provided for question type remapping.
2026-06-30 20:12:20,092 [WARNING] Skipping QuestionType.RANGE due to filter settings.
2026-06-30 20:12:20,092 [WARNING] Warning: No endpoint provided for question type remapping.
2026-06-30 20:12:20,092 [WARNING] Skipping QuestionType.RANGE due to filter settings.
2026-06-30 20:12:20,092 [WARNING] Warning: No endpoint provided for question type remapping.
2026-06-30 20:12:20,093 [WARNING] Skipping QuestionType.RANGE due to filter settings.
2026-06-30 20:12:20,093 [WARNING] Warning: No endpoint provided for question type remapping.
2026-06-30 20:12:20,093 [WARNING] Skipping QuestionType.RANGE due to filter settings.
2026-06-30 20:12:20,093 [WARNING] Warning: No endpoint provided for question type remapping.
2026-06-30 20:12:20,094 [WARNING] Skipping QuestionType.RANGE due to filter settings.
2026-06-30 20:12:20,094 [WARNING] Warning: No endpoint provided for question type remapping.
2026-06-30 20:12:20,094 [WARNING] Skipping QuestionType.RANGE due to filter settings.
2026-06-30 20:12:20,094 [WARNING] Warning: No endpoint provided for question type remapping.
2026-06-30 20:12:20,095 [WARNING] Skipping QuestionType.RANGE due to filter settings.
2026-06-30 20:12:20,095 [WARNING] Warning: No endpoint provided for question type remapping.
2026-06-30 20:12:20,095 [WARNING] Skipping QuestionType.RANGE due to filter settings.
2026-06-30 20:12:20,095 [WARNING] Warning: No endpoint provided for question type remapping.
2026-06-30 20:12:20,096 [WARNING] Skipping QuestionType.RANGE due to filter settings.
2026-06-30 20:12:20,096 [WARNING] Warning: No endpoint provided for question type remapping.
2026-06-30 20:12:20,096 [WARNING] Skipping QuestionType.RANGE due to filter settings.
2026-06-30 20:12:20,096 [WARNING] Warning: No endpoint provided for question type remapping.
2026-06-30 20:12:20,097 [WARNING] Skipping QuestionType.RANGE due to filter settings.
2026-06-30 20:12:20,097 [WARNING] Warning: No endpoint provided for question type remapping.
2026-06-30 20:12:20,097 [WARNING] Skipping QuestionType.RANGE due to filter settings.
2026-06-30 20:12:20,097 [WARNING] Warning: No endpoint provided for question type remapping.
2026-06-30 20:12:20,097 [WARNING] Skipping QuestionType.RANGE due to filter settings.
2026-06-30 20:12:20,098 [WARNING] Warning: No endpoint provided for question type remapping.
2026-06-30 20:12:20,098 [WARNING] Skipping QuestionType.RANGE due to filter settings.
2026-06-30 20:12:20,098 [WARNING] Warning: No endpoint provided for question type remapping.
2026-06-30 20:12:20,098 [WARNING] Skipping QuestionType.RANGE due to filter settings.
2026-06-30 20:12:20,098 [WARNING] Warning: No endpoint provided for question type remapping.
2026-06-30 20:12:20,098 [WARNING] Skipping QuestionType.RANGE due to filter settings.
2026-06-30 20:12:20,099 [WARNING] Warning: No endpoint provided for question type remapping.
2026-06-30 20:12:20,099 [WARNING] Skipping QuestionType.RANGE due to filter settings.
2026-06-30 20:12:20,099 [WARNING] Warning: No endpoint provided for question type remapping.
2026-06-30 20:12:20,099 [WARNING] Skipping QuestionType.RANGE due to filter settings.
2026-06-30 20:12:20,099 [WARNING] Warning: No endpoint provided for question type remapping.
2026-06-30 20:12:20,099 [WARNING] Skipping QuestionType.RANGE due to filter settings.
2026-06-30 20:12:20,100 [WARNING] Warning: No endpoint provided for question type remapping.
2026-06-30 20:12:20,100 [WARNING] Skipping QuestionType.RANGE due to filter settings.
2026-06-30 20:12:20,100 [WARNING] Warning: No endpoint provided for question type remapping.
2026-06-30 20:12:20,100 [WARNING] Skipping QuestionType.RANGE due to filter settings.
2026-06-30 20:12:20,101 [WARNING] Warning: No endpoint provided for question type remapping.
2026-06-30 20:12:20,101 [WARNING] Skipping QuestionType.RANGE due to filter settings.
2026-06-30 20:12:20,101 [WARNING] Warning: No endpoint provided for question type remapping.
2026-06-30 20:12:20,101 [WARNING] Skipping QuestionType.RANGE due to filter settings.
2026-06-30 20:12:20,103 [WARNING] Warning: No endpoint provided for question type remapping.
2026-06-30 20:12:20,105 [WARNING] Skipping QuestionType.RANGE due to filter settings.
2026-06-30 20:12:20,106 [WARNING] Warning: No endpoint provided for question type remapping.
2026-06-30 20:12:20,107 [WARNING] Skipping QuestionType.RANGE due to filter settings.
2026-06-30 20:12:20,116 [WARNING] Warning: No endpoint provided for question type remapping.
2026-06-30 20:12:20,121 [WARNING] Skipping QuestionType.RANGE due to filter settings.
2026-06-30 20:12:20,121 [WARNING] Warning: No endpoint provided for question type remapping.
2026-06-30 20:12:20,121 [WARNING] Skipping QuestionType.RANGE due to filter settings.
2026-06-30 20:12:20,121 [WARNING] Warning: No endpoint provided for question type remapping.
2026-06-30 20:12:20,121 [WARNING] Skipping QuestionType.RANGE due to filter settings.
2026-06-30 20:12:20,121 [WARNING] Warning: No endpoint provided for question type remapping.
2026-06-30 20:12:20,121 [WARNING] Skipping QuestionType.RANGE due to filter settings.
2026-06-30 20:12:20,121 [WARNING] Warning: No endpoint provided for question type remapping.
2026-06-30 20:12:20,121 [WARNING] Skipping QuestionType.RANGE due to filter settings.
2026-06-30 20:12:20,121 [WARNING] Warning: No endpoint provided for question type remapping.
2026-06-30 20:12:20,121 [WARNING] Skipping QuestionType.RANGE due to filter settings.
2026-06-30 20:12:20,121 [WARNING] Warning: No endpoint provided for question type remapping.
2026-06-30 20:12:20,121 [WARNING] Skipping QuestionType.RANGE due to filter settings.
2026-06-30 20:12:20,122 [WARNING] Warning: No endpoint provided for question type remapping.
2026-06-30 20:12:20,122 [WARNING] Skipping QuestionType.RANGE due to filter settings.
2026-06-30 20:12:20,122 [WARNING] Warning: No endpoint provided for question type remapping.
2026-06-30 20:12:20,122 [WARNING] Skipping QuestionType.RANGE due to filter settings.
2026-06-30 20:12:20,126 [WARNING] Warning: No endpoint provided for question type remapping.
2026-06-30 20:12:20,126 [WARNING] Skipping QuestionType.RANGE due to filter settings.
2026-06-30 20:12:20,129 [WARNING] Warning: No endpoint provided for question type remapping.
2026-06-30 20:12:20,129 [WARNING] Skipping QuestionType.RANGE due to filter settings.
2026-06-30 20:12:20,129 [WARNING] Warning: No endpoint provided for question type remapping.
2026-06-30 20:12:20,129 [WARNING] Skipping QuestionType.RANGE due to filter settings.
2026-06-30 20:12:20,130 [WARNING] Warning: No endpoint provided for question type remapping.
2026-06-30 20:12:20,133 [WARNING] Skipping QuestionType.RANGE due to filter settings.
2026-06-30 20:12:20,133 [WARNING] Warning: No endpoint provided for question type remapping.
2026-06-30 20:12:20,134 [WARNING] Skipping QuestionType.RANGE due to filter settings.
2026-06-30 20:12:20,134 [WARNING] Warning: No endpoint provided for question type remapping.
2026-06-30 20:12:20,134 [WARNING] Skipping QuestionType.RANGE due to filter settings.
2026-06-30 20:12:20,134 [WARNING] Warning: No endpoint provided for question type remapping.
2026-06-30 20:12:20,134 [WARNING] Skipping QuestionType.RANGE due to filter settings.
2026-06-30 20:12:20,134 [WARNING] Warning: No endpoint provided for question type remapping.
2026-06-30 20:12:20,135 [WARNING] Skipping QuestionType.RANGE due to filter settings.
2026-06-30 20:12:20,136 [WARNING] Warning: No endpoint provided for question type remapping.
2026-06-30 20:12:20,136 [WARNING] Skipping QuestionType.RANGE due to filter settings.
2026-06-30 20:12:20,136 [WARNING] Warning: No endpoint provided for question type remapping.
2026-06-30 20:12:20,136 [WARNING] Skipping QuestionType.RANGE due to filter settings.
2026-06-30 20:12:20,137 [WARNING] Warning: No endpoint provided for question type remapping.
2026-06-30 20:12:20,137 [WARNING] Skipping QuestionType.RANGE due to filter settings.
2026-06-30 20:12:20,137 [WARNING] Warning: No endpoint provided for question type remapping.
2026-06-30 20:12:20,137 [WARNING] Skipping QuestionType.RANGE due to filter settings.
2026-06-30 20:12:20,138 [WARNING] Warning: No endpoint provided for question type remapping.
2026-06-30 20:12:20,138 [WARNING] Skipping QuestionType.RANGE due to filter settings.
2026-06-30 20:12:20,138 [WARNING] Warning: No endpoint provided for question type remapping.
2026-06-30 20:12:20,138 [WARNING] Skipping QuestionType.RANGE due to filter settings.
2026-06-30 20:12:20,138 [WARNING] Warning: No endpoint provided for question type remapping.
2026-06-30 20:12:20,138 [WARNING] Skipping QuestionType.RANGE due to filter settings.
2026-06-30 20:12:20,139 [WARNING] Warning: No endpoint provided for question type remapping.
2026-06-30 20:12:20,139 [WARNING] Skipping QuestionType.RANGE due to filter settings.
2026-06-30 20:12:20,139 [WARNING] Warning: No endpoint provided for question type remapping.
2026-06-30 20:12:20,139 [WARNING] Skipping QuestionType.RANGE due to filter settings.
2026-06-30 20:12:20,139 [WARNING] Warning: No endpoint provided for question type remapping.
2026-06-30 20:12:20,139 [WARNING] Skipping QuestionType.RANGE due to filter settings.
2026-06-30 20:12:20,139 [WARNING] Warning: No endpoint provided for question type remapping.
2026-06-30 20:12:20,143 [WARNING] Skipping QuestionType.RANGE due to filter settings.
2026-06-30 20:12:20,143 [WARNING] Warning: No endpoint provided for question type remapping.
2026-06-30 20:12:20,143 [WARNING] Skipping QuestionType.RANGE due to filter settings.
2026-06-30 20:12:20,146 [WARNING] Warning: No endpoint provided for question type remapping.
2026-06-30 20:12:20,146 [WARNING] Skipping QuestionType.RANGE due to filter settings.
2026-06-30 20:12:20,146 [WARNING] Warning: No endpoint provided for question type remapping.
2026-06-30 20:12:20,146 [WARNING] Skipping QuestionType.RANGE due to filter settings.
2026-06-30 20:12:20,146 [WARNING] Warning: No endpoint provided for question type remapping.
2026-06-30 20:12:20,146 [WARNING] Skipping QuestionType.RANGE due to filter settings.
2026-06-30 20:12:20,146 [WARNING] Warning: No endpoint provided for question type remapping.
2026-06-30 20:12:20,146 [WARNING] Skipping QuestionType.RANGE due to filter settings.
2026-06-30 20:12:20,146 [WARNING] Warning: No endpoint provided for question type remapping.
2026-06-30 20:12:20,146 [WARNING] Skipping QuestionType.RANGE due to filter settings.
2026-06-30 20:12:20,146 [WARNING] Warning: No endpoint provided for question type remapping.
2026-06-30 20:12:20,146 [WARNING] Skipping QuestionType.RANGE due to filter settings.
2026-06-30 20:12:20,147 [WARNING] Warning: No endpoint provided for question type remapping.
2026-06-30 20:12:20,147 [WARNING] Skipping QuestionType.RANGE due to filter settings.
2026-06-30 20:12:20,147 [WARNING] Warning: No endpoint provided for question type remapping.
2026-06-30 20:12:20,147 [WARNING] Skipping QuestionType.RANGE due to filter settings.
2026-06-30 20:12:20,148 [WARNING] Warning: No endpoint provided for question type remapping.
2026-06-30 20:12:20,148 [WARNING] Skipping QuestionType.RANGE due to filter settings.
2026-06-30 20:12:20,148 [WARNING] Warning: No endpoint provided for question type remapping.
2026-06-30 20:12:20,148 [WARNING] Skipping QuestionType.RANGE due to filter settings.
2026-06-30 20:12:20,148 [WARNING] Warning: No endpoint provided for question type remapping.
2026-06-30 20:12:20,148 [WARNING] Skipping QuestionType.RANGE due to filter settings.
2026-06-30 20:12:20,150 [WARNING] Warning: No endpoint provided for question type remapping.
2026-06-30 20:12:20,151 [WARNING] Skipping QuestionType.RANGE due to filter settings.
2026-06-30 20:12:20,151 [WARNING] Warning: No endpoint provided for question type remapping.
2026-06-30 20:12:20,151 [WARNING] Skipping QuestionType.RANGE due to filter settings.
2026-06-30 20:12:20,151 [WARNING] Warning: No endpoint provided for question type remapping.
2026-06-30 20:12:20,152 [WARNING] Skipping QuestionType.RANGE due to filter settings.
2026-06-30 20:12:20,152 [WARNING] Warning: No endpoint provided for question type remapping.
2026-06-30 20:12:20,152 [WARNING] Skipping QuestionType.RANGE due to filter settings.
2026-06-30 20:12:20,152 [WARNING] Warning: No endpoint provided for question type remapping.
2026-06-30 20:12:20,152 [WARNING] Skipping QuestionType.RANGE due to filter settings.
2026-06-30 20:12:20,152 [WARNING] Warning: No endpoint provided for question type remapping.
2026-06-30 20:12:20,153 [WARNING] Skipping QuestionType.RANGE due to filter settings.
2026-06-30 20:12:20,153 [WARNING] Warning: No endpoint provided for question type remapping.
2026-06-30 20:12:20,153 [WARNING] Skipping QuestionType.RANGE due to filter settings.
2026-06-30 20:12:20,153 [WARNING] Warning: No endpoint provided for question type remapping.
2026-06-30 20:12:20,154 [WARNING] Skipping QuestionType.RANGE due to filter settings.
2026-06-30 20:12:20,154 [WARNING] Warning: No endpoint provided for question type remapping.
2026-06-30 20:12:20,154 [WARNING] Skipping QuestionType.RANGE due to filter settings.
2026-06-30 20:12:20,154 [WARNING] Warning: No endpoint provided for question type remapping.
2026-06-30 20:12:20,154 [WARNING] Skipping QuestionType.RANGE due to filter settings.
2026-06-30 20:12:20,155 [WARNING] Warning: No endpoint provided for question type remapping.
2026-06-30 20:12:20,155 [WARNING] Skipping QuestionType.RANGE due to filter settings.
2026-06-30 20:12:20,156 [WARNING] Warning: No endpoint provided for question type remapping.
2026-06-30 20:12:20,156 [WARNING] Skipping QuestionType.RANGE due to filter settings.
2026-06-30 20:12:20,156 [WARNING] Warning: No endpoint provided for question type remapping.
2026-06-30 20:12:20,156 [WARNING] Skipping QuestionType.RANGE due to filter settings.
2026-06-30 20:12:20,156 [WARNING] Warning: No endpoint provided for question type remapping.
2026-06-30 20:12:20,156 [WARNING] Skipping QuestionType.RANGE due to filter settings.
2026-06-30 20:12:20,156 [WARNING] Warning: No endpoint provided for question type remapping.
2026-06-30 20:12:20,156 [WARNING] Skipping QuestionType.RANGE due to filter settings.
2026-06-30 20:12:20,156 [WARNING] Warning: No endpoint provided for question type remapping.
2026-06-30 20:12:20,156 [WARNING] Skipping QuestionType.RANGE due to filter settings.
2026-06-30 20:12:20,156 [WARNING] Warning: No endpoint provided for question type remapping.
2026-06-30 20:12:20,156 [WARNING] Skipping QuestionType.RANGE due to filter settings.
2026-06-30 20:12:20,156 [WARNING] Warning: No endpoint provided for question type remapping.
2026-06-30 20:12:20,156 [WARNING] Skipping QuestionType.RANGE due to filter settings.
2026-06-30 20:12:20,156 [WARNING] Warning: No endpoint provided for question type remapping.
2026-06-30 20:12:20,156 [WARNING] Skipping QuestionType.RANGE due to filter settings.
2026-06-30 20:12:20,156 [WARNING] Warning: No endpoint provided for question type remapping.
2026-06-30 20:12:20,157 [WARNING] Skipping QuestionType.RANGE due to filter settings.
2026-06-30 20:12:20,157 [WARNING] Warning: No endpoint provided for question type remapping.
2026-06-30 20:12:20,157 [WARNING] Skipping QuestionType.RANGE due to filter settings.
2026-06-30 20:12:20,157 [WARNING] Warning: No endpoint provided for question type remapping.
2026-06-30 20:12:20,159 [WARNING] Skipping QuestionType.RANGE due to filter settings.
2026-06-30 20:12:20,159 [WARNING] Warning: No endpoint provided for question type remapping.
2026-06-30 20:12:20,159 [WARNING] Skipping QuestionType.RANGE due to filter settings.
2026-06-30 20:12:20,159 [WARNING] Warning: No endpoint provided for question type remapping.
2026-06-30 20:12:20,159 [WARNING] Skipping QuestionType.RANGE due to filter settings.
2026-06-30 20:12:20,159 [WARNING] Warning: No endpoint provided for question type remapping.
2026-06-30 20:12:20,159 [WARNING] Skipping QuestionType.RANGE due to filter settings.
2026-06-30 20:12:20,159 [WARNING] Warning: No endpoint provided for question type remapping.
2026-06-30 20:12:20,160 [WARNING] Skipping QuestionType.RANGE due to filter settings.
2026-06-30 20:12:20,161 [WARNING] Warning: No endpoint provided for question type remapping.
2026-06-30 20:12:20,161 [WARNING] Skipping QuestionType.RANGE due to filter settings.
2026-06-30 20:12:20,161 [WARNING] Warning: No endpoint provided for question type remapping.
2026-06-30 20:12:20,161 [WARNING] Skipping QuestionType.RANGE due to filter settings.
2026-06-30 20:12:20,161 [WARNING] Warning: No endpoint provided for question type remapping.
2026-06-30 20:12:20,161 [WARNING] Skipping QuestionType.RANGE due to filter settings.
2026-06-30 20:12:20,161 [WARNING] Warning: No endpoint provided for question type remapping.
2026-06-30 20:12:20,161 [WARNING] Skipping QuestionType.RANGE due to filter settings.
2026-06-30 20:12:20,161 [WARNING] Warning: No endpoint provided for question type remapping.
2026-06-30 20:12:20,161 [WARNING] Skipping QuestionType.RANGE due to filter settings.
2026-06-30 20:12:20,161 [WARNING] Warning: No endpoint provided for question type remapping.
2026-06-30 20:12:20,161 [WARNING] Skipping QuestionType.RANGE due to filter settings.
2026-06-30 20:12:20,161 [WARNING] Warning: No endpoint provided for question type remapping.
2026-06-30 20:12:20,165 [WARNING] Skipping QuestionType.RANGE due to filter settings.
2026-06-30 20:12:20,165 [WARNING] Warning: No endpoint provided for question type remapping.
2026-06-30 20:12:20,165 [WARNING] Skipping QuestionType.RANGE due to filter settings.
2026-06-30 20:12:20,165 [WARNING] Warning: No endpoint provided for question type remapping.
2026-06-30 20:12:20,165 [WARNING] Skipping QuestionType.RANGE due to filter settings.
2026-06-30 20:12:20,165 [WARNING] Warning: No endpoint provided for question type remapping.
2026-06-30 20:12:20,166 [WARNING] Skipping QuestionType.RANGE due to filter settings.
2026-06-30 20:12:20,166 [WARNING] Warning: No endpoint provided for question type remapping.
2026-06-30 20:12:20,166 [WARNING] Skipping QuestionType.RANGE due to filter settings.
2026-06-30 20:12:20,166 [WARNING] Warning: No endpoint provided for question type remapping.
2026-06-30 20:12:20,168 [WARNING] Skipping QuestionType.RANGE due to filter settings.
2026-06-30 20:12:20,168 [WARNING] Warning: No endpoint provided for question type remapping.
2026-06-30 20:12:20,169 [WARNING] Skipping QuestionType.RANGE due to filter settings.
2026-06-30 20:12:20,169 [WARNING] Warning: No endpoint provided for question type remapping.
2026-06-30 20:12:20,169 [WARNING] Skipping QuestionType.RANGE due to filter settings.
2026-06-30 20:12:20,169 [WARNING] Warning: No endpoint provided for question type remapping.
2026-06-30 20:12:20,173 [WARNING] Skipping QuestionType.RANGE due to filter settings.
2026-06-30 20:12:20,173 [WARNING] Warning: No endpoint provided for question type remapping.
2026-06-30 20:12:20,173 [WARNING] Skipping QuestionType.RANGE due to filter settings.
2026-06-30 20:12:20,173 [WARNING] Warning: No endpoint provided for question type remapping.
2026-06-30 20:12:20,174 [WARNING] Skipping QuestionType.RANGE due to filter settings.
2026-06-30 20:12:20,174 [WARNING] Warning: No endpoint provided for question type remapping.
2026-06-30 20:12:20,174 [WARNING] Skipping QuestionType.RANGE due to filter settings.
2026-06-30 20:12:20,174 [WARNING] Warning: No endpoint provided for question type remapping.
2026-06-30 20:12:20,174 [WARNING] Skipping QuestionType.RANGE due to filter settings.
2026-06-30 20:12:20,174 [WARNING] Warning: No endpoint provided for question type remapping.
2026-06-30 20:12:20,174 [WARNING] Skipping QuestionType.RANGE due to filter settings.
2026-06-30 20:12:20,174 [WARNING] Warning: No endpoint provided for question type remapping.
2026-06-30 20:12:20,174 [WARNING] Skipping QuestionType.RANGE due to filter settings.
2026-06-30 20:12:20,175 [WARNING] Warning: No endpoint provided for question type remapping.
2026-06-30 20:12:20,175 [WARNING] Skipping QuestionType.RANGE due to filter settings.
2026-06-30 20:12:20,175 [WARNING] Warning: No endpoint provided for question type remapping.
2026-06-30 20:12:20,175 [WARNING] Skipping QuestionType.RANGE due to filter settings.
2026-06-30 20:12:20,175 [WARNING] Warning: No endpoint provided for question type remapping.
2026-06-30 20:12:20,176 [WARNING] Skipping QuestionType.RANGE due to filter settings.
2026-06-30 20:12:20,176 [WARNING] Warning: No endpoint provided for question type remapping.
2026-06-30 20:12:20,176 [WARNING] Skipping QuestionType.RANGE due to filter settings.
2026-06-30 20:12:20,176 [WARNING] Warning: No endpoint provided for question type remapping.
2026-06-30 20:12:20,181 [WARNING] Skipping QuestionType.RANGE due to filter settings.
2026-06-30 20:12:20,181 [WARNING] Warning: No endpoint provided for question type remapping.
2026-06-30 20:12:20,181 [WARNING] Skipping QuestionType.RANGE due to filter settings.
2026-06-30 20:12:20,181 [WARNING] Warning: No endpoint provided for question type remapping.
2026-06-30 20:12:20,181 [WARNING] Skipping QuestionType.RANGE due to filter settings.
2026-06-30 20:12:20,181 [WARNING] Warning: No endpoint provided for question type remapping.
2026-06-30 20:12:20,181 [WARNING] Skipping QuestionType.RANGE due to filter settings.
2026-06-30 20:12:20,181 [WARNING] Warning: No endpoint provided for question type remapping.
2026-06-30 20:12:20,181 [WARNING] Skipping QuestionType.RANGE due to filter settings.
2026-06-30 20:12:20,181 [WARNING] Warning: No endpoint provided for question type remapping.
2026-06-30 20:12:20,181 [WARNING] Skipping QuestionType.RANGE due to filter settings.
2026-06-30 20:12:20,181 [WARNING] Warning: No endpoint provided for question type remapping.
2026-06-30 20:12:20,181 [WARNING] Skipping QuestionType.RANGE due to filter settings.
2026-06-30 20:12:20,182 [WARNING] Warning: No endpoint provided for question type remapping.
2026-06-30 20:12:20,182 [WARNING] Skipping QuestionType.RANGE due to filter settings.
2026-06-30 20:12:20,182 [WARNING] Warning: No endpoint provided for question type remapping.
2026-06-30 20:12:20,182 [WARNING] Skipping QuestionType.RANGE due to filter settings.
2026-06-30 20:12:20,182 [WARNING] Warning: No endpoint provided for question type remapping.
2026-06-30 20:12:20,182 [WARNING] Skipping QuestionType.RANGE due to filter settings.
2026-06-30 20:12:20,182 [WARNING] Warning: No endpoint provided for question type remapping.
2026-06-30 20:12:20,182 [WARNING] Skipping QuestionType.RANGE due to filter settings.
2026-06-30 20:12:20,182 [WARNING] Warning: No endpoint provided for question type remapping.
2026-06-30 20:12:20,182 [WARNING] Skipping QuestionType.RANGE due to filter settings.
2026-06-30 20:12:20,185 [WARNING] Warning: No endpoint provided for question type remapping.
2026-06-30 20:12:20,185 [WARNING] Skipping QuestionType.RANGE due to filter settings.
2026-06-30 20:12:20,185 [WARNING] Warning: No endpoint provided for question type remapping.
2026-06-30 20:12:20,185 [WARNING] Skipping QuestionType.RANGE due to filter settings.
2026-06-30 20:12:20,185 [WARNING] Warning: No endpoint provided for question type remapping.
2026-06-30 20:12:20,185 [WARNING] Skipping QuestionType.RANGE due to filter settings.
2026-06-30 20:12:20,185 [WARNING] Warning: No endpoint provided for question type remapping.
2026-06-30 20:12:20,186 [WARNING] Skipping QuestionType.RANGE due to filter settings.
2026-06-30 20:12:20,186 [WARNING] Warning: No endpoint provided for question type remapping.
2026-06-30 20:12:20,186 [WARNING] Skipping QuestionType.RANGE due to filter settings.
2026-06-30 20:12:20,186 [WARNING] Warning: No endpoint provided for question type remapping.
2026-06-30 20:12:20,186 [WARNING] Skipping QuestionType.RANGE due to filter settings.
2026-06-30 20:12:20,187 [WARNING] Warning: No endpoint provided for question type remapping.
2026-06-30 20:12:20,187 [WARNING] Skipping QuestionType.RANGE due to filter settings.
2026-06-30 20:12:20,187 [WARNING] Warning: No endpoint provided for question type remapping.
2026-06-30 20:12:20,187 [WARNING] Skipping QuestionType.RANGE due to filter settings.
2026-06-30 20:12:20,188 [WARNING] Warning: No endpoint provided for question type remapping.
2026-06-30 20:12:20,188 [WARNING] Skipping QuestionType.RANGE due to filter settings.
2026-06-30 20:12:20,188 [WARNING] Warning: No endpoint provided for question type remapping.
2026-06-30 20:12:20,188 [WARNING] Skipping QuestionType.RANGE due to filter settings.
2026-06-30 20:12:20,188 [WARNING] Warning: No endpoint provided for question type remapping.
2026-06-30 20:12:20,188 [WARNING] Skipping QuestionType.RANGE due to filter settings.
2026-06-30 20:12:20,188 [WARNING] Warning: No endpoint provided for question type remapping.
2026-06-30 20:12:20,188 [WARNING] Skipping QuestionType.RANGE due to filter settings.
2026-06-30 20:12:20,188 [WARNING] Warning: No endpoint provided for question type remapping.
2026-06-30 20:12:20,188 [WARNING] Skipping QuestionType.RANGE due to filter settings.
2026-06-30 20:12:20,188 [WARNING] Warning: No endpoint provided for question type remapping.
2026-06-30 20:12:20,190 [WARNING] Skipping QuestionType.RANGE due to filter settings.
2026-06-30 20:12:20,190 [WARNING] Warning: No endpoint provided for question type remapping.
2026-06-30 20:12:20,190 [WARNING] Skipping QuestionType.RANGE due to filter settings.
2026-06-30 20:12:20,190 [WARNING] Warning: No endpoint provided for question type remapping.
2026-06-30 20:12:20,190 [WARNING] Skipping QuestionType.RANGE due to filter settings.
2026-06-30 20:12:20,190 [WARNING] Warning: No endpoint provided for question type remapping.
2026-06-30 20:12:20,190 [WARNING] Skipping QuestionType.RANGE due to filter settings.
2026-06-30 20:12:20,190 [WARNING] Warning: No endpoint provided for question type remapping.
2026-06-30 20:12:20,190 [WARNING] Skipping QuestionType.RANGE due to filter settings.
2026-06-30 20:12:20,190 [WARNING] Warning: No endpoint provided for question type remapping.
2026-06-30 20:12:20,190 [WARNING] Skipping QuestionType.RANGE due to filter settings.
2026-06-30 20:12:20,190 [WARNING] Warning: No endpoint provided for question type remapping.
2026-06-30 20:12:20,190 [WARNING] Skipping QuestionType.RANGE due to filter settings.
2026-06-30 20:12:20,190 [WARNING] Warning: No endpoint provided for question type remapping.
2026-06-30 20:12:20,190 [WARNING] Skipping QuestionType.RANGE due to filter settings.
2026-06-30 20:12:20,192 [WARNING] Warning: No endpoint provided for question type remapping.
2026-06-30 20:12:20,192 [WARNING] Skipping QuestionType.RANGE due to filter settings.
2026-06-30 20:12:20,192 [WARNING] Warning: No endpoint provided for question type remapping.
2026-06-30 20:12:20,192 [WARNING] Skipping QuestionType.RANGE due to filter settings.
2026-06-30 20:12:20,192 [WARNING] Warning: No endpoint provided for question type remapping.
2026-06-30 20:12:20,192 [WARNING] Skipping QuestionType.RANGE due to filter settings.
2026-06-30 20:12:20,192 [WARNING] Warning: No endpoint provided for question type remapping.
2026-06-30 20:12:20,192 [WARNING] Skipping QuestionType.RANGE due to filter settings.
2026-06-30 20:12:20,192 [WARNING] Warning: No endpoint provided for question type remapping.
2026-06-30 20:12:20,192 [WARNING] Skipping QuestionType.RANGE due to filter settings.
2026-06-30 20:12:20,196 [WARNING] Warning: No endpoint provided for question type remapping.
2026-06-30 20:12:20,197 [WARNING] Skipping QuestionType.RANGE due to filter settings.
2026-06-30 20:12:20,197 [WARNING] Warning: No endpoint provided for question type remapping.
2026-06-30 20:12:20,197 [WARNING] Skipping QuestionType.RANGE due to filter settings.
2026-06-30 20:12:20,197 [WARNING] Warning: No endpoint provided for question type remapping.
2026-06-30 20:12:20,197 [WARNING] Skipping QuestionType.RANGE due to filter settings.
2026-06-30 20:12:20,197 [WARNING] Warning: No endpoint provided for question type remapping.
2026-06-30 20:12:20,197 [WARNING] Skipping QuestionType.RANGE due to filter settings.
2026-06-30 20:12:20,197 [WARNING] Warning: No endpoint provided for question type remapping.
2026-06-30 20:12:20,197 [WARNING] Skipping QuestionType.RANGE due to filter settings.
2026-06-30 20:12:20,197 [WARNING] Warning: No endpoint provided for question type remapping.
2026-06-30 20:12:20,197 [WARNING] Skipping QuestionType.RANGE due to filter settings.
2026-06-30 20:12:20,197 [WARNING] Warning: No endpoint provided for question type remapping.
2026-06-30 20:12:20,197 [WARNING] Skipping QuestionType.RANGE due to filter settings.
2026-06-30 20:12:20,197 [WARNING] Warning: No endpoint provided for question type remapping.
2026-06-30 20:12:20,197 [WARNING] Skipping QuestionType.RANGE due to filter settings.
2026-06-30 20:12:20,197 [WARNING] Warning: No endpoint provided for question type remapping.
2026-06-30 20:12:20,198 [WARNING] Skipping QuestionType.RANGE due to filter settings.
2026-06-30 20:12:20,198 [WARNING] Warning: No endpoint provided for question type remapping.
2026-06-30 20:12:20,198 [WARNING] Skipping QuestionType.RANGE due to filter settings.
2026-06-30 20:12:20,199 [WARNING] Warning: No endpoint provided for question type remapping.
2026-06-30 20:12:20,199 [WARNING] Skipping QuestionType.RANGE due to filter settings.
2026-06-30 20:12:20,199 [WARNING] Warning: No endpoint provided for question type remapping.
2026-06-30 20:12:20,199 [WARNING] Skipping QuestionType.RANGE due to filter settings.
2026-06-30 20:12:20,199 [WARNING] Warning: No endpoint provided for question type remapping.
2026-06-30 20:12:20,200 [WARNING] Skipping QuestionType.RANGE due to filter settings.
2026-06-30 20:12:20,200 [WARNING] Warning: No endpoint provided for question type remapping.
2026-06-30 20:12:20,200 [WARNING] Skipping QuestionType.RANGE due to filter settings.
2026-06-30 20:12:20,200 [WARNING] Warning: No endpoint provided for question type remapping.
2026-06-30 20:12:20,200 [WARNING] Skipping QuestionType.RANGE due to filter settings.
2026-06-30 20:12:20,202 [WARNING] Warning: No endpoint provided for question type remapping.
2026-06-30 20:12:20,202 [WARNING] Skipping QuestionType.RANGE due to filter settings.
2026-06-30 20:12:20,202 [WARNING] Warning: No endpoint provided for question type remapping.
2026-06-30 20:12:20,202 [WARNING] Skipping QuestionType.RANGE due to filter settings.
2026-06-30 20:12:20,202 [WARNING] Warning: No endpoint provided for question type remapping.
2026-06-30 20:12:20,203 [WARNING] Skipping QuestionType.RANGE due to filter settings.
2026-06-30 20:12:20,204 [WARNING] Warning: No endpoint provided for question type remapping.
2026-06-30 20:12:20,205 [WARNING] Skipping QuestionType.RANGE due to filter settings.
2026-06-30 20:12:20,205 [WARNING] Warning: No endpoint provided for question type remapping.
2026-06-30 20:12:20,205 [WARNING] Skipping QuestionType.RANGE due to filter settings.
2026-06-30 20:12:20,205 [WARNING] Warning: No endpoint provided for question type remapping.
2026-06-30 20:12:20,205 [WARNING] Skipping QuestionType.RANGE due to filter settings.
2026-06-30 20:12:20,205 [WARNING] Warning: No endpoint provided for question type remapping.
2026-06-30 20:12:20,206 [WARNING] Skipping QuestionType.RANGE due to filter settings.
2026-06-30 20:12:20,206 [WARNING] Warning: No endpoint provided for question type remapping.
2026-06-30 20:12:20,206 [WARNING] Skipping QuestionType.RANGE due to filter settings.
2026-06-30 20:12:20,206 [WARNING] Warning: No endpoint provided for question type remapping.
2026-06-30 20:12:20,206 [WARNING] Skipping QuestionType.RANGE due to filter settings.
2026-06-30 20:12:20,207 [WARNING] Warning: No endpoint provided for question type remapping.
2026-06-30 20:12:20,207 [WARNING] Skipping QuestionType.RANGE due to filter settings.
2026-06-30 20:12:20,207 [WARNING] Warning: No endpoint provided for question type remapping.
2026-06-30 20:12:20,209 [WARNING] Skipping QuestionType.RANGE due to filter settings.
2026-06-30 20:12:20,210 [WARNING] Warning: No endpoint provided for question type remapping.
2026-06-30 20:12:20,210 [WARNING] Skipping QuestionType.RANGE due to filter settings.
2026-06-30 20:12:20,210 [WARNING] Warning: No endpoint provided for question type remapping.
2026-06-30 20:12:20,210 [WARNING] Skipping QuestionType.RANGE due to filter settings.
2026-06-30 20:12:20,210 [WARNING] Warning: No endpoint provided for question type remapping.
2026-06-30 20:12:20,210 [WARNING] Skipping QuestionType.RANGE due to filter settings.
2026-06-30 20:12:20,210 [WARNING] Warning: No endpoint provided for question type remapping.
2026-06-30 20:12:20,210 [WARNING] Skipping QuestionType.RANGE due to filter settings.
2026-06-30 20:12:20,210 [WARNING] Warning: No endpoint provided for question type remapping.
2026-06-30 20:12:20,210 [WARNING] Skipping QuestionType.RANGE due to filter settings.
2026-06-30 20:12:20,210 [WARNING] Warning: No endpoint provided for question type remapping.
2026-06-30 20:12:20,210 [WARNING] Skipping QuestionType.RANGE due to filter settings.
2026-06-30 20:12:20,210 [WARNING] Warning: No endpoint provided for question type remapping.
2026-06-30 20:12:20,210 [WARNING] Skipping QuestionType.RANGE due to filter settings.
2026-06-30 20:12:20,210 [WARNING] Warning: No endpoint provided for question type remapping.
2026-06-30 20:12:20,210 [WARNING] Skipping QuestionType.RANGE due to filter settings.
2026-06-30 20:12:20,210 [WARNING] Warning: No endpoint provided for question type remapping.
2026-06-30 20:12:20,210 [WARNING] Skipping QuestionType.RANGE due to filter settings.
2026-06-30 20:12:20,212 [WARNING] Warning: No endpoint provided for question type remapping.
2026-06-30 20:12:20,212 [WARNING] Skipping QuestionType.RANGE due to filter settings.
2026-06-30 20:12:20,212 [WARNING] Warning: No endpoint provided for question type remapping.
2026-06-30 20:12:20,212 [WARNING] Skipping QuestionType.RANGE due to filter settings.
2026-06-30 20:12:20,212 [WARNING] Warning: No endpoint provided for question type remapping.
2026-06-30 20:12:20,212 [WARNING] Skipping QuestionType.RANGE due to filter settings.
2026-06-30 20:12:20,212 [WARNING] Warning: No endpoint provided for question type remapping.
2026-06-30 20:12:20,212 [WARNING] Skipping QuestionType.RANGE due to filter settings.
2026-06-30 20:12:20,212 [WARNING] Warning: No endpoint provided for question type remapping.
2026-06-30 20:12:20,212 [WARNING] Skipping QuestionType.RANGE due to filter settings.
2026-06-30 20:12:20,212 [WARNING] Warning: No endpoint provided for question type remapping.
2026-06-30 20:12:20,212 [WARNING] Skipping QuestionType.RANGE due to filter settings.
2026-06-30 20:12:20,212 [WARNING] Warning: No endpoint provided for question type remapping.
2026-06-30 20:12:20,212 [WARNING] Skipping QuestionType.RANGE due to filter settings.
2026-06-30 20:12:20,212 [WARNING] Warning: No endpoint provided for question type remapping.
2026-06-30 20:12:20,212 [WARNING] Skipping QuestionType.RANGE due to filter settings.
2026-06-30 20:12:20,212 [WARNING] Warning: No endpoint provided for question type remapping.
2026-06-30 20:12:20,212 [WARNING] Skipping QuestionType.RANGE due to filter settings.
2026-06-30 20:12:20,212 [WARNING] Warning: No endpoint provided for question type remapping.
2026-06-30 20:12:20,212 [WARNING] Skipping QuestionType.RANGE due to filter settings.
2026-06-30 20:12:20,212 [WARNING] Warning: No endpoint provided for question type remapping.
2026-06-30 20:12:20,212 [WARNING] Skipping QuestionType.RANGE due to filter settings.
2026-06-30 20:12:20,212 [WARNING] Warning: No endpoint provided for question type remapping.
2026-06-30 20:12:20,212 [WARNING] Skipping QuestionType.RANGE due to filter settings.
2026-06-30 20:12:20,212 [WARNING] Warning: No endpoint provided for question type remapping.
2026-06-30 20:12:20,213 [WARNING] Skipping QuestionType.RANGE due to filter settings.
2026-06-30 20:12:20,214 [WARNING] Warning: No endpoint provided for question type remapping.
2026-06-30 20:12:20,214 [WARNING] Skipping QuestionType.RANGE due to filter settings.
2026-06-30 20:12:20,214 [WARNING] Warning: No endpoint provided for question type remapping.
2026-06-30 20:12:20,214 [WARNING] Skipping QuestionType.RANGE due to filter settings.
2026-06-30 20:12:20,214 [WARNING] Warning: No endpoint provided for question type remapping.
2026-06-30 20:12:20,214 [WARNING] Skipping QuestionType.RANGE due to filter settings.
2026-06-30 20:12:20,214 [WARNING] Warning: No endpoint provided for question type remapping.
2026-06-30 20:12:20,214 [WARNING] Skipping QuestionType.RANGE due to filter settings.
2026-06-30 20:12:20,215 [WARNING] Warning: No endpoint provided for question type remapping.
2026-06-30 20:12:20,215 [WARNING] Skipping QuestionType.RANGE due to filter settings.
2026-06-30 20:12:20,215 [WARNING] Warning: No endpoint provided for question type remapping.
2026-06-30 20:12:20,215 [WARNING] Skipping QuestionType.RANGE due to filter settings.
2026-06-30 20:12:20,215 [WARNING] Warning: No endpoint provided for question type remapping.
2026-06-30 20:12:20,215 [WARNING] Skipping QuestionType.RANGE due to filter settings.
2026-06-30 20:12:20,215 [WARNING] Warning: No endpoint provided for question type remapping.
2026-06-30 20:12:20,215 [WARNING] Skipping QuestionType.RANGE due to filter settings.
2026-06-30 20:12:20,216 [WARNING] Warning: No endpoint provided for question type remapping.
2026-06-30 20:12:20,216 [WARNING] Skipping QuestionType.RANGE due to filter settings.
2026-06-30 20:12:20,216 [WARNING] Warning: No endpoint provided for question type remapping.
2026-06-30 20:12:20,219 [WARNING] Skipping QuestionType.RANGE due to filter settings.
2026-06-30 20:12:20,219 [WARNING] Warning: No endpoint provided for question type remapping.
2026-06-30 20:12:20,219 [WARNING] Skipping QuestionType.RANGE due to filter settings.
2026-06-30 20:12:20,219 [WARNING] Warning: No endpoint provided for question type remapping.
2026-06-30 20:12:20,220 [WARNING] Skipping QuestionType.RANGE due to filter settings.
2026-06-30 20:12:20,220 [WARNING] Warning: No endpoint provided for question type remapping.
2026-06-30 20:12:20,220 [WARNING] Skipping QuestionType.RANGE due to filter settings.
2026-06-30 20:12:20,220 [WARNING] Warning: No endpoint provided for question type remapping.
2026-06-30 20:12:20,220 [WARNING] Skipping QuestionType.RANGE due to filter settings.
2026-06-30 20:12:20,220 [WARNING] Warning: No endpoint provided for question type remapping.
2026-06-30 20:12:20,220 [WARNING] Skipping QuestionType.RANGE due to filter settings.
2026-06-30 20:12:20,221 [WARNING] Warning: No endpoint provided for question type remapping.
2026-06-30 20:12:20,221 [WARNING] Skipping QuestionType.RANGE due to filter settings.
2026-06-30 20:12:20,221 [WARNING] Warning: No endpoint provided for question type remapping.
2026-06-30 20:12:20,221 [WARNING] Skipping QuestionType.RANGE due to filter settings.
2026-06-30 20:12:20,221 [WARNING] Warning: No endpoint provided for question type remapping.
2026-06-30 20:12:20,221 [WARNING] Skipping QuestionType.RANGE due to filter settings.
2026-06-30 20:12:20,221 [WARNING] Warning: No endpoint provided for question type remapping.
2026-06-30 20:12:20,221 [WARNING] Skipping QuestionType.RANGE due to filter settings.
2026-06-30 20:12:20,221 [WARNING] Warning: No endpoint provided for question type remapping.
2026-06-30 20:12:20,221 [WARNING] Skipping QuestionType.RANGE due to filter settings.
2026-06-30 20:12:20,221 [WARNING] Warning: No endpoint provided for question type remapping.
2026-06-30 20:12:20,221 [WARNING] Skipping QuestionType.RANGE due to filter settings.
2026-06-30 20:12:20,221 [WARNING] Warning: No endpoint provided for question type remapping.
2026-06-30 20:12:20,221 [WARNING] Skipping QuestionType.RANGE due to filter settings.
2026-06-30 20:12:20,221 [WARNING] Warning: No endpoint provided for question type remapping.
2026-06-30 20:12:20,221 [WARNING] Skipping QuestionType.RANGE due to filter settings.
2026-06-30 20:12:20,222 [WARNING] Warning: No endpoint provided for question type remapping.
2026-06-30 20:12:20,222 [WARNING] Skipping QuestionType.RANGE due to filter settings.
2026-06-30 20:12:20,222 [WARNING] Warning: No endpoint provided for question type remapping.
2026-06-30 20:12:20,222 [WARNING] Skipping QuestionType.RANGE due to filter settings.
2026-06-30 20:12:20,222 [WARNING] Warning: No endpoint provided for question type remapping.
2026-06-30 20:12:20,222 [WARNING] Skipping QuestionType.RANGE due to filter settings.
2026-06-30 20:12:20,222 [WARNING] Warning: No endpoint provided for question type remapping.
2026-06-30 20:12:20,222 [WARNING] Skipping QuestionType.RANGE due to filter settings.
2026-06-30 20:12:20,224 [WARNING] Warning: No endpoint provided for question type remapping.
2026-06-30 20:12:20,224 [WARNING] Skipping QuestionType.RANGE due to filter settings.
2026-06-30 20:12:20,224 [WARNING] Warning: No endpoint provided for question type remapping.
2026-06-30 20:12:20,224 [WARNING] Skipping QuestionType.RANGE due to filter settings.
2026-06-30 20:12:20,224 [WARNING] Warning: No endpoint provided for question type remapping.
2026-06-30 20:12:20,224 [WARNING] Skipping QuestionType.RANGE due to filter settings.
2026-06-30 20:12:20,224 [WARNING] Warning: No endpoint provided for question type remapping.
2026-06-30 20:12:20,224 [WARNING] Skipping QuestionType.RANGE due to filter settings.
2026-06-30 20:12:20,224 [WARNING] Warning: No endpoint provided for question type remapping.
2026-06-30 20:12:20,224 [WARNING] Skipping QuestionType.RANGE due to filter settings.
2026-06-30 20:12:20,224 [WARNING] Warning: No endpoint provided for question type remapping.
2026-06-30 20:12:20,224 [WARNING] Skipping QuestionType.RANGE due to filter settings.
2026-06-30 20:12:20,225 [WARNING] Warning: No endpoint provided for question type remapping.
2026-06-30 20:12:20,225 [WARNING] Skipping QuestionType.RANGE due to filter settings.
2026-06-30 20:12:20,225 [WARNING] Warning: No endpoint provided for question type remapping.
2026-06-30 20:12:20,225 [WARNING] Skipping QuestionType.RANGE due to filter settings.
2026-06-30 20:12:20,225 [WARNING] Warning: No endpoint provided for question type remapping.
2026-06-30 20:12:20,225 [WARNING] Skipping QuestionType.RANGE due to filter settings.
2026-06-30 20:12:20,225 [WARNING] Warning: No endpoint provided for question type remapping.
2026-06-30 20:12:20,226 [WARNING] Skipping QuestionType.RANGE due to filter settings.
2026-06-30 20:12:20,226 [WARNING] Warning: No endpoint provided for question type remapping.
2026-06-30 20:12:20,226 [WARNING] Skipping QuestionType.RANGE due to filter settings.
2026-06-30 20:12:20,226 [WARNING] Warning: No endpoint provided for question type remapping.
2026-06-30 20:12:20,226 [WARNING] Skipping QuestionType.RANGE due to filter settings.
2026-06-30 20:12:20,226 [WARNING] Warning: No endpoint provided for question type remapping.
2026-06-30 20:12:20,228 [WARNING] Skipping QuestionType.RANGE due to filter settings.
2026-06-30 20:12:20,229 [WARNING] Warning: No endpoint provided for question type remapping.
2026-06-30 20:12:20,229 [WARNING] Skipping QuestionType.RANGE due to filter settings.
2026-06-30 20:12:20,229 [WARNING] Warning: No endpoint provided for question type remapping.
2026-06-30 20:12:20,229 [WARNING] Skipping QuestionType.RANGE due to filter settings.
2026-06-30 20:12:20,229 [WARNING] Warning: No endpoint provided for question type remapping.
2026-06-30 20:12:20,229 [WARNING] Skipping QuestionType.RANGE due to filter settings.
2026-06-30 20:12:20,229 [WARNING] Warning: No endpoint provided for question type remapping.
2026-06-30 20:12:20,230 [WARNING] Skipping QuestionType.RANGE due to filter settings.
2026-06-30 20:12:20,230 [WARNING] Warning: No endpoint provided for question type remapping.
2026-06-30 20:12:20,230 [WARNING] Skipping QuestionType.RANGE due to filter settings.
2026-06-30 20:12:20,230 [WARNING] Warning: No endpoint provided for question type remapping.
2026-06-30 20:12:20,230 [WARNING] Skipping QuestionType.RANGE due to filter settings.
2026-06-30 20:12:20,230 [WARNING] Warning: No endpoint provided for question type remapping.
2026-06-30 20:12:20,230 [WARNING] Skipping QuestionType.RANGE due to filter settings.
2026-06-30 20:12:20,230 [WARNING] Warning: No endpoint provided for question type remapping.
2026-06-30 20:12:20,230 [WARNING] Skipping QuestionType.RANGE due to filter settings.
2026-06-30 20:12:20,230 [WARNING] Warning: No endpoint provided for question type remapping.
2026-06-30 20:12:20,230 [WARNING] Skipping QuestionType.RANGE due to filter settings.
2026-06-30 20:12:20,230 [WARNING] Warning: No endpoint provided for question type remapping.
2026-06-30 20:12:20,230 [WARNING] Skipping QuestionType.RANGE due to filter settings.
2026-06-30 20:12:20,230 [WARNING] Warning: No endpoint provided for question type remapping.
2026-06-30 20:12:20,230 [WARNING] Skipping QuestionType.RANGE due to filter settings.
2026-06-30 20:12:20,230 [WARNING] Warning: No endpoint provided for question type remapping.
2026-06-30 20:12:20,230 [WARNING] Skipping QuestionType.RANGE due to filter settings.
2026-06-30 20:12:20,230 [WARNING] Warning: No endpoint provided for question type remapping.
2026-06-30 20:12:20,230 [WARNING] Skipping QuestionType.RANGE due to filter settings.
2026-06-30 20:12:20,234 [WARNING] Warning: No endpoint provided for question type remapping.
2026-06-30 20:12:20,234 [WARNING] Skipping QuestionType.RANGE due to filter settings.
2026-06-30 20:12:20,234 [WARNING] Warning: No endpoint provided for question type remapping.
2026-06-30 20:12:20,234 [WARNING] Skipping QuestionType.RANGE due to filter settings.
2026-06-30 20:12:20,234 [WARNING] Warning: No endpoint provided for question type remapping.
2026-06-30 20:12:20,234 [WARNING] Skipping QuestionType.RANGE due to filter settings.
2026-06-30 20:12:20,235 [WARNING] Warning: No endpoint provided for question type remapping.
2026-06-30 20:12:20,235 [WARNING] Skipping QuestionType.RANGE due to filter settings.
2026-06-30 20:12:20,235 [WARNING] Warning: No endpoint provided for question type remapping.
2026-06-30 20:12:20,235 [WARNING] Skipping QuestionType.RANGE due to filter settings.
2026-06-30 20:12:20,235 [WARNING] Warning: No endpoint provided for question type remapping.
2026-06-30 20:12:20,235 [WARNING] Skipping QuestionType.RANGE due to filter settings.
2026-06-30 20:12:20,235 [WARNING] Warning: No endpoint provided for question type remapping.
2026-06-30 20:12:20,235 [WARNING] Skipping QuestionType.RANGE due to filter settings.
2026-06-30 20:12:20,236 [WARNING] Warning: No endpoint provided for question type remapping.
2026-06-30 20:12:20,236 [WARNING] Skipping QuestionType.RANGE due to filter settings.
2026-06-30 20:12:20,236 [WARNING] Warning: No endpoint provided for question type remapping.
2026-06-30 20:12:20,236 [WARNING] Skipping QuestionType.RANGE due to filter settings.
2026-06-30 20:12:20,236 [WARNING] Warning: No endpoint provided for question type remapping.
2026-06-30 20:12:20,236 [WARNING] Skipping QuestionType.RANGE due to filter settings.
2026-06-30 20:12:20,236 [WARNING] Warning: No endpoint provided for question type remapping.
2026-06-30 20:12:20,237 [WARNING] Skipping QuestionType.RANGE due to filter settings.
2026-06-30 20:12:20,237 [WARNING] Warning: No endpoint provided for question type remapping.
2026-06-30 20:12:20,237 [WARNING] Skipping QuestionType.RANGE due to filter settings.
2026-06-30 20:12:20,237 [WARNING] Warning: No endpoint provided for question type remapping.
2026-06-30 20:12:20,237 [WARNING] Skipping QuestionType.RANGE due to filter settings.
2026-06-30 20:12:20,237 [WARNING] Warning: No endpoint provided for question type remapping.
2026-06-30 20:12:20,237 [WARNING] Skipping QuestionType.RANGE due to filter settings.
2026-06-30 20:12:20,237 [WARNING] Warning: No endpoint provided for question type remapping.
2026-06-30 20:12:20,237 [WARNING] Skipping QuestionType.RANGE due to filter settings.
2026-06-30 20:12:20,237 [WARNING] Warning: No endpoint provided for question type remapping.
2026-06-30 20:12:20,237 [WARNING] Skipping QuestionType.RANGE due to filter settings.
2026-06-30 20:12:20,237 [WARNING] Warning: No endpoint provided for question type remapping.
2026-06-30 20:12:20,237 [WARNING] Skipping QuestionType.RANGE due to filter settings.
2026-06-30 20:12:20,238 [WARNING] Warning: No endpoint provided for question type remapping.
2026-06-30 20:12:20,238 [WARNING] Skipping QuestionType.RANGE due to filter settings.
2026-06-30 20:12:20,238 [WARNING] Warning: No endpoint provided for question type remapping.
2026-06-30 20:12:20,238 [WARNING] Skipping QuestionType.RANGE due to filter settings.
2026-06-30 20:12:20,238 [WARNING] Warning: No endpoint provided for question type remapping.
2026-06-30 20:12:20,238 [WARNING] Skipping QuestionType.RANGE due to filter settings.
2026-06-30 20:12:20,238 [WARNING] Warning: No endpoint provided for question type remapping.
2026-06-30 20:12:20,238 [WARNING] Skipping QuestionType.RANGE due to filter settings.
2026-06-30 20:12:20,239 [WARNING] Warning: No endpoint provided for question type remapping.
2026-06-30 20:12:20,239 [WARNING] Skipping QuestionType.RANGE due to filter settings.
2026-06-30 20:12:20,239 [WARNING] Warning: No endpoint provided for question type remapping.
2026-06-30 20:12:20,239 [WARNING] Skipping QuestionType.RANGE due to filter settings.
2026-06-30 20:12:20,239 [WARNING] Warning: No endpoint provided for question type remapping.
2026-06-30 20:12:20,239 [WARNING] Skipping QuestionType.RANGE due to filter settings.
2026-06-30 20:12:20,239 [WARNING] Warning: No endpoint provided for question type remapping.
2026-06-30 20:12:20,239 [WARNING] Skipping QuestionType.RANGE due to filter settings.
2026-06-30 20:12:20,242 [WARNING] Warning: No endpoint provided for question type remapping.
2026-06-30 20:12:20,242 [WARNING] Skipping QuestionType.RANGE due to filter settings.
2026-06-30 20:12:20,242 [WARNING] Warning: No endpoint provided for question type remapping.
2026-06-30 20:12:20,242 [WARNING] Skipping QuestionType.RANGE due to filter settings.
2026-06-30 20:12:20,242 [WARNING] Warning: No endpoint provided for question type remapping.
2026-06-30 20:12:20,242 [WARNING] Skipping QuestionType.RANGE due to filter settings.
2026-06-30 20:12:20,245 [WARNING] Warning: No endpoint provided for question type remapping.
2026-06-30 20:12:20,245 [WARNING] Skipping QuestionType.RANGE due to filter settings.
2026-06-30 20:12:20,245 [WARNING] Warning: No endpoint provided for question type remapping.
2026-06-30 20:12:20,245 [WARNING] Skipping QuestionType.RANGE due to filter settings.
2026-06-30 20:12:20,245 [WARNING] Warning: No endpoint provided for question type remapping.
2026-06-30 20:12:20,245 [WARNING] Skipping QuestionType.RANGE due to filter settings.
2026-06-30 20:12:20,245 [WARNING] Warning: No endpoint provided for question type remapping.
2026-06-30 20:12:20,245 [WARNING] Skipping QuestionType.RANGE due to filter settings.
2026-06-30 20:12:20,245 [WARNING] Warning: No endpoint provided for question type remapping.
2026-06-30 20:12:20,245 [WARNING] Skipping QuestionType.RANGE due to filter settings.
2026-06-30 20:12:20,245 [WARNING] Warning: No endpoint provided for question type remapping.
2026-06-30 20:12:20,245 [WARNING] Skipping QuestionType.RANGE due to filter settings.
2026-06-30 20:12:20,245 [WARNING] Warning: No endpoint provided for question type remapping.
2026-06-30 20:12:20,245 [WARNING] Skipping QuestionType.RANGE due to filter settings.
2026-06-30 20:12:20,245 [WARNING] Warning: No endpoint provided for question type remapping.
2026-06-30 20:12:20,245 [WARNING] Skipping QuestionType.RANGE due to filter settings.
2026-06-30 20:12:20,245 [WARNING] Warning: No endpoint provided for question type remapping.
2026-06-30 20:12:20,245 [WARNING] Skipping QuestionType.RANGE due to filter settings.
2026-06-30 20:12:20,245 [WARNING] Warning: No endpoint provided for question type remapping.
2026-06-30 20:12:20,246 [WARNING] Skipping QuestionType.RANGE due to filter settings.
2026-06-30 20:12:20,246 [WARNING] Warning: No endpoint provided for question type remapping.
2026-06-30 20:12:20,246 [WARNING] Skipping QuestionType.RANGE due to filter settings.
2026-06-30 20:12:20,247 [WARNING] Warning: No endpoint provided for question type remapping.
2026-06-30 20:12:20,247 [WARNING] Skipping QuestionType.RANGE due to filter settings.
2026-06-30 20:12:20,247 [WARNING] Warning: No endpoint provided for question type remapping.
2026-06-30 20:12:20,247 [WARNING] Skipping QuestionType.RANGE due to filter settings.
2026-06-30 20:12:20,247 [WARNING] Warning: No endpoint provided for question type remapping.
2026-06-30 20:12:20,247 [WARNING] Skipping QuestionType.RANGE due to filter settings.
2026-06-30 20:12:20,247 [WARNING] Warning: No endpoint provided for question type remapping.
2026-06-30 20:12:20,247 [WARNING] Skipping QuestionType.RANGE due to filter settings.
2026-06-30 20:12:20,247 [WARNING] Warning: No endpoint provided for question type remapping.
2026-06-30 20:12:20,247 [WARNING] Skipping QuestionType.RANGE due to filter settings.
2026-06-30 20:12:20,247 [WARNING] Warning: No endpoint provided for question type remapping.
2026-06-30 20:12:20,247 [WARNING] Skipping QuestionType.RANGE due to filter settings.
2026-06-30 20:12:20,247 [WARNING] Warning: No endpoint provided for question type remapping.
2026-06-30 20:12:20,247 [WARNING] Skipping QuestionType.RANGE due to filter settings.
2026-06-30 20:12:20,247 [WARNING] Warning: No endpoint provided for question type remapping.
2026-06-30 20:12:20,247 [WARNING] Skipping QuestionType.RANGE due to filter settings.
2026-06-30 20:12:20,247 [WARNING] Warning: No endpoint provided for question type remapping.
2026-06-30 20:12:20,247 [WARNING] Skipping QuestionType.RANGE due to filter settings.
2026-06-30 20:12:20,247 [WARNING] Warning: No endpoint provided for question type remapping.
2026-06-30 20:12:20,247 [WARNING] Skipping QuestionType.RANGE due to filter settings.
2026-06-30 20:12:20,247 [WARNING] Warning: No endpoint provided for question type remapping.
2026-06-30 20:12:20,247 [WARNING] Skipping QuestionType.RANGE due to filter settings.
2026-06-30 20:12:20,247 [WARNING] Warning: No endpoint provided for question type remapping.
2026-06-30 20:12:20,247 [WARNING] Skipping QuestionType.RANGE due to filter settings.
2026-06-30 20:12:20,247 [WARNING] Warning: No endpoint provided for question type remapping.
2026-06-30 20:12:20,247 [WARNING] Skipping QuestionType.RANGE due to filter settings.
2026-06-30 20:12:20,247 [WARNING] Warning: No endpoint provided for question type remapping.
2026-06-30 20:12:20,247 [WARNING] Skipping QuestionType.RANGE due to filter settings.
2026-06-30 20:12:20,247 [WARNING] Warning: No endpoint provided for question type remapping.
2026-06-30 20:12:20,247 [WARNING] Skipping QuestionType.RANGE due to filter settings.
2026-06-30 20:12:20,247 [WARNING] Warning: No endpoint provided for question type remapping.
2026-06-30 20:12:20,247 [WARNING] Skipping QuestionType.RANGE due to filter settings.
2026-06-30 20:12:20,247 [WARNING] Warning: No endpoint provided for question type remapping.
2026-06-30 20:12:20,248 [WARNING] Skipping QuestionType.RANGE due to filter settings.
2026-06-30 20:12:20,248 [WARNING] Warning: No endpoint provided for question type remapping.
2026-06-30 20:12:20,248 [WARNING] Skipping QuestionType.RANGE due to filter settings.
2026-06-30 20:12:20,248 [WARNING] Warning: No endpoint provided for question type remapping.
2026-06-30 20:12:20,248 [WARNING] Skipping QuestionType.RANGE due to filter settings.
2026-06-30 20:12:20,248 [WARNING] Warning: No endpoint provided for question type remapping.
2026-06-30 20:12:20,248 [WARNING] Skipping QuestionType.RANGE due to filter settings.
2026-06-30 20:12:20,248 [WARNING] Warning: No endpoint provided for question type remapping.
2026-06-30 20:12:20,248 [WARNING] Skipping QuestionType.RANGE due to filter settings.
2026-06-30 20:12:20,248 [WARNING] Warning: No endpoint provided for question type remapping.
2026-06-30 20:12:20,249 [WARNING] Skipping QuestionType.RANGE due to filter settings.
2026-06-30 20:12:20,249 [WARNING] Warning: No endpoint provided for question type remapping.
2026-06-30 20:12:20,249 [WARNING] Skipping QuestionType.RANGE due to filter settings.
2026-06-30 20:12:20,249 [WARNING] Warning: No endpoint provided for question type remapping.
2026-06-30 20:12:20,249 [WARNING] Skipping QuestionType.RANGE due to filter settings.
2026-06-30 20:12:20,249 [WARNING] Warning: No endpoint provided for question type remapping.
2026-06-30 20:12:20,250 [WARNING] Skipping QuestionType.RANGE due to filter settings.
2026-06-30 20:12:20,250 [WARNING] Warning: No endpoint provided for question type remapping.
2026-06-30 20:12:20,250 [WARNING] Skipping QuestionType.RANGE due to filter settings.
2026-06-30 20:12:20,250 [WARNING] Warning: No endpoint provided for question type remapping.
2026-06-30 20:12:20,250 [WARNING] Skipping QuestionType.RANGE due to filter settings.
2026-06-30 20:12:20,250 [WARNING] Warning: No endpoint provided for question type remapping.
2026-06-30 20:12:20,250 [WARNING] Skipping QuestionType.RANGE due to filter settings.
2026-06-30 20:12:20,250 [WARNING] Warning: No endpoint provided for question type remapping.
2026-06-30 20:12:20,250 [WARNING] Skipping QuestionType.RANGE due to filter settings.
2026-06-30 20:12:20,250 [WARNING] Warning: No endpoint provided for question type remapping.
2026-06-30 20:12:20,250 [WARNING] Skipping QuestionType.RANGE due to filter settings.
2026-06-30 20:12:20,250 [WARNING] Warning: No endpoint provided for question type remapping.
2026-06-30 20:12:20,250 [WARNING] Skipping QuestionType.RANGE due to filter settings.
2026-06-30 20:12:20,250 [WARNING] Warning: No endpoint provided for question type remapping.
2026-06-30 20:12:20,250 [WARNING] Skipping QuestionType.RANGE due to filter settings.
2026-06-30 20:12:20,250 [WARNING] Warning: No endpoint provided for question type remapping.
2026-06-30 20:12:20,252 [WARNING] Skipping QuestionType.RANGE due to filter settings.
2026-06-30 20:12:20,253 [WARNING] Warning: No endpoint provided for question type remapping.
2026-06-30 20:12:20,253 [WARNING] Skipping QuestionType.RANGE due to filter settings.
2026-06-30 20:12:20,253 [WARNING] Warning: No endpoint provided for question type remapping.
2026-06-30 20:12:20,253 [WARNING] Skipping QuestionType.RANGE due to filter settings.
2026-06-30 20:12:20,253 [WARNING] Warning: No endpoint provided for question type remapping.
2026-06-30 20:12:20,253 [WARNING] Skipping QuestionType.RANGE due to filter settings.
2026-06-30 20:12:20,253 [WARNING] Warning: No endpoint provided for question type remapping.
2026-06-30 20:12:20,253 [WARNING] Skipping QuestionType.RANGE due to filter settings.
2026-06-30 20:12:20,253 [WARNING] Warning: No endpoint provided for question type remapping.
2026-06-30 20:12:20,253 [WARNING] Skipping QuestionType.RANGE due to filter settings.
2026-06-30 20:12:20,253 [WARNING] Warning: No endpoint provided for question type remapping.
2026-06-30 20:12:20,253 [WARNING] Skipping QuestionType.RANGE due to filter settings.
2026-06-30 20:12:20,255 [WARNING] Warning: No endpoint provided for question type remapping.
2026-06-30 20:12:20,256 [WARNING] Skipping QuestionType.RANGE due to filter settings.
2026-06-30 20:12:20,256 [WARNING] Warning: No endpoint provided for question type remapping.
2026-06-30 20:12:20,256 [WARNING] Skipping QuestionType.RANGE due to filter settings.
2026-06-30 20:12:20,256 [WARNING] Warning: No endpoint provided for question type remapping.
2026-06-30 20:12:20,256 [WARNING] Skipping QuestionType.RANGE due to filter settings.
2026-06-30 20:12:20,256 [WARNING] Warning: No endpoint provided for question type remapping.
2026-06-30 20:12:20,256 [WARNING] Skipping QuestionType.RANGE due to filter settings.
2026-06-30 20:12:20,256 [WARNING] Warning: No endpoint provided for question type remapping.
2026-06-30 20:12:20,256 [WARNING] Skipping QuestionType.RANGE due to filter settings.
2026-06-30 20:12:20,256 [WARNING] Warning: No endpoint provided for question type remapping.
2026-06-30 20:12:20,256 [WARNING] Skipping QuestionType.RANGE due to filter settings.
2026-06-30 20:12:20,256 [WARNING] Warning: No endpoint provided for question type remapping.
2026-06-30 20:12:20,259 [WARNING] Skipping QuestionType.RANGE due to filter settings.
2026-06-30 20:12:20,259 [WARNING] Warning: No endpoint provided for question type remapping.
2026-06-30 20:12:20,259 [WARNING] Skipping QuestionType.RANGE due to filter settings.
2026-06-30 20:12:20,259 [WARNING] Warning: No endpoint provided for question type remapping.
2026-06-30 20:12:20,259 [WARNING] Skipping QuestionType.RANGE due to filter settings.
2026-06-30 20:12:20,259 [WARNING] Warning: No endpoint provided for question type remapping.
2026-06-30 20:12:20,259 [WARNING] Skipping QuestionType.RANGE due to filter settings.
2026-06-30 20:12:20,259 [WARNING] Warning: No endpoint provided for question type remapping.
2026-06-30 20:12:20,259 [WARNING] Skipping QuestionType.RANGE due to filter settings.
2026-06-30 20:12:20,259 [WARNING] Warning: No endpoint provided for question type remapping.
2026-06-30 20:12:20,259 [WARNING] Skipping QuestionType.RANGE due to filter settings.
2026-06-30 20:12:20,261 [WARNING] Warning: No endpoint provided for question type remapping.
2026-06-30 20:12:20,261 [WARNING] Skipping QuestionType.RANGE due to filter settings.
2026-06-30 20:12:20,261 [WARNING] Warning: No endpoint provided for question type remapping.
2026-06-30 20:12:20,261 [WARNING] Skipping QuestionType.RANGE due to filter settings.
2026-06-30 20:12:20,261 [WARNING] Warning: No endpoint provided for question type remapping.
2026-06-30 20:12:20,261 [WARNING] Skipping QuestionType.RANGE due to filter settings.
2026-06-30 20:12:20,261 [WARNING] Warning: No endpoint provided for question type remapping.
2026-06-30 20:12:20,261 [WARNING] Skipping QuestionType.RANGE due to filter settings.
2026-06-30 20:12:20,261 [WARNING] Warning: No endpoint provided for question type remapping.
2026-06-30 20:12:20,261 [WARNING] Skipping QuestionType.RANGE due to filter settings.
2026-06-30 20:12:20,261 [WARNING] Warning: No endpoint provided for question type remapping.
2026-06-30 20:12:20,261 [WARNING] Skipping QuestionType.RANGE due to filter settings.
2026-06-30 20:12:20,261 [WARNING] Warning: No endpoint provided for question type remapping.
2026-06-30 20:12:20,262 [WARNING] Skipping QuestionType.RANGE due to filter settings.
2026-06-30 20:12:20,262 [WARNING] Warning: No endpoint provided for question type remapping.
2026-06-30 20:12:20,262 [WARNING] Skipping QuestionType.RANGE due to filter settings.
2026-06-30 20:12:20,262 [WARNING] Warning: No endpoint provided for question type remapping.
2026-06-30 20:12:20,262 [WARNING] Skipping QuestionType.RANGE due to filter settings.
2026-06-30 20:12:20,263 [WARNING] Warning: No endpoint provided for question type remapping.
2026-06-30 20:12:20,263 [WARNING] Skipping QuestionType.RANGE due to filter settings.
2026-06-30 20:12:20,263 [WARNING] Warning: No endpoint provided for question type remapping.
2026-06-30 20:12:20,266 [WARNING] Skipping QuestionType.RANGE due to filter settings.
2026-06-30 20:12:20,266 [WARNING] Warning: No endpoint provided for question type remapping.
2026-06-30 20:12:20,266 [WARNING] Skipping QuestionType.RANGE due to filter settings.
2026-06-30 20:12:20,266 [WARNING] Warning: No endpoint provided for question type remapping.
2026-06-30 20:12:20,266 [WARNING] Skipping QuestionType.RANGE due to filter settings.
2026-06-30 20:12:20,266 [WARNING] Warning: No endpoint provided for question type remapping.
2026-06-30 20:12:20,267 [WARNING] Skipping QuestionType.RANGE due to filter settings.
2026-06-30 20:12:20,267 [WARNING] Warning: No endpoint provided for question type remapping.
2026-06-30 20:12:20,267 [WARNING] Skipping QuestionType.RANGE due to filter settings.
2026-06-30 20:12:20,267 [WARNING] Warning: No endpoint provided for question type remapping.
2026-06-30 20:12:20,267 [WARNING] Skipping QuestionType.RANGE due to filter settings.
2026-06-30 20:12:20,267 [WARNING] Warning: No endpoint provided for question type remapping.
2026-06-30 20:12:20,267 [WARNING] Skipping QuestionType.RANGE due to filter settings.
2026-06-30 20:12:20,267 [WARNING] Warning: No endpoint provided for question type remapping.
2026-06-30 20:12:20,267 [WARNING] Skipping QuestionType.RANGE due to filter settings.
2026-06-30 20:12:20,268 [WARNING] Warning: No endpoint provided for question type remapping.
2026-06-30 20:12:20,268 [WARNING] Skipping QuestionType.RANGE due to filter settings.
2026-06-30 20:12:20,268 [WARNING] Warning: No endpoint provided for question type remapping.
2026-06-30 20:12:20,268 [WARNING] Skipping QuestionType.RANGE due to filter settings.
2026-06-30 20:12:20,268 [WARNING] Warning: No endpoint provided for question type remapping.
2026-06-30 20:12:20,268 [WARNING] Skipping QuestionType.RANGE due to filter settings.
2026-06-30 20:12:20,268 [WARNING] Warning: No endpoint provided for question type remapping.
2026-06-30 20:12:20,274 [WARNING] Skipping QuestionType.RANGE due to filter settings.
2026-06-30 20:12:20,274 [WARNING] Warning: No endpoint provided for question type remapping.
2026-06-30 20:12:20,274 [WARNING] Skipping QuestionType.RANGE due to filter settings.
2026-06-30 20:12:20,274 [WARNING] Warning: No endpoint provided for question type remapping.
2026-06-30 20:12:20,274 [WARNING] Skipping QuestionType.RANGE due to filter settings.
2026-06-30 20:12:20,274 [WARNING] Warning: No endpoint provided for question type remapping.
2026-06-30 20:12:20,274 [WARNING] Skipping QuestionType.RANGE due to filter settings.
2026-06-30 20:12:20,274 [WARNING] Warning: No endpoint provided for question type remapping.
2026-06-30 20:12:20,274 [WARNING] Skipping QuestionType.RANGE due to filter settings.
2026-06-30 20:12:20,274 [WARNING] Warning: No endpoint provided for question type remapping.
2026-06-30 20:12:20,274 [WARNING] Skipping QuestionType.RANGE due to filter settings.
2026-06-30 20:12:20,274 [WARNING] Warning: No endpoint provided for question type remapping.
2026-06-30 20:12:20,274 [WARNING] Skipping QuestionType.RANGE due to filter settings.
2026-06-30 20:12:20,274 [WARNING] Warning: No endpoint provided for question type remapping.
2026-06-30 20:12:20,276 [WARNING] Skipping QuestionType.RANGE due to filter settings.
2026-06-30 20:12:20,276 [WARNING] Warning: No endpoint provided for question type remapping.
2026-06-30 20:12:20,276 [WARNING] Skipping QuestionType.RANGE due to filter settings.
2026-06-30 20:12:20,276 [WARNING] Warning: No endpoint provided for question type remapping.
2026-06-30 20:12:20,276 [WARNING] Skipping QuestionType.RANGE due to filter settings.
2026-06-30 20:12:20,276 [WARNING] Warning: No endpoint provided for question type remapping.
2026-06-30 20:12:20,276 [WARNING] Skipping QuestionType.RANGE due to filter settings.
2026-06-30 20:12:20,276 [WARNING] Warning: No endpoint provided for question type remapping.
2026-06-30 20:12:20,276 [WARNING] Skipping QuestionType.RANGE due to filter settings.
2026-06-30 20:12:20,277 [WARNING] Warning: No endpoint provided for question type remapping.
2026-06-30 20:12:20,277 [WARNING] Skipping QuestionType.RANGE due to filter settings.
2026-06-30 20:12:20,280 [WARNING] Warning: No endpoint provided for question type remapping.
2026-06-30 20:12:20,281 [WARNING] Skipping QuestionType.RANGE due to filter settings.
2026-06-30 20:12:20,281 [WARNING] Warning: No endpoint provided for question type remapping.
2026-06-30 20:12:20,281 [WARNING] Skipping QuestionType.RANGE due to filter settings.
2026-06-30 20:12:20,281 [WARNING] Warning: No endpoint provided for question type remapping.
2026-06-30 20:12:20,281 [WARNING] Skipping QuestionType.RANGE due to filter settings.
2026-06-30 20:12:20,281 [WARNING] Warning: No endpoint provided for question type remapping.
2026-06-30 20:12:20,282 [WARNING] Skipping QuestionType.RANGE due to filter settings.
2026-06-30 20:12:20,282 [WARNING] Warning: No endpoint provided for question type remapping.
2026-06-30 20:12:20,282 [WARNING] Skipping QuestionType.RANGE due to filter settings.
2026-06-30 20:12:20,282 [WARNING] Warning: No endpoint provided for question type remapping.
2026-06-30 20:12:20,283 [WARNING] Skipping QuestionType.RANGE due to filter settings.
2026-06-30 20:12:20,283 [WARNING] Warning: No endpoint provided for question type remapping.
2026-06-30 20:12:20,283 [WARNING] Skipping QuestionType.RANGE due to filter settings.
2026-06-30 20:12:20,283 [WARNING] Warning: No endpoint provided for question type remapping.
2026-06-30 20:12:20,283 [WARNING] Skipping QuestionType.RANGE due to filter settings.
2026-06-30 20:12:20,283 [WARNING] Warning: No endpoint provided for question type remapping.
2026-06-30 20:12:20,284 [WARNING] Skipping QuestionType.RANGE due to filter settings.
2026-06-30 20:12:20,284 [WARNING] Warning: No endpoint provided for question type remapping.
2026-06-30 20:12:20,284 [WARNING] Skipping QuestionType.RANGE due to filter settings.
2026-06-30 20:12:20,285 [WARNING] Warning: No endpoint provided for question type remapping.
2026-06-30 20:12:20,285 [WARNING] Skipping QuestionType.RANGE due to filter settings.
2026-06-30 20:12:20,285 [WARNING] Warning: No endpoint provided for question type remapping.
2026-06-30 20:12:20,285 [WARNING] Skipping QuestionType.RANGE due to filter settings.
2026-06-30 20:12:20,286 [WARNING] Warning: No endpoint provided for question type remapping.
2026-06-30 20:12:20,286 [WARNING] Skipping QuestionType.RANGE due to filter settings.
2026-06-30 20:12:20,287 [WARNING] Warning: No endpoint provided for question type remapping.
2026-06-30 20:12:20,287 [WARNING] Skipping QuestionType.RANGE due to filter settings.
2026-06-30 20:12:20,287 [WARNING] Warning: No endpoint provided for question type remapping.
2026-06-30 20:12:20,288 [WARNING] Skipping QuestionType.RANGE due to filter settings.
2026-06-30 20:12:20,288 [WARNING] Warning: No endpoint provided for question type remapping.
2026-06-30 20:12:20,288 [WARNING] Skipping QuestionType.RANGE due to filter settings.
2026-06-30 20:12:20,288 [WARNING] Warning: No endpoint provided for question type remapping.
2026-06-30 20:12:20,288 [WARNING] Skipping QuestionType.RANGE due to filter settings.
2026-06-30 20:12:20,288 [WARNING] Warning: No endpoint provided for question type remapping.
2026-06-30 20:12:20,289 [WARNING] Skipping QuestionType.RANGE due to filter settings.
2026-06-30 20:12:20,289 [WARNING] Warning: No endpoint provided for question type remapping.
2026-06-30 20:12:20,289 [WARNING] Skipping QuestionType.RANGE due to filter settings.
2026-06-30 20:12:20,289 [WARNING] Warning: No endpoint provided for question type remapping.
2026-06-30 20:12:20,289 [WARNING] Skipping QuestionType.RANGE due to filter settings.
2026-06-30 20:12:20,289 [WARNING] Warning: No endpoint provided for question type remapping.
2026-06-30 20:12:20,289 [WARNING] Skipping QuestionType.RANGE due to filter settings.
2026-06-30 20:12:20,290 [WARNING] Warning: No endpoint provided for question type remapping.
2026-06-30 20:12:20,290 [WARNING] Skipping QuestionType.RANGE due to filter settings.
2026-06-30 20:12:20,290 [WARNING] Warning: No endpoint provided for question type remapping.
2026-06-30 20:12:20,290 [WARNING] Skipping QuestionType.RANGE due to filter settings.
2026-06-30 20:12:20,290 [WARNING] Warning: No endpoint provided for question type remapping.
2026-06-30 20:12:20,290 [WARNING] Skipping QuestionType.RANGE due to filter settings.
2026-06-30 20:12:20,291 [WARNING] Warning: No endpoint provided for question type remapping.
2026-06-30 20:12:20,291 [WARNING] Skipping QuestionType.RANGE due to filter settings.
2026-06-30 20:12:20,291 [WARNING] Warning: No endpoint provided for question type remapping.
2026-06-30 20:12:20,291 [WARNING] Skipping QuestionType.RANGE due to filter settings.
2026-06-30 20:12:20,291 [WARNING] Warning: No endpoint provided for question type remapping.
2026-06-30 20:12:20,291 [WARNING] Skipping QuestionType.RANGE due to filter settings.
2026-06-30 20:12:20,292 [WARNING] Warning: No endpoint provided for question type remapping.
2026-06-30 20:12:20,292 [WARNING] Skipping QuestionType.RANGE due to filter settings.
2026-06-30 20:12:20,292 [WARNING] Warning: No endpoint provided for question type remapping.
2026-06-30 20:12:20,292 [WARNING] Skipping QuestionType.RANGE due to filter settings.
2026-06-30 20:12:20,292 [WARNING] Warning: No endpoint provided for question type remapping.
2026-06-30 20:12:20,292 [WARNING] Skipping QuestionType.RANGE due to filter settings.
2026-06-30 20:12:20,293 [WARNING] Warning: No endpoint provided for question type remapping.
2026-06-30 20:12:20,293 [WARNING] Skipping QuestionType.RANGE due to filter settings.
2026-06-30 20:12:20,293 [WARNING] Warning: No endpoint provided for question type remapping.
2026-06-30 20:12:20,293 [WARNING] Skipping QuestionType.RANGE due to filter settings.
2026-06-30 20:12:20,293 [WARNING] Warning: No endpoint provided for question type remapping.
2026-06-30 20:12:20,293 [WARNING] Skipping QuestionType.RANGE due to filter settings.
2026-06-30 20:12:20,293 [WARNING] Warning: No endpoint provided for question type remapping.
2026-06-30 20:12:20,294 [WARNING] Skipping QuestionType.RANGE due to filter settings.
2026-06-30 20:12:20,294 [WARNING] Warning: No endpoint provided for question type remapping.
2026-06-30 20:12:20,294 [WARNING] Skipping QuestionType.RANGE due to filter settings.
2026-06-30 20:12:20,294 [WARNING] Warning: No endpoint provided for question type remapping.
2026-06-30 20:12:20,294 [WARNING] Skipping QuestionType.RANGE due to filter settings.
2026-06-30 20:12:20,294 [WARNING] Warning: No endpoint provided for question type remapping.
2026-06-30 20:12:20,295 [WARNING] Skipping QuestionType.RANGE due to filter settings.
2026-06-30 20:12:20,295 [WARNING] Warning: No endpoint provided for question type remapping.
2026-06-30 20:12:20,295 [WARNING] Skipping QuestionType.RANGE due to filter settings.
2026-06-30 20:12:20,295 [WARNING] Warning: No endpoint provided for question type remapping.
2026-06-30 20:12:20,295 [WARNING] Skipping QuestionType.RANGE due to filter settings.
2026-06-30 20:12:20,295 [WARNING] Warning: No endpoint provided for question type remapping.
2026-06-30 20:12:20,295 [WARNING] Skipping QuestionType.RANGE due to filter settings.
2026-06-30 20:12:20,296 [WARNING] Warning: No endpoint provided for question type remapping.
2026-06-30 20:12:20,296 [WARNING] Skipping QuestionType.RANGE due to filter settings.
2026-06-30 20:12:20,296 [WARNING] Warning: No endpoint provided for question type remapping.
2026-06-30 20:12:20,297 [WARNING] Skipping QuestionType.RANGE due to filter settings.
2026-06-30 20:12:20,297 [WARNING] Warning: No endpoint provided for question type remapping.
2026-06-30 20:12:20,297 [WARNING] Skipping QuestionType.RANGE due to filter settings.
2026-06-30 20:12:20,297 [WARNING] Warning: No endpoint provided for question type remapping.
2026-06-30 20:12:20,297 [WARNING] Skipping QuestionType.RANGE due to filter settings.
2026-06-30 20:12:20,297 [WARNING] Warning: No endpoint provided for question type remapping.
2026-06-30 20:12:20,297 [WARNING] Skipping QuestionType.RANGE due to filter settings.
2026-06-30 20:12:20,297 [WARNING] Warning: No endpoint provided for question type remapping.
2026-06-30 20:12:20,297 [WARNING] Skipping QuestionType.RANGE due to filter settings.
2026-06-30 20:12:20,297 [WARNING] Warning: No endpoint provided for question type remapping.
2026-06-30 20:12:20,297 [WARNING] Skipping QuestionType.RANGE due to filter settings.
2026-06-30 20:12:20,297 [WARNING] Warning: No endpoint provided for question type remapping.
2026-06-30 20:12:20,297 [WARNING] Skipping QuestionType.RANGE due to filter settings.
2026-06-30 20:12:20,297 [WARNING] Warning: No endpoint provided for question type remapping.
2026-06-30 20:12:20,297 [WARNING] Skipping QuestionType.RANGE due to filter settings.
2026-06-30 20:12:20,297 [WARNING] Warning: No endpoint provided for question type remapping.
2026-06-30 20:12:20,298 [WARNING] Skipping QuestionType.RANGE due to filter settings.
2026-06-30 20:12:20,298 [WARNING] Warning: No endpoint provided for question type remapping.
2026-06-30 20:12:20,298 [WARNING] Skipping QuestionType.RANGE due to filter settings.
2026-06-30 20:12:20,298 [WARNING] Warning: No endpoint provided for question type remapping.
2026-06-30 20:12:20,298 [WARNING] Skipping QuestionType.RANGE due to filter settings.
2026-06-30 20:12:20,298 [WARNING] Warning: No endpoint provided for question type remapping.
2026-06-30 20:12:20,298 [WARNING] Skipping QuestionType.RANGE due to filter settings.
2026-06-30 20:12:20,299 [WARNING] Warning: No endpoint provided for question type remapping.
2026-06-30 20:12:20,299 [WARNING] Skipping QuestionType.RANGE due to filter settings.
2026-06-30 20:12:20,299 [WARNING] Warning: No endpoint provided for question type remapping.
2026-06-30 20:12:20,299 [WARNING] Skipping QuestionType.RANGE due to filter settings.
2026-06-30 20:12:20,299 [WARNING] Warning: No endpoint provided for question type remapping.
2026-06-30 20:12:20,299 [WARNING] Skipping QuestionType.RANGE due to filter settings.
2026-06-30 20:12:20,299 [WARNING] Warning: No endpoint provided for question type remapping.
2026-06-30 20:12:20,299 [WARNING] Skipping QuestionType.RANGE due to filter settings.
2026-06-30 20:12:20,301 [WARNING] Warning: No endpoint provided for question type remapping.
2026-06-30 20:12:20,302 [WARNING] Skipping QuestionType.RANGE due to filter settings.
2026-06-30 20:12:20,303 [WARNING] Warning: No endpoint provided for question type remapping.
2026-06-30 20:12:20,303 [WARNING] Skipping QuestionType.RANGE due to filter settings.
2026-06-30 20:12:20,303 [WARNING] Warning: No endpoint provided for question type remapping.
2026-06-30 20:12:20,303 [WARNING] Skipping QuestionType.RANGE due to filter settings.
2026-06-30 20:12:20,303 [WARNING] Warning: No endpoint provided for question type remapping.
2026-06-30 20:12:20,303 [WARNING] Skipping QuestionType.RANGE due to filter settings.
2026-06-30 20:12:20,303 [WARNING] Warning: No endpoint provided for question type remapping.
2026-06-30 20:12:20,304 [WARNING] Skipping QuestionType.RANGE due to filter settings.
2026-06-30 20:12:20,304 [WARNING] Warning: No endpoint provided for question type remapping.
2026-06-30 20:12:20,304 [WARNING] Skipping QuestionType.RANGE due to filter settings.
2026-06-30 20:12:20,304 [WARNING] Warning: No endpoint provided for question type remapping.
2026-06-30 20:12:20,306 [WARNING] Skipping QuestionType.RANGE due to filter settings.
2026-06-30 20:12:20,306 [WARNING] Warning: No endpoint provided for question type remapping.
2026-06-30 20:12:20,306 [WARNING] Skipping QuestionType.RANGE due to filter settings.
2026-06-30 20:12:20,306 [WARNING] Warning: No endpoint provided for question type remapping.
2026-06-30 20:12:20,307 [WARNING] Skipping QuestionType.RANGE due to filter settings.
2026-06-30 20:12:20,307 [WARNING] Warning: No endpoint provided for question type remapping.
2026-06-30 20:12:20,308 [WARNING] Skipping QuestionType.RANGE due to filter settings.
2026-06-30 20:12:20,308 [WARNING] Warning: No endpoint provided for question type remapping.
2026-06-30 20:12:20,308 [WARNING] Skipping QuestionType.RANGE due to filter settings.
2026-06-30 20:12:20,308 [WARNING] Warning: No endpoint provided for question type remapping.
2026-06-30 20:12:20,309 [WARNING] Skipping QuestionType.RANGE due to filter settings.
2026-06-30 20:12:20,309 [WARNING] Warning: No endpoint provided for question type remapping.
2026-06-30 20:12:20,309 [WARNING] Skipping QuestionType.RANGE due to filter settings.
2026-06-30 20:12:20,309 [WARNING] Warning: No endpoint provided for question type remapping.
2026-06-30 20:12:20,309 [WARNING] Skipping QuestionType.RANGE due to filter settings.
2026-06-30 20:12:20,309 [WARNING] Warning: No endpoint provided for question type remapping.
2026-06-30 20:12:20,309 [WARNING] Skipping QuestionType.RANGE due to filter settings.
2026-06-30 20:12:20,309 [WARNING] Warning: No endpoint provided for question type remapping.
2026-06-30 20:12:20,312 [WARNING] Skipping QuestionType.RANGE due to filter settings.
2026-06-30 20:12:20,312 [WARNING] Warning: No endpoint provided for question type remapping.
2026-06-30 20:12:20,314 [WARNING] Skipping QuestionType.RANGE due to filter settings.
2026-06-30 20:12:20,314 [WARNING] Warning: No endpoint provided for question type remapping.
2026-06-30 20:12:20,314 [WARNING] Skipping QuestionType.RANGE due to filter settings.
2026-06-30 20:12:20,316 [WARNING] Warning: No endpoint provided for question type remapping.
2026-06-30 20:12:20,316 [WARNING] Skipping QuestionType.RANGE due to filter settings.
2026-06-30 20:12:20,316 [WARNING] Warning: No endpoint provided for question type remapping.
2026-06-30 20:12:20,316 [WARNING] Skipping QuestionType.RANGE due to filter settings.
2026-06-30 20:12:20,319 [WARNING] Warning: No endpoint provided for question type remapping.
2026-06-30 20:12:20,319 [WARNING] Skipping QuestionType.RANGE due to filter settings.
2026-06-30 20:12:20,320 [WARNING] Warning: No endpoint provided for question type remapping.
2026-06-30 20:12:20,321 [WARNING] Skipping QuestionType.RANGE due to filter settings.
2026-06-30 20:12:20,321 [WARNING] Warning: No endpoint provided for question type remapping.
2026-06-30 20:12:20,321 [WARNING] Skipping QuestionType.RANGE due to filter settings.
2026-06-30 20:12:20,321 [WARNING] Warning: No endpoint provided for question type remapping.
2026-06-30 20:12:20,321 [WARNING] Skipping QuestionType.RANGE due to filter settings.
2026-06-30 20:12:20,321 [WARNING] Warning: No endpoint provided for question type remapping.
2026-06-30 20:12:20,321 [WARNING] Skipping QuestionType.RANGE due to filter settings.
2026-06-30 20:12:20,322 [WARNING] Warning: No endpoint provided for question type remapping.
2026-06-30 20:12:20,322 [WARNING] Skipping QuestionType.RANGE due to filter settings.
2026-06-30 20:12:20,323 [WARNING] Warning: No endpoint provided for question type remapping.
2026-06-30 20:12:20,323 [WARNING] Skipping QuestionType.RANGE due to filter settings.
2026-06-30 20:12:20,323 [WARNING] Warning: No endpoint provided for question type remapping.
2026-06-30 20:12:20,323 [WARNING] Skipping QuestionType.RANGE due to filter settings.
2026-06-30 20:12:20,323 [WARNING] Warning: No endpoint provided for question type remapping.
2026-06-30 20:12:20,323 [WARNING] Skipping QuestionType.RANGE due to filter settings.
2026-06-30 20:12:20,323 [WARNING] Warning: No endpoint provided for question type remapping.
2026-06-30 20:12:20,323 [WARNING] Skipping QuestionType.RANGE due to filter settings.
2026-06-30 20:12:20,323 [WARNING] Warning: No endpoint provided for question type remapping.
2026-06-30 20:12:20,323 [WARNING] Skipping QuestionType.RANGE due to filter settings.
2026-06-30 20:12:20,323 [WARNING] Warning: No endpoint provided for question type remapping.
2026-06-30 20:12:20,323 [WARNING] Skipping QuestionType.RANGE due to filter settings.
2026-06-30 20:12:20,323 [WARNING] Warning: No endpoint provided for question type remapping.
2026-06-30 20:12:20,323 [WARNING] Skipping QuestionType.RANGE due to filter settings.
2026-06-30 20:12:20,323 [WARNING] Warning: No endpoint provided for question type remapping.
2026-06-30 20:12:20,323 [WARNING] Skipping QuestionType.RANGE due to filter settings.
2026-06-30 20:12:20,323 [WARNING] Warning: No endpoint provided for question type remapping.
2026-06-30 20:12:20,323 [WARNING] Skipping QuestionType.RANGE due to filter settings.
2026-06-30 20:12:20,323 [WARNING] Warning: No endpoint provided for question type remapping.
2026-06-30 20:12:20,323 [WARNING] Skipping QuestionType.RANGE due to filter settings.
2026-06-30 20:12:20,323 [WARNING] Warning: No endpoint provided for question type remapping.
2026-06-30 20:12:20,323 [WARNING] Skipping QuestionType.RANGE due to filter settings.
2026-06-30 20:12:20,323 [WARNING] Warning: No endpoint provided for question type remapping.
2026-06-30 20:12:20,323 [WARNING] Skipping QuestionType.RANGE due to filter settings.
2026-06-30 20:12:20,323 [WARNING] Warning: No endpoint provided for question type remapping.
2026-06-30 20:12:20,323 [WARNING] Skipping QuestionType.RANGE due to filter settings.
2026-06-30 20:12:20,324 [WARNING] Warning: No endpoint provided for question type remapping.
2026-06-30 20:12:20,325 [WARNING] Skipping QuestionType.RANGE due to filter settings.
2026-06-30 20:12:20,325 [WARNING] Warning: No endpoint provided for question type remapping.
2026-06-30 20:12:20,325 [WARNING] Skipping QuestionType.RANGE due to filter settings.
2026-06-30 20:12:20,325 [WARNING] Warning: No endpoint provided for question type remapping.
2026-06-30 20:12:20,326 [WARNING] Skipping QuestionType.RANGE due to filter settings.
2026-06-30 20:12:20,326 [WARNING] Warning: No endpoint provided for question type remapping.
2026-06-30 20:12:20,326 [WARNING] Skipping QuestionType.RANGE due to filter settings.
2026-06-30 20:12:20,326 [WARNING] Warning: No endpoint provided for question type remapping.
2026-06-30 20:12:20,327 [WARNING] Skipping QuestionType.RANGE due to filter settings.
2026-06-30 20:12:20,327 [WARNING] Warning: No endpoint provided for question type remapping.
2026-06-30 20:12:20,328 [WARNING] Skipping QuestionType.RANGE due to filter settings.
2026-06-30 20:12:20,328 [WARNING] Warning: No endpoint provided for question type remapping.
2026-06-30 20:12:20,328 [WARNING] Skipping QuestionType.RANGE due to filter settings.
2026-06-30 20:12:20,328 [WARNING] Warning: No endpoint provided for question type remapping.
2026-06-30 20:12:20,328 [WARNING] Skipping QuestionType.RANGE due to filter settings.
2026-06-30 20:12:20,328 [WARNING] Warning: No endpoint provided for question type remapping.
2026-06-30 20:12:20,329 [WARNING] Skipping QuestionType.RANGE due to filter settings.
2026-06-30 20:12:20,329 [WARNING] Warning: No endpoint provided for question type remapping.
2026-06-30 20:12:20,329 [WARNING] Skipping QuestionType.RANGE due to filter settings.
2026-06-30 20:12:20,329 [WARNING] Warning: No endpoint provided for question type remapping.
2026-06-30 20:12:20,329 [WARNING] Skipping QuestionType.RANGE due to filter settings.
2026-06-30 20:12:20,329 [WARNING] Warning: No endpoint provided for question type remapping.
2026-06-30 20:12:20,329 [WARNING] Skipping QuestionType.RANGE due to filter settings.
2026-06-30 20:12:20,330 [WARNING] Warning: No endpoint provided for question type remapping.
2026-06-30 20:12:20,330 [WARNING] Skipping QuestionType.RANGE due to filter settings.
2026-06-30 20:12:20,330 [WARNING] Warning: No endpoint provided for question type remapping.
2026-06-30 20:12:20,330 [WARNING] Skipping QuestionType.RANGE due to filter settings.
2026-06-30 20:12:20,330 [WARNING] Warning: No endpoint provided for question type remapping.
2026-06-30 20:12:20,331 [WARNING] Skipping QuestionType.RANGE due to filter settings.
2026-06-30 20:12:20,331 [WARNING] Warning: No endpoint provided for question type remapping.
2026-06-30 20:12:20,331 [WARNING] Skipping QuestionType.RANGE due to filter settings.
2026-06-30 20:12:20,331 [WARNING] Warning: No endpoint provided for question type remapping.
2026-06-30 20:12:20,331 [WARNING] Skipping QuestionType.RANGE due to filter settings.
2026-06-30 20:12:20,331 [WARNING] Warning: No endpoint provided for question type remapping.
2026-06-30 20:12:20,332 [WARNING] Skipping QuestionType.RANGE due to filter settings.
2026-06-30 20:12:20,332 [WARNING] Warning: No endpoint provided for question type remapping.
2026-06-30 20:12:20,333 [WARNING] Skipping QuestionType.RANGE due to filter settings.
2026-06-30 20:12:20,335 [WARNING] Warning: No endpoint provided for question type remapping.
2026-06-30 20:12:20,335 [WARNING] Skipping QuestionType.RANGE due to filter settings.
2026-06-30 20:12:20,335 [WARNING] Warning: No endpoint provided for question type remapping.
2026-06-30 20:12:20,335 [WARNING] Skipping QuestionType.RANGE due to filter settings.
2026-06-30 20:12:20,335 [WARNING] Warning: No endpoint provided for question type remapping.
2026-06-30 20:12:20,335 [WARNING] Skipping QuestionType.RANGE due to filter settings.
2026-06-30 20:12:20,335 [INFO]     Querying model gemini-3.5-flash with 501 message(s), temperature: 0.2
2026-06-30 20:12:20,337 [WARNING] Message is empty, skipping.
2026-06-30 20:12:20,337 [INFO] ('', None, [{}], {'error': 'Message is empty'})
2026-06-30 20:12:20,337 [WARNING] Message is empty, skipping.
2026-06-30 20:12:20,337 [INFO] ('', None, [{}], {'error': 'Message is empty'})
2026-06-30 20:12:20,337 [WARNING] Message is empty, skipping.
2026-06-30 20:12:20,337 [INFO] ('', None, [{}], {'error': 'Message is empty'})
2026-06-30 20:12:20,337 [WARNING] Message is empty, skipping.
2026-06-30 20:12:20,337 [INFO] ('', None, [{}], {'error': 'Message is empty'})
2026-06-30 20:12:20,337 [WARNING] Message is empty, skipping.
2026-06-30 20:12:20,339 [INFO] ('', None, [{}], {'error': 'Message is empty'})
2026-06-30 20:12:20,339 [WARNING] Message is empty, skipping.
2026-06-30 20:12:20,339 [INFO] ('', None, [{}], {'error': 'Message is empty'})
2026-06-30 20:12:20,339 [WARNING] Message is empty, skipping.
2026-06-30 20:12:20,339 [INFO] ('', None, [{}], {'error': 'Message is empty'})
2026-06-30 20:12:20,339 [WARNING] Message is empty, skipping.
2026-06-30 20:12:20,339 [INFO] ('', None, [{}], {'error': 'Message is empty'})
2026-06-30 20:12:20,339 [WARNING] Message is empty, skipping.
2026-06-30 20:12:20,339 [INFO] ('', None, [{}], {'error': 'Message is empty'})
2026-06-30 20:12:20,340 [WARNING] Message is empty, skipping.
2026-06-30 20:12:20,340 [INFO] ('', None, [{}], {'error': 'Message is empty'})
2026-06-30 20:12:20,340 [WARNING] Message is empty, skipping.
2026-06-30 20:12:20,340 [INFO] ('', None, [{}], {'error': 'Message is empty'})
2026-06-30 20:12:20,341 [WARNING] Message is empty, skipping.
2026-06-30 20:12:20,341 [INFO] ('', None, [{}], {'error': 'Message is empty'})
2026-06-30 20:12:20,341 [WARNING] Message is empty, skipping.
2026-06-30 20:12:20,341 [INFO] ('', None, [{}], {'error': 'Message is empty'})
2026-06-30 20:12:20,341 [WARNING] Message is empty, skipping.
2026-06-30 20:12:20,341 [INFO] ('', None, [{}], {'error': 'Message is empty'})
2026-06-30 20:12:20,341 [WARNING] Message is empty, skipping.
2026-06-30 20:12:20,341 [INFO] ('', None, [{}], {'error': 'Message is empty'})
2026-06-30 20:12:20,341 [WARNING] Message is empty, skipping.
2026-06-30 20:12:20,341 [INFO] ('', None, [{}], {'error': 'Message is empty'})
2026-06-30 20:12:20,341 [WARNING] Message is empty, skipping.
2026-06-30 20:12:20,342 [INFO] ('', None, [{}], {'error': 'Message is empty'})
2026-06-30 20:12:20,342 [WARNING] Message is empty, skipping.
2026-06-30 20:12:20,342 [INFO] ('', None, [{}], {'error': 'Message is empty'})
2026-06-30 20:12:20,342 [WARNING] Message is empty, skipping.
2026-06-30 20:12:20,342 [INFO] ('', None, [{}], {'error': 'Message is empty'})
2026-06-30 20:12:20,342 [WARNING] Message is empty, skipping.
2026-06-30 20:12:20,343 [INFO] ('', None, [{}], {'error': 'Message is empty'})
2026-06-30 20:12:20,344 [WARNING] Message is empty, skipping.
2026-06-30 20:12:20,344 [INFO] ('', None, [{}], {'error': 'Message is empty'})
2026-06-30 20:12:20,344 [WARNING] Message is empty, skipping.
2026-06-30 20:12:20,344 [INFO] ('', None, [{}], {'error': 'Message is empty'})
2026-06-30 20:12:20,344 [WARNING] Message is empty, skipping.
2026-06-30 20:12:20,344 [INFO] ('', None, [{}], {'error': 'Message is empty'})
2026-06-30 20:12:20,344 [WARNING] Message is empty, skipping.
2026-06-30 20:12:20,346 [INFO] ('', None, [{}], {'error': 'Message is empty'})
2026-06-30 20:12:20,346 [WARNING] Message is empty, skipping.
2026-06-30 20:12:20,346 [INFO] ('', None, [{}], {'error': 'Message is empty'})
2026-06-30 20:12:20,346 [WARNING] Message is empty, skipping.
2026-06-30 20:12:20,347 [INFO] ('', None, [{}], {'error': 'Message is empty'})
2026-06-30 20:12:20,347 [WARNING] Message is empty, skipping.
2026-06-30 20:12:20,347 [INFO] ('', None, [{}], {'error': 'Message is empty'})
2026-06-30 20:12:20,347 [WARNING] Message is empty, skipping.
2026-06-30 20:12:20,347 [INFO] ('', None, [{}], {'error': 'Message is empty'})
2026-06-30 20:12:20,347 [WARNING] Message is empty, skipping.
2026-06-30 20:12:20,347 [INFO] ('', None, [{}], {'error': 'Message is empty'})
2026-06-30 20:12:20,347 [WARNING] Message is empty, skipping.
2026-06-30 20:12:20,347 [INFO] ('', None, [{}], {'error': 'Message is empty'})
2026-06-30 20:12:20,348 [WARNING] Message is empty, skipping.
2026-06-30 20:12:20,349 [INFO] ('', None, [{}], {'error': 'Message is empty'})
2026-06-30 20:12:20,349 [WARNING] Message is empty, skipping.
2026-06-30 20:12:20,349 [INFO] ('', None, [{}], {'error': 'Message is empty'})
2026-06-30 20:12:20,349 [WARNING] Message is empty, skipping.
2026-06-30 20:12:20,349 [INFO] ('', None, [{}], {'error': 'Message is empty'})
2026-06-30 20:12:20,349 [WARNING] Message is empty, skipping.
2026-06-30 20:12:20,349 [INFO] ('', None, [{}], {'error': 'Message is empty'})
2026-06-30 20:12:20,349 [WARNING] Message is empty, skipping.
2026-06-30 20:12:20,349 [INFO] ('', None, [{}], {'error': 'Message is empty'})
2026-06-30 20:12:20,349 [WARNING] Message is empty, skipping.
2026-06-30 20:12:20,349 [INFO] ('', None, [{}], {'error': 'Message is empty'})
2026-06-30 20:12:20,352 [WARNING] Message is empty, skipping.
2026-06-30 20:12:20,352 [INFO] ('', None, [{}], {'error': 'Message is empty'})
2026-06-30 20:12:20,352 [WARNING] Message is empty, skipping.
2026-06-30 20:12:20,352 [INFO] ('', None, [{}], {'error': 'Message is empty'})
2026-06-30 20:12:20,352 [WARNING] Message is empty, skipping.
2026-06-30 20:12:20,352 [INFO] ('', None, [{}], {'error': 'Message is empty'})
2026-06-30 20:12:20,352 [WARNING] Message is empty, skipping.
2026-06-30 20:12:20,352 [INFO] ('', None, [{}], {'error': 'Message is empty'})
2026-06-30 20:12:20,352 [WARNING] Message is empty, skipping.
2026-06-30 20:12:20,353 [INFO] ('', None, [{}], {'error': 'Message is empty'})
2026-06-30 20:12:20,353 [WARNING] Message is empty, skipping.
2026-06-30 20:12:20,353 [INFO] ('', None, [{}], {'error': 'Message is empty'})
2026-06-30 20:12:20,353 [WARNING] Message is empty, skipping.
2026-06-30 20:12:20,353 [INFO] ('', None, [{}], {'error': 'Message is empty'})
2026-06-30 20:12:20,353 [WARNING] Message is empty, skipping.
2026-06-30 20:12:20,353 [INFO] ('', None, [{}], {'error': 'Message is empty'})
2026-06-30 20:12:20,353 [WARNING] Message is empty, skipping.
2026-06-30 20:12:20,353 [INFO] ('', None, [{}], {'error': 'Message is empty'})
2026-06-30 20:12:20,353 [WARNING] Message is empty, skipping.
2026-06-30 20:12:20,353 [INFO] ('', None, [{}], {'error': 'Message is empty'})
2026-06-30 20:12:20,354 [WARNING] Message is empty, skipping.
2026-06-30 20:12:20,354 [INFO] ('', None, [{}], {'error': 'Message is empty'})
2026-06-30 20:12:20,354 [WARNING] Message is empty, skipping.
2026-06-30 20:12:20,354 [INFO] ('', None, [{}], {'error': 'Message is empty'})
2026-06-30 20:12:20,354 [WARNING] Message is empty, skipping.
2026-06-30 20:12:20,354 [INFO] ('', None, [{}], {'error': 'Message is empty'})
2026-06-30 20:12:20,354 [WARNING] Message is empty, skipping.
2026-06-30 20:12:20,354 [INFO] ('', None, [{}], {'error': 'Message is empty'})
2026-06-30 20:12:20,354 [WARNING] Message is empty, skipping.
2026-06-30 20:12:20,354 [INFO] ('', None, [{}], {'error': 'Message is empty'})
2026-06-30 20:12:20,354 [WARNING] Message is empty, skipping.
2026-06-30 20:12:20,354 [INFO] ('', None, [{}], {'error': 'Message is empty'})
2026-06-30 20:12:20,354 [WARNING] Message is empty, skipping.
2026-06-30 20:12:20,354 [INFO] ('', None, [{}], {'error': 'Message is empty'})
2026-06-30 20:12:20,354 [WARNING] Message is empty, skipping.
2026-06-30 20:12:20,355 [INFO] ('', None, [{}], {'error': 'Message is empty'})
2026-06-30 20:12:20,355 [WARNING] Message is empty, skipping.
2026-06-30 20:12:20,355 [INFO] ('', None, [{}], {'error': 'Message is empty'})
2026-06-30 20:12:20,355 [WARNING] Message is empty, skipping.
2026-06-30 20:12:20,355 [INFO] ('', None, [{}], {'error': 'Message is empty'})
2026-06-30 20:12:20,355 [WARNING] Message is empty, skipping.
2026-06-30 20:12:20,355 [INFO] ('', None, [{}], {'error': 'Message is empty'})
2026-06-30 20:12:20,355 [WARNING] Message is empty, skipping.
2026-06-30 20:12:20,355 [INFO] ('', None, [{}], {'error': 'Message is empty'})
2026-06-30 20:12:20,355 [WARNING] Message is empty, skipping.
2026-06-30 20:12:20,356 [INFO] ('', None, [{}], {'error': 'Message is empty'})
2026-06-30 20:12:20,356 [WARNING] Message is empty, skipping.
2026-06-30 20:12:20,356 [INFO] ('', None, [{}], {'error': 'Message is empty'})
2026-06-30 20:12:20,356 [WARNING] Message is empty, skipping.
2026-06-30 20:12:20,356 [INFO] ('', None, [{}], {'error': 'Message is empty'})
2026-06-30 20:12:20,356 [WARNING] Message is empty, skipping.
2026-06-30 20:12:20,356 [INFO] ('', None, [{}], {'error': 'Message is empty'})
2026-06-30 20:12:20,356 [WARNING] Message is empty, skipping.
2026-06-30 20:12:20,357 [INFO] ('', None, [{}], {'error': 'Message is empty'})
2026-06-30 20:12:20,358 [WARNING] Message is empty, skipping.
2026-06-30 20:12:20,358 [INFO] ('', None, [{}], {'error': 'Message is empty'})
2026-06-30 20:12:20,358 [WARNING] Message is empty, skipping.
2026-06-30 20:12:20,358 [INFO] ('', None, [{}], {'error': 'Message is empty'})
2026-06-30 20:12:20,358 [WARNING] Message is empty, skipping.
2026-06-30 20:12:20,358 [INFO] ('', None, [{}], {'error': 'Message is empty'})
2026-06-30 20:12:20,358 [WARNING] Message is empty, skipping.
2026-06-30 20:12:20,358 [INFO] ('', None, [{}], {'error': 'Message is empty'})
2026-06-30 20:12:20,358 [WARNING] Message is empty, skipping.
2026-06-30 20:12:20,358 [INFO] ('', None, [{}], {'error': 'Message is empty'})
2026-06-30 20:12:20,358 [WARNING] Message is empty, skipping.
2026-06-30 20:12:20,358 [INFO] ('', None, [{}], {'error': 'Message is empty'})
2026-06-30 20:12:20,359 [WARNING] Message is empty, skipping.
2026-06-30 20:12:20,359 [INFO] ('', None, [{}], {'error': 'Message is empty'})
2026-06-30 20:12:20,359 [WARNING] Message is empty, skipping.
2026-06-30 20:12:20,359 [INFO] ('', None, [{}], {'error': 'Message is empty'})
2026-06-30 20:12:20,359 [WARNING] Message is empty, skipping.
2026-06-30 20:12:20,359 [INFO] ('', None, [{}], {'error': 'Message is empty'})
2026-06-30 20:12:20,359 [WARNING] Message is empty, skipping.
2026-06-30 20:12:20,359 [INFO] ('', None, [{}], {'error': 'Message is empty'})
2026-06-30 20:12:20,360 [WARNING] Message is empty, skipping.
2026-06-30 20:12:20,360 [INFO] ('', None, [{}], {'error': 'Message is empty'})
2026-06-30 20:12:20,360 [WARNING] Message is empty, skipping.
2026-06-30 20:12:20,360 [INFO] ('', None, [{}], {'error': 'Message is empty'})
2026-06-30 20:12:20,360 [WARNING] Message is empty, skipping.
2026-06-30 20:12:20,360 [INFO] ('', None, [{}], {'error': 'Message is empty'})
2026-06-30 20:12:20,360 [WARNING] Message is empty, skipping.
2026-06-30 20:12:20,360 [INFO] ('', None, [{}], {'error': 'Message is empty'})
2026-06-30 20:12:20,360 [WARNING] Message is empty, skipping.
2026-06-30 20:12:20,361 [INFO] ('', None, [{}], {'error': 'Message is empty'})
2026-06-30 20:12:20,361 [WARNING] Message is empty, skipping.
2026-06-30 20:12:20,362 [INFO] ('', None, [{}], {'error': 'Message is empty'})
2026-06-30 20:12:20,362 [WARNING] Message is empty, skipping.
2026-06-30 20:12:20,362 [INFO] ('', None, [{}], {'error': 'Message is empty'})
2026-06-30 20:12:20,362 [WARNING] Message is empty, skipping.
2026-06-30 20:12:20,362 [INFO] ('', None, [{}], {'error': 'Message is empty'})
2026-06-30 20:12:20,363 [WARNING] Message is empty, skipping.
2026-06-30 20:12:20,363 [INFO] ('', None, [{}], {'error': 'Message is empty'})
2026-06-30 20:12:20,363 [WARNING] Message is empty, skipping.
2026-06-30 20:12:20,363 [INFO] ('', None, [{}], {'error': 'Message is empty'})
2026-06-30 20:12:20,363 [WARNING] Message is empty, skipping.
2026-06-30 20:12:20,363 [INFO] ('', None, [{}], {'error': 'Message is empty'})
2026-06-30 20:12:20,363 [WARNING] Message is empty, skipping.
2026-06-30 20:12:20,364 [INFO] ('', None, [{}], {'error': 'Message is empty'})
2026-06-30 20:12:20,364 [WARNING] Message is empty, skipping.
2026-06-30 20:12:20,364 [INFO] ('', None, [{}], {'error': 'Message is empty'})
2026-06-30 20:12:20,364 [WARNING] Message is empty, skipping.
2026-06-30 20:12:20,364 [INFO] ('', None, [{}], {'error': 'Message is empty'})
2026-06-30 20:12:20,364 [WARNING] Message is empty, skipping.
2026-06-30 20:12:20,364 [INFO] ('', None, [{}], {'error': 'Message is empty'})
2026-06-30 20:12:20,364 [WARNING] Message is empty, skipping.
2026-06-30 20:12:20,367 [INFO] ('', None, [{}], {'error': 'Message is empty'})
2026-06-30 20:12:20,367 [WARNING] Message is empty, skipping.
2026-06-30 20:12:20,367 [INFO] ('', None, [{}], {'error': 'Message is empty'})
2026-06-30 20:12:20,368 [WARNING] Message is empty, skipping.
2026-06-30 20:12:20,368 [INFO] ('', None, [{}], {'error': 'Message is empty'})
2026-06-30 20:12:20,369 [WARNING] Message is empty, skipping.
2026-06-30 20:12:20,370 [INFO] ('', None, [{}], {'error': 'Message is empty'})
2026-06-30 20:12:20,370 [WARNING] Message is empty, skipping.
2026-06-30 20:12:20,370 [INFO] ('', None, [{}], {'error': 'Message is empty'})
2026-06-30 20:12:20,370 [WARNING] Message is empty, skipping.
2026-06-30 20:12:20,370 [INFO] ('', None, [{}], {'error': 'Message is empty'})
2026-06-30 20:12:20,370 [WARNING] Message is empty, skipping.
2026-06-30 20:12:20,372 [INFO] ('', None, [{}], {'error': 'Message is empty'})
2026-06-30 20:12:20,372 [WARNING] Message is empty, skipping.
2026-06-30 20:12:20,372 [INFO] ('', None, [{}], {'error': 'Message is empty'})
2026-06-30 20:12:20,372 [WARNING] Message is empty, skipping.
2026-06-30 20:12:20,372 [INFO] ('', None, [{}], {'error': 'Message is empty'})
2026-06-30 20:12:20,372 [WARNING] Message is empty, skipping.
2026-06-30 20:12:20,373 [INFO] ('', None, [{}], {'error': 'Message is empty'})
2026-06-30 20:12:20,373 [WARNING] Message is empty, skipping.
2026-06-30 20:12:20,373 [INFO] ('', None, [{}], {'error': 'Message is empty'})
2026-06-30 20:12:20,373 [WARNING] Message is empty, skipping.
2026-06-30 20:12:20,373 [INFO] ('', None, [{}], {'error': 'Message is empty'})
2026-06-30 20:12:20,373 [WARNING] Message is empty, skipping.
2026-06-30 20:12:20,373 [INFO] ('', None, [{}], {'error': 'Message is empty'})
2026-06-30 20:12:20,373 [WARNING] Message is empty, skipping.
2026-06-30 20:12:20,373 [INFO] ('', None, [{}], {'error': 'Message is empty'})
2026-06-30 20:12:20,373 [WARNING] Message is empty, skipping.
2026-06-30 20:12:20,373 [INFO] ('', None, [{}], {'error': 'Message is empty'})
2026-06-30 20:12:20,373 [WARNING] Message is empty, skipping.
2026-06-30 20:12:20,373 [INFO] ('', None, [{}], {'error': 'Message is empty'})
2026-06-30 20:12:20,373 [WARNING] Message is empty, skipping.
2026-06-30 20:12:20,375 [INFO] ('', None, [{}], {'error': 'Message is empty'})
2026-06-30 20:12:20,376 [WARNING] Message is empty, skipping.
2026-06-30 20:12:20,376 [INFO] ('', None, [{}], {'error': 'Message is empty'})
2026-06-30 20:12:20,376 [WARNING] Message is empty, skipping.
2026-06-30 20:12:20,376 [INFO] ('', None, [{}], {'error': 'Message is empty'})
2026-06-30 20:12:20,376 [WARNING] Message is empty, skipping.
2026-06-30 20:12:20,376 [INFO] ('', None, [{}], {'error': 'Message is empty'})
2026-06-30 20:12:20,377 [WARNING] Message is empty, skipping.
2026-06-30 20:12:20,378 [INFO] ('', None, [{}], {'error': 'Message is empty'})
2026-06-30 20:12:20,378 [WARNING] Message is empty, skipping.
2026-06-30 20:12:20,378 [INFO] ('', None, [{}], {'error': 'Message is empty'})
2026-06-30 20:12:20,378 [WARNING] Message is empty, skipping.
2026-06-30 20:12:20,378 [INFO] ('', None, [{}], {'error': 'Message is empty'})
2026-06-30 20:12:20,378 [WARNING] Message is empty, skipping.
2026-06-30 20:12:20,378 [INFO] ('', None, [{}], {'error': 'Message is empty'})
2026-06-30 20:12:20,378 [WARNING] Message is empty, skipping.
2026-06-30 20:12:20,378 [INFO] ('', None, [{}], {'error': 'Message is empty'})
2026-06-30 20:12:20,378 [WARNING] Message is empty, skipping.
2026-06-30 20:12:20,378 [INFO] ('', None, [{}], {'error': 'Message is empty'})
2026-06-30 20:12:20,378 [WARNING] Message is empty, skipping.
2026-06-30 20:12:20,378 [INFO] ('', None, [{}], {'error': 'Message is empty'})
2026-06-30 20:12:20,379 [WARNING] Message is empty, skipping.
2026-06-30 20:12:20,379 [INFO] ('', None, [{}], {'error': 'Message is empty'})
2026-06-30 20:12:20,379 [WARNING] Message is empty, skipping.
2026-06-30 20:12:20,379 [INFO] ('', None, [{}], {'error': 'Message is empty'})
2026-06-30 20:12:20,379 [WARNING] Message is empty, skipping.
2026-06-30 20:12:20,379 [INFO] ('', None, [{}], {'error': 'Message is empty'})
2026-06-30 20:12:20,379 [WARNING] Message is empty, skipping.
2026-06-30 20:12:20,379 [INFO] ('', None, [{}], {'error': 'Message is empty'})
2026-06-30 20:12:20,379 [WARNING] Message is empty, skipping.
2026-06-30 20:12:20,379 [INFO] ('', None, [{}], {'error': 'Message is empty'})
2026-06-30 20:12:20,379 [WARNING] Message is empty, skipping.
2026-06-30 20:12:20,379 [INFO] ('', None, [{}], {'error': 'Message is empty'})
2026-06-30 20:12:20,379 [WARNING] Message is empty, skipping.
2026-06-30 20:12:20,380 [INFO] ('', None, [{}], {'error': 'Message is empty'})
2026-06-30 20:12:20,380 [WARNING] Message is empty, skipping.
2026-06-30 20:12:20,380 [INFO] ('', None, [{}], {'error': 'Message is empty'})
2026-06-30 20:12:20,380 [WARNING] Message is empty, skipping.
2026-06-30 20:12:20,380 [INFO] ('', None, [{}], {'error': 'Message is empty'})
2026-06-30 20:12:20,380 [WARNING] Message is empty, skipping.
2026-06-30 20:12:20,380 [INFO] ('', None, [{}], {'error': 'Message is empty'})
2026-06-30 20:12:20,380 [WARNING] Message is empty, skipping.
2026-06-30 20:12:20,380 [INFO] ('', None, [{}], {'error': 'Message is empty'})
2026-06-30 20:12:20,380 [WARNING] Message is empty, skipping.
2026-06-30 20:12:20,380 [INFO] ('', None, [{}], {'error': 'Message is empty'})
2026-06-30 20:12:20,383 [WARNING] Message is empty, skipping.
2026-06-30 20:12:20,383 [INFO] ('', None, [{}], {'error': 'Message is empty'})
2026-06-30 20:12:20,383 [WARNING] Message is empty, skipping.
2026-06-30 20:12:20,383 [INFO] ('', None, [{}], {'error': 'Message is empty'})
2026-06-30 20:12:20,383 [WARNING] Message is empty, skipping.
2026-06-30 20:12:20,385 [INFO] ('', None, [{}], {'error': 'Message is empty'})
2026-06-30 20:12:20,385 [WARNING] Message is empty, skipping.
2026-06-30 20:12:20,387 [INFO] ('', None, [{}], {'error': 'Message is empty'})
2026-06-30 20:12:20,387 [WARNING] Message is empty, skipping.
2026-06-30 20:12:20,387 [INFO] ('', None, [{}], {'error': 'Message is empty'})
2026-06-30 20:12:20,387 [WARNING] Message is empty, skipping.
2026-06-30 20:12:20,387 [INFO] ('', None, [{}], {'error': 'Message is empty'})
2026-06-30 20:12:20,387 [WARNING] Message is empty, skipping.
2026-06-30 20:12:20,387 [INFO] ('', None, [{}], {'error': 'Message is empty'})
2026-06-30 20:12:20,387 [WARNING] Message is empty, skipping.
2026-06-30 20:12:20,387 [INFO] ('', None, [{}], {'error': 'Message is empty'})
2026-06-30 20:12:20,387 [WARNING] Message is empty, skipping.
2026-06-30 20:12:20,387 [INFO] ('', None, [{}], {'error': 'Message is empty'})
2026-06-30 20:12:20,387 [WARNING] Message is empty, skipping.
2026-06-30 20:12:20,387 [INFO] ('', None, [{}], {'error': 'Message is empty'})
2026-06-30 20:12:20,387 [WARNING] Message is empty, skipping.
2026-06-30 20:12:20,387 [INFO] ('', None, [{}], {'error': 'Message is empty'})
2026-06-30 20:12:20,387 [WARNING] Message is empty, skipping.
2026-06-30 20:12:20,387 [INFO] ('', None, [{}], {'error': 'Message is empty'})
2026-06-30 20:12:20,387 [WARNING] Message is empty, skipping.
2026-06-30 20:12:20,387 [INFO] ('', None, [{}], {'error': 'Message is empty'})
2026-06-30 20:12:20,387 [WARNING] Message is empty, skipping.
2026-06-30 20:12:20,387 [INFO] ('', None, [{}], {'error': 'Message is empty'})
2026-06-30 20:12:20,389 [WARNING] Message is empty, skipping.
2026-06-30 20:12:20,389 [INFO] ('', None, [{}], {'error': 'Message is empty'})
2026-06-30 20:12:20,390 [WARNING] Message is empty, skipping.
2026-06-30 20:12:20,390 [INFO] ('', None, [{}], {'error': 'Message is empty'})
2026-06-30 20:12:20,390 [WARNING] Message is empty, skipping.
2026-06-30 20:12:20,390 [INFO] ('', None, [{}], {'error': 'Message is empty'})
2026-06-30 20:12:20,390 [WARNING] Message is empty, skipping.
2026-06-30 20:12:20,390 [INFO] ('', None, [{}], {'error': 'Message is empty'})
2026-06-30 20:12:20,390 [WARNING] Message is empty, skipping.
2026-06-30 20:12:20,390 [INFO] ('', None, [{}], {'error': 'Message is empty'})
2026-06-30 20:12:20,392 [WARNING] Message is empty, skipping.
2026-06-30 20:12:20,392 [INFO] ('', None, [{}], {'error': 'Message is empty'})
2026-06-30 20:12:20,392 [WARNING] Message is empty, skipping.
2026-06-30 20:12:20,392 [INFO] ('', None, [{}], {'error': 'Message is empty'})
2026-06-30 20:12:20,392 [WARNING] Message is empty, skipping.
2026-06-30 20:12:20,392 [INFO] ('', None, [{}], {'error': 'Message is empty'})
2026-06-30 20:12:20,392 [WARNING] Message is empty, skipping.
2026-06-30 20:12:20,393 [INFO] ('', None, [{}], {'error': 'Message is empty'})
2026-06-30 20:12:20,393 [WARNING] Message is empty, skipping.
2026-06-30 20:12:20,393 [INFO] ('', None, [{}], {'error': 'Message is empty'})
2026-06-30 20:12:20,393 [WARNING] Message is empty, skipping.
2026-06-30 20:12:20,393 [INFO] ('', None, [{}], {'error': 'Message is empty'})
2026-06-30 20:12:20,393 [WARNING] Message is empty, skipping.
2026-06-30 20:12:20,393 [INFO] ('', None, [{}], {'error': 'Message is empty'})
2026-06-30 20:12:20,394 [WARNING] Message is empty, skipping.
2026-06-30 20:12:20,395 [INFO] ('', None, [{}], {'error': 'Message is empty'})
2026-06-30 20:12:20,395 [WARNING] Message is empty, skipping.
2026-06-30 20:12:20,395 [INFO] ('', None, [{}], {'error': 'Message is empty'})
2026-06-30 20:12:20,395 [WARNING] Message is empty, skipping.
2026-06-30 20:12:20,395 [INFO] ('', None, [{}], {'error': 'Message is empty'})
2026-06-30 20:12:20,395 [WARNING] Message is empty, skipping.
2026-06-30 20:12:20,395 [INFO] ('', None, [{}], {'error': 'Message is empty'})
2026-06-30 20:12:20,395 [WARNING] Message is empty, skipping.
2026-06-30 20:12:20,395 [INFO] ('', None, [{}], {'error': 'Message is empty'})
2026-06-30 20:12:20,395 [WARNING] Message is empty, skipping.
2026-06-30 20:12:20,395 [INFO] ('', None, [{}], {'error': 'Message is empty'})
2026-06-30 20:12:20,396 [WARNING] Message is empty, skipping.
2026-06-30 20:12:20,396 [INFO] ('', None, [{}], {'error': 'Message is empty'})
2026-06-30 20:12:20,396 [WARNING] Message is empty, skipping.
2026-06-30 20:12:20,396 [INFO] ('', None, [{}], {'error': 'Message is empty'})
2026-06-30 20:12:20,397 [WARNING] Message is empty, skipping.
2026-06-30 20:12:20,397 [INFO] ('', None, [{}], {'error': 'Message is empty'})
2026-06-30 20:12:20,397 [WARNING] Message is empty, skipping.
2026-06-30 20:12:20,397 [INFO] ('', None, [{}], {'error': 'Message is empty'})
2026-06-30 20:12:20,397 [WARNING] Message is empty, skipping.
2026-06-30 20:12:20,399 [INFO] ('', None, [{}], {'error': 'Message is empty'})
2026-06-30 20:12:20,399 [WARNING] Message is empty, skipping.
2026-06-30 20:12:20,399 [INFO] ('', None, [{}], {'error': 'Message is empty'})
2026-06-30 20:12:20,399 [WARNING] Message is empty, skipping.
2026-06-30 20:12:20,401 [INFO] ('', None, [{}], {'error': 'Message is empty'})
2026-06-30 20:12:20,401 [WARNING] Message is empty, skipping.
2026-06-30 20:12:20,401 [INFO] ('', None, [{}], {'error': 'Message is empty'})
2026-06-30 20:12:20,401 [WARNING] Message is empty, skipping.
2026-06-30 20:12:20,401 [INFO] ('', None, [{}], {'error': 'Message is empty'})
2026-06-30 20:12:20,402 [WARNING] Message is empty, skipping.
2026-06-30 20:12:20,402 [INFO] ('', None, [{}], {'error': 'Message is empty'})
2026-06-30 20:12:20,402 [WARNING] Message is empty, skipping.
2026-06-30 20:12:20,402 [INFO] ('', None, [{}], {'error': 'Message is empty'})
2026-06-30 20:12:20,404 [WARNING] Message is empty, skipping.
2026-06-30 20:12:20,404 [INFO] ('', None, [{}], {'error': 'Message is empty'})
2026-06-30 20:12:20,404 [WARNING] Message is empty, skipping.
2026-06-30 20:12:20,404 [INFO] ('', None, [{}], {'error': 'Message is empty'})
2026-06-30 20:12:20,404 [WARNING] Message is empty, skipping.
2026-06-30 20:12:20,404 [INFO] ('', None, [{}], {'error': 'Message is empty'})
2026-06-30 20:12:20,404 [WARNING] Message is empty, skipping.
2026-06-30 20:12:20,404 [INFO] ('', None, [{}], {'error': 'Message is empty'})
2026-06-30 20:12:20,404 [WARNING] Message is empty, skipping.
2026-06-30 20:12:20,404 [INFO] ('', None, [{}], {'error': 'Message is empty'})
2026-06-30 20:12:20,405 [WARNING] Message is empty, skipping.
2026-06-30 20:12:20,405 [INFO] ('', None, [{}], {'error': 'Message is empty'})
2026-06-30 20:12:20,407 [WARNING] Message is empty, skipping.
2026-06-30 20:12:20,408 [INFO] ('', None, [{}], {'error': 'Message is empty'})
2026-06-30 20:12:20,408 [WARNING] Message is empty, skipping.
2026-06-30 20:12:20,408 [INFO] ('', None, [{}], {'error': 'Message is empty'})
2026-06-30 20:12:20,408 [WARNING] Message is empty, skipping.
2026-06-30 20:12:20,408 [INFO] ('', None, [{}], {'error': 'Message is empty'})
2026-06-30 20:12:20,408 [WARNING] Message is empty, skipping.
2026-06-30 20:12:20,408 [INFO] ('', None, [{}], {'error': 'Message is empty'})
2026-06-30 20:12:20,408 [WARNING] Message is empty, skipping.
2026-06-30 20:12:20,409 [INFO] ('', None, [{}], {'error': 'Message is empty'})
2026-06-30 20:12:20,409 [WARNING] Message is empty, skipping.
2026-06-30 20:12:20,409 [INFO] ('', None, [{}], {'error': 'Message is empty'})
2026-06-30 20:12:20,409 [WARNING] Message is empty, skipping.
2026-06-30 20:12:20,409 [INFO] ('', None, [{}], {'error': 'Message is empty'})
2026-06-30 20:12:20,409 [WARNING] Message is empty, skipping.
2026-06-30 20:12:20,409 [INFO] ('', None, [{}], {'error': 'Message is empty'})
2026-06-30 20:12:20,409 [WARNING] Message is empty, skipping.
2026-06-30 20:12:20,410 [INFO] ('', None, [{}], {'error': 'Message is empty'})
2026-06-30 20:12:20,410 [WARNING] Message is empty, skipping.
2026-06-30 20:12:20,410 [INFO] ('', None, [{}], {'error': 'Message is empty'})
2026-06-30 20:12:20,411 [WARNING] Message is empty, skipping.
2026-06-30 20:12:20,411 [INFO] ('', None, [{}], {'error': 'Message is empty'})
2026-06-30 20:12:20,411 [WARNING] Message is empty, skipping.
2026-06-30 20:12:20,411 [INFO] ('', None, [{}], {'error': 'Message is empty'})
2026-06-30 20:12:20,412 [WARNING] Message is empty, skipping.
2026-06-30 20:12:20,414 [INFO] ('', None, [{}], {'error': 'Message is empty'})
2026-06-30 20:12:20,414 [WARNING] Message is empty, skipping.
2026-06-30 20:12:20,414 [INFO] ('', None, [{}], {'error': 'Message is empty'})
2026-06-30 20:12:20,414 [WARNING] Message is empty, skipping.
2026-06-30 20:12:20,414 [INFO] ('', None, [{}], {'error': 'Message is empty'})
2026-06-30 20:12:20,418 [WARNING] Message is empty, skipping.
2026-06-30 20:12:20,418 [INFO] ('', None, [{}], {'error': 'Message is empty'})
2026-06-30 20:12:20,420 [WARNING] Message is empty, skipping.
2026-06-30 20:12:20,420 [INFO] ('', None, [{}], {'error': 'Message is empty'})
2026-06-30 20:12:20,420 [WARNING] Message is empty, skipping.
2026-06-30 20:12:20,421 [INFO] ('', None, [{}], {'error': 'Message is empty'})
2026-06-30 20:12:20,421 [WARNING] Message is empty, skipping.
2026-06-30 20:12:20,422 [INFO] ('', None, [{}], {'error': 'Message is empty'})
2026-06-30 20:12:20,422 [WARNING] Message is empty, skipping.
2026-06-30 20:12:20,422 [INFO] ('', None, [{}], {'error': 'Message is empty'})
2026-06-30 20:12:20,422 [WARNING] Message is empty, skipping.
2026-06-30 20:12:20,422 [INFO] ('', None, [{}], {'error': 'Message is empty'})
2026-06-30 20:12:20,422 [WARNING] Message is empty, skipping.
2026-06-30 20:12:20,422 [INFO] ('', None, [{}], {'error': 'Message is empty'})
2026-06-30 20:12:20,422 [WARNING] Message is empty, skipping.
2026-06-30 20:12:20,422 [INFO] ('', None, [{}], {'error': 'Message is empty'})
2026-06-30 20:12:20,422 [WARNING] Message is empty, skipping.
2026-06-30 20:12:20,422 [INFO] ('', None, [{}], {'error': 'Message is empty'})
2026-06-30 20:12:20,422 [WARNING] Message is empty, skipping.
2026-06-30 20:12:20,422 [INFO] ('', None, [{}], {'error': 'Message is empty'})
2026-06-30 20:12:20,422 [WARNING] Message is empty, skipping.
2026-06-30 20:12:20,422 [INFO] ('', None, [{}], {'error': 'Message is empty'})
2026-06-30 20:12:20,423 [WARNING] Message is empty, skipping.
2026-06-30 20:12:20,423 [INFO] ('', None, [{}], {'error': 'Message is empty'})
2026-06-30 20:12:20,423 [WARNING] Message is empty, skipping.
2026-06-30 20:12:20,424 [INFO] ('', None, [{}], {'error': 'Message is empty'})
2026-06-30 20:12:20,424 [WARNING] Message is empty, skipping.
2026-06-30 20:12:20,424 [INFO] ('', None, [{}], {'error': 'Message is empty'})
2026-06-30 20:12:20,424 [WARNING] Message is empty, skipping.
2026-06-30 20:12:20,424 [INFO] ('', None, [{}], {'error': 'Message is empty'})
2026-06-30 20:12:20,424 [WARNING] Message is empty, skipping.
2026-06-30 20:12:20,424 [INFO] ('', None, [{}], {'error': 'Message is empty'})
2026-06-30 20:12:20,424 [WARNING] Message is empty, skipping.
2026-06-30 20:12:20,425 [INFO] ('', None, [{}], {'error': 'Message is empty'})
2026-06-30 20:12:20,425 [WARNING] Message is empty, skipping.
2026-06-30 20:12:20,425 [INFO] ('', None, [{}], {'error': 'Message is empty'})
2026-06-30 20:12:20,426 [WARNING] Message is empty, skipping.
2026-06-30 20:12:20,426 [INFO] ('', None, [{}], {'error': 'Message is empty'})
2026-06-30 20:12:20,426 [WARNING] Message is empty, skipping.
2026-06-30 20:12:20,426 [INFO] ('', None, [{}], {'error': 'Message is empty'})
2026-06-30 20:12:20,426 [WARNING] Message is empty, skipping.
2026-06-30 20:12:20,426 [INFO] ('', None, [{}], {'error': 'Message is empty'})
2026-06-30 20:12:20,427 [WARNING] Message is empty, skipping.
2026-06-30 20:12:20,427 [INFO] ('', None, [{}], {'error': 'Message is empty'})
2026-06-30 20:12:20,427 [WARNING] Message is empty, skipping.
2026-06-30 20:12:20,427 [INFO] ('', None, [{}], {'error': 'Message is empty'})
2026-06-30 20:12:20,428 [WARNING] Message is empty, skipping.
2026-06-30 20:12:20,428 [INFO] ('', None, [{}], {'error': 'Message is empty'})
2026-06-30 20:12:20,428 [WARNING] Message is empty, skipping.
2026-06-30 20:12:20,430 [INFO] ('', None, [{}], {'error': 'Message is empty'})
2026-06-30 20:12:20,431 [WARNING] Message is empty, skipping.
2026-06-30 20:12:20,431 [INFO] ('', None, [{}], {'error': 'Message is empty'})
2026-06-30 20:12:20,431 [WARNING] Message is empty, skipping.
2026-06-30 20:12:20,431 [INFO] ('', None, [{}], {'error': 'Message is empty'})
2026-06-30 20:12:20,432 [WARNING] Message is empty, skipping.
2026-06-30 20:12:20,432 [INFO] ('', None, [{}], {'error': 'Message is empty'})
2026-06-30 20:12:20,432 [WARNING] Message is empty, skipping.
2026-06-30 20:12:20,432 [INFO] ('', None, [{}], {'error': 'Message is empty'})
2026-06-30 20:12:20,432 [WARNING] Message is empty, skipping.
2026-06-30 20:12:20,432 [INFO] ('', None, [{}], {'error': 'Message is empty'})
2026-06-30 20:12:20,432 [WARNING] Message is empty, skipping.
2026-06-30 20:12:20,432 [INFO] ('', None, [{}], {'error': 'Message is empty'})
2026-06-30 20:12:20,432 [WARNING] Message is empty, skipping.
2026-06-30 20:12:20,432 [INFO] ('', None, [{}], {'error': 'Message is empty'})
2026-06-30 20:12:20,432 [WARNING] Message is empty, skipping.
2026-06-30 20:12:20,432 [INFO] ('', None, [{}], {'error': 'Message is empty'})
2026-06-30 20:12:20,432 [WARNING] Message is empty, skipping.
2026-06-30 20:12:20,433 [INFO] ('', None, [{}], {'error': 'Message is empty'})
2026-06-30 20:12:20,433 [WARNING] Message is empty, skipping.
2026-06-30 20:12:20,433 [INFO] ('', None, [{}], {'error': 'Message is empty'})
2026-06-30 20:12:20,433 [WARNING] Message is empty, skipping.
2026-06-30 20:12:20,433 [INFO] ('', None, [{}], {'error': 'Message is empty'})
2026-06-30 20:12:20,434 [WARNING] Message is empty, skipping.
2026-06-30 20:12:20,434 [INFO] ('', None, [{}], {'error': 'Message is empty'})
2026-06-30 20:12:20,434 [WARNING] Message is empty, skipping.
2026-06-30 20:12:20,434 [INFO] ('', None, [{}], {'error': 'Message is empty'})
2026-06-30 20:12:20,434 [WARNING] Message is empty, skipping.
2026-06-30 20:12:20,434 [INFO] ('', None, [{}], {'error': 'Message is empty'})
2026-06-30 20:12:20,434 [WARNING] Message is empty, skipping.
2026-06-30 20:12:20,435 [INFO] ('', None, [{}], {'error': 'Message is empty'})
2026-06-30 20:12:20,435 [WARNING] Message is empty, skipping.
2026-06-30 20:12:20,435 [INFO] ('', None, [{}], {'error': 'Message is empty'})
2026-06-30 20:12:20,435 [WARNING] Message is empty, skipping.
2026-06-30 20:12:20,435 [INFO] ('', None, [{}], {'error': 'Message is empty'})
2026-06-30 20:12:20,435 [WARNING] Message is empty, skipping.
2026-06-30 20:12:20,435 [INFO] ('', None, [{}], {'error': 'Message is empty'})
2026-06-30 20:12:20,435 [WARNING] Message is empty, skipping.
2026-06-30 20:12:20,435 [INFO] ('', None, [{}], {'error': 'Message is empty'})
2026-06-30 20:12:20,435 [WARNING] Message is empty, skipping.
2026-06-30 20:12:20,435 [INFO] ('', None, [{}], {'error': 'Message is empty'})
2026-06-30 20:12:20,435 [WARNING] Message is empty, skipping.
2026-06-30 20:12:20,436 [INFO] ('', None, [{}], {'error': 'Message is empty'})
2026-06-30 20:12:20,436 [WARNING] Message is empty, skipping.
2026-06-30 20:12:20,437 [INFO] ('', None, [{}], {'error': 'Message is empty'})
2026-06-30 20:12:20,437 [WARNING] Message is empty, skipping.
2026-06-30 20:12:20,437 [INFO] ('', None, [{}], {'error': 'Message is empty'})
2026-06-30 20:12:20,437 [WARNING] Message is empty, skipping.
2026-06-30 20:12:20,437 [INFO] ('', None, [{}], {'error': 'Message is empty'})
2026-06-30 20:12:20,437 [WARNING] Message is empty, skipping.
2026-06-30 20:12:20,437 [INFO] ('', None, [{}], {'error': 'Message is empty'})
2026-06-30 20:12:20,437 [WARNING] Message is empty, skipping.
2026-06-30 20:12:20,437 [INFO] ('', None, [{}], {'error': 'Message is empty'})
2026-06-30 20:12:20,437 [WARNING] Message is empty, skipping.
2026-06-30 20:12:20,439 [INFO] ('', None, [{}], {'error': 'Message is empty'})
2026-06-30 20:12:20,439 [WARNING] Message is empty, skipping.
2026-06-30 20:12:20,439 [INFO] ('', None, [{}], {'error': 'Message is empty'})
2026-06-30 20:12:20,439 [WARNING] Message is empty, skipping.
2026-06-30 20:12:20,439 [INFO] ('', None, [{}], {'error': 'Message is empty'})
2026-06-30 20:12:20,439 [WARNING] Message is empty, skipping.
2026-06-30 20:12:20,439 [INFO] ('', None, [{}], {'error': 'Message is empty'})
2026-06-30 20:12:20,439 [WARNING] Message is empty, skipping.
2026-06-30 20:12:20,439 [INFO] ('', None, [{}], {'error': 'Message is empty'})
2026-06-30 20:12:20,441 [WARNING] Message is empty, skipping.
2026-06-30 20:12:20,441 [INFO] ('', None, [{}], {'error': 'Message is empty'})
2026-06-30 20:12:20,441 [WARNING] Message is empty, skipping.
2026-06-30 20:12:20,441 [INFO] ('', None, [{}], {'error': 'Message is empty'})
2026-06-30 20:12:20,441 [WARNING] Message is empty, skipping.
2026-06-30 20:12:20,442 [INFO] ('', None, [{}], {'error': 'Message is empty'})
2026-06-30 20:12:20,442 [WARNING] Message is empty, skipping.
2026-06-30 20:12:20,442 [INFO] ('', None, [{}], {'error': 'Message is empty'})
2026-06-30 20:12:20,442 [WARNING] Message is empty, skipping.
2026-06-30 20:12:20,442 [INFO] ('', None, [{}], {'error': 'Message is empty'})
2026-06-30 20:12:20,442 [WARNING] Message is empty, skipping.
2026-06-30 20:12:20,442 [INFO] ('', None, [{}], {'error': 'Message is empty'})
2026-06-30 20:12:20,442 [WARNING] Message is empty, skipping.
2026-06-30 20:12:20,443 [INFO] ('', None, [{}], {'error': 'Message is empty'})
2026-06-30 20:12:20,443 [WARNING] Message is empty, skipping.
2026-06-30 20:12:20,444 [INFO] ('', None, [{}], {'error': 'Message is empty'})
2026-06-30 20:12:20,444 [WARNING] Message is empty, skipping.
2026-06-30 20:12:20,444 [INFO] ('', None, [{}], {'error': 'Message is empty'})
2026-06-30 20:12:20,444 [WARNING] Message is empty, skipping.
2026-06-30 20:12:20,444 [INFO] ('', None, [{}], {'error': 'Message is empty'})
2026-06-30 20:12:20,444 [WARNING] Message is empty, skipping.
2026-06-30 20:12:20,444 [INFO] ('', None, [{}], {'error': 'Message is empty'})
2026-06-30 20:12:20,444 [WARNING] Message is empty, skipping.
2026-06-30 20:12:20,444 [INFO] ('', None, [{}], {'error': 'Message is empty'})
2026-06-30 20:12:20,446 [WARNING] Message is empty, skipping.
2026-06-30 20:12:20,446 [INFO] ('', None, [{}], {'error': 'Message is empty'})
2026-06-30 20:12:20,447 [WARNING] Message is empty, skipping.
2026-06-30 20:12:20,447 [INFO] ('', None, [{}], {'error': 'Message is empty'})
2026-06-30 20:12:20,447 [WARNING] Message is empty, skipping.
2026-06-30 20:12:20,447 [INFO] ('', None, [{}], {'error': 'Message is empty'})
2026-06-30 20:12:20,447 [WARNING] Message is empty, skipping.
2026-06-30 20:12:20,448 [INFO] ('', None, [{}], {'error': 'Message is empty'})
2026-06-30 20:12:20,448 [WARNING] Message is empty, skipping.
2026-06-30 20:12:20,448 [INFO] ('', None, [{}], {'error': 'Message is empty'})
2026-06-30 20:12:20,448 [WARNING] Message is empty, skipping.
2026-06-30 20:12:20,448 [INFO] ('', None, [{}], {'error': 'Message is empty'})
2026-06-30 20:12:20,449 [WARNING] Message is empty, skipping.
2026-06-30 20:12:20,449 [INFO] ('', None, [{}], {'error': 'Message is empty'})
2026-06-30 20:12:20,449 [WARNING] Message is empty, skipping.
2026-06-30 20:12:20,449 [INFO] ('', None, [{}], {'error': 'Message is empty'})
2026-06-30 20:12:20,449 [WARNING] Message is empty, skipping.
2026-06-30 20:12:20,451 [INFO] ('', None, [{}], {'error': 'Message is empty'})
2026-06-30 20:12:20,451 [WARNING] Message is empty, skipping.
2026-06-30 20:12:20,451 [INFO] ('', None, [{}], {'error': 'Message is empty'})
2026-06-30 20:12:20,451 [WARNING] Message is empty, skipping.
2026-06-30 20:12:20,451 [INFO] ('', None, [{}], {'error': 'Message is empty'})
2026-06-30 20:12:20,453 [WARNING] Message is empty, skipping.
2026-06-30 20:12:20,453 [INFO] ('', None, [{}], {'error': 'Message is empty'})
2026-06-30 20:12:20,455 [WARNING] Message is empty, skipping.
2026-06-30 20:12:20,455 [INFO] ('', None, [{}], {'error': 'Message is empty'})
2026-06-30 20:12:20,455 [WARNING] Message is empty, skipping.
2026-06-30 20:12:20,455 [INFO] ('', None, [{}], {'error': 'Message is empty'})
2026-06-30 20:12:20,455 [WARNING] Message is empty, skipping.
2026-06-30 20:12:20,455 [INFO] ('', None, [{}], {'error': 'Message is empty'})
2026-06-30 20:12:20,455 [WARNING] Message is empty, skipping.
2026-06-30 20:12:20,455 [INFO] ('', None, [{}], {'error': 'Message is empty'})
2026-06-30 20:12:20,455 [WARNING] Message is empty, skipping.
2026-06-30 20:12:20,455 [INFO] ('', None, [{}], {'error': 'Message is empty'})
2026-06-30 20:12:20,455 [WARNING] Message is empty, skipping.
2026-06-30 20:12:20,455 [INFO] ('', None, [{}], {'error': 'Message is empty'})
2026-06-30 20:12:20,455 [WARNING] Message is empty, skipping.
2026-06-30 20:12:20,455 [INFO] ('', None, [{}], {'error': 'Message is empty'})
2026-06-30 20:12:20,455 [WARNING] Message is empty, skipping.
2026-06-30 20:12:20,455 [INFO] ('', None, [{}], {'error': 'Message is empty'})
2026-06-30 20:12:20,455 [WARNING] Message is empty, skipping.
2026-06-30 20:12:20,457 [INFO] ('', None, [{}], {'error': 'Message is empty'})
2026-06-30 20:12:20,457 [WARNING] Message is empty, skipping.
2026-06-30 20:12:20,457 [INFO] ('', None, [{}], {'error': 'Message is empty'})
2026-06-30 20:12:20,457 [WARNING] Message is empty, skipping.
2026-06-30 20:12:20,457 [INFO] ('', None, [{}], {'error': 'Message is empty'})
2026-06-30 20:12:20,457 [WARNING] Message is empty, skipping.
2026-06-30 20:12:20,457 [INFO] ('', None, [{}], {'error': 'Message is empty'})
2026-06-30 20:12:20,457 [WARNING] Message is empty, skipping.
2026-06-30 20:12:20,457 [INFO] ('', None, [{}], {'error': 'Message is empty'})
2026-06-30 20:12:20,457 [WARNING] Message is empty, skipping.
2026-06-30 20:12:20,458 [INFO] ('', None, [{}], {'error': 'Message is empty'})
2026-06-30 20:12:20,458 [WARNING] Message is empty, skipping.
2026-06-30 20:12:20,458 [INFO] ('', None, [{}], {'error': 'Message is empty'})
2026-06-30 20:12:20,458 [WARNING] Message is empty, skipping.
2026-06-30 20:12:20,458 [INFO] ('', None, [{}], {'error': 'Message is empty'})
2026-06-30 20:12:20,458 [WARNING] Message is empty, skipping.
2026-06-30 20:12:20,459 [INFO] ('', None, [{}], {'error': 'Message is empty'})
2026-06-30 20:12:20,459 [WARNING] Message is empty, skipping.
2026-06-30 20:12:20,459 [INFO] ('', None, [{}], {'error': 'Message is empty'})
2026-06-30 20:12:20,459 [WARNING] Message is empty, skipping.
2026-06-30 20:12:20,459 [INFO] ('', None, [{}], {'error': 'Message is empty'})
2026-06-30 20:12:20,459 [WARNING] Message is empty, skipping.
2026-06-30 20:12:20,459 [INFO] ('', None, [{}], {'error': 'Message is empty'})
2026-06-30 20:12:20,459 [WARNING] Message is empty, skipping.
2026-06-30 20:12:20,462 [INFO] ('', None, [{}], {'error': 'Message is empty'})
2026-06-30 20:12:20,462 [WARNING] Message is empty, skipping.
2026-06-30 20:12:20,462 [INFO] ('', None, [{}], {'error': 'Message is empty'})
2026-06-30 20:12:20,462 [WARNING] Message is empty, skipping.
2026-06-30 20:12:20,463 [INFO] ('', None, [{}], {'error': 'Message is empty'})
2026-06-30 20:12:20,463 [WARNING] Message is empty, skipping.
2026-06-30 20:12:20,463 [INFO] ('', None, [{}], {'error': 'Message is empty'})
2026-06-30 20:12:20,463 [WARNING] Message is empty, skipping.
2026-06-30 20:12:20,464 [INFO] ('', None, [{}], {'error': 'Message is empty'})
2026-06-30 20:12:20,464 [WARNING] Message is empty, skipping.
2026-06-30 20:12:20,464 [INFO] ('', None, [{}], {'error': 'Message is empty'})
2026-06-30 20:12:20,464 [WARNING] Message is empty, skipping.
2026-06-30 20:12:20,464 [INFO] ('', None, [{}], {'error': 'Message is empty'})
2026-06-30 20:12:20,464 [WARNING] Message is empty, skipping.
2026-06-30 20:12:20,464 [INFO] ('', None, [{}], {'error': 'Message is empty'})
2026-06-30 20:12:20,464 [WARNING] Message is empty, skipping.
2026-06-30 20:12:20,465 [INFO] ('', None, [{}], {'error': 'Message is empty'})
2026-06-30 20:12:20,465 [WARNING] Message is empty, skipping.
2026-06-30 20:12:20,465 [INFO] ('', None, [{}], {'error': 'Message is empty'})
2026-06-30 20:12:20,465 [WARNING] Message is empty, skipping.
2026-06-30 20:12:20,465 [INFO] ('', None, [{}], {'error': 'Message is empty'})
2026-06-30 20:12:20,465 [WARNING] Message is empty, skipping.
2026-06-30 20:12:20,465 [INFO] ('', None, [{}], {'error': 'Message is empty'})
2026-06-30 20:12:20,465 [WARNING] Message is empty, skipping.
2026-06-30 20:12:20,465 [INFO] ('', None, [{}], {'error': 'Message is empty'})
2026-06-30 20:12:20,466 [WARNING] Message is empty, skipping.
2026-06-30 20:12:20,466 [INFO] ('', None, [{}], {'error': 'Message is empty'})
2026-06-30 20:12:20,466 [WARNING] Message is empty, skipping.
2026-06-30 20:12:20,466 [INFO] ('', None, [{}], {'error': 'Message is empty'})
2026-06-30 20:12:20,466 [WARNING] Message is empty, skipping.
2026-06-30 20:12:20,466 [INFO] ('', None, [{}], {'error': 'Message is empty'})
2026-06-30 20:12:20,466 [WARNING] Message is empty, skipping.
2026-06-30 20:12:20,466 [INFO] ('', None, [{}], {'error': 'Message is empty'})
2026-06-30 20:12:20,467 [WARNING] Message is empty, skipping.
2026-06-30 20:12:20,467 [INFO] ('', None, [{}], {'error': 'Message is empty'})
2026-06-30 20:12:20,467 [WARNING] Message is empty, skipping.
2026-06-30 20:12:20,467 [INFO] ('', None, [{}], {'error': 'Message is empty'})
2026-06-30 20:12:20,467 [WARNING] Message is empty, skipping.
2026-06-30 20:12:20,467 [INFO] ('', None, [{}], {'error': 'Message is empty'})
2026-06-30 20:12:20,467 [WARNING] Message is empty, skipping.
2026-06-30 20:12:20,468 [INFO] ('', None, [{}], {'error': 'Message is empty'})
2026-06-30 20:12:20,468 [WARNING] Message is empty, skipping.
2026-06-30 20:12:20,468 [INFO] ('', None, [{}], {'error': 'Message is empty'})
2026-06-30 20:12:20,469 [WARNING] Message is empty, skipping.
2026-06-30 20:12:20,469 [INFO] ('', None, [{}], {'error': 'Message is empty'})
2026-06-30 20:12:20,469 [WARNING] Message is empty, skipping.
2026-06-30 20:12:20,469 [INFO] ('', None, [{}], {'error': 'Message is empty'})
2026-06-30 20:12:20,469 [WARNING] Message is empty, skipping.
2026-06-30 20:12:20,469 [INFO] ('', None, [{}], {'error': 'Message is empty'})
2026-06-30 20:12:20,470 [WARNING] Message is empty, skipping.
2026-06-30 20:12:20,470 [INFO] ('', None, [{}], {'error': 'Message is empty'})
2026-06-30 20:12:20,470 [WARNING] Message is empty, skipping.
2026-06-30 20:12:20,470 [INFO] ('', None, [{}], {'error': 'Message is empty'})
2026-06-30 20:12:20,470 [WARNING] Message is empty, skipping.
2026-06-30 20:12:20,470 [INFO] ('', None, [{}], {'error': 'Message is empty'})
2026-06-30 20:12:20,470 [WARNING] Message is empty, skipping.
2026-06-30 20:12:20,470 [INFO] ('', None, [{}], {'error': 'Message is empty'})
2026-06-30 20:12:20,470 [WARNING] Message is empty, skipping.
2026-06-30 20:12:20,470 [INFO] ('', None, [{}], {'error': 'Message is empty'})
2026-06-30 20:12:20,470 [WARNING] Message is empty, skipping.
2026-06-30 20:12:20,470 [INFO] ('', None, [{}], {'error': 'Message is empty'})
2026-06-30 20:12:20,471 [WARNING] Message is empty, skipping.
2026-06-30 20:12:20,471 [INFO] ('', None, [{}], {'error': 'Message is empty'})
2026-06-30 20:12:20,471 [WARNING] Message is empty, skipping.
2026-06-30 20:12:20,472 [INFO] ('', None, [{}], {'error': 'Message is empty'})
2026-06-30 20:12:20,472 [WARNING] Message is empty, skipping.
2026-06-30 20:12:20,472 [INFO] ('', None, [{}], {'error': 'Message is empty'})
2026-06-30 20:12:20,472 [WARNING] Message is empty, skipping.
2026-06-30 20:12:20,472 [INFO] ('', None, [{}], {'error': 'Message is empty'})
2026-06-30 20:12:20,472 [WARNING] Message is empty, skipping.
2026-06-30 20:12:20,472 [INFO] ('', None, [{}], {'error': 'Message is empty'})
2026-06-30 20:12:20,473 [WARNING] Message is empty, skipping.
2026-06-30 20:12:20,477 [INFO] ('', None, [{}], {'error': 'Message is empty'})
2026-06-30 20:12:20,477 [WARNING] Message is empty, skipping.
2026-06-30 20:12:20,478 [INFO] ('', None, [{}], {'error': 'Message is empty'})
2026-06-30 20:12:20,478 [WARNING] Message is empty, skipping.
2026-06-30 20:12:20,478 [INFO] ('', None, [{}], {'error': 'Message is empty'})
2026-06-30 20:12:20,478 [WARNING] Message is empty, skipping.
2026-06-30 20:12:20,478 [INFO] ('', None, [{}], {'error': 'Message is empty'})
2026-06-30 20:12:20,478 [WARNING] Message is empty, skipping.
2026-06-30 20:12:20,479 [INFO] ('', None, [{}], {'error': 'Message is empty'})
2026-06-30 20:12:20,479 [WARNING] Message is empty, skipping.
2026-06-30 20:12:20,479 [INFO] ('', None, [{}], {'error': 'Message is empty'})
2026-06-30 20:12:20,479 [WARNING] Message is empty, skipping.
2026-06-30 20:12:20,479 [INFO] ('', None, [{}], {'error': 'Message is empty'})
2026-06-30 20:12:20,479 [WARNING] Message is empty, skipping.
2026-06-30 20:12:20,479 [INFO] ('', None, [{}], {'error': 'Message is empty'})
2026-06-30 20:12:20,479 [WARNING] Message is empty, skipping.
2026-06-30 20:12:20,480 [INFO] ('', None, [{}], {'error': 'Message is empty'})
2026-06-30 20:12:20,480 [WARNING] Message is empty, skipping.
2026-06-30 20:12:20,480 [INFO] ('', None, [{}], {'error': 'Message is empty'})
2026-06-30 20:12:20,480 [WARNING] Message is empty, skipping.
2026-06-30 20:12:20,480 [INFO] ('', None, [{}], {'error': 'Message is empty'})
2026-06-30 20:12:20,480 [WARNING] Message is empty, skipping.
2026-06-30 20:12:20,480 [INFO] ('', None, [{}], {'error': 'Message is empty'})
2026-06-30 20:12:20,480 [WARNING] Message is empty, skipping.
2026-06-30 20:12:20,481 [INFO] ('', None, [{}], {'error': 'Message is empty'})
2026-06-30 20:12:20,481 [WARNING] Message is empty, skipping.
2026-06-30 20:12:20,481 [INFO] ('', None, [{}], {'error': 'Message is empty'})
2026-06-30 20:12:20,484 [WARNING] Message is empty, skipping.
2026-06-30 20:12:20,484 [INFO] ('', None, [{}], {'error': 'Message is empty'})
2026-06-30 20:12:20,484 [WARNING] Message is empty, skipping.
2026-06-30 20:12:20,484 [INFO] ('', None, [{}], {'error': 'Message is empty'})
2026-06-30 20:12:20,485 [WARNING] Message is empty, skipping.
2026-06-30 20:12:20,485 [INFO] ('', None, [{}], {'error': 'Message is empty'})
2026-06-30 20:12:20,485 [WARNING] Message is empty, skipping.
2026-06-30 20:12:20,485 [INFO] ('', None, [{}], {'error': 'Message is empty'})
2026-06-30 20:12:20,486 [WARNING] Message is empty, skipping.
2026-06-30 20:12:20,486 [INFO] ('', None, [{}], {'error': 'Message is empty'})
2026-06-30 20:12:20,486 [WARNING] Message is empty, skipping.
2026-06-30 20:12:20,486 [INFO] ('', None, [{}], {'error': 'Message is empty'})
2026-06-30 20:12:20,487 [WARNING] Message is empty, skipping.
2026-06-30 20:12:20,487 [INFO] ('', None, [{}], {'error': 'Message is empty'})
2026-06-30 20:12:20,487 [WARNING] Message is empty, skipping.
2026-06-30 20:12:20,487 [INFO] ('', None, [{}], {'error': 'Message is empty'})
2026-06-30 20:12:20,488 [WARNING] Message is empty, skipping.
2026-06-30 20:12:20,490 [INFO] ('', None, [{}], {'error': 'Message is empty'})
2026-06-30 20:12:20,490 [WARNING] Message is empty, skipping.
2026-06-30 20:12:20,490 [INFO] ('', None, [{}], {'error': 'Message is empty'})
2026-06-30 20:12:20,490 [WARNING] Message is empty, skipping.
2026-06-30 20:12:20,490 [INFO] ('', None, [{}], {'error': 'Message is empty'})
2026-06-30 20:12:20,490 [WARNING] Message is empty, skipping.
2026-06-30 20:12:20,490 [INFO] ('', None, [{}], {'error': 'Message is empty'})
2026-06-30 20:12:20,490 [WARNING] Message is empty, skipping.
2026-06-30 20:12:20,490 [INFO] ('', None, [{}], {'error': 'Message is empty'})
2026-06-30 20:12:20,494 [WARNING] Message is empty, skipping.
2026-06-30 20:12:20,495 [INFO] ('', None, [{}], {'error': 'Message is empty'})
2026-06-30 20:12:20,495 [WARNING] Message is empty, skipping.
2026-06-30 20:12:20,495 [INFO] ('', None, [{}], {'error': 'Message is empty'})
2026-06-30 20:12:20,495 [WARNING] Message is empty, skipping.
2026-06-30 20:12:20,496 [INFO] ('', None, [{}], {'error': 'Message is empty'})
2026-06-30 20:12:20,496 [WARNING] Message is empty, skipping.
2026-06-30 20:12:20,496 [INFO] ('', None, [{}], {'error': 'Message is empty'})
2026-06-30 20:12:20,496 [WARNING] Message is empty, skipping.
2026-06-30 20:12:20,496 [INFO] ('', None, [{}], {'error': 'Message is empty'})
2026-06-30 20:12:20,496 [WARNING] Message is empty, skipping.
2026-06-30 20:12:20,496 [INFO] ('', None, [{}], {'error': 'Message is empty'})
2026-06-30 20:12:20,496 [WARNING] Message is empty, skipping.
2026-06-30 20:12:20,496 [INFO] ('', None, [{}], {'error': 'Message is empty'})
2026-06-30 20:12:20,496 [WARNING] Message is empty, skipping.
2026-06-30 20:12:20,496 [INFO] ('', None, [{}], {'error': 'Message is empty'})
2026-06-30 20:12:20,496 [WARNING] Message is empty, skipping.
2026-06-30 20:12:20,497 [INFO] ('', None, [{}], {'error': 'Message is empty'})
2026-06-30 20:12:20,497 [WARNING] Message is empty, skipping.
2026-06-30 20:12:20,497 [INFO] ('', None, [{}], {'error': 'Message is empty'})
2026-06-30 20:12:20,497 [WARNING] Message is empty, skipping.
2026-06-30 20:12:20,497 [INFO] ('', None, [{}], {'error': 'Message is empty'})
2026-06-30 20:12:20,497 [WARNING] Message is empty, skipping.
2026-06-30 20:12:20,497 [INFO] ('', None, [{}], {'error': 'Message is empty'})
2026-06-30 20:12:20,498 [WARNING] Message is empty, skipping.
2026-06-30 20:12:20,498 [INFO] ('', None, [{}], {'error': 'Message is empty'})
2026-06-30 20:12:20,499 [WARNING] Message is empty, skipping.
2026-06-30 20:12:20,499 [INFO] ('', None, [{}], {'error': 'Message is empty'})
2026-06-30 20:12:20,499 [WARNING] Message is empty, skipping.
2026-06-30 20:12:20,499 [INFO] ('', None, [{}], {'error': 'Message is empty'})
2026-06-30 20:12:20,500 [WARNING] Message is empty, skipping.
2026-06-30 20:12:20,500 [INFO] ('', None, [{}], {'error': 'Message is empty'})
2026-06-30 20:12:20,500 [WARNING] Message is empty, skipping.
2026-06-30 20:12:20,501 [INFO] ('', None, [{}], {'error': 'Message is empty'})
2026-06-30 20:12:20,501 [WARNING] Message is empty, skipping.
2026-06-30 20:12:20,501 [INFO] ('', None, [{}], {'error': 'Message is empty'})
2026-06-30 20:12:20,502 [WARNING] Message is empty, skipping.
2026-06-30 20:12:20,502 [INFO] ('', None, [{}], {'error': 'Message is empty'})
2026-06-30 20:12:20,502 [WARNING] Message is empty, skipping.
2026-06-30 20:12:20,502 [INFO] ('', None, [{}], {'error': 'Message is empty'})
2026-06-30 20:12:20,502 [WARNING] Message is empty, skipping.
2026-06-30 20:12:20,503 [INFO] ('', None, [{}], {'error': 'Message is empty'})
2026-06-30 20:12:20,504 [WARNING] Message is empty, skipping.
2026-06-30 20:12:20,505 [INFO] ('', None, [{}], {'error': 'Message is empty'})
2026-06-30 20:12:20,505 [WARNING] Message is empty, skipping.
2026-06-30 20:12:20,506 [INFO] ('', None, [{}], {'error': 'Message is empty'})
2026-06-30 20:12:20,507 [WARNING] Message is empty, skipping.
2026-06-30 20:12:20,507 [INFO] ('', None, [{}], {'error': 'Message is empty'})
2026-06-30 20:12:20,507 [WARNING] Message is empty, skipping.
2026-06-30 20:12:20,507 [INFO] ('', None, [{}], {'error': 'Message is empty'})
2026-06-30 20:12:20,507 [WARNING] Message is empty, skipping.
2026-06-30 20:12:20,507 [INFO] ('', None, [{}], {'error': 'Message is empty'})
2026-06-30 20:12:20,507 [WARNING] Message is empty, skipping.
2026-06-30 20:12:20,507 [INFO] ('', None, [{}], {'error': 'Message is empty'})
2026-06-30 20:12:20,507 [WARNING] Message is empty, skipping.
2026-06-30 20:12:20,510 [INFO] ('', None, [{}], {'error': 'Message is empty'})
2026-06-30 20:12:20,510 [WARNING] Message is empty, skipping.
2026-06-30 20:12:20,510 [INFO] ('', None, [{}], {'error': 'Message is empty'})
2026-06-30 20:12:20,510 [WARNING] Message is empty, skipping.
2026-06-30 20:12:20,510 [INFO] ('', None, [{}], {'error': 'Message is empty'})
2026-06-30 20:12:20,510 [WARNING] Message is empty, skipping.
2026-06-30 20:12:20,511 [INFO] ('', None, [{}], {'error': 'Message is empty'})
2026-06-30 20:12:20,511 [WARNING] Message is empty, skipping.
2026-06-30 20:12:20,511 [INFO] ('', None, [{}], {'error': 'Message is empty'})
2026-06-30 20:12:20,511 [WARNING] Message is empty, skipping.
2026-06-30 20:12:20,512 [INFO] ('', None, [{}], {'error': 'Message is empty'})
2026-06-30 20:12:20,513 [WARNING] Message is empty, skipping.
2026-06-30 20:12:20,513 [INFO] ('', None, [{}], {'error': 'Message is empty'})
2026-06-30 20:12:20,513 [WARNING] Message is empty, skipping.
2026-06-30 20:12:20,513 [INFO] ('', None, [{}], {'error': 'Message is empty'})
2026-06-30 20:12:20,514 [WARNING] Message is empty, skipping.
2026-06-30 20:12:20,515 [INFO] ('', None, [{}], {'error': 'Message is empty'})
2026-06-30 20:12:20,515 [WARNING] Message is empty, skipping.
2026-06-30 20:12:20,515 [INFO] ('', None, [{}], {'error': 'Message is empty'})
2026-06-30 20:12:20,515 [WARNING] Message is empty, skipping.
2026-06-30 20:12:20,515 [INFO] ('', None, [{}], {'error': 'Message is empty'})
2026-06-30 20:12:20,516 [WARNING] Message is empty, skipping.
2026-06-30 20:12:20,516 [INFO] ('', None, [{}], {'error': 'Message is empty'})
2026-06-30 20:12:20,516 [WARNING] Message is empty, skipping.
2026-06-30 20:12:20,516 [INFO] ('', None, [{}], {'error': 'Message is empty'})
2026-06-30 20:12:20,517 [WARNING] Message is empty, skipping.
2026-06-30 20:12:20,517 [INFO] ('', None, [{}], {'error': 'Message is empty'})
2026-06-30 20:12:20,519 [WARNING] Message is empty, skipping.
2026-06-30 20:12:20,519 [INFO] ('', None, [{}], {'error': 'Message is empty'})
2026-06-30 20:12:20,519 [WARNING] Message is empty, skipping.
2026-06-30 20:12:20,520 [INFO] ('', None, [{}], {'error': 'Message is empty'})
2026-06-30 20:12:20,520 [WARNING] Message is empty, skipping.
2026-06-30 20:12:20,520 [INFO] ('', None, [{}], {'error': 'Message is empty'})
2026-06-30 20:12:20,520 [WARNING] Message is empty, skipping.
2026-06-30 20:12:20,520 [INFO] ('', None, [{}], {'error': 'Message is empty'})
2026-06-30 20:12:20,520 [WARNING] Message is empty, skipping.
2026-06-30 20:12:20,521 [INFO] ('', None, [{}], {'error': 'Message is empty'})
2026-06-30 20:12:20,521 [WARNING] Message is empty, skipping.
2026-06-30 20:12:20,521 [INFO] ('', None, [{}], {'error': 'Message is empty'})
2026-06-30 20:12:20,521 [WARNING] Message is empty, skipping.
2026-06-30 20:12:20,521 [INFO] ('', None, [{}], {'error': 'Message is empty'})
2026-06-30 20:12:20,522 [WARNING] Message is empty, skipping.
2026-06-30 20:12:20,525 [INFO] ('', None, [{}], {'error': 'Message is empty'})
2026-06-30 20:12:20,525 [WARNING] Message is empty, skipping.
2026-06-30 20:12:20,525 [INFO] ('', None, [{}], {'error': 'Message is empty'})
2026-06-30 20:12:20,526 [WARNING] Message is empty, skipping.
2026-06-30 20:12:20,527 [INFO] ('', None, [{}], {'error': 'Message is empty'})
2026-06-30 20:12:20,527 [WARNING] Message is empty, skipping.
2026-06-30 20:12:20,527 [INFO] ('', None, [{}], {'error': 'Message is empty'})
2026-06-30 20:12:20,527 [WARNING] Message is empty, skipping.
2026-06-30 20:12:20,527 [INFO] ('', None, [{}], {'error': 'Message is empty'})
2026-06-30 20:12:20,529 [WARNING] Message is empty, skipping.
2026-06-30 20:12:20,529 [INFO] ('', None, [{}], {'error': 'Message is empty'})
2026-06-30 20:12:20,529 [WARNING] Message is empty, skipping.
2026-06-30 20:12:20,529 [INFO] ('', None, [{}], {'error': 'Message is empty'})
2026-06-30 20:12:20,529 [WARNING] Message is empty, skipping.
2026-06-30 20:12:20,530 [INFO] ('', None, [{}], {'error': 'Message is empty'})
2026-06-30 20:12:20,530 [WARNING] Message is empty, skipping.
2026-06-30 20:12:20,530 [INFO] ('', None, [{}], {'error': 'Message is empty'})
2026-06-30 20:12:20,531 [WARNING] Message is empty, skipping.
2026-06-30 20:12:20,531 [INFO] ('', None, [{}], {'error': 'Message is empty'})
2026-06-30 20:12:20,532 [WARNING] Message is empty, skipping.
2026-06-30 20:12:20,533 [INFO] ('', None, [{}], {'error': 'Message is empty'})
2026-06-30 20:12:20,535 [WARNING] Message is empty, skipping.
2026-06-30 20:12:20,536 [INFO] ('', None, [{}], {'error': 'Message is empty'})
2026-06-30 20:12:20,536 [WARNING] Message is empty, skipping.
2026-06-30 20:12:20,536 [INFO] ('', None, [{}], {'error': 'Message is empty'})
2026-06-30 20:12:20,537 [WARNING] Message is empty, skipping.
2026-06-30 20:12:20,537 [INFO] ('', None, [{}], {'error': 'Message is empty'})
2026-06-30 20:12:20,537 [WARNING] Message is empty, skipping.
2026-06-30 20:12:20,537 [INFO] ('', None, [{}], {'error': 'Message is empty'})
2026-06-30 20:12:20,537 [WARNING] Message is empty, skipping.
2026-06-30 20:12:20,537 [INFO] ('', None, [{}], {'error': 'Message is empty'})
2026-06-30 20:12:20,538 [WARNING] Message is empty, skipping.
2026-06-30 20:12:20,538 [INFO] ('', None, [{}], {'error': 'Message is empty'})
2026-06-30 20:12:20,538 [WARNING] Message is empty, skipping.
2026-06-30 20:12:20,538 [INFO] ('', None, [{}], {'error': 'Message is empty'})
2026-06-30 20:12:20,538 [WARNING] Message is empty, skipping.
2026-06-30 20:12:20,538 [INFO] ('', None, [{}], {'error': 'Message is empty'})
2026-06-30 20:12:20,539 [WARNING] Message is empty, skipping.
2026-06-30 20:12:20,539 [INFO] ('', None, [{}], {'error': 'Message is empty'})
2026-06-30 20:12:20,539 [WARNING] Message is empty, skipping.
2026-06-30 20:12:20,539 [INFO] ('', None, [{}], {'error': 'Message is empty'})
2026-06-30 20:12:20,539 [WARNING] Message is empty, skipping.
2026-06-30 20:12:20,539 [INFO] ('', None, [{}], {'error': 'Message is empty'})
2026-06-30 20:12:20,540 [WARNING] Message is empty, skipping.
2026-06-30 20:12:20,540 [INFO] ('', None, [{}], {'error': 'Message is empty'})
2026-06-30 20:12:20,540 [WARNING] Message is empty, skipping.
2026-06-30 20:12:20,540 [INFO] ('', None, [{}], {'error': 'Message is empty'})
2026-06-30 20:12:20,541 [WARNING] Message is empty, skipping.
2026-06-30 20:12:20,541 [INFO] ('', None, [{}], {'error': 'Message is empty'})
2026-06-30 20:12:20,541 [WARNING] Message is empty, skipping.
2026-06-30 20:12:20,542 [INFO] ('', None, [{}], {'error': 'Message is empty'})
2026-06-30 20:12:20,542 [WARNING] Message is empty, skipping.
2026-06-30 20:12:20,542 [INFO] ('', None, [{}], {'error': 'Message is empty'})
2026-06-30 20:12:20,542 [WARNING] Message is empty, skipping.
2026-06-30 20:12:20,542 [INFO] ('', None, [{}], {'error': 'Message is empty'})
2026-06-30 20:12:20,542 [WARNING] Message is empty, skipping.
2026-06-30 20:12:20,542 [INFO] ('', None, [{}], {'error': 'Message is empty'})
2026-06-30 20:12:20,543 [WARNING] Message is empty, skipping.
2026-06-30 20:12:20,543 [INFO] ('', None, [{}], {'error': 'Message is empty'})
2026-06-30 20:12:20,543 [WARNING] Message is empty, skipping.
2026-06-30 20:12:20,543 [INFO] ('', None, [{}], {'error': 'Message is empty'})
2026-06-30 20:12:20,543 [WARNING] Message is empty, skipping.
2026-06-30 20:12:20,543 [INFO] ('', None, [{}], {'error': 'Message is empty'})
2026-06-30 20:12:20,544 [WARNING] Message is empty, skipping.
2026-06-30 20:12:20,544 [INFO] ('', None, [{}], {'error': 'Message is empty'})
2026-06-30 20:12:20,544 [WARNING] Message is empty, skipping.
2026-06-30 20:12:20,544 [INFO] ('', None, [{}], {'error': 'Message is empty'})
2026-06-30 20:12:20,547 [WARNING] Message is empty, skipping.
2026-06-30 20:12:20,547 [INFO] ('', None, [{}], {'error': 'Message is empty'})
2026-06-30 20:12:20,547 [WARNING] Message is empty, skipping.
2026-06-30 20:12:20,547 [INFO] ('', None, [{}], {'error': 'Message is empty'})
2026-06-30 20:12:20,547 [WARNING] Message is empty, skipping.
2026-06-30 20:12:20,550 [INFO] ('', None, [{}], {'error': 'Message is empty'})
2026-06-30 20:12:20,550 [WARNING] Message is empty, skipping.
2026-06-30 20:12:20,550 [INFO] ('', None, [{}], {'error': 'Message is empty'})
2026-06-30 20:12:20,550 [WARNING] Message is empty, skipping.
2026-06-30 20:12:20,550 [INFO] ('', None, [{}], {'error': 'Message is empty'})
2026-06-30 20:12:20,551 [WARNING] Message is empty, skipping.
2026-06-30 20:12:20,551 [INFO] ('', None, [{}], {'error': 'Message is empty'})
2026-06-30 20:12:20,551 [WARNING] Message is empty, skipping.
2026-06-30 20:12:20,551 [INFO] ('', None, [{}], {'error': 'Message is empty'})
2026-06-30 20:12:20,551 [WARNING] Message is empty, skipping.
2026-06-30 20:12:20,552 [INFO] ('', None, [{}], {'error': 'Message is empty'})
2026-06-30 20:12:20,552 [WARNING] Message is empty, skipping.
2026-06-30 20:12:20,552 [INFO] ('', None, [{}], {'error': 'Message is empty'})
2026-06-30 20:12:20,552 [WARNING] Message is empty, skipping.
2026-06-30 20:12:20,552 [INFO] ('', None, [{}], {'error': 'Message is empty'})
2026-06-30 20:12:20,553 [WARNING] Message is empty, skipping.
2026-06-30 20:12:20,553 [INFO] ('', None, [{}], {'error': 'Message is empty'})
2026-06-30 20:12:20,553 [WARNING] Message is empty, skipping.
2026-06-30 20:12:20,553 [INFO] ('', None, [{}], {'error': 'Message is empty'})
2026-06-30 20:12:20,554 [WARNING] Message is empty, skipping.
2026-06-30 20:12:20,554 [INFO] ('', None, [{}], {'error': 'Message is empty'})
2026-06-30 20:12:20,554 [WARNING] Message is empty, skipping.
2026-06-30 20:12:20,554 [INFO] ('', None, [{}], {'error': 'Message is empty'})
2026-06-30 20:12:20,554 [WARNING] Message is empty, skipping.
2026-06-30 20:12:20,554 [INFO] ('', None, [{}], {'error': 'Message is empty'})
2026-06-30 20:12:20,555 [WARNING] Message is empty, skipping.
2026-06-30 20:12:20,555 [INFO] ('', None, [{}], {'error': 'Message is empty'})
2026-06-30 20:12:20,555 [WARNING] Message is empty, skipping.
2026-06-30 20:12:20,555 [INFO] ('', None, [{}], {'error': 'Message is empty'})
2026-06-30 20:12:20,555 [WARNING] Message is empty, skipping.
2026-06-30 20:12:20,555 [INFO] ('', None, [{}], {'error': 'Message is empty'})
2026-06-30 20:12:20,555 [WARNING] Message is empty, skipping.
2026-06-30 20:12:20,556 [INFO] ('', None, [{}], {'error': 'Message is empty'})
2026-06-30 20:12:20,556 [WARNING] Message is empty, skipping.
2026-06-30 20:12:20,556 [INFO] ('', None, [{}], {'error': 'Message is empty'})
2026-06-30 20:12:20,556 [WARNING] Message is empty, skipping.
2026-06-30 20:12:20,556 [INFO] ('', None, [{}], {'error': 'Message is empty'})
2026-06-30 20:12:20,557 [WARNING] Message is empty, skipping.
2026-06-30 20:12:20,557 [INFO] ('', None, [{}], {'error': 'Message is empty'})
2026-06-30 20:12:20,558 [WARNING] Message is empty, skipping.
2026-06-30 20:12:20,558 [INFO] ('', None, [{}], {'error': 'Message is empty'})
2026-06-30 20:12:20,558 [WARNING] Message is empty, skipping.
2026-06-30 20:12:20,558 [INFO] ('', None, [{}], {'error': 'Message is empty'})
2026-06-30 20:12:20,558 [WARNING] Message is empty, skipping.
2026-06-30 20:12:20,558 [INFO] ('', None, [{}], {'error': 'Message is empty'})
2026-06-30 20:12:20,559 [WARNING] Message is empty, skipping.
2026-06-30 20:12:20,559 [INFO] ('', None, [{}], {'error': 'Message is empty'})
2026-06-30 20:12:20,559 [WARNING] Message is empty, skipping.
2026-06-30 20:12:20,559 [INFO] ('', None, [{}], {'error': 'Message is empty'})
2026-06-30 20:12:20,559 [WARNING] Message is empty, skipping.
2026-06-30 20:12:20,559 [INFO] ('', None, [{}], {'error': 'Message is empty'})
2026-06-30 20:12:20,560 [WARNING] Message is empty, skipping.
2026-06-30 20:12:20,560 [INFO] ('', None, [{}], {'error': 'Message is empty'})
2026-06-30 20:12:20,560 [WARNING] Message is empty, skipping.
2026-06-30 20:12:20,560 [INFO] ('', None, [{}], {'error': 'Message is empty'})
2026-06-30 20:12:20,561 [WARNING] Message is empty, skipping.
2026-06-30 20:12:20,561 [INFO] ('', None, [{}], {'error': 'Message is empty'})
2026-06-30 20:12:20,561 [WARNING] Message is empty, skipping.
2026-06-30 20:12:20,561 [INFO] ('', None, [{}], {'error': 'Message is empty'})
2026-06-30 20:12:20,561 [WARNING] Message is empty, skipping.
2026-06-30 20:12:20,562 [INFO] ('', None, [{}], {'error': 'Message is empty'})
2026-06-30 20:12:20,562 [WARNING] Message is empty, skipping.
2026-06-30 20:12:20,562 [INFO] ('', None, [{}], {'error': 'Message is empty'})
2026-06-30 20:12:20,562 [WARNING] Message is empty, skipping.
2026-06-30 20:12:20,562 [INFO] ('', None, [{}], {'error': 'Message is empty'})
2026-06-30 20:12:20,563 [WARNING] Message is empty, skipping.
2026-06-30 20:12:20,563 [INFO] ('', None, [{}], {'error': 'Message is empty'})
2026-06-30 20:12:20,565 [WARNING] Message is empty, skipping.
2026-06-30 20:12:20,565 [INFO] ('', None, [{}], {'error': 'Message is empty'})
2026-06-30 20:12:20,566 [WARNING] Message is empty, skipping.
2026-06-30 20:12:20,566 [INFO] ('', None, [{}], {'error': 'Message is empty'})
2026-06-30 20:12:20,566 [WARNING] Message is empty, skipping.
2026-06-30 20:12:20,566 [INFO] ('', None, [{}], {'error': 'Message is empty'})
2026-06-30 20:12:20,566 [WARNING] Message is empty, skipping.
2026-06-30 20:12:20,569 [INFO] ('', None, [{}], {'error': 'Message is empty'})
2026-06-30 20:12:20,569 [WARNING] Message is empty, skipping.
2026-06-30 20:12:20,570 [INFO] ('', None, [{}], {'error': 'Message is empty'})
2026-06-30 20:12:20,570 [WARNING] Message is empty, skipping.
2026-06-30 20:12:20,570 [INFO] ('', None, [{}], {'error': 'Message is empty'})
2026-06-30 20:12:20,570 [WARNING] Message is empty, skipping.
2026-06-30 20:12:20,570 [INFO] ('', None, [{}], {'error': 'Message is empty'})
2026-06-30 20:12:20,570 [WARNING] Message is empty, skipping.
2026-06-30 20:12:20,570 [INFO] ('', None, [{}], {'error': 'Message is empty'})
2026-06-30 20:12:20,570 [WARNING] Message is empty, skipping.
2026-06-30 20:12:20,570 [INFO] ('', None, [{}], {'error': 'Message is empty'})
2026-06-30 20:12:20,570 [WARNING] Message is empty, skipping.
2026-06-30 20:12:20,570 [INFO] ('', None, [{}], {'error': 'Message is empty'})
2026-06-30 20:12:20,570 [WARNING] Message is empty, skipping.
2026-06-30 20:12:20,570 [INFO] ('', None, [{}], {'error': 'Message is empty'})
2026-06-30 20:12:20,571 [WARNING] Message is empty, skipping.
2026-06-30 20:12:20,571 [INFO] ('', None, [{}], {'error': 'Message is empty'})
2026-06-30 20:12:20,571 [WARNING] Message is empty, skipping.
2026-06-30 20:12:20,571 [INFO] ('', None, [{}], {'error': 'Message is empty'})
2026-06-30 20:12:20,572 [WARNING] Message is empty, skipping.
2026-06-30 20:12:20,572 [INFO] ('', None, [{}], {'error': 'Message is empty'})
2026-06-30 20:12:20,572 [WARNING] Message is empty, skipping.
2026-06-30 20:12:20,572 [INFO] ('', None, [{}], {'error': 'Message is empty'})
2026-06-30 20:12:20,572 [WARNING] Message is empty, skipping.
2026-06-30 20:12:20,572 [INFO] ('', None, [{}], {'error': 'Message is empty'})
2026-06-30 20:12:20,572 [WARNING] Message is empty, skipping.
2026-06-30 20:12:20,572 [INFO] ('', None, [{}], {'error': 'Message is empty'})
2026-06-30 20:12:20,573 [WARNING] Message is empty, skipping.
2026-06-30 20:12:20,573 [INFO] ('', None, [{}], {'error': 'Message is empty'})
2026-06-30 20:12:20,574 [WARNING] Message is empty, skipping.
2026-06-30 20:12:20,574 [INFO] ('', None, [{}], {'error': 'Message is empty'})
2026-06-30 20:12:20,574 [WARNING] Message is empty, skipping.
2026-06-30 20:12:20,574 [INFO] ('', None, [{}], {'error': 'Message is empty'})
2026-06-30 20:12:20,574 [WARNING] Message is empty, skipping.
2026-06-30 20:12:20,574 [INFO] ('', None, [{}], {'error': 'Message is empty'})
2026-06-30 20:12:20,574 [WARNING] Message is empty, skipping.
2026-06-30 20:12:20,574 [INFO] ('', None, [{}], {'error': 'Message is empty'})
2026-06-30 20:12:20,575 [WARNING] Message is empty, skipping.
2026-06-30 20:12:20,575 [INFO] ('', None, [{}], {'error': 'Message is empty'})
2026-06-30 20:12:20,575 [WARNING] Message is empty, skipping.
2026-06-30 20:12:20,575 [INFO] ('', None, [{}], {'error': 'Message is empty'})
2026-06-30 20:12:20,575 [WARNING] Message is empty, skipping.
2026-06-30 20:12:20,576 [INFO] ('', None, [{}], {'error': 'Message is empty'})
2026-06-30 20:12:20,576 [WARNING] Message is empty, skipping.
2026-06-30 20:12:20,576 [INFO] ('', None, [{}], {'error': 'Message is empty'})
2026-06-30 20:12:20,577 [WARNING] Message is empty, skipping.
2026-06-30 20:12:20,577 [INFO] ('', None, [{}], {'error': 'Message is empty'})
2026-06-30 20:12:20,578 [WARNING] Message is empty, skipping.
2026-06-30 20:12:20,578 [INFO] ('', None, [{}], {'error': 'Message is empty'})
2026-06-30 20:12:20,579 [WARNING] Message is empty, skipping.
2026-06-30 20:12:20,579 [INFO] ('', None, [{}], {'error': 'Message is empty'})
2026-06-30 20:12:20,580 [INFO] Processing batch queries for gemini-3.5-flash, batch size: 2048: 100%|##########| 1/1 [00:00<00:00,  2.04it/s]
2026-06-30 20:12:20,580 [INFO] Processing batch queries for gemini-3.5-flash, batch size: 2048: 100%|##########| 1/1 [00:00<00:00,  2.04it/s]
2026-06-30 20:12:20,580 [INFO] ... (more hidden) ...
2026-06-30 20:12:20,582 [INFO] Formatting items for endpoint: https://seshat-db.com/api/sc/fictions/: 100%|##########| 501/501 [00:00<00:00, 382968.16it/s]
2026-06-30 20:12:20,582 [INFO] {'endpoint_identifier': 'https://seshat-db.com/api/sc/fictions/', 'model': 'gemini-3.5-flash', 'entry_idx': 0, 'output': '', 'reasoning': '', 'message': '[{}]', 'others': '{"error": "Message is empty"}'}
2026-06-30 20:12:20,586 [INFO] Questions generated and saved to /Users/apple/Documents/github/neurips_llms/llm-bechmark/db/gen/30_06_2026/run_9_gemini-3.5-flash/sc/range/sc_fictions_questions.csv
2026-06-30 20:12:20,586 [INFO] Successfully completed question generation for sc/fictions.
