2026-06-30 20:12:19,653 [INFO] Starting question generation for sc/roads.
2026-06-30 20:12:19,653 [INFO] 

Generating questions for dataset at endpoint: roads
2026-06-30 20:12:19,654 [INFO] ... (more hidden) ...
2026-06-30 20:12:19,656 [WARNING] Warning: No endpoint provided for question type remapping.
2026-06-30 20:12:19,657 [WARNING] Skipping QuestionType.RANGE due to filter settings.
2026-06-30 20:12:19,657 [WARNING] Warning: No endpoint provided for question type remapping.
2026-06-30 20:12:19,657 [WARNING] Skipping QuestionType.RANGE due to filter settings.
2026-06-30 20:12:19,658 [WARNING] Warning: No endpoint provided for question type remapping.
2026-06-30 20:12:19,658 [WARNING] Skipping QuestionType.RANGE due to filter settings.
2026-06-30 20:12:19,658 [WARNING] Warning: No endpoint provided for question type remapping.
2026-06-30 20:12:19,659 [WARNING] Skipping QuestionType.RANGE due to filter settings.
2026-06-30 20:12:19,659 [WARNING] Warning: No endpoint provided for question type remapping.
2026-06-30 20:12:19,659 [WARNING] Skipping QuestionType.RANGE due to filter settings.
2026-06-30 20:12:19,659 [WARNING] Warning: No endpoint provided for question type remapping.
2026-06-30 20:12:19,659 [WARNING] Skipping QuestionType.RANGE due to filter settings.
2026-06-30 20:12:19,660 [WARNING] Warning: No endpoint provided for question type remapping.
2026-06-30 20:12:19,660 [WARNING] Skipping QuestionType.RANGE due to filter settings.
2026-06-30 20:12:19,660 [WARNING] Warning: No endpoint provided for question type remapping.
2026-06-30 20:12:19,660 [WARNING] Skipping QuestionType.RANGE due to filter settings.
2026-06-30 20:12:19,660 [WARNING] Warning: No endpoint provided for question type remapping.
2026-06-30 20:12:19,660 [WARNING] Skipping QuestionType.RANGE due to filter settings.
2026-06-30 20:12:19,661 [WARNING] Warning: No endpoint provided for question type remapping.
2026-06-30 20:12:19,661 [WARNING] Skipping QuestionType.RANGE due to filter settings.
2026-06-30 20:12:19,661 [WARNING] Warning: No endpoint provided for question type remapping.
2026-06-30 20:12:19,661 [WARNING] Skipping QuestionType.RANGE due to filter settings.
2026-06-30 20:12:19,661 [WARNING] Warning: No endpoint provided for question type remapping.
2026-06-30 20:12:19,662 [WARNING] Skipping QuestionType.RANGE due to filter settings.
2026-06-30 20:12:19,663 [WARNING] Warning: No endpoint provided for question type remapping.
2026-06-30 20:12:19,663 [WARNING] Skipping QuestionType.RANGE due to filter settings.
2026-06-30 20:12:19,663 [WARNING] Warning: No endpoint provided for question type remapping.
2026-06-30 20:12:19,664 [WARNING] Skipping QuestionType.RANGE due to filter settings.
2026-06-30 20:12:19,664 [WARNING] Warning: No endpoint provided for question type remapping.
2026-06-30 20:12:19,664 [WARNING] Skipping QuestionType.RANGE due to filter settings.
2026-06-30 20:12:19,664 [WARNING] Warning: No endpoint provided for question type remapping.
2026-06-30 20:12:19,664 [WARNING] Skipping QuestionType.RANGE due to filter settings.
2026-06-30 20:12:19,664 [WARNING] Warning: No endpoint provided for question type remapping.
2026-06-30 20:12:19,664 [WARNING] Skipping QuestionType.RANGE due to filter settings.
2026-06-30 20:12:19,665 [WARNING] Warning: No endpoint provided for question type remapping.
2026-06-30 20:12:19,665 [WARNING] Skipping QuestionType.RANGE due to filter settings.
2026-06-30 20:12:19,665 [WARNING] Warning: No endpoint provided for question type remapping.
2026-06-30 20:12:19,665 [WARNING] Skipping QuestionType.RANGE due to filter settings.
2026-06-30 20:12:19,665 [WARNING] Warning: No endpoint provided for question type remapping.
2026-06-30 20:12:19,665 [WARNING] Skipping QuestionType.RANGE due to filter settings.
2026-06-30 20:12:19,666 [WARNING] Warning: No endpoint provided for question type remapping.
2026-06-30 20:12:19,666 [WARNING] Skipping QuestionType.RANGE due to filter settings.
2026-06-30 20:12:19,666 [WARNING] Warning: No endpoint provided for question type remapping.
2026-06-30 20:12:19,666 [WARNING] Skipping QuestionType.RANGE due to filter settings.
2026-06-30 20:12:19,666 [WARNING] Warning: No endpoint provided for question type remapping.
2026-06-30 20:12:19,666 [WARNING] Skipping QuestionType.RANGE due to filter settings.
2026-06-30 20:12:19,666 [WARNING] Warning: No endpoint provided for question type remapping.
2026-06-30 20:12:19,666 [WARNING] Skipping QuestionType.RANGE due to filter settings.
2026-06-30 20:12:19,666 [WARNING] Warning: No endpoint provided for question type remapping.
2026-06-30 20:12:19,666 [WARNING] Skipping QuestionType.RANGE due to filter settings.
2026-06-30 20:12:19,666 [WARNING] Warning: No endpoint provided for question type remapping.
2026-06-30 20:12:19,666 [WARNING] Skipping QuestionType.RANGE due to filter settings.
2026-06-30 20:12:19,667 [WARNING] Warning: No endpoint provided for question type remapping.
2026-06-30 20:12:19,667 [WARNING] Skipping QuestionType.RANGE due to filter settings.
2026-06-30 20:12:19,667 [WARNING] Warning: No endpoint provided for question type remapping.
2026-06-30 20:12:19,667 [WARNING] Skipping QuestionType.RANGE due to filter settings.
2026-06-30 20:12:19,667 [WARNING] Warning: No endpoint provided for question type remapping.
2026-06-30 20:12:19,667 [WARNING] Skipping QuestionType.RANGE due to filter settings.
2026-06-30 20:12:19,667 [WARNING] Warning: No endpoint provided for question type remapping.
2026-06-30 20:12:19,667 [WARNING] Skipping QuestionType.RANGE due to filter settings.
2026-06-30 20:12:19,667 [WARNING] Warning: No endpoint provided for question type remapping.
2026-06-30 20:12:19,667 [WARNING] Skipping QuestionType.RANGE due to filter settings.
2026-06-30 20:12:19,667 [WARNING] Warning: No endpoint provided for question type remapping.
2026-06-30 20:12:19,667 [WARNING] Skipping QuestionType.RANGE due to filter settings.
2026-06-30 20:12:19,669 [WARNING] Warning: No endpoint provided for question type remapping.
2026-06-30 20:12:19,669 [WARNING] Skipping QuestionType.RANGE due to filter settings.
2026-06-30 20:12:19,669 [WARNING] Warning: No endpoint provided for question type remapping.
2026-06-30 20:12:19,669 [WARNING] Skipping QuestionType.RANGE due to filter settings.
2026-06-30 20:12:19,669 [WARNING] Warning: No endpoint provided for question type remapping.
2026-06-30 20:12:19,669 [WARNING] Skipping QuestionType.RANGE due to filter settings.
2026-06-30 20:12:19,669 [WARNING] Warning: No endpoint provided for question type remapping.
2026-06-30 20:12:19,669 [WARNING] Skipping QuestionType.RANGE due to filter settings.
2026-06-30 20:12:19,669 [WARNING] Warning: No endpoint provided for question type remapping.
2026-06-30 20:12:19,669 [WARNING] Skipping QuestionType.RANGE due to filter settings.
2026-06-30 20:12:19,669 [WARNING] Warning: No endpoint provided for question type remapping.
2026-06-30 20:12:19,669 [WARNING] Skipping QuestionType.RANGE due to filter settings.
2026-06-30 20:12:19,669 [WARNING] Warning: No endpoint provided for question type remapping.
2026-06-30 20:12:19,669 [WARNING] Skipping QuestionType.RANGE due to filter settings.
2026-06-30 20:12:19,669 [WARNING] Warning: No endpoint provided for question type remapping.
2026-06-30 20:12:19,669 [WARNING] Skipping QuestionType.RANGE due to filter settings.
2026-06-30 20:12:19,669 [WARNING] Warning: No endpoint provided for question type remapping.
2026-06-30 20:12:19,670 [WARNING] Skipping QuestionType.RANGE due to filter settings.
2026-06-30 20:12:19,670 [WARNING] Warning: No endpoint provided for question type remapping.
2026-06-30 20:12:19,670 [WARNING] Skipping QuestionType.RANGE due to filter settings.
2026-06-30 20:12:19,670 [WARNING] Warning: No endpoint provided for question type remapping.
2026-06-30 20:12:19,670 [WARNING] Skipping QuestionType.RANGE due to filter settings.
2026-06-30 20:12:19,670 [WARNING] Warning: No endpoint provided for question type remapping.
2026-06-30 20:12:19,670 [WARNING] Skipping QuestionType.RANGE due to filter settings.
2026-06-30 20:12:19,670 [WARNING] Warning: No endpoint provided for question type remapping.
2026-06-30 20:12:19,670 [WARNING] Skipping QuestionType.RANGE due to filter settings.
2026-06-30 20:12:19,671 [WARNING] Warning: No endpoint provided for question type remapping.
2026-06-30 20:12:19,671 [WARNING] Skipping QuestionType.RANGE due to filter settings.
2026-06-30 20:12:19,671 [WARNING] Warning: No endpoint provided for question type remapping.
2026-06-30 20:12:19,671 [WARNING] Skipping QuestionType.RANGE due to filter settings.
2026-06-30 20:12:19,671 [WARNING] Warning: No endpoint provided for question type remapping.
2026-06-30 20:12:19,671 [WARNING] Skipping QuestionType.RANGE due to filter settings.
2026-06-30 20:12:19,671 [WARNING] Warning: No endpoint provided for question type remapping.
2026-06-30 20:12:19,671 [WARNING] Skipping QuestionType.RANGE due to filter settings.
2026-06-30 20:12:19,671 [WARNING] Warning: No endpoint provided for question type remapping.
2026-06-30 20:12:19,671 [WARNING] Skipping QuestionType.RANGE due to filter settings.
2026-06-30 20:12:19,671 [WARNING] Warning: No endpoint provided for question type remapping.
2026-06-30 20:12:19,672 [WARNING] Skipping QuestionType.RANGE due to filter settings.
2026-06-30 20:12:19,672 [WARNING] Warning: No endpoint provided for question type remapping.
2026-06-30 20:12:19,672 [WARNING] Skipping QuestionType.RANGE due to filter settings.
2026-06-30 20:12:19,672 [WARNING] Warning: No endpoint provided for question type remapping.
2026-06-30 20:12:19,672 [WARNING] Skipping QuestionType.RANGE due to filter settings.
2026-06-30 20:12:19,672 [WARNING] Warning: No endpoint provided for question type remapping.
2026-06-30 20:12:19,672 [WARNING] Skipping QuestionType.RANGE due to filter settings.
2026-06-30 20:12:19,672 [WARNING] Warning: No endpoint provided for question type remapping.
2026-06-30 20:12:19,672 [WARNING] Skipping QuestionType.RANGE due to filter settings.
2026-06-30 20:12:19,672 [WARNING] Warning: No endpoint provided for question type remapping.
2026-06-30 20:12:19,672 [WARNING] Skipping QuestionType.RANGE due to filter settings.
2026-06-30 20:12:19,672 [WARNING] Warning: No endpoint provided for question type remapping.
2026-06-30 20:12:19,672 [WARNING] Skipping QuestionType.RANGE due to filter settings.
2026-06-30 20:12:19,672 [WARNING] Warning: No endpoint provided for question type remapping.
2026-06-30 20:12:19,673 [WARNING] Skipping QuestionType.RANGE due to filter settings.
2026-06-30 20:12:19,673 [WARNING] Warning: No endpoint provided for question type remapping.
2026-06-30 20:12:19,673 [WARNING] Skipping QuestionType.RANGE due to filter settings.
2026-06-30 20:12:19,673 [WARNING] Warning: No endpoint provided for question type remapping.
2026-06-30 20:12:19,674 [WARNING] Skipping QuestionType.RANGE due to filter settings.
2026-06-30 20:12:19,674 [WARNING] Warning: No endpoint provided for question type remapping.
2026-06-30 20:12:19,674 [WARNING] Skipping QuestionType.RANGE due to filter settings.
2026-06-30 20:12:19,674 [WARNING] Warning: No endpoint provided for question type remapping.
2026-06-30 20:12:19,674 [WARNING] Skipping QuestionType.RANGE due to filter settings.
2026-06-30 20:12:19,674 [WARNING] Warning: No endpoint provided for question type remapping.
2026-06-30 20:12:19,674 [WARNING] Skipping QuestionType.RANGE due to filter settings.
2026-06-30 20:12:19,674 [WARNING] Warning: No endpoint provided for question type remapping.
2026-06-30 20:12:19,674 [WARNING] Skipping QuestionType.RANGE due to filter settings.
2026-06-30 20:12:19,674 [WARNING] Warning: No endpoint provided for question type remapping.
2026-06-30 20:12:19,674 [WARNING] Skipping QuestionType.RANGE due to filter settings.
2026-06-30 20:12:19,674 [WARNING] Warning: No endpoint provided for question type remapping.
2026-06-30 20:12:19,674 [WARNING] Skipping QuestionType.RANGE due to filter settings.
2026-06-30 20:12:19,674 [WARNING] Warning: No endpoint provided for question type remapping.
2026-06-30 20:12:19,676 [WARNING] Skipping QuestionType.RANGE due to filter settings.
2026-06-30 20:12:19,676 [WARNING] Warning: No endpoint provided for question type remapping.
2026-06-30 20:12:19,676 [WARNING] Skipping QuestionType.RANGE due to filter settings.
2026-06-30 20:12:19,676 [WARNING] Warning: No endpoint provided for question type remapping.
2026-06-30 20:12:19,676 [WARNING] Skipping QuestionType.RANGE due to filter settings.
2026-06-30 20:12:19,676 [WARNING] Warning: No endpoint provided for question type remapping.
2026-06-30 20:12:19,676 [WARNING] Skipping QuestionType.RANGE due to filter settings.
2026-06-30 20:12:19,676 [WARNING] Warning: No endpoint provided for question type remapping.
2026-06-30 20:12:19,676 [WARNING] Skipping QuestionType.RANGE due to filter settings.
2026-06-30 20:12:19,676 [WARNING] Warning: No endpoint provided for question type remapping.
2026-06-30 20:12:19,676 [WARNING] Skipping QuestionType.RANGE due to filter settings.
2026-06-30 20:12:19,676 [WARNING] Warning: No endpoint provided for question type remapping.
2026-06-30 20:12:19,676 [WARNING] Skipping QuestionType.RANGE due to filter settings.
2026-06-30 20:12:19,676 [WARNING] Warning: No endpoint provided for question type remapping.
2026-06-30 20:12:19,676 [WARNING] Skipping QuestionType.RANGE due to filter settings.
2026-06-30 20:12:19,676 [WARNING] Warning: No endpoint provided for question type remapping.
2026-06-30 20:12:19,676 [WARNING] Skipping QuestionType.RANGE due to filter settings.
2026-06-30 20:12:19,676 [WARNING] Warning: No endpoint provided for question type remapping.
2026-06-30 20:12:19,676 [WARNING] Skipping QuestionType.RANGE due to filter settings.
2026-06-30 20:12:19,676 [WARNING] Warning: No endpoint provided for question type remapping.
2026-06-30 20:12:19,676 [WARNING] Skipping QuestionType.RANGE due to filter settings.
2026-06-30 20:12:19,676 [WARNING] Warning: No endpoint provided for question type remapping.
2026-06-30 20:12:19,676 [WARNING] Skipping QuestionType.RANGE due to filter settings.
2026-06-30 20:12:19,677 [WARNING] Warning: No endpoint provided for question type remapping.
2026-06-30 20:12:19,677 [WARNING] Skipping QuestionType.RANGE due to filter settings.
2026-06-30 20:12:19,677 [WARNING] Warning: No endpoint provided for question type remapping.
2026-06-30 20:12:19,677 [WARNING] Skipping QuestionType.RANGE due to filter settings.
2026-06-30 20:12:19,677 [WARNING] Warning: No endpoint provided for question type remapping.
2026-06-30 20:12:19,677 [WARNING] Skipping QuestionType.RANGE due to filter settings.
2026-06-30 20:12:19,677 [WARNING] Warning: No endpoint provided for question type remapping.
2026-06-30 20:12:19,678 [WARNING] Skipping QuestionType.RANGE due to filter settings.
2026-06-30 20:12:19,678 [WARNING] Warning: No endpoint provided for question type remapping.
2026-06-30 20:12:19,678 [WARNING] Skipping QuestionType.RANGE due to filter settings.
2026-06-30 20:12:19,678 [WARNING] Warning: No endpoint provided for question type remapping.
2026-06-30 20:12:19,678 [WARNING] Skipping QuestionType.RANGE due to filter settings.
2026-06-30 20:12:19,678 [WARNING] Warning: No endpoint provided for question type remapping.
2026-06-30 20:12:19,678 [WARNING] Skipping QuestionType.RANGE due to filter settings.
2026-06-30 20:12:19,678 [WARNING] Warning: No endpoint provided for question type remapping.
2026-06-30 20:12:19,678 [WARNING] Skipping QuestionType.RANGE due to filter settings.
2026-06-30 20:12:19,678 [WARNING] Warning: No endpoint provided for question type remapping.
2026-06-30 20:12:19,678 [WARNING] Skipping QuestionType.RANGE due to filter settings.
2026-06-30 20:12:19,678 [WARNING] Warning: No endpoint provided for question type remapping.
2026-06-30 20:12:19,678 [WARNING] Skipping QuestionType.RANGE due to filter settings.
2026-06-30 20:12:19,678 [WARNING] Warning: No endpoint provided for question type remapping.
2026-06-30 20:12:19,678 [WARNING] Skipping QuestionType.RANGE due to filter settings.
2026-06-30 20:12:19,678 [WARNING] Warning: No endpoint provided for question type remapping.
2026-06-30 20:12:19,684 [WARNING] Skipping QuestionType.RANGE due to filter settings.
2026-06-30 20:12:19,686 [WARNING] Warning: No endpoint provided for question type remapping.
2026-06-30 20:12:19,686 [WARNING] Skipping QuestionType.RANGE due to filter settings.
2026-06-30 20:12:19,686 [WARNING] Warning: No endpoint provided for question type remapping.
2026-06-30 20:12:19,686 [WARNING] Skipping QuestionType.RANGE due to filter settings.
2026-06-30 20:12:19,687 [WARNING] Warning: No endpoint provided for question type remapping.
2026-06-30 20:12:19,687 [WARNING] Skipping QuestionType.RANGE due to filter settings.
2026-06-30 20:12:19,688 [WARNING] Warning: No endpoint provided for question type remapping.
2026-06-30 20:12:19,688 [WARNING] Skipping QuestionType.RANGE due to filter settings.
2026-06-30 20:12:19,688 [WARNING] Warning: No endpoint provided for question type remapping.
2026-06-30 20:12:19,689 [WARNING] Skipping QuestionType.RANGE due to filter settings.
2026-06-30 20:12:19,689 [WARNING] Warning: No endpoint provided for question type remapping.
2026-06-30 20:12:19,691 [WARNING] Skipping QuestionType.RANGE due to filter settings.
2026-06-30 20:12:19,691 [WARNING] Warning: No endpoint provided for question type remapping.
2026-06-30 20:12:19,691 [WARNING] Skipping QuestionType.RANGE due to filter settings.
2026-06-30 20:12:19,692 [WARNING] Warning: No endpoint provided for question type remapping.
2026-06-30 20:12:19,692 [WARNING] Skipping QuestionType.RANGE due to filter settings.
2026-06-30 20:12:19,692 [WARNING] Warning: No endpoint provided for question type remapping.
2026-06-30 20:12:19,692 [WARNING] Skipping QuestionType.RANGE due to filter settings.
2026-06-30 20:12:19,692 [WARNING] Warning: No endpoint provided for question type remapping.
2026-06-30 20:12:19,692 [WARNING] Skipping QuestionType.RANGE due to filter settings.
2026-06-30 20:12:19,692 [WARNING] Warning: No endpoint provided for question type remapping.
2026-06-30 20:12:19,692 [WARNING] Skipping QuestionType.RANGE due to filter settings.
2026-06-30 20:12:19,692 [WARNING] Warning: No endpoint provided for question type remapping.
2026-06-30 20:12:19,692 [WARNING] Skipping QuestionType.RANGE due to filter settings.
2026-06-30 20:12:19,692 [WARNING] Warning: No endpoint provided for question type remapping.
2026-06-30 20:12:19,692 [WARNING] Skipping QuestionType.RANGE due to filter settings.
2026-06-30 20:12:19,692 [WARNING] Warning: No endpoint provided for question type remapping.
2026-06-30 20:12:19,692 [WARNING] Skipping QuestionType.RANGE due to filter settings.
2026-06-30 20:12:19,692 [WARNING] Warning: No endpoint provided for question type remapping.
2026-06-30 20:12:19,692 [WARNING] Skipping QuestionType.RANGE due to filter settings.
2026-06-30 20:12:19,692 [WARNING] Warning: No endpoint provided for question type remapping.
2026-06-30 20:12:19,692 [WARNING] Skipping QuestionType.RANGE due to filter settings.
2026-06-30 20:12:19,692 [WARNING] Warning: No endpoint provided for question type remapping.
2026-06-30 20:12:19,692 [WARNING] Skipping QuestionType.RANGE due to filter settings.
2026-06-30 20:12:19,692 [WARNING] Warning: No endpoint provided for question type remapping.
2026-06-30 20:12:19,693 [WARNING] Skipping QuestionType.RANGE due to filter settings.
2026-06-30 20:12:19,693 [WARNING] Warning: No endpoint provided for question type remapping.
2026-06-30 20:12:19,693 [WARNING] Skipping QuestionType.RANGE due to filter settings.
2026-06-30 20:12:19,694 [WARNING] Warning: No endpoint provided for question type remapping.
2026-06-30 20:12:19,694 [WARNING] Skipping QuestionType.RANGE due to filter settings.
2026-06-30 20:12:19,695 [WARNING] Warning: No endpoint provided for question type remapping.
2026-06-30 20:12:19,696 [WARNING] Skipping QuestionType.RANGE due to filter settings.
2026-06-30 20:12:19,696 [WARNING] Warning: No endpoint provided for question type remapping.
2026-06-30 20:12:19,696 [WARNING] Skipping QuestionType.RANGE due to filter settings.
2026-06-30 20:12:19,696 [WARNING] Warning: No endpoint provided for question type remapping.
2026-06-30 20:12:19,696 [WARNING] Skipping QuestionType.RANGE due to filter settings.
2026-06-30 20:12:19,696 [WARNING] Warning: No endpoint provided for question type remapping.
2026-06-30 20:12:19,697 [WARNING] Skipping QuestionType.RANGE due to filter settings.
2026-06-30 20:12:19,698 [WARNING] Warning: No endpoint provided for question type remapping.
2026-06-30 20:12:19,698 [WARNING] Skipping QuestionType.RANGE due to filter settings.
2026-06-30 20:12:19,699 [WARNING] Warning: No endpoint provided for question type remapping.
2026-06-30 20:12:19,700 [WARNING] Skipping QuestionType.RANGE due to filter settings.
2026-06-30 20:12:19,700 [WARNING] Warning: No endpoint provided for question type remapping.
2026-06-30 20:12:19,701 [WARNING] Skipping QuestionType.RANGE due to filter settings.
2026-06-30 20:12:19,702 [WARNING] Warning: No endpoint provided for question type remapping.
2026-06-30 20:12:19,702 [WARNING] Skipping QuestionType.RANGE due to filter settings.
2026-06-30 20:12:19,702 [WARNING] Warning: No endpoint provided for question type remapping.
2026-06-30 20:12:19,703 [WARNING] Skipping QuestionType.RANGE due to filter settings.
2026-06-30 20:12:19,703 [WARNING] Warning: No endpoint provided for question type remapping.
2026-06-30 20:12:19,703 [WARNING] Skipping QuestionType.RANGE due to filter settings.
2026-06-30 20:12:19,703 [WARNING] Warning: No endpoint provided for question type remapping.
2026-06-30 20:12:19,703 [WARNING] Skipping QuestionType.RANGE due to filter settings.
2026-06-30 20:12:19,704 [WARNING] Warning: No endpoint provided for question type remapping.
2026-06-30 20:12:19,704 [WARNING] Skipping QuestionType.RANGE due to filter settings.
2026-06-30 20:12:19,705 [WARNING] Warning: No endpoint provided for question type remapping.
2026-06-30 20:12:19,705 [WARNING] Skipping QuestionType.RANGE due to filter settings.
2026-06-30 20:12:19,705 [WARNING] Warning: No endpoint provided for question type remapping.
2026-06-30 20:12:19,705 [WARNING] Skipping QuestionType.RANGE due to filter settings.
2026-06-30 20:12:19,705 [WARNING] Warning: No endpoint provided for question type remapping.
2026-06-30 20:12:19,705 [WARNING] Skipping QuestionType.RANGE due to filter settings.
2026-06-30 20:12:19,705 [WARNING] Warning: No endpoint provided for question type remapping.
2026-06-30 20:12:19,705 [WARNING] Skipping QuestionType.RANGE due to filter settings.
2026-06-30 20:12:19,705 [WARNING] Warning: No endpoint provided for question type remapping.
2026-06-30 20:12:19,706 [WARNING] Skipping QuestionType.RANGE due to filter settings.
2026-06-30 20:12:19,706 [WARNING] Warning: No endpoint provided for question type remapping.
2026-06-30 20:12:19,706 [WARNING] Skipping QuestionType.RANGE due to filter settings.
2026-06-30 20:12:19,706 [WARNING] Warning: No endpoint provided for question type remapping.
2026-06-30 20:12:19,706 [WARNING] Skipping QuestionType.RANGE due to filter settings.
2026-06-30 20:12:19,706 [WARNING] Warning: No endpoint provided for question type remapping.
2026-06-30 20:12:19,707 [WARNING] Skipping QuestionType.RANGE due to filter settings.
2026-06-30 20:12:19,707 [WARNING] Warning: No endpoint provided for question type remapping.
2026-06-30 20:12:19,707 [WARNING] Skipping QuestionType.RANGE due to filter settings.
2026-06-30 20:12:19,707 [WARNING] Warning: No endpoint provided for question type remapping.
2026-06-30 20:12:19,707 [WARNING] Skipping QuestionType.RANGE due to filter settings.
2026-06-30 20:12:19,707 [WARNING] Warning: No endpoint provided for question type remapping.
2026-06-30 20:12:19,707 [WARNING] Skipping QuestionType.RANGE due to filter settings.
2026-06-30 20:12:19,708 [WARNING] Warning: No endpoint provided for question type remapping.
2026-06-30 20:12:19,708 [WARNING] Skipping QuestionType.RANGE due to filter settings.
2026-06-30 20:12:19,708 [WARNING] Warning: No endpoint provided for question type remapping.
2026-06-30 20:12:19,708 [WARNING] Skipping QuestionType.RANGE due to filter settings.
2026-06-30 20:12:19,708 [WARNING] Warning: No endpoint provided for question type remapping.
2026-06-30 20:12:19,708 [WARNING] Skipping QuestionType.RANGE due to filter settings.
2026-06-30 20:12:19,708 [WARNING] Warning: No endpoint provided for question type remapping.
2026-06-30 20:12:19,709 [WARNING] Skipping QuestionType.RANGE due to filter settings.
2026-06-30 20:12:19,709 [WARNING] Warning: No endpoint provided for question type remapping.
2026-06-30 20:12:19,709 [WARNING] Skipping QuestionType.RANGE due to filter settings.
2026-06-30 20:12:19,710 [WARNING] Warning: No endpoint provided for question type remapping.
2026-06-30 20:12:19,710 [WARNING] Skipping QuestionType.RANGE due to filter settings.
2026-06-30 20:12:19,710 [WARNING] Warning: No endpoint provided for question type remapping.
2026-06-30 20:12:19,710 [WARNING] Skipping QuestionType.RANGE due to filter settings.
2026-06-30 20:12:19,710 [WARNING] Warning: No endpoint provided for question type remapping.
2026-06-30 20:12:19,710 [WARNING] Skipping QuestionType.RANGE due to filter settings.
2026-06-30 20:12:19,710 [WARNING] Warning: No endpoint provided for question type remapping.
2026-06-30 20:12:19,711 [WARNING] Skipping QuestionType.RANGE due to filter settings.
2026-06-30 20:12:19,711 [WARNING] Warning: No endpoint provided for question type remapping.
2026-06-30 20:12:19,711 [WARNING] Skipping QuestionType.RANGE due to filter settings.
2026-06-30 20:12:19,711 [WARNING] Warning: No endpoint provided for question type remapping.
2026-06-30 20:12:19,711 [WARNING] Skipping QuestionType.RANGE due to filter settings.
2026-06-30 20:12:19,711 [WARNING] Warning: No endpoint provided for question type remapping.
2026-06-30 20:12:19,711 [WARNING] Skipping QuestionType.RANGE due to filter settings.
2026-06-30 20:12:19,711 [WARNING] Warning: No endpoint provided for question type remapping.
2026-06-30 20:12:19,712 [WARNING] Skipping QuestionType.RANGE due to filter settings.
2026-06-30 20:12:19,712 [WARNING] Warning: No endpoint provided for question type remapping.
2026-06-30 20:12:19,712 [WARNING] Skipping QuestionType.RANGE due to filter settings.
2026-06-30 20:12:19,712 [WARNING] Warning: No endpoint provided for question type remapping.
2026-06-30 20:12:19,712 [WARNING] Skipping QuestionType.RANGE due to filter settings.
2026-06-30 20:12:19,712 [WARNING] Warning: No endpoint provided for question type remapping.
2026-06-30 20:12:19,712 [WARNING] Skipping QuestionType.RANGE due to filter settings.
2026-06-30 20:12:19,712 [WARNING] Warning: No endpoint provided for question type remapping.
2026-06-30 20:12:19,712 [WARNING] Skipping QuestionType.RANGE due to filter settings.
2026-06-30 20:12:19,712 [WARNING] Warning: No endpoint provided for question type remapping.
2026-06-30 20:12:19,712 [WARNING] Skipping QuestionType.RANGE due to filter settings.
2026-06-30 20:12:19,712 [WARNING] Warning: No endpoint provided for question type remapping.
2026-06-30 20:12:19,712 [WARNING] Skipping QuestionType.RANGE due to filter settings.
2026-06-30 20:12:19,712 [WARNING] Warning: No endpoint provided for question type remapping.
2026-06-30 20:12:19,712 [WARNING] Skipping QuestionType.RANGE due to filter settings.
2026-06-30 20:12:19,712 [WARNING] Warning: No endpoint provided for question type remapping.
2026-06-30 20:12:19,712 [WARNING] Skipping QuestionType.RANGE due to filter settings.
2026-06-30 20:12:19,713 [WARNING] Warning: No endpoint provided for question type remapping.
2026-06-30 20:12:19,713 [WARNING] Skipping QuestionType.RANGE due to filter settings.
2026-06-30 20:12:19,713 [WARNING] Warning: No endpoint provided for question type remapping.
2026-06-30 20:12:19,713 [WARNING] Skipping QuestionType.RANGE due to filter settings.
2026-06-30 20:12:19,713 [WARNING] Warning: No endpoint provided for question type remapping.
2026-06-30 20:12:19,713 [WARNING] Skipping QuestionType.RANGE due to filter settings.
2026-06-30 20:12:19,713 [WARNING] Warning: No endpoint provided for question type remapping.
2026-06-30 20:12:19,713 [WARNING] Skipping QuestionType.RANGE due to filter settings.
2026-06-30 20:12:19,714 [WARNING] Warning: No endpoint provided for question type remapping.
2026-06-30 20:12:19,714 [WARNING] Skipping QuestionType.RANGE due to filter settings.
2026-06-30 20:12:19,714 [WARNING] Warning: No endpoint provided for question type remapping.
2026-06-30 20:12:19,714 [WARNING] Skipping QuestionType.RANGE due to filter settings.
2026-06-30 20:12:19,714 [WARNING] Warning: No endpoint provided for question type remapping.
2026-06-30 20:12:19,714 [WARNING] Skipping QuestionType.RANGE due to filter settings.
2026-06-30 20:12:19,714 [WARNING] Warning: No endpoint provided for question type remapping.
2026-06-30 20:12:19,714 [WARNING] Skipping QuestionType.RANGE due to filter settings.
2026-06-30 20:12:19,714 [WARNING] Warning: No endpoint provided for question type remapping.
2026-06-30 20:12:19,714 [WARNING] Skipping QuestionType.RANGE due to filter settings.
2026-06-30 20:12:19,714 [WARNING] Warning: No endpoint provided for question type remapping.
2026-06-30 20:12:19,714 [WARNING] Skipping QuestionType.RANGE due to filter settings.
2026-06-30 20:12:19,714 [WARNING] Warning: No endpoint provided for question type remapping.
2026-06-30 20:12:19,714 [WARNING] Skipping QuestionType.RANGE due to filter settings.
2026-06-30 20:12:19,715 [WARNING] Warning: No endpoint provided for question type remapping.
2026-06-30 20:12:19,715 [WARNING] Skipping QuestionType.RANGE due to filter settings.
2026-06-30 20:12:19,715 [WARNING] Warning: No endpoint provided for question type remapping.
2026-06-30 20:12:19,715 [WARNING] Skipping QuestionType.RANGE due to filter settings.
2026-06-30 20:12:19,715 [WARNING] Warning: No endpoint provided for question type remapping.
2026-06-30 20:12:19,715 [WARNING] Skipping QuestionType.RANGE due to filter settings.
2026-06-30 20:12:19,715 [WARNING] Warning: No endpoint provided for question type remapping.
2026-06-30 20:12:19,716 [WARNING] Skipping QuestionType.RANGE due to filter settings.
2026-06-30 20:12:19,716 [WARNING] Warning: No endpoint provided for question type remapping.
2026-06-30 20:12:19,716 [WARNING] Skipping QuestionType.RANGE due to filter settings.
2026-06-30 20:12:19,719 [WARNING] Warning: No endpoint provided for question type remapping.
2026-06-30 20:12:19,719 [WARNING] Skipping QuestionType.RANGE due to filter settings.
2026-06-30 20:12:19,719 [WARNING] Warning: No endpoint provided for question type remapping.
2026-06-30 20:12:19,719 [WARNING] Skipping QuestionType.RANGE due to filter settings.
2026-06-30 20:12:19,719 [WARNING] Warning: No endpoint provided for question type remapping.
2026-06-30 20:12:19,719 [WARNING] Skipping QuestionType.RANGE due to filter settings.
2026-06-30 20:12:19,719 [WARNING] Warning: No endpoint provided for question type remapping.
2026-06-30 20:12:19,719 [WARNING] Skipping QuestionType.RANGE due to filter settings.
2026-06-30 20:12:19,719 [WARNING] Warning: No endpoint provided for question type remapping.
2026-06-30 20:12:19,719 [WARNING] Skipping QuestionType.RANGE due to filter settings.
2026-06-30 20:12:19,719 [WARNING] Warning: No endpoint provided for question type remapping.
2026-06-30 20:12:19,719 [WARNING] Skipping QuestionType.RANGE due to filter settings.
2026-06-30 20:12:19,719 [WARNING] Warning: No endpoint provided for question type remapping.
2026-06-30 20:12:19,719 [WARNING] Skipping QuestionType.RANGE due to filter settings.
2026-06-30 20:12:19,719 [WARNING] Warning: No endpoint provided for question type remapping.
2026-06-30 20:12:19,719 [WARNING] Skipping QuestionType.RANGE due to filter settings.
2026-06-30 20:12:19,719 [WARNING] Warning: No endpoint provided for question type remapping.
2026-06-30 20:12:19,719 [WARNING] Skipping QuestionType.RANGE due to filter settings.
2026-06-30 20:12:19,719 [WARNING] Warning: No endpoint provided for question type remapping.
2026-06-30 20:12:19,719 [WARNING] Skipping QuestionType.RANGE due to filter settings.
2026-06-30 20:12:19,719 [WARNING] Warning: No endpoint provided for question type remapping.
2026-06-30 20:12:19,719 [WARNING] Skipping QuestionType.RANGE due to filter settings.
2026-06-30 20:12:19,719 [WARNING] Warning: No endpoint provided for question type remapping.
2026-06-30 20:12:19,719 [WARNING] Skipping QuestionType.RANGE due to filter settings.
2026-06-30 20:12:19,720 [WARNING] Warning: No endpoint provided for question type remapping.
2026-06-30 20:12:19,720 [WARNING] Skipping QuestionType.RANGE due to filter settings.
2026-06-30 20:12:19,720 [WARNING] Warning: No endpoint provided for question type remapping.
2026-06-30 20:12:19,720 [WARNING] Skipping QuestionType.RANGE due to filter settings.
2026-06-30 20:12:19,720 [WARNING] Warning: No endpoint provided for question type remapping.
2026-06-30 20:12:19,720 [WARNING] Skipping QuestionType.RANGE due to filter settings.
2026-06-30 20:12:19,720 [WARNING] Warning: No endpoint provided for question type remapping.
2026-06-30 20:12:19,720 [WARNING] Skipping QuestionType.RANGE due to filter settings.
2026-06-30 20:12:19,720 [WARNING] Warning: No endpoint provided for question type remapping.
2026-06-30 20:12:19,720 [WARNING] Skipping QuestionType.RANGE due to filter settings.
2026-06-30 20:12:19,720 [WARNING] Warning: No endpoint provided for question type remapping.
2026-06-30 20:12:19,720 [WARNING] Skipping QuestionType.RANGE due to filter settings.
2026-06-30 20:12:19,720 [WARNING] Warning: No endpoint provided for question type remapping.
2026-06-30 20:12:19,720 [WARNING] Skipping QuestionType.RANGE due to filter settings.
2026-06-30 20:12:19,720 [WARNING] Warning: No endpoint provided for question type remapping.
2026-06-30 20:12:19,720 [WARNING] Skipping QuestionType.RANGE due to filter settings.
2026-06-30 20:12:19,720 [WARNING] Warning: No endpoint provided for question type remapping.
2026-06-30 20:12:19,720 [WARNING] Skipping QuestionType.RANGE due to filter settings.
2026-06-30 20:12:19,720 [WARNING] Warning: No endpoint provided for question type remapping.
2026-06-30 20:12:19,720 [WARNING] Skipping QuestionType.RANGE due to filter settings.
2026-06-30 20:12:19,720 [WARNING] Warning: No endpoint provided for question type remapping.
2026-06-30 20:12:19,720 [WARNING] Skipping QuestionType.RANGE due to filter settings.
2026-06-30 20:12:19,720 [WARNING] Warning: No endpoint provided for question type remapping.
2026-06-30 20:12:19,720 [WARNING] Skipping QuestionType.RANGE due to filter settings.
2026-06-30 20:12:19,720 [WARNING] Warning: No endpoint provided for question type remapping.
2026-06-30 20:12:19,720 [WARNING] Skipping QuestionType.RANGE due to filter settings.
2026-06-30 20:12:19,720 [WARNING] Warning: No endpoint provided for question type remapping.
2026-06-30 20:12:19,720 [WARNING] Skipping QuestionType.RANGE due to filter settings.
2026-06-30 20:12:19,720 [WARNING] Warning: No endpoint provided for question type remapping.
2026-06-30 20:12:19,720 [WARNING] Skipping QuestionType.RANGE due to filter settings.
2026-06-30 20:12:19,720 [WARNING] Warning: No endpoint provided for question type remapping.
2026-06-30 20:12:19,720 [WARNING] Skipping QuestionType.RANGE due to filter settings.
2026-06-30 20:12:19,720 [WARNING] Warning: No endpoint provided for question type remapping.
2026-06-30 20:12:19,720 [WARNING] Skipping QuestionType.RANGE due to filter settings.
2026-06-30 20:12:19,720 [WARNING] Warning: No endpoint provided for question type remapping.
2026-06-30 20:12:19,720 [WARNING] Skipping QuestionType.RANGE due to filter settings.
2026-06-30 20:12:19,720 [WARNING] Warning: No endpoint provided for question type remapping.
2026-06-30 20:12:19,720 [WARNING] Skipping QuestionType.RANGE due to filter settings.
2026-06-30 20:12:19,720 [WARNING] Warning: No endpoint provided for question type remapping.
2026-06-30 20:12:19,720 [WARNING] Skipping QuestionType.RANGE due to filter settings.
2026-06-30 20:12:19,721 [WARNING] Warning: No endpoint provided for question type remapping.
2026-06-30 20:12:19,721 [WARNING] Skipping QuestionType.RANGE due to filter settings.
2026-06-30 20:12:19,721 [WARNING] Warning: No endpoint provided for question type remapping.
2026-06-30 20:12:19,721 [WARNING] Skipping QuestionType.RANGE due to filter settings.
2026-06-30 20:12:19,721 [WARNING] Warning: No endpoint provided for question type remapping.
2026-06-30 20:12:19,721 [WARNING] Skipping QuestionType.RANGE due to filter settings.
2026-06-30 20:12:19,723 [WARNING] Warning: No endpoint provided for question type remapping.
2026-06-30 20:12:19,723 [WARNING] Skipping QuestionType.RANGE due to filter settings.
2026-06-30 20:12:19,723 [WARNING] Warning: No endpoint provided for question type remapping.
2026-06-30 20:12:19,723 [WARNING] Skipping QuestionType.RANGE due to filter settings.
2026-06-30 20:12:19,723 [WARNING] Warning: No endpoint provided for question type remapping.
2026-06-30 20:12:19,723 [WARNING] Skipping QuestionType.RANGE due to filter settings.
2026-06-30 20:12:19,723 [WARNING] Warning: No endpoint provided for question type remapping.
2026-06-30 20:12:19,723 [WARNING] Skipping QuestionType.RANGE due to filter settings.
2026-06-30 20:12:19,725 [WARNING] Warning: No endpoint provided for question type remapping.
2026-06-30 20:12:19,725 [WARNING] Skipping QuestionType.RANGE due to filter settings.
2026-06-30 20:12:19,725 [WARNING] Warning: No endpoint provided for question type remapping.
2026-06-30 20:12:19,725 [WARNING] Skipping QuestionType.RANGE due to filter settings.
2026-06-30 20:12:19,725 [WARNING] Warning: No endpoint provided for question type remapping.
2026-06-30 20:12:19,725 [WARNING] Skipping QuestionType.RANGE due to filter settings.
2026-06-30 20:12:19,725 [WARNING] Warning: No endpoint provided for question type remapping.
2026-06-30 20:12:19,725 [WARNING] Skipping QuestionType.RANGE due to filter settings.
2026-06-30 20:12:19,725 [WARNING] Warning: No endpoint provided for question type remapping.
2026-06-30 20:12:19,725 [WARNING] Skipping QuestionType.RANGE due to filter settings.
2026-06-30 20:12:19,726 [WARNING] Warning: No endpoint provided for question type remapping.
2026-06-30 20:12:19,726 [WARNING] Skipping QuestionType.RANGE due to filter settings.
2026-06-30 20:12:19,726 [WARNING] Warning: No endpoint provided for question type remapping.
2026-06-30 20:12:19,726 [WARNING] Skipping QuestionType.RANGE due to filter settings.
2026-06-30 20:12:19,726 [WARNING] Warning: No endpoint provided for question type remapping.
2026-06-30 20:12:19,726 [WARNING] Skipping QuestionType.RANGE due to filter settings.
2026-06-30 20:12:19,727 [WARNING] Warning: No endpoint provided for question type remapping.
2026-06-30 20:12:19,727 [WARNING] Skipping QuestionType.RANGE due to filter settings.
2026-06-30 20:12:19,727 [WARNING] Warning: No endpoint provided for question type remapping.
2026-06-30 20:12:19,727 [WARNING] Skipping QuestionType.RANGE due to filter settings.
2026-06-30 20:12:19,728 [WARNING] Warning: No endpoint provided for question type remapping.
2026-06-30 20:12:19,728 [WARNING] Skipping QuestionType.RANGE due to filter settings.
2026-06-30 20:12:19,728 [WARNING] Warning: No endpoint provided for question type remapping.
2026-06-30 20:12:19,729 [WARNING] Skipping QuestionType.RANGE due to filter settings.
2026-06-30 20:12:19,729 [WARNING] Warning: No endpoint provided for question type remapping.
2026-06-30 20:12:19,729 [WARNING] Skipping QuestionType.RANGE due to filter settings.
2026-06-30 20:12:19,729 [WARNING] Warning: No endpoint provided for question type remapping.
2026-06-30 20:12:19,729 [WARNING] Skipping QuestionType.RANGE due to filter settings.
2026-06-30 20:12:19,730 [WARNING] Warning: No endpoint provided for question type remapping.
2026-06-30 20:12:19,730 [WARNING] Skipping QuestionType.RANGE due to filter settings.
2026-06-30 20:12:19,730 [WARNING] Warning: No endpoint provided for question type remapping.
2026-06-30 20:12:19,731 [WARNING] Skipping QuestionType.RANGE due to filter settings.
2026-06-30 20:12:19,732 [WARNING] Warning: No endpoint provided for question type remapping.
2026-06-30 20:12:19,732 [WARNING] Skipping QuestionType.RANGE due to filter settings.
2026-06-30 20:12:19,733 [WARNING] Warning: No endpoint provided for question type remapping.
2026-06-30 20:12:19,733 [WARNING] Skipping QuestionType.RANGE due to filter settings.
2026-06-30 20:12:19,733 [WARNING] Warning: No endpoint provided for question type remapping.
2026-06-30 20:12:19,733 [WARNING] Skipping QuestionType.RANGE due to filter settings.
2026-06-30 20:12:19,733 [WARNING] Warning: No endpoint provided for question type remapping.
2026-06-30 20:12:19,733 [WARNING] Skipping QuestionType.RANGE due to filter settings.
2026-06-30 20:12:19,733 [WARNING] Warning: No endpoint provided for question type remapping.
2026-06-30 20:12:19,733 [WARNING] Skipping QuestionType.RANGE due to filter settings.
2026-06-30 20:12:19,733 [WARNING] Warning: No endpoint provided for question type remapping.
2026-06-30 20:12:19,733 [WARNING] Skipping QuestionType.RANGE due to filter settings.
2026-06-30 20:12:19,733 [WARNING] Warning: No endpoint provided for question type remapping.
2026-06-30 20:12:19,733 [WARNING] Skipping QuestionType.RANGE due to filter settings.
2026-06-30 20:12:19,734 [WARNING] Warning: No endpoint provided for question type remapping.
2026-06-30 20:12:19,734 [WARNING] Skipping QuestionType.RANGE due to filter settings.
2026-06-30 20:12:19,734 [WARNING] Warning: No endpoint provided for question type remapping.
2026-06-30 20:12:19,734 [WARNING] Skipping QuestionType.RANGE due to filter settings.
2026-06-30 20:12:19,734 [WARNING] Warning: No endpoint provided for question type remapping.
2026-06-30 20:12:19,734 [WARNING] Skipping QuestionType.RANGE due to filter settings.
2026-06-30 20:12:19,734 [WARNING] Warning: No endpoint provided for question type remapping.
2026-06-30 20:12:19,734 [WARNING] Skipping QuestionType.RANGE due to filter settings.
2026-06-30 20:12:19,734 [WARNING] Warning: No endpoint provided for question type remapping.
2026-06-30 20:12:19,734 [WARNING] Skipping QuestionType.RANGE due to filter settings.
2026-06-30 20:12:19,734 [WARNING] Warning: No endpoint provided for question type remapping.
2026-06-30 20:12:19,734 [WARNING] Skipping QuestionType.RANGE due to filter settings.
2026-06-30 20:12:19,734 [WARNING] Warning: No endpoint provided for question type remapping.
2026-06-30 20:12:19,734 [WARNING] Skipping QuestionType.RANGE due to filter settings.
2026-06-30 20:12:19,734 [WARNING] Warning: No endpoint provided for question type remapping.
2026-06-30 20:12:19,735 [WARNING] Skipping QuestionType.RANGE due to filter settings.
2026-06-30 20:12:19,735 [WARNING] Warning: No endpoint provided for question type remapping.
2026-06-30 20:12:19,735 [WARNING] Skipping QuestionType.RANGE due to filter settings.
2026-06-30 20:12:19,735 [WARNING] Warning: No endpoint provided for question type remapping.
2026-06-30 20:12:19,735 [WARNING] Skipping QuestionType.RANGE due to filter settings.
2026-06-30 20:12:19,735 [WARNING] Warning: No endpoint provided for question type remapping.
2026-06-30 20:12:19,735 [WARNING] Skipping QuestionType.RANGE due to filter settings.
2026-06-30 20:12:19,735 [WARNING] Warning: No endpoint provided for question type remapping.
2026-06-30 20:12:19,735 [WARNING] Skipping QuestionType.RANGE due to filter settings.
2026-06-30 20:12:19,735 [WARNING] Warning: No endpoint provided for question type remapping.
2026-06-30 20:12:19,735 [WARNING] Skipping QuestionType.RANGE due to filter settings.
2026-06-30 20:12:19,735 [WARNING] Warning: No endpoint provided for question type remapping.
2026-06-30 20:12:19,738 [WARNING] Skipping QuestionType.RANGE due to filter settings.
2026-06-30 20:12:19,738 [WARNING] Warning: No endpoint provided for question type remapping.
2026-06-30 20:12:19,738 [WARNING] Skipping QuestionType.RANGE due to filter settings.
2026-06-30 20:12:19,738 [WARNING] Warning: No endpoint provided for question type remapping.
2026-06-30 20:12:19,740 [WARNING] Skipping QuestionType.RANGE due to filter settings.
2026-06-30 20:12:19,741 [WARNING] Warning: No endpoint provided for question type remapping.
2026-06-30 20:12:19,741 [WARNING] Skipping QuestionType.RANGE due to filter settings.
2026-06-30 20:12:19,741 [WARNING] Warning: No endpoint provided for question type remapping.
2026-06-30 20:12:19,743 [WARNING] Skipping QuestionType.RANGE due to filter settings.
2026-06-30 20:12:19,743 [WARNING] Warning: No endpoint provided for question type remapping.
2026-06-30 20:12:19,743 [WARNING] Skipping QuestionType.RANGE due to filter settings.
2026-06-30 20:12:19,743 [WARNING] Warning: No endpoint provided for question type remapping.
2026-06-30 20:12:19,743 [WARNING] Skipping QuestionType.RANGE due to filter settings.
2026-06-30 20:12:19,743 [WARNING] Warning: No endpoint provided for question type remapping.
2026-06-30 20:12:19,743 [WARNING] Skipping QuestionType.RANGE due to filter settings.
2026-06-30 20:12:19,745 [WARNING] Warning: No endpoint provided for question type remapping.
2026-06-30 20:12:19,745 [WARNING] Skipping QuestionType.RANGE due to filter settings.
2026-06-30 20:12:19,746 [WARNING] Warning: No endpoint provided for question type remapping.
2026-06-30 20:12:19,746 [WARNING] Skipping QuestionType.RANGE due to filter settings.
2026-06-30 20:12:19,747 [WARNING] Warning: No endpoint provided for question type remapping.
2026-06-30 20:12:19,747 [WARNING] Skipping QuestionType.RANGE due to filter settings.
2026-06-30 20:12:19,747 [WARNING] Warning: No endpoint provided for question type remapping.
2026-06-30 20:12:19,747 [WARNING] Skipping QuestionType.RANGE due to filter settings.
2026-06-30 20:12:19,747 [WARNING] Warning: No endpoint provided for question type remapping.
2026-06-30 20:12:19,747 [WARNING] Skipping QuestionType.RANGE due to filter settings.
2026-06-30 20:12:19,748 [WARNING] Warning: No endpoint provided for question type remapping.
2026-06-30 20:12:19,748 [WARNING] Skipping QuestionType.RANGE due to filter settings.
2026-06-30 20:12:19,750 [WARNING] Warning: No endpoint provided for question type remapping.
2026-06-30 20:12:19,751 [WARNING] Skipping QuestionType.RANGE due to filter settings.
2026-06-30 20:12:19,752 [WARNING] Warning: No endpoint provided for question type remapping.
2026-06-30 20:12:19,752 [WARNING] Skipping QuestionType.RANGE due to filter settings.
2026-06-30 20:12:19,754 [WARNING] Warning: No endpoint provided for question type remapping.
2026-06-30 20:12:19,755 [WARNING] Skipping QuestionType.RANGE due to filter settings.
2026-06-30 20:12:19,758 [WARNING] Warning: No endpoint provided for question type remapping.
2026-06-30 20:12:19,759 [WARNING] Skipping QuestionType.RANGE due to filter settings.
2026-06-30 20:12:19,759 [WARNING] Warning: No endpoint provided for question type remapping.
2026-06-30 20:12:19,759 [WARNING] Skipping QuestionType.RANGE due to filter settings.
2026-06-30 20:12:19,759 [WARNING] Warning: No endpoint provided for question type remapping.
2026-06-30 20:12:19,759 [WARNING] Skipping QuestionType.RANGE due to filter settings.
2026-06-30 20:12:19,759 [WARNING] Warning: No endpoint provided for question type remapping.
2026-06-30 20:12:19,759 [WARNING] Skipping QuestionType.RANGE due to filter settings.
2026-06-30 20:12:19,763 [WARNING] Warning: No endpoint provided for question type remapping.
2026-06-30 20:12:19,763 [WARNING] Skipping QuestionType.RANGE due to filter settings.
2026-06-30 20:12:19,763 [WARNING] Warning: No endpoint provided for question type remapping.
2026-06-30 20:12:19,763 [WARNING] Skipping QuestionType.RANGE due to filter settings.
2026-06-30 20:12:19,763 [WARNING] Warning: No endpoint provided for question type remapping.
2026-06-30 20:12:19,763 [WARNING] Skipping QuestionType.RANGE due to filter settings.
2026-06-30 20:12:19,764 [WARNING] Warning: No endpoint provided for question type remapping.
2026-06-30 20:12:19,764 [WARNING] Skipping QuestionType.RANGE due to filter settings.
2026-06-30 20:12:19,764 [WARNING] Warning: No endpoint provided for question type remapping.
2026-06-30 20:12:19,765 [WARNING] Skipping QuestionType.RANGE due to filter settings.
2026-06-30 20:12:19,765 [WARNING] Warning: No endpoint provided for question type remapping.
2026-06-30 20:12:19,766 [WARNING] Skipping QuestionType.RANGE due to filter settings.
2026-06-30 20:12:19,766 [WARNING] Warning: No endpoint provided for question type remapping.
2026-06-30 20:12:19,766 [WARNING] Skipping QuestionType.RANGE due to filter settings.
2026-06-30 20:12:19,766 [WARNING] Warning: No endpoint provided for question type remapping.
2026-06-30 20:12:19,766 [WARNING] Skipping QuestionType.RANGE due to filter settings.
2026-06-30 20:12:19,767 [WARNING] Warning: No endpoint provided for question type remapping.
2026-06-30 20:12:19,767 [WARNING] Skipping QuestionType.RANGE due to filter settings.
2026-06-30 20:12:19,768 [WARNING] Warning: No endpoint provided for question type remapping.
2026-06-30 20:12:19,768 [WARNING] Skipping QuestionType.RANGE due to filter settings.
2026-06-30 20:12:19,769 [WARNING] Warning: No endpoint provided for question type remapping.
2026-06-30 20:12:19,769 [WARNING] Skipping QuestionType.RANGE due to filter settings.
2026-06-30 20:12:19,769 [WARNING] Warning: No endpoint provided for question type remapping.
2026-06-30 20:12:19,769 [WARNING] Skipping QuestionType.RANGE due to filter settings.
2026-06-30 20:12:19,769 [WARNING] Warning: No endpoint provided for question type remapping.
2026-06-30 20:12:19,769 [WARNING] Skipping QuestionType.RANGE due to filter settings.
2026-06-30 20:12:19,769 [WARNING] Warning: No endpoint provided for question type remapping.
2026-06-30 20:12:19,769 [WARNING] Skipping QuestionType.RANGE due to filter settings.
2026-06-30 20:12:19,770 [WARNING] Warning: No endpoint provided for question type remapping.
2026-06-30 20:12:19,770 [WARNING] Skipping QuestionType.RANGE due to filter settings.
2026-06-30 20:12:19,770 [WARNING] Warning: No endpoint provided for question type remapping.
2026-06-30 20:12:19,771 [WARNING] Skipping QuestionType.RANGE due to filter settings.
2026-06-30 20:12:19,771 [WARNING] Warning: No endpoint provided for question type remapping.
2026-06-30 20:12:19,771 [WARNING] Skipping QuestionType.RANGE due to filter settings.
2026-06-30 20:12:19,771 [WARNING] Warning: No endpoint provided for question type remapping.
2026-06-30 20:12:19,771 [WARNING] Skipping QuestionType.RANGE due to filter settings.
2026-06-30 20:12:19,771 [WARNING] Warning: No endpoint provided for question type remapping.
2026-06-30 20:12:19,771 [WARNING] Skipping QuestionType.RANGE due to filter settings.
2026-06-30 20:12:19,771 [WARNING] Warning: No endpoint provided for question type remapping.
2026-06-30 20:12:19,771 [WARNING] Skipping QuestionType.RANGE due to filter settings.
2026-06-30 20:12:19,771 [WARNING] Warning: No endpoint provided for question type remapping.
2026-06-30 20:12:19,771 [WARNING] Skipping QuestionType.RANGE due to filter settings.
2026-06-30 20:12:19,771 [WARNING] Warning: No endpoint provided for question type remapping.
2026-06-30 20:12:19,771 [WARNING] Skipping QuestionType.RANGE due to filter settings.
2026-06-30 20:12:19,772 [WARNING] Warning: No endpoint provided for question type remapping.
2026-06-30 20:12:19,772 [WARNING] Skipping QuestionType.RANGE due to filter settings.
2026-06-30 20:12:19,772 [WARNING] Warning: No endpoint provided for question type remapping.
2026-06-30 20:12:19,772 [WARNING] Skipping QuestionType.RANGE due to filter settings.
2026-06-30 20:12:19,772 [WARNING] Warning: No endpoint provided for question type remapping.
2026-06-30 20:12:19,772 [WARNING] Skipping QuestionType.RANGE due to filter settings.
2026-06-30 20:12:19,773 [WARNING] Warning: No endpoint provided for question type remapping.
2026-06-30 20:12:19,773 [WARNING] Skipping QuestionType.RANGE due to filter settings.
2026-06-30 20:12:19,773 [WARNING] Warning: No endpoint provided for question type remapping.
2026-06-30 20:12:19,773 [WARNING] Skipping QuestionType.RANGE due to filter settings.
2026-06-30 20:12:19,774 [WARNING] Warning: No endpoint provided for question type remapping.
2026-06-30 20:12:19,774 [WARNING] Skipping QuestionType.RANGE due to filter settings.
2026-06-30 20:12:19,775 [WARNING] Warning: No endpoint provided for question type remapping.
2026-06-30 20:12:19,775 [WARNING] Skipping QuestionType.RANGE due to filter settings.
2026-06-30 20:12:19,776 [WARNING] Warning: No endpoint provided for question type remapping.
2026-06-30 20:12:19,776 [WARNING] Skipping QuestionType.RANGE due to filter settings.
2026-06-30 20:12:19,778 [WARNING] Warning: No endpoint provided for question type remapping.
2026-06-30 20:12:19,778 [WARNING] Skipping QuestionType.RANGE due to filter settings.
2026-06-30 20:12:19,779 [WARNING] Warning: No endpoint provided for question type remapping.
2026-06-30 20:12:19,779 [WARNING] Skipping QuestionType.RANGE due to filter settings.
2026-06-30 20:12:19,779 [WARNING] Warning: No endpoint provided for question type remapping.
2026-06-30 20:12:19,779 [WARNING] Skipping QuestionType.RANGE due to filter settings.
2026-06-30 20:12:19,779 [WARNING] Warning: No endpoint provided for question type remapping.
2026-06-30 20:12:19,779 [WARNING] Skipping QuestionType.RANGE due to filter settings.
2026-06-30 20:12:19,779 [WARNING] Warning: No endpoint provided for question type remapping.
2026-06-30 20:12:19,779 [WARNING] Skipping QuestionType.RANGE due to filter settings.
2026-06-30 20:12:19,779 [WARNING] Warning: No endpoint provided for question type remapping.
2026-06-30 20:12:19,779 [WARNING] Skipping QuestionType.RANGE due to filter settings.
2026-06-30 20:12:19,779 [WARNING] Warning: No endpoint provided for question type remapping.
2026-06-30 20:12:19,779 [WARNING] Skipping QuestionType.RANGE due to filter settings.
2026-06-30 20:12:19,780 [WARNING] Warning: No endpoint provided for question type remapping.
2026-06-30 20:12:19,780 [WARNING] Skipping QuestionType.RANGE due to filter settings.
2026-06-30 20:12:19,780 [WARNING] Warning: No endpoint provided for question type remapping.
2026-06-30 20:12:19,780 [WARNING] Skipping QuestionType.RANGE due to filter settings.
2026-06-30 20:12:19,780 [WARNING] Warning: No endpoint provided for question type remapping.
2026-06-30 20:12:19,780 [WARNING] Skipping QuestionType.RANGE due to filter settings.
2026-06-30 20:12:19,780 [WARNING] Warning: No endpoint provided for question type remapping.
2026-06-30 20:12:19,780 [WARNING] Skipping QuestionType.RANGE due to filter settings.
2026-06-30 20:12:19,780 [WARNING] Warning: No endpoint provided for question type remapping.
2026-06-30 20:12:19,780 [WARNING] Skipping QuestionType.RANGE due to filter settings.
2026-06-30 20:12:19,780 [WARNING] Warning: No endpoint provided for question type remapping.
2026-06-30 20:12:19,780 [WARNING] Skipping QuestionType.RANGE due to filter settings.
2026-06-30 20:12:19,780 [WARNING] Warning: No endpoint provided for question type remapping.
2026-06-30 20:12:19,780 [WARNING] Skipping QuestionType.RANGE due to filter settings.
2026-06-30 20:12:19,780 [WARNING] Warning: No endpoint provided for question type remapping.
2026-06-30 20:12:19,780 [WARNING] Skipping QuestionType.RANGE due to filter settings.
2026-06-30 20:12:19,780 [WARNING] Warning: No endpoint provided for question type remapping.
2026-06-30 20:12:19,780 [WARNING] Skipping QuestionType.RANGE due to filter settings.
2026-06-30 20:12:19,781 [WARNING] Warning: No endpoint provided for question type remapping.
2026-06-30 20:12:19,781 [WARNING] Skipping QuestionType.RANGE due to filter settings.
2026-06-30 20:12:19,781 [WARNING] Warning: No endpoint provided for question type remapping.
2026-06-30 20:12:19,781 [WARNING] Skipping QuestionType.RANGE due to filter settings.
2026-06-30 20:12:19,781 [WARNING] Warning: No endpoint provided for question type remapping.
2026-06-30 20:12:19,781 [WARNING] Skipping QuestionType.RANGE due to filter settings.
2026-06-30 20:12:19,781 [WARNING] Warning: No endpoint provided for question type remapping.
2026-06-30 20:12:19,781 [WARNING] Skipping QuestionType.RANGE due to filter settings.
2026-06-30 20:12:19,781 [WARNING] Warning: No endpoint provided for question type remapping.
2026-06-30 20:12:19,781 [WARNING] Skipping QuestionType.RANGE due to filter settings.
2026-06-30 20:12:19,781 [WARNING] Warning: No endpoint provided for question type remapping.
2026-06-30 20:12:19,782 [WARNING] Skipping QuestionType.RANGE due to filter settings.
2026-06-30 20:12:19,782 [WARNING] Warning: No endpoint provided for question type remapping.
2026-06-30 20:12:19,782 [WARNING] Skipping QuestionType.RANGE due to filter settings.
2026-06-30 20:12:19,782 [WARNING] Warning: No endpoint provided for question type remapping.
2026-06-30 20:12:19,784 [WARNING] Skipping QuestionType.RANGE due to filter settings.
2026-06-30 20:12:19,785 [WARNING] Warning: No endpoint provided for question type remapping.
2026-06-30 20:12:19,785 [WARNING] Skipping QuestionType.RANGE due to filter settings.
2026-06-30 20:12:19,785 [WARNING] Warning: No endpoint provided for question type remapping.
2026-06-30 20:12:19,785 [WARNING] Skipping QuestionType.RANGE due to filter settings.
2026-06-30 20:12:19,785 [WARNING] Warning: No endpoint provided for question type remapping.
2026-06-30 20:12:19,785 [WARNING] Skipping QuestionType.RANGE due to filter settings.
2026-06-30 20:12:19,785 [WARNING] Warning: No endpoint provided for question type remapping.
2026-06-30 20:12:19,785 [WARNING] Skipping QuestionType.RANGE due to filter settings.
2026-06-30 20:12:19,785 [WARNING] Warning: No endpoint provided for question type remapping.
2026-06-30 20:12:19,785 [WARNING] Skipping QuestionType.RANGE due to filter settings.
2026-06-30 20:12:19,787 [WARNING] Warning: No endpoint provided for question type remapping.
2026-06-30 20:12:19,787 [WARNING] Skipping QuestionType.RANGE due to filter settings.
2026-06-30 20:12:19,787 [WARNING] Warning: No endpoint provided for question type remapping.
2026-06-30 20:12:19,787 [WARNING] Skipping QuestionType.RANGE due to filter settings.
2026-06-30 20:12:19,787 [WARNING] Warning: No endpoint provided for question type remapping.
2026-06-30 20:12:19,787 [WARNING] Skipping QuestionType.RANGE due to filter settings.
2026-06-30 20:12:19,787 [WARNING] Warning: No endpoint provided for question type remapping.
2026-06-30 20:12:19,788 [WARNING] Skipping QuestionType.RANGE due to filter settings.
2026-06-30 20:12:19,788 [WARNING] Warning: No endpoint provided for question type remapping.
2026-06-30 20:12:19,788 [WARNING] Skipping QuestionType.RANGE due to filter settings.
2026-06-30 20:12:19,788 [WARNING] Warning: No endpoint provided for question type remapping.
2026-06-30 20:12:19,789 [WARNING] Skipping QuestionType.RANGE due to filter settings.
2026-06-30 20:12:19,789 [WARNING] Warning: No endpoint provided for question type remapping.
2026-06-30 20:12:19,789 [WARNING] Skipping QuestionType.RANGE due to filter settings.
2026-06-30 20:12:19,789 [WARNING] Warning: No endpoint provided for question type remapping.
2026-06-30 20:12:19,789 [WARNING] Skipping QuestionType.RANGE due to filter settings.
2026-06-30 20:12:19,789 [WARNING] Warning: No endpoint provided for question type remapping.
2026-06-30 20:12:19,789 [WARNING] Skipping QuestionType.RANGE due to filter settings.
2026-06-30 20:12:19,789 [WARNING] Warning: No endpoint provided for question type remapping.
2026-06-30 20:12:19,790 [WARNING] Skipping QuestionType.RANGE due to filter settings.
2026-06-30 20:12:19,790 [WARNING] Warning: No endpoint provided for question type remapping.
2026-06-30 20:12:19,790 [WARNING] Skipping QuestionType.RANGE due to filter settings.
2026-06-30 20:12:19,790 [WARNING] Warning: No endpoint provided for question type remapping.
2026-06-30 20:12:19,790 [WARNING] Skipping QuestionType.RANGE due to filter settings.
2026-06-30 20:12:19,790 [WARNING] Warning: No endpoint provided for question type remapping.
2026-06-30 20:12:19,791 [WARNING] Skipping QuestionType.RANGE due to filter settings.
2026-06-30 20:12:19,791 [WARNING] Warning: No endpoint provided for question type remapping.
2026-06-30 20:12:19,791 [WARNING] Skipping QuestionType.RANGE due to filter settings.
2026-06-30 20:12:19,791 [WARNING] Warning: No endpoint provided for question type remapping.
2026-06-30 20:12:19,791 [WARNING] Skipping QuestionType.RANGE due to filter settings.
2026-06-30 20:12:19,791 [WARNING] Warning: No endpoint provided for question type remapping.
2026-06-30 20:12:19,791 [WARNING] Skipping QuestionType.RANGE due to filter settings.
2026-06-30 20:12:19,791 [WARNING] Warning: No endpoint provided for question type remapping.
2026-06-30 20:12:19,791 [WARNING] Skipping QuestionType.RANGE due to filter settings.
2026-06-30 20:12:19,791 [WARNING] Warning: No endpoint provided for question type remapping.
2026-06-30 20:12:19,793 [WARNING] Skipping QuestionType.RANGE due to filter settings.
2026-06-30 20:12:19,793 [WARNING] Warning: No endpoint provided for question type remapping.
2026-06-30 20:12:19,793 [WARNING] Skipping QuestionType.RANGE due to filter settings.
2026-06-30 20:12:19,793 [WARNING] Warning: No endpoint provided for question type remapping.
2026-06-30 20:12:19,793 [WARNING] Skipping QuestionType.RANGE due to filter settings.
2026-06-30 20:12:19,793 [WARNING] Warning: No endpoint provided for question type remapping.
2026-06-30 20:12:19,793 [WARNING] Skipping QuestionType.RANGE due to filter settings.
2026-06-30 20:12:19,793 [WARNING] Warning: No endpoint provided for question type remapping.
2026-06-30 20:12:19,793 [WARNING] Skipping QuestionType.RANGE due to filter settings.
2026-06-30 20:12:19,793 [WARNING] Warning: No endpoint provided for question type remapping.
2026-06-30 20:12:19,795 [WARNING] Skipping QuestionType.RANGE due to filter settings.
2026-06-30 20:12:19,795 [WARNING] Warning: No endpoint provided for question type remapping.
2026-06-30 20:12:19,795 [WARNING] Skipping QuestionType.RANGE due to filter settings.
2026-06-30 20:12:19,795 [WARNING] Warning: No endpoint provided for question type remapping.
2026-06-30 20:12:19,795 [WARNING] Skipping QuestionType.RANGE due to filter settings.
2026-06-30 20:12:19,795 [WARNING] Warning: No endpoint provided for question type remapping.
2026-06-30 20:12:19,795 [WARNING] Skipping QuestionType.RANGE due to filter settings.
2026-06-30 20:12:19,796 [WARNING] Warning: No endpoint provided for question type remapping.
2026-06-30 20:12:19,796 [WARNING] Skipping QuestionType.RANGE due to filter settings.
2026-06-30 20:12:19,796 [WARNING] Warning: No endpoint provided for question type remapping.
2026-06-30 20:12:19,796 [WARNING] Skipping QuestionType.RANGE due to filter settings.
2026-06-30 20:12:19,797 [WARNING] Warning: No endpoint provided for question type remapping.
2026-06-30 20:12:19,797 [WARNING] Skipping QuestionType.RANGE due to filter settings.
2026-06-30 20:12:19,797 [WARNING] Warning: No endpoint provided for question type remapping.
2026-06-30 20:12:19,801 [WARNING] Skipping QuestionType.RANGE due to filter settings.
2026-06-30 20:12:19,801 [WARNING] Warning: No endpoint provided for question type remapping.
2026-06-30 20:12:19,801 [WARNING] Skipping QuestionType.RANGE due to filter settings.
2026-06-30 20:12:19,801 [WARNING] Warning: No endpoint provided for question type remapping.
2026-06-30 20:12:19,801 [WARNING] Skipping QuestionType.RANGE due to filter settings.
2026-06-30 20:12:19,801 [WARNING] Warning: No endpoint provided for question type remapping.
2026-06-30 20:12:19,802 [WARNING] Skipping QuestionType.RANGE due to filter settings.
2026-06-30 20:12:19,802 [WARNING] Warning: No endpoint provided for question type remapping.
2026-06-30 20:12:19,802 [WARNING] Skipping QuestionType.RANGE due to filter settings.
2026-06-30 20:12:19,802 [WARNING] Warning: No endpoint provided for question type remapping.
2026-06-30 20:12:19,802 [WARNING] Skipping QuestionType.RANGE due to filter settings.
2026-06-30 20:12:19,802 [WARNING] Warning: No endpoint provided for question type remapping.
2026-06-30 20:12:19,802 [WARNING] Skipping QuestionType.RANGE due to filter settings.
2026-06-30 20:12:19,802 [WARNING] Warning: No endpoint provided for question type remapping.
2026-06-30 20:12:19,802 [WARNING] Skipping QuestionType.RANGE due to filter settings.
2026-06-30 20:12:19,802 [WARNING] Warning: No endpoint provided for question type remapping.
2026-06-30 20:12:19,802 [WARNING] Skipping QuestionType.RANGE due to filter settings.
2026-06-30 20:12:19,802 [WARNING] Warning: No endpoint provided for question type remapping.
2026-06-30 20:12:19,802 [WARNING] Skipping QuestionType.RANGE due to filter settings.
2026-06-30 20:12:19,802 [WARNING] Warning: No endpoint provided for question type remapping.
2026-06-30 20:12:19,803 [WARNING] Skipping QuestionType.RANGE due to filter settings.
2026-06-30 20:12:19,804 [WARNING] Warning: No endpoint provided for question type remapping.
2026-06-30 20:12:19,804 [WARNING] Skipping QuestionType.RANGE due to filter settings.
2026-06-30 20:12:19,804 [WARNING] Warning: No endpoint provided for question type remapping.
2026-06-30 20:12:19,804 [WARNING] Skipping QuestionType.RANGE due to filter settings.
2026-06-30 20:12:19,804 [WARNING] Warning: No endpoint provided for question type remapping.
2026-06-30 20:12:19,804 [WARNING] Skipping QuestionType.RANGE due to filter settings.
2026-06-30 20:12:19,804 [WARNING] Warning: No endpoint provided for question type remapping.
2026-06-30 20:12:19,804 [WARNING] Skipping QuestionType.RANGE due to filter settings.
2026-06-30 20:12:19,806 [WARNING] Warning: No endpoint provided for question type remapping.
2026-06-30 20:12:19,808 [WARNING] Skipping QuestionType.RANGE due to filter settings.
2026-06-30 20:12:19,808 [WARNING] Warning: No endpoint provided for question type remapping.
2026-06-30 20:12:19,808 [WARNING] Skipping QuestionType.RANGE due to filter settings.
2026-06-30 20:12:19,809 [WARNING] Warning: No endpoint provided for question type remapping.
2026-06-30 20:12:19,809 [WARNING] Skipping QuestionType.RANGE due to filter settings.
2026-06-30 20:12:19,809 [WARNING] Warning: No endpoint provided for question type remapping.
2026-06-30 20:12:19,809 [WARNING] Skipping QuestionType.RANGE due to filter settings.
2026-06-30 20:12:19,809 [WARNING] Warning: No endpoint provided for question type remapping.
2026-06-30 20:12:19,809 [WARNING] Skipping QuestionType.RANGE due to filter settings.
2026-06-30 20:12:19,812 [WARNING] Warning: No endpoint provided for question type remapping.
2026-06-30 20:12:19,812 [WARNING] Skipping QuestionType.RANGE due to filter settings.
2026-06-30 20:12:19,812 [WARNING] Warning: No endpoint provided for question type remapping.
2026-06-30 20:12:19,813 [WARNING] Skipping QuestionType.RANGE due to filter settings.
2026-06-30 20:12:19,813 [WARNING] Warning: No endpoint provided for question type remapping.
2026-06-30 20:12:19,813 [WARNING] Skipping QuestionType.RANGE due to filter settings.
2026-06-30 20:12:19,813 [WARNING] Warning: No endpoint provided for question type remapping.
2026-06-30 20:12:19,815 [WARNING] Skipping QuestionType.RANGE due to filter settings.
2026-06-30 20:12:19,815 [WARNING] Warning: No endpoint provided for question type remapping.
2026-06-30 20:12:19,815 [WARNING] Skipping QuestionType.RANGE due to filter settings.
2026-06-30 20:12:19,815 [WARNING] Warning: No endpoint provided for question type remapping.
2026-06-30 20:12:19,815 [WARNING] Skipping QuestionType.RANGE due to filter settings.
2026-06-30 20:12:19,816 [WARNING] Warning: No endpoint provided for question type remapping.
2026-06-30 20:12:19,816 [WARNING] Skipping QuestionType.RANGE due to filter settings.
2026-06-30 20:12:19,817 [WARNING] Warning: No endpoint provided for question type remapping.
2026-06-30 20:12:19,817 [WARNING] Skipping QuestionType.RANGE due to filter settings.
2026-06-30 20:12:19,817 [WARNING] Warning: No endpoint provided for question type remapping.
2026-06-30 20:12:19,817 [WARNING] Skipping QuestionType.RANGE due to filter settings.
2026-06-30 20:12:19,817 [WARNING] Warning: No endpoint provided for question type remapping.
2026-06-30 20:12:19,817 [WARNING] Skipping QuestionType.RANGE due to filter settings.
2026-06-30 20:12:19,817 [WARNING] Warning: No endpoint provided for question type remapping.
2026-06-30 20:12:19,817 [WARNING] Skipping QuestionType.RANGE due to filter settings.
2026-06-30 20:12:19,817 [WARNING] Warning: No endpoint provided for question type remapping.
2026-06-30 20:12:19,817 [WARNING] Skipping QuestionType.RANGE due to filter settings.
2026-06-30 20:12:19,820 [WARNING] Warning: No endpoint provided for question type remapping.
2026-06-30 20:12:19,820 [WARNING] Skipping QuestionType.RANGE due to filter settings.
2026-06-30 20:12:19,820 [WARNING] Warning: No endpoint provided for question type remapping.
2026-06-30 20:12:19,820 [WARNING] Skipping QuestionType.RANGE due to filter settings.
2026-06-30 20:12:19,820 [WARNING] Warning: No endpoint provided for question type remapping.
2026-06-30 20:12:19,821 [WARNING] Skipping QuestionType.RANGE due to filter settings.
2026-06-30 20:12:19,821 [WARNING] Warning: No endpoint provided for question type remapping.
2026-06-30 20:12:19,821 [WARNING] Skipping QuestionType.RANGE due to filter settings.
2026-06-30 20:12:19,821 [WARNING] Warning: No endpoint provided for question type remapping.
2026-06-30 20:12:19,821 [WARNING] Skipping QuestionType.RANGE due to filter settings.
2026-06-30 20:12:19,821 [WARNING] Warning: No endpoint provided for question type remapping.
2026-06-30 20:12:19,821 [WARNING] Skipping QuestionType.RANGE due to filter settings.
2026-06-30 20:12:19,821 [WARNING] Warning: No endpoint provided for question type remapping.
2026-06-30 20:12:19,821 [WARNING] Skipping QuestionType.RANGE due to filter settings.
2026-06-30 20:12:19,821 [WARNING] Warning: No endpoint provided for question type remapping.
2026-06-30 20:12:19,821 [WARNING] Skipping QuestionType.RANGE due to filter settings.
2026-06-30 20:12:19,821 [WARNING] Warning: No endpoint provided for question type remapping.
2026-06-30 20:12:19,821 [WARNING] Skipping QuestionType.RANGE due to filter settings.
2026-06-30 20:12:19,821 [WARNING] Warning: No endpoint provided for question type remapping.
2026-06-30 20:12:19,822 [WARNING] Skipping QuestionType.RANGE due to filter settings.
2026-06-30 20:12:19,822 [WARNING] Warning: No endpoint provided for question type remapping.
2026-06-30 20:12:19,822 [WARNING] Skipping QuestionType.RANGE due to filter settings.
2026-06-30 20:12:19,822 [WARNING] Warning: No endpoint provided for question type remapping.
2026-06-30 20:12:19,822 [WARNING] Skipping QuestionType.RANGE due to filter settings.
2026-06-30 20:12:19,822 [WARNING] Warning: No endpoint provided for question type remapping.
2026-06-30 20:12:19,822 [WARNING] Skipping QuestionType.RANGE due to filter settings.
2026-06-30 20:12:19,822 [WARNING] Warning: No endpoint provided for question type remapping.
2026-06-30 20:12:19,822 [WARNING] Skipping QuestionType.RANGE due to filter settings.
2026-06-30 20:12:19,822 [WARNING] Warning: No endpoint provided for question type remapping.
2026-06-30 20:12:19,822 [WARNING] Skipping QuestionType.RANGE due to filter settings.
2026-06-30 20:12:19,823 [WARNING] Warning: No endpoint provided for question type remapping.
2026-06-30 20:12:19,823 [WARNING] Skipping QuestionType.RANGE due to filter settings.
2026-06-30 20:12:19,823 [WARNING] Warning: No endpoint provided for question type remapping.
2026-06-30 20:12:19,823 [WARNING] Skipping QuestionType.RANGE due to filter settings.
2026-06-30 20:12:19,823 [WARNING] Warning: No endpoint provided for question type remapping.
2026-06-30 20:12:19,823 [WARNING] Skipping QuestionType.RANGE due to filter settings.
2026-06-30 20:12:19,823 [WARNING] Warning: No endpoint provided for question type remapping.
2026-06-30 20:12:19,823 [WARNING] Skipping QuestionType.RANGE due to filter settings.
2026-06-30 20:12:19,823 [WARNING] Warning: No endpoint provided for question type remapping.
2026-06-30 20:12:19,823 [WARNING] Skipping QuestionType.RANGE due to filter settings.
2026-06-30 20:12:19,823 [WARNING] Warning: No endpoint provided for question type remapping.
2026-06-30 20:12:19,823 [WARNING] Skipping QuestionType.RANGE due to filter settings.
2026-06-30 20:12:19,823 [WARNING] Warning: No endpoint provided for question type remapping.
2026-06-30 20:12:19,823 [WARNING] Skipping QuestionType.RANGE due to filter settings.
2026-06-30 20:12:19,823 [WARNING] Warning: No endpoint provided for question type remapping.
2026-06-30 20:12:19,823 [WARNING] Skipping QuestionType.RANGE due to filter settings.
2026-06-30 20:12:19,825 [WARNING] Warning: No endpoint provided for question type remapping.
2026-06-30 20:12:19,830 [WARNING] Skipping QuestionType.RANGE due to filter settings.
2026-06-30 20:12:19,830 [WARNING] Warning: No endpoint provided for question type remapping.
2026-06-30 20:12:19,830 [WARNING] Skipping QuestionType.RANGE due to filter settings.
2026-06-30 20:12:19,830 [WARNING] Warning: No endpoint provided for question type remapping.
2026-06-30 20:12:19,830 [WARNING] Skipping QuestionType.RANGE due to filter settings.
2026-06-30 20:12:19,830 [WARNING] Warning: No endpoint provided for question type remapping.
2026-06-30 20:12:19,830 [WARNING] Skipping QuestionType.RANGE due to filter settings.
2026-06-30 20:12:19,830 [WARNING] Warning: No endpoint provided for question type remapping.
2026-06-30 20:12:19,830 [WARNING] Skipping QuestionType.RANGE due to filter settings.
2026-06-30 20:12:19,830 [WARNING] Warning: No endpoint provided for question type remapping.
2026-06-30 20:12:19,830 [WARNING] Skipping QuestionType.RANGE due to filter settings.
2026-06-30 20:12:19,830 [WARNING] Warning: No endpoint provided for question type remapping.
2026-06-30 20:12:19,830 [WARNING] Skipping QuestionType.RANGE due to filter settings.
2026-06-30 20:12:19,830 [WARNING] Warning: No endpoint provided for question type remapping.
2026-06-30 20:12:19,830 [WARNING] Skipping QuestionType.RANGE due to filter settings.
2026-06-30 20:12:19,830 [WARNING] Warning: No endpoint provided for question type remapping.
2026-06-30 20:12:19,830 [WARNING] Skipping QuestionType.RANGE due to filter settings.
2026-06-30 20:12:19,830 [WARNING] Warning: No endpoint provided for question type remapping.
2026-06-30 20:12:19,830 [WARNING] Skipping QuestionType.RANGE due to filter settings.
2026-06-30 20:12:19,830 [WARNING] Warning: No endpoint provided for question type remapping.
2026-06-30 20:12:19,830 [WARNING] Skipping QuestionType.RANGE due to filter settings.
2026-06-30 20:12:19,830 [WARNING] Warning: No endpoint provided for question type remapping.
2026-06-30 20:12:19,831 [WARNING] Skipping QuestionType.RANGE due to filter settings.
2026-06-30 20:12:19,832 [WARNING] Warning: No endpoint provided for question type remapping.
2026-06-30 20:12:19,832 [WARNING] Skipping QuestionType.RANGE due to filter settings.
2026-06-30 20:12:19,832 [WARNING] Warning: No endpoint provided for question type remapping.
2026-06-30 20:12:19,832 [WARNING] Skipping QuestionType.RANGE due to filter settings.
2026-06-30 20:12:19,832 [WARNING] Warning: No endpoint provided for question type remapping.
2026-06-30 20:12:19,832 [WARNING] Skipping QuestionType.RANGE due to filter settings.
2026-06-30 20:12:19,832 [WARNING] Warning: No endpoint provided for question type remapping.
2026-06-30 20:12:19,832 [WARNING] Skipping QuestionType.RANGE due to filter settings.
2026-06-30 20:12:19,833 [WARNING] Warning: No endpoint provided for question type remapping.
2026-06-30 20:12:19,833 [WARNING] Skipping QuestionType.RANGE due to filter settings.
2026-06-30 20:12:19,833 [WARNING] Warning: No endpoint provided for question type remapping.
2026-06-30 20:12:19,833 [WARNING] Skipping QuestionType.RANGE due to filter settings.
2026-06-30 20:12:19,833 [WARNING] Warning: No endpoint provided for question type remapping.
2026-06-30 20:12:19,833 [WARNING] Skipping QuestionType.RANGE due to filter settings.
2026-06-30 20:12:19,834 [WARNING] Warning: No endpoint provided for question type remapping.
2026-06-30 20:12:19,834 [WARNING] Skipping QuestionType.RANGE due to filter settings.
2026-06-30 20:12:19,834 [WARNING] Warning: No endpoint provided for question type remapping.
2026-06-30 20:12:19,834 [WARNING] Skipping QuestionType.RANGE due to filter settings.
2026-06-30 20:12:19,834 [WARNING] Warning: No endpoint provided for question type remapping.
2026-06-30 20:12:19,836 [WARNING] Skipping QuestionType.RANGE due to filter settings.
2026-06-30 20:12:19,836 [WARNING] Warning: No endpoint provided for question type remapping.
2026-06-30 20:12:19,836 [WARNING] Skipping QuestionType.RANGE due to filter settings.
2026-06-30 20:12:19,836 [WARNING] Warning: No endpoint provided for question type remapping.
2026-06-30 20:12:19,837 [WARNING] Skipping QuestionType.RANGE due to filter settings.
2026-06-30 20:12:19,837 [WARNING] Warning: No endpoint provided for question type remapping.
2026-06-30 20:12:19,837 [WARNING] Skipping QuestionType.RANGE due to filter settings.
2026-06-30 20:12:19,837 [WARNING] Warning: No endpoint provided for question type remapping.
2026-06-30 20:12:19,838 [WARNING] Skipping QuestionType.RANGE due to filter settings.
2026-06-30 20:12:19,838 [WARNING] Warning: No endpoint provided for question type remapping.
2026-06-30 20:12:19,838 [WARNING] Skipping QuestionType.RANGE due to filter settings.
2026-06-30 20:12:19,838 [WARNING] Warning: No endpoint provided for question type remapping.
2026-06-30 20:12:19,838 [WARNING] Skipping QuestionType.RANGE due to filter settings.
2026-06-30 20:12:19,838 [WARNING] Warning: No endpoint provided for question type remapping.
2026-06-30 20:12:19,838 [WARNING] Skipping QuestionType.RANGE due to filter settings.
2026-06-30 20:12:19,839 [WARNING] Warning: No endpoint provided for question type remapping.
2026-06-30 20:12:19,839 [WARNING] Skipping QuestionType.RANGE due to filter settings.
2026-06-30 20:12:19,839 [WARNING] Warning: No endpoint provided for question type remapping.
2026-06-30 20:12:19,839 [WARNING] Skipping QuestionType.RANGE due to filter settings.
2026-06-30 20:12:19,839 [WARNING] Warning: No endpoint provided for question type remapping.
2026-06-30 20:12:19,839 [WARNING] Skipping QuestionType.RANGE due to filter settings.
2026-06-30 20:12:19,839 [WARNING] Warning: No endpoint provided for question type remapping.
2026-06-30 20:12:19,840 [WARNING] Skipping QuestionType.RANGE due to filter settings.
2026-06-30 20:12:19,840 [WARNING] Warning: No endpoint provided for question type remapping.
2026-06-30 20:12:19,840 [WARNING] Skipping QuestionType.RANGE due to filter settings.
2026-06-30 20:12:19,840 [WARNING] Warning: No endpoint provided for question type remapping.
2026-06-30 20:12:19,841 [WARNING] Skipping QuestionType.RANGE due to filter settings.
2026-06-30 20:12:19,841 [WARNING] Warning: No endpoint provided for question type remapping.
2026-06-30 20:12:19,841 [WARNING] Skipping QuestionType.RANGE due to filter settings.
2026-06-30 20:12:19,841 [WARNING] Warning: No endpoint provided for question type remapping.
2026-06-30 20:12:19,841 [WARNING] Skipping QuestionType.RANGE due to filter settings.
2026-06-30 20:12:19,841 [WARNING] Warning: No endpoint provided for question type remapping.
2026-06-30 20:12:19,841 [WARNING] Skipping QuestionType.RANGE due to filter settings.
2026-06-30 20:12:19,841 [WARNING] Warning: No endpoint provided for question type remapping.
2026-06-30 20:12:19,842 [WARNING] Skipping QuestionType.RANGE due to filter settings.
2026-06-30 20:12:19,842 [WARNING] Warning: No endpoint provided for question type remapping.
2026-06-30 20:12:19,842 [WARNING] Skipping QuestionType.RANGE due to filter settings.
2026-06-30 20:12:19,842 [WARNING] Warning: No endpoint provided for question type remapping.
2026-06-30 20:12:19,842 [WARNING] Skipping QuestionType.RANGE due to filter settings.
2026-06-30 20:12:19,842 [WARNING] Warning: No endpoint provided for question type remapping.
2026-06-30 20:12:19,842 [WARNING] Skipping QuestionType.RANGE due to filter settings.
2026-06-30 20:12:19,843 [WARNING] Warning: No endpoint provided for question type remapping.
2026-06-30 20:12:19,843 [WARNING] Skipping QuestionType.RANGE due to filter settings.
2026-06-30 20:12:19,843 [WARNING] Warning: No endpoint provided for question type remapping.
2026-06-30 20:12:19,844 [WARNING] Skipping QuestionType.RANGE due to filter settings.
2026-06-30 20:12:19,844 [WARNING] Warning: No endpoint provided for question type remapping.
2026-06-30 20:12:19,844 [WARNING] Skipping QuestionType.RANGE due to filter settings.
2026-06-30 20:12:19,844 [WARNING] Warning: No endpoint provided for question type remapping.
2026-06-30 20:12:19,844 [WARNING] Skipping QuestionType.RANGE due to filter settings.
2026-06-30 20:12:19,844 [WARNING] Warning: No endpoint provided for question type remapping.
2026-06-30 20:12:19,844 [WARNING] Skipping QuestionType.RANGE due to filter settings.
2026-06-30 20:12:19,844 [WARNING] Warning: No endpoint provided for question type remapping.
2026-06-30 20:12:19,844 [WARNING] Skipping QuestionType.RANGE due to filter settings.
2026-06-30 20:12:19,844 [WARNING] Warning: No endpoint provided for question type remapping.
2026-06-30 20:12:19,844 [WARNING] Skipping QuestionType.RANGE due to filter settings.
2026-06-30 20:12:19,845 [WARNING] Warning: No endpoint provided for question type remapping.
2026-06-30 20:12:19,845 [WARNING] Skipping QuestionType.RANGE due to filter settings.
2026-06-30 20:12:19,845 [WARNING] Warning: No endpoint provided for question type remapping.
2026-06-30 20:12:19,845 [WARNING] Skipping QuestionType.RANGE due to filter settings.
2026-06-30 20:12:19,845 [WARNING] Warning: No endpoint provided for question type remapping.
2026-06-30 20:12:19,845 [WARNING] Skipping QuestionType.RANGE due to filter settings.
2026-06-30 20:12:19,846 [WARNING] Warning: No endpoint provided for question type remapping.
2026-06-30 20:12:19,846 [WARNING] Skipping QuestionType.RANGE due to filter settings.
2026-06-30 20:12:19,846 [WARNING] Warning: No endpoint provided for question type remapping.
2026-06-30 20:12:19,846 [WARNING] Skipping QuestionType.RANGE due to filter settings.
2026-06-30 20:12:19,848 [WARNING] Warning: No endpoint provided for question type remapping.
2026-06-30 20:12:19,848 [WARNING] Skipping QuestionType.RANGE due to filter settings.
2026-06-30 20:12:19,848 [WARNING] Warning: No endpoint provided for question type remapping.
2026-06-30 20:12:19,849 [WARNING] Skipping QuestionType.RANGE due to filter settings.
2026-06-30 20:12:19,849 [WARNING] Warning: No endpoint provided for question type remapping.
2026-06-30 20:12:19,849 [WARNING] Skipping QuestionType.RANGE due to filter settings.
2026-06-30 20:12:19,849 [WARNING] Warning: No endpoint provided for question type remapping.
2026-06-30 20:12:19,849 [WARNING] Skipping QuestionType.RANGE due to filter settings.
2026-06-30 20:12:19,849 [INFO]     Querying model gemini-3.5-flash with 467 message(s), temperature: 0.2
2026-06-30 20:12:19,849 [WARNING] Message is empty, skipping.
2026-06-30 20:12:19,849 [INFO] ('', None, [{}], {'error': 'Message is empty'})
2026-06-30 20:12:19,849 [WARNING] Message is empty, skipping.
2026-06-30 20:12:19,850 [INFO] ('', None, [{}], {'error': 'Message is empty'})
2026-06-30 20:12:19,850 [WARNING] Message is empty, skipping.
2026-06-30 20:12:19,850 [INFO] ('', None, [{}], {'error': 'Message is empty'})
2026-06-30 20:12:19,850 [WARNING] Message is empty, skipping.
2026-06-30 20:12:19,850 [INFO] ('', None, [{}], {'error': 'Message is empty'})
2026-06-30 20:12:19,850 [WARNING] Message is empty, skipping.
2026-06-30 20:12:19,852 [INFO] ('', None, [{}], {'error': 'Message is empty'})
2026-06-30 20:12:19,852 [WARNING] Message is empty, skipping.
2026-06-30 20:12:19,852 [INFO] ('', None, [{}], {'error': 'Message is empty'})
2026-06-30 20:12:19,853 [WARNING] Message is empty, skipping.
2026-06-30 20:12:19,853 [INFO] ('', None, [{}], {'error': 'Message is empty'})
2026-06-30 20:12:19,853 [WARNING] Message is empty, skipping.
2026-06-30 20:12:19,853 [INFO] ('', None, [{}], {'error': 'Message is empty'})
2026-06-30 20:12:19,853 [WARNING] Message is empty, skipping.
2026-06-30 20:12:19,853 [INFO] ('', None, [{}], {'error': 'Message is empty'})
2026-06-30 20:12:19,853 [WARNING] Message is empty, skipping.
2026-06-30 20:12:19,853 [INFO] ('', None, [{}], {'error': 'Message is empty'})
2026-06-30 20:12:19,853 [WARNING] Message is empty, skipping.
2026-06-30 20:12:19,854 [INFO] ('', None, [{}], {'error': 'Message is empty'})
2026-06-30 20:12:19,854 [WARNING] Message is empty, skipping.
2026-06-30 20:12:19,854 [INFO] ('', None, [{}], {'error': 'Message is empty'})
2026-06-30 20:12:19,854 [WARNING] Message is empty, skipping.
2026-06-30 20:12:19,854 [INFO] ('', None, [{}], {'error': 'Message is empty'})
2026-06-30 20:12:19,854 [WARNING] Message is empty, skipping.
2026-06-30 20:12:19,854 [INFO] ('', None, [{}], {'error': 'Message is empty'})
2026-06-30 20:12:19,854 [WARNING] Message is empty, skipping.
2026-06-30 20:12:19,855 [INFO] ('', None, [{}], {'error': 'Message is empty'})
2026-06-30 20:12:19,855 [WARNING] Message is empty, skipping.
2026-06-30 20:12:19,855 [INFO] ('', None, [{}], {'error': 'Message is empty'})
2026-06-30 20:12:19,855 [WARNING] Message is empty, skipping.
2026-06-30 20:12:19,855 [INFO] ('', None, [{}], {'error': 'Message is empty'})
2026-06-30 20:12:19,855 [WARNING] Message is empty, skipping.
2026-06-30 20:12:19,855 [INFO] ('', None, [{}], {'error': 'Message is empty'})
2026-06-30 20:12:19,855 [WARNING] Message is empty, skipping.
2026-06-30 20:12:19,855 [INFO] ('', None, [{}], {'error': 'Message is empty'})
2026-06-30 20:12:19,855 [WARNING] Message is empty, skipping.
2026-06-30 20:12:19,855 [INFO] ('', None, [{}], {'error': 'Message is empty'})
2026-06-30 20:12:19,855 [WARNING] Message is empty, skipping.
2026-06-30 20:12:19,855 [INFO] ('', None, [{}], {'error': 'Message is empty'})
2026-06-30 20:12:19,855 [WARNING] Message is empty, skipping.
2026-06-30 20:12:19,856 [INFO] ('', None, [{}], {'error': 'Message is empty'})
2026-06-30 20:12:19,856 [WARNING] Message is empty, skipping.
2026-06-30 20:12:19,856 [INFO] ('', None, [{}], {'error': 'Message is empty'})
2026-06-30 20:12:19,858 [WARNING] Message is empty, skipping.
2026-06-30 20:12:19,858 [INFO] ('', None, [{}], {'error': 'Message is empty'})
2026-06-30 20:12:19,858 [WARNING] Message is empty, skipping.
2026-06-30 20:12:19,858 [INFO] ('', None, [{}], {'error': 'Message is empty'})
2026-06-30 20:12:19,858 [WARNING] Message is empty, skipping.
2026-06-30 20:12:19,858 [INFO] ('', None, [{}], {'error': 'Message is empty'})
2026-06-30 20:12:19,859 [WARNING] Message is empty, skipping.
2026-06-30 20:12:19,859 [INFO] ('', None, [{}], {'error': 'Message is empty'})
2026-06-30 20:12:19,859 [WARNING] Message is empty, skipping.
2026-06-30 20:12:19,859 [INFO] ('', None, [{}], {'error': 'Message is empty'})
2026-06-30 20:12:19,859 [WARNING] Message is empty, skipping.
2026-06-30 20:12:19,859 [INFO] ('', None, [{}], {'error': 'Message is empty'})
2026-06-30 20:12:19,859 [WARNING] Message is empty, skipping.
2026-06-30 20:12:19,859 [INFO] ('', None, [{}], {'error': 'Message is empty'})
2026-06-30 20:12:19,859 [WARNING] Message is empty, skipping.
2026-06-30 20:12:19,859 [INFO] ('', None, [{}], {'error': 'Message is empty'})
2026-06-30 20:12:19,859 [WARNING] Message is empty, skipping.
2026-06-30 20:12:19,860 [INFO] ('', None, [{}], {'error': 'Message is empty'})
2026-06-30 20:12:19,860 [WARNING] Message is empty, skipping.
2026-06-30 20:12:19,860 [INFO] ('', None, [{}], {'error': 'Message is empty'})
2026-06-30 20:12:19,860 [WARNING] Message is empty, skipping.
2026-06-30 20:12:19,860 [INFO] ('', None, [{}], {'error': 'Message is empty'})
2026-06-30 20:12:19,860 [WARNING] Message is empty, skipping.
2026-06-30 20:12:19,860 [INFO] ('', None, [{}], {'error': 'Message is empty'})
2026-06-30 20:12:19,860 [WARNING] Message is empty, skipping.
2026-06-30 20:12:19,860 [INFO] ('', None, [{}], {'error': 'Message is empty'})
2026-06-30 20:12:19,860 [WARNING] Message is empty, skipping.
2026-06-30 20:12:19,860 [INFO] ('', None, [{}], {'error': 'Message is empty'})
2026-06-30 20:12:19,860 [WARNING] Message is empty, skipping.
2026-06-30 20:12:19,860 [INFO] ('', None, [{}], {'error': 'Message is empty'})
2026-06-30 20:12:19,860 [WARNING] Message is empty, skipping.
2026-06-30 20:12:19,860 [INFO] ('', None, [{}], {'error': 'Message is empty'})
2026-06-30 20:12:19,860 [WARNING] Message is empty, skipping.
2026-06-30 20:12:19,860 [INFO] ('', None, [{}], {'error': 'Message is empty'})
2026-06-30 20:12:19,860 [WARNING] Message is empty, skipping.
2026-06-30 20:12:19,860 [INFO] ('', None, [{}], {'error': 'Message is empty'})
2026-06-30 20:12:19,860 [WARNING] Message is empty, skipping.
2026-06-30 20:12:19,860 [INFO] ('', None, [{}], {'error': 'Message is empty'})
2026-06-30 20:12:19,860 [WARNING] Message is empty, skipping.
2026-06-30 20:12:19,860 [INFO] ('', None, [{}], {'error': 'Message is empty'})
2026-06-30 20:12:19,860 [WARNING] Message is empty, skipping.
2026-06-30 20:12:19,860 [INFO] ('', None, [{}], {'error': 'Message is empty'})
2026-06-30 20:12:19,861 [WARNING] Message is empty, skipping.
2026-06-30 20:12:19,861 [INFO] ('', None, [{}], {'error': 'Message is empty'})
2026-06-30 20:12:19,861 [WARNING] Message is empty, skipping.
2026-06-30 20:12:19,861 [INFO] ('', None, [{}], {'error': 'Message is empty'})
2026-06-30 20:12:19,861 [WARNING] Message is empty, skipping.
2026-06-30 20:12:19,861 [INFO] ('', None, [{}], {'error': 'Message is empty'})
2026-06-30 20:12:19,861 [WARNING] Message is empty, skipping.
2026-06-30 20:12:19,863 [INFO] ('', None, [{}], {'error': 'Message is empty'})
2026-06-30 20:12:19,864 [WARNING] Message is empty, skipping.
2026-06-30 20:12:19,867 [INFO] ('', None, [{}], {'error': 'Message is empty'})
2026-06-30 20:12:19,867 [WARNING] Message is empty, skipping.
2026-06-30 20:12:19,869 [INFO] ('', None, [{}], {'error': 'Message is empty'})
2026-06-30 20:12:19,869 [WARNING] Message is empty, skipping.
2026-06-30 20:12:19,869 [INFO] ('', None, [{}], {'error': 'Message is empty'})
2026-06-30 20:12:19,869 [WARNING] Message is empty, skipping.
2026-06-30 20:12:19,869 [INFO] ('', None, [{}], {'error': 'Message is empty'})
2026-06-30 20:12:19,869 [WARNING] Message is empty, skipping.
2026-06-30 20:12:19,869 [INFO] ('', None, [{}], {'error': 'Message is empty'})
2026-06-30 20:12:19,869 [WARNING] Message is empty, skipping.
2026-06-30 20:12:19,869 [INFO] ('', None, [{}], {'error': 'Message is empty'})
2026-06-30 20:12:19,869 [WARNING] Message is empty, skipping.
2026-06-30 20:12:19,869 [INFO] ('', None, [{}], {'error': 'Message is empty'})
2026-06-30 20:12:19,869 [WARNING] Message is empty, skipping.
2026-06-30 20:12:19,869 [INFO] ('', None, [{}], {'error': 'Message is empty'})
2026-06-30 20:12:19,869 [WARNING] Message is empty, skipping.
2026-06-30 20:12:19,869 [INFO] ('', None, [{}], {'error': 'Message is empty'})
2026-06-30 20:12:19,869 [WARNING] Message is empty, skipping.
2026-06-30 20:12:19,870 [INFO] ('', None, [{}], {'error': 'Message is empty'})
2026-06-30 20:12:19,870 [WARNING] Message is empty, skipping.
2026-06-30 20:12:19,870 [INFO] ('', None, [{}], {'error': 'Message is empty'})
2026-06-30 20:12:19,870 [WARNING] Message is empty, skipping.
2026-06-30 20:12:19,870 [INFO] ('', None, [{}], {'error': 'Message is empty'})
2026-06-30 20:12:19,870 [WARNING] Message is empty, skipping.
2026-06-30 20:12:19,870 [INFO] ('', None, [{}], {'error': 'Message is empty'})
2026-06-30 20:12:19,870 [WARNING] Message is empty, skipping.
2026-06-30 20:12:19,870 [INFO] ('', None, [{}], {'error': 'Message is empty'})
2026-06-30 20:12:19,870 [WARNING] Message is empty, skipping.
2026-06-30 20:12:19,870 [INFO] ('', None, [{}], {'error': 'Message is empty'})
2026-06-30 20:12:19,870 [WARNING] Message is empty, skipping.
2026-06-30 20:12:19,870 [INFO] ('', None, [{}], {'error': 'Message is empty'})
2026-06-30 20:12:19,870 [WARNING] Message is empty, skipping.
2026-06-30 20:12:19,870 [INFO] ('', None, [{}], {'error': 'Message is empty'})
2026-06-30 20:12:19,870 [WARNING] Message is empty, skipping.
2026-06-30 20:12:19,870 [INFO] ('', None, [{}], {'error': 'Message is empty'})
2026-06-30 20:12:19,870 [WARNING] Message is empty, skipping.
2026-06-30 20:12:19,870 [INFO] ('', None, [{}], {'error': 'Message is empty'})
2026-06-30 20:12:19,870 [WARNING] Message is empty, skipping.
2026-06-30 20:12:19,870 [INFO] ('', None, [{}], {'error': 'Message is empty'})
2026-06-30 20:12:19,870 [WARNING] Message is empty, skipping.
2026-06-30 20:12:19,870 [INFO] ('', None, [{}], {'error': 'Message is empty'})
2026-06-30 20:12:19,870 [WARNING] Message is empty, skipping.
2026-06-30 20:12:19,870 [INFO] ('', None, [{}], {'error': 'Message is empty'})
2026-06-30 20:12:19,870 [WARNING] Message is empty, skipping.
2026-06-30 20:12:19,871 [INFO] ('', None, [{}], {'error': 'Message is empty'})
2026-06-30 20:12:19,871 [WARNING] Message is empty, skipping.
2026-06-30 20:12:19,871 [INFO] ('', None, [{}], {'error': 'Message is empty'})
2026-06-30 20:12:19,874 [WARNING] Message is empty, skipping.
2026-06-30 20:12:19,874 [INFO] ('', None, [{}], {'error': 'Message is empty'})
2026-06-30 20:12:19,874 [WARNING] Message is empty, skipping.
2026-06-30 20:12:19,875 [INFO] ('', None, [{}], {'error': 'Message is empty'})
2026-06-30 20:12:19,875 [WARNING] Message is empty, skipping.
2026-06-30 20:12:19,875 [INFO] ('', None, [{}], {'error': 'Message is empty'})
2026-06-30 20:12:19,875 [WARNING] Message is empty, skipping.
2026-06-30 20:12:19,875 [INFO] ('', None, [{}], {'error': 'Message is empty'})
2026-06-30 20:12:19,875 [WARNING] Message is empty, skipping.
2026-06-30 20:12:19,875 [INFO] ('', None, [{}], {'error': 'Message is empty'})
2026-06-30 20:12:19,876 [WARNING] Message is empty, skipping.
2026-06-30 20:12:19,876 [INFO] ('', None, [{}], {'error': 'Message is empty'})
2026-06-30 20:12:19,877 [WARNING] Message is empty, skipping.
2026-06-30 20:12:19,878 [INFO] ('', None, [{}], {'error': 'Message is empty'})
2026-06-30 20:12:19,878 [WARNING] Message is empty, skipping.
2026-06-30 20:12:19,878 [INFO] ('', None, [{}], {'error': 'Message is empty'})
2026-06-30 20:12:19,878 [WARNING] Message is empty, skipping.
2026-06-30 20:12:19,878 [INFO] ('', None, [{}], {'error': 'Message is empty'})
2026-06-30 20:12:19,878 [WARNING] Message is empty, skipping.
2026-06-30 20:12:19,878 [INFO] ('', None, [{}], {'error': 'Message is empty'})
2026-06-30 20:12:19,878 [WARNING] Message is empty, skipping.
2026-06-30 20:12:19,878 [INFO] ('', None, [{}], {'error': 'Message is empty'})
2026-06-30 20:12:19,878 [WARNING] Message is empty, skipping.
2026-06-30 20:12:19,878 [INFO] ('', None, [{}], {'error': 'Message is empty'})
2026-06-30 20:12:19,882 [WARNING] Message is empty, skipping.
2026-06-30 20:12:19,882 [INFO] ('', None, [{}], {'error': 'Message is empty'})
2026-06-30 20:12:19,882 [WARNING] Message is empty, skipping.
2026-06-30 20:12:19,882 [INFO] ('', None, [{}], {'error': 'Message is empty'})
2026-06-30 20:12:19,882 [WARNING] Message is empty, skipping.
2026-06-30 20:12:19,883 [INFO] ('', None, [{}], {'error': 'Message is empty'})
2026-06-30 20:12:19,883 [WARNING] Message is empty, skipping.
2026-06-30 20:12:19,883 [INFO] ('', None, [{}], {'error': 'Message is empty'})
2026-06-30 20:12:19,883 [WARNING] Message is empty, skipping.
2026-06-30 20:12:19,883 [INFO] ('', None, [{}], {'error': 'Message is empty'})
2026-06-30 20:12:19,884 [WARNING] Message is empty, skipping.
2026-06-30 20:12:19,884 [INFO] ('', None, [{}], {'error': 'Message is empty'})
2026-06-30 20:12:19,885 [WARNING] Message is empty, skipping.
2026-06-30 20:12:19,885 [INFO] ('', None, [{}], {'error': 'Message is empty'})
2026-06-30 20:12:19,885 [WARNING] Message is empty, skipping.
2026-06-30 20:12:19,885 [INFO] ('', None, [{}], {'error': 'Message is empty'})
2026-06-30 20:12:19,885 [WARNING] Message is empty, skipping.
2026-06-30 20:12:19,885 [INFO] ('', None, [{}], {'error': 'Message is empty'})
2026-06-30 20:12:19,885 [WARNING] Message is empty, skipping.
2026-06-30 20:12:19,885 [INFO] ('', None, [{}], {'error': 'Message is empty'})
2026-06-30 20:12:19,886 [WARNING] Message is empty, skipping.
2026-06-30 20:12:19,886 [INFO] ('', None, [{}], {'error': 'Message is empty'})
2026-06-30 20:12:19,886 [WARNING] Message is empty, skipping.
2026-06-30 20:12:19,886 [INFO] ('', None, [{}], {'error': 'Message is empty'})
2026-06-30 20:12:19,886 [WARNING] Message is empty, skipping.
2026-06-30 20:12:19,886 [INFO] ('', None, [{}], {'error': 'Message is empty'})
2026-06-30 20:12:19,887 [WARNING] Message is empty, skipping.
2026-06-30 20:12:19,887 [INFO] ('', None, [{}], {'error': 'Message is empty'})
2026-06-30 20:12:19,887 [WARNING] Message is empty, skipping.
2026-06-30 20:12:19,887 [INFO] ('', None, [{}], {'error': 'Message is empty'})
2026-06-30 20:12:19,887 [WARNING] Message is empty, skipping.
2026-06-30 20:12:19,887 [INFO] ('', None, [{}], {'error': 'Message is empty'})
2026-06-30 20:12:19,887 [WARNING] Message is empty, skipping.
2026-06-30 20:12:19,887 [INFO] ('', None, [{}], {'error': 'Message is empty'})
2026-06-30 20:12:19,887 [WARNING] Message is empty, skipping.
2026-06-30 20:12:19,890 [INFO] ('', None, [{}], {'error': 'Message is empty'})
2026-06-30 20:12:19,890 [WARNING] Message is empty, skipping.
2026-06-30 20:12:19,891 [INFO] ('', None, [{}], {'error': 'Message is empty'})
2026-06-30 20:12:19,891 [WARNING] Message is empty, skipping.
2026-06-30 20:12:19,891 [INFO] ('', None, [{}], {'error': 'Message is empty'})
2026-06-30 20:12:19,891 [WARNING] Message is empty, skipping.
2026-06-30 20:12:19,893 [INFO] ('', None, [{}], {'error': 'Message is empty'})
2026-06-30 20:12:19,893 [WARNING] Message is empty, skipping.
2026-06-30 20:12:19,893 [INFO] ('', None, [{}], {'error': 'Message is empty'})
2026-06-30 20:12:19,893 [WARNING] Message is empty, skipping.
2026-06-30 20:12:19,893 [INFO] ('', None, [{}], {'error': 'Message is empty'})
2026-06-30 20:12:19,893 [WARNING] Message is empty, skipping.
2026-06-30 20:12:19,894 [INFO] ('', None, [{}], {'error': 'Message is empty'})
2026-06-30 20:12:19,894 [WARNING] Message is empty, skipping.
2026-06-30 20:12:19,894 [INFO] ('', None, [{}], {'error': 'Message is empty'})
2026-06-30 20:12:19,894 [WARNING] Message is empty, skipping.
2026-06-30 20:12:19,894 [INFO] ('', None, [{}], {'error': 'Message is empty'})
2026-06-30 20:12:19,894 [WARNING] Message is empty, skipping.
2026-06-30 20:12:19,895 [INFO] ('', None, [{}], {'error': 'Message is empty'})
2026-06-30 20:12:19,895 [WARNING] Message is empty, skipping.
2026-06-30 20:12:19,895 [INFO] ('', None, [{}], {'error': 'Message is empty'})
2026-06-30 20:12:19,895 [WARNING] Message is empty, skipping.
2026-06-30 20:12:19,896 [INFO] ('', None, [{}], {'error': 'Message is empty'})
2026-06-30 20:12:19,896 [WARNING] Message is empty, skipping.
2026-06-30 20:12:19,896 [INFO] ('', None, [{}], {'error': 'Message is empty'})
2026-06-30 20:12:19,896 [WARNING] Message is empty, skipping.
2026-06-30 20:12:19,896 [INFO] ('', None, [{}], {'error': 'Message is empty'})
2026-06-30 20:12:19,896 [WARNING] Message is empty, skipping.
2026-06-30 20:12:19,896 [INFO] ('', None, [{}], {'error': 'Message is empty'})
2026-06-30 20:12:19,896 [WARNING] Message is empty, skipping.
2026-06-30 20:12:19,896 [INFO] ('', None, [{}], {'error': 'Message is empty'})
2026-06-30 20:12:19,896 [WARNING] Message is empty, skipping.
2026-06-30 20:12:19,896 [INFO] ('', None, [{}], {'error': 'Message is empty'})
2026-06-30 20:12:19,896 [WARNING] Message is empty, skipping.
2026-06-30 20:12:19,896 [INFO] ('', None, [{}], {'error': 'Message is empty'})
2026-06-30 20:12:19,896 [WARNING] Message is empty, skipping.
2026-06-30 20:12:19,896 [INFO] ('', None, [{}], {'error': 'Message is empty'})
2026-06-30 20:12:19,896 [WARNING] Message is empty, skipping.
2026-06-30 20:12:19,896 [INFO] ('', None, [{}], {'error': 'Message is empty'})
2026-06-30 20:12:19,896 [WARNING] Message is empty, skipping.
2026-06-30 20:12:19,899 [INFO] ('', None, [{}], {'error': 'Message is empty'})
2026-06-30 20:12:19,899 [WARNING] Message is empty, skipping.
2026-06-30 20:12:19,899 [INFO] ('', None, [{}], {'error': 'Message is empty'})
2026-06-30 20:12:19,899 [WARNING] Message is empty, skipping.
2026-06-30 20:12:19,899 [INFO] ('', None, [{}], {'error': 'Message is empty'})
2026-06-30 20:12:19,899 [WARNING] Message is empty, skipping.
2026-06-30 20:12:19,899 [INFO] ('', None, [{}], {'error': 'Message is empty'})
2026-06-30 20:12:19,899 [WARNING] Message is empty, skipping.
2026-06-30 20:12:19,900 [INFO] ('', None, [{}], {'error': 'Message is empty'})
2026-06-30 20:12:19,900 [WARNING] Message is empty, skipping.
2026-06-30 20:12:19,900 [INFO] ('', None, [{}], {'error': 'Message is empty'})
2026-06-30 20:12:19,900 [WARNING] Message is empty, skipping.
2026-06-30 20:12:19,900 [INFO] ('', None, [{}], {'error': 'Message is empty'})
2026-06-30 20:12:19,900 [WARNING] Message is empty, skipping.
2026-06-30 20:12:19,900 [INFO] ('', None, [{}], {'error': 'Message is empty'})
2026-06-30 20:12:19,900 [WARNING] Message is empty, skipping.
2026-06-30 20:12:19,900 [INFO] ('', None, [{}], {'error': 'Message is empty'})
2026-06-30 20:12:19,900 [WARNING] Message is empty, skipping.
2026-06-30 20:12:19,900 [INFO] ('', None, [{}], {'error': 'Message is empty'})
2026-06-30 20:12:19,900 [WARNING] Message is empty, skipping.
2026-06-30 20:12:19,901 [INFO] ('', None, [{}], {'error': 'Message is empty'})
2026-06-30 20:12:19,901 [WARNING] Message is empty, skipping.
2026-06-30 20:12:19,901 [INFO] ('', None, [{}], {'error': 'Message is empty'})
2026-06-30 20:12:19,901 [WARNING] Message is empty, skipping.
2026-06-30 20:12:19,901 [INFO] ('', None, [{}], {'error': 'Message is empty'})
2026-06-30 20:12:19,901 [WARNING] Message is empty, skipping.
2026-06-30 20:12:19,901 [INFO] ('', None, [{}], {'error': 'Message is empty'})
2026-06-30 20:12:19,901 [WARNING] Message is empty, skipping.
2026-06-30 20:12:19,901 [INFO] ('', None, [{}], {'error': 'Message is empty'})
2026-06-30 20:12:19,901 [WARNING] Message is empty, skipping.
2026-06-30 20:12:19,901 [INFO] ('', None, [{}], {'error': 'Message is empty'})
2026-06-30 20:12:19,901 [WARNING] Message is empty, skipping.
2026-06-30 20:12:19,901 [INFO] ('', None, [{}], {'error': 'Message is empty'})
2026-06-30 20:12:19,902 [WARNING] Message is empty, skipping.
2026-06-30 20:12:19,902 [INFO] ('', None, [{}], {'error': 'Message is empty'})
2026-06-30 20:12:19,903 [WARNING] Message is empty, skipping.
2026-06-30 20:12:19,903 [INFO] ('', None, [{}], {'error': 'Message is empty'})
2026-06-30 20:12:19,903 [WARNING] Message is empty, skipping.
2026-06-30 20:12:19,903 [INFO] ('', None, [{}], {'error': 'Message is empty'})
2026-06-30 20:12:19,903 [WARNING] Message is empty, skipping.
2026-06-30 20:12:19,903 [INFO] ('', None, [{}], {'error': 'Message is empty'})
2026-06-30 20:12:19,904 [WARNING] Message is empty, skipping.
2026-06-30 20:12:19,904 [INFO] ('', None, [{}], {'error': 'Message is empty'})
2026-06-30 20:12:19,904 [WARNING] Message is empty, skipping.
2026-06-30 20:12:19,904 [INFO] ('', None, [{}], {'error': 'Message is empty'})
2026-06-30 20:12:19,905 [WARNING] Message is empty, skipping.
2026-06-30 20:12:19,905 [INFO] ('', None, [{}], {'error': 'Message is empty'})
2026-06-30 20:12:19,905 [WARNING] Message is empty, skipping.
2026-06-30 20:12:19,906 [INFO] ('', None, [{}], {'error': 'Message is empty'})
2026-06-30 20:12:19,906 [WARNING] Message is empty, skipping.
2026-06-30 20:12:19,906 [INFO] ('', None, [{}], {'error': 'Message is empty'})
2026-06-30 20:12:19,906 [WARNING] Message is empty, skipping.
2026-06-30 20:12:19,907 [INFO] ('', None, [{}], {'error': 'Message is empty'})
2026-06-30 20:12:19,907 [WARNING] Message is empty, skipping.
2026-06-30 20:12:19,907 [INFO] ('', None, [{}], {'error': 'Message is empty'})
2026-06-30 20:12:19,907 [WARNING] Message is empty, skipping.
2026-06-30 20:12:19,908 [INFO] ('', None, [{}], {'error': 'Message is empty'})
2026-06-30 20:12:19,908 [WARNING] Message is empty, skipping.
2026-06-30 20:12:19,908 [INFO] ('', None, [{}], {'error': 'Message is empty'})
2026-06-30 20:12:19,909 [WARNING] Message is empty, skipping.
2026-06-30 20:12:19,909 [INFO] ('', None, [{}], {'error': 'Message is empty'})
2026-06-30 20:12:19,909 [WARNING] Message is empty, skipping.
2026-06-30 20:12:19,909 [INFO] ('', None, [{}], {'error': 'Message is empty'})
2026-06-30 20:12:19,909 [WARNING] Message is empty, skipping.
2026-06-30 20:12:19,909 [INFO] ('', None, [{}], {'error': 'Message is empty'})
2026-06-30 20:12:19,910 [WARNING] Message is empty, skipping.
2026-06-30 20:12:19,910 [INFO] ('', None, [{}], {'error': 'Message is empty'})
2026-06-30 20:12:19,910 [WARNING] Message is empty, skipping.
2026-06-30 20:12:19,910 [INFO] ('', None, [{}], {'error': 'Message is empty'})
2026-06-30 20:12:19,910 [WARNING] Message is empty, skipping.
2026-06-30 20:12:19,911 [INFO] ('', None, [{}], {'error': 'Message is empty'})
2026-06-30 20:12:19,911 [WARNING] Message is empty, skipping.
2026-06-30 20:12:19,911 [INFO] ('', None, [{}], {'error': 'Message is empty'})
2026-06-30 20:12:19,911 [WARNING] Message is empty, skipping.
2026-06-30 20:12:19,911 [INFO] ('', None, [{}], {'error': 'Message is empty'})
2026-06-30 20:12:19,911 [WARNING] Message is empty, skipping.
2026-06-30 20:12:19,912 [INFO] ('', None, [{}], {'error': 'Message is empty'})
2026-06-30 20:12:19,912 [WARNING] Message is empty, skipping.
2026-06-30 20:12:19,912 [INFO] ('', None, [{}], {'error': 'Message is empty'})
2026-06-30 20:12:19,912 [WARNING] Message is empty, skipping.
2026-06-30 20:12:19,912 [INFO] ('', None, [{}], {'error': 'Message is empty'})
2026-06-30 20:12:19,912 [WARNING] Message is empty, skipping.
2026-06-30 20:12:19,912 [INFO] ('', None, [{}], {'error': 'Message is empty'})
2026-06-30 20:12:19,912 [WARNING] Message is empty, skipping.
2026-06-30 20:12:19,913 [INFO] ('', None, [{}], {'error': 'Message is empty'})
2026-06-30 20:12:19,913 [WARNING] Message is empty, skipping.
2026-06-30 20:12:19,913 [INFO] ('', None, [{}], {'error': 'Message is empty'})
2026-06-30 20:12:19,913 [WARNING] Message is empty, skipping.
2026-06-30 20:12:19,913 [INFO] ('', None, [{}], {'error': 'Message is empty'})
2026-06-30 20:12:19,913 [WARNING] Message is empty, skipping.
2026-06-30 20:12:19,914 [INFO] ('', None, [{}], {'error': 'Message is empty'})
2026-06-30 20:12:19,914 [WARNING] Message is empty, skipping.
2026-06-30 20:12:19,914 [INFO] ('', None, [{}], {'error': 'Message is empty'})
2026-06-30 20:12:19,914 [WARNING] Message is empty, skipping.
2026-06-30 20:12:19,914 [INFO] ('', None, [{}], {'error': 'Message is empty'})
2026-06-30 20:12:19,914 [WARNING] Message is empty, skipping.
2026-06-30 20:12:19,914 [INFO] ('', None, [{}], {'error': 'Message is empty'})
2026-06-30 20:12:19,914 [WARNING] Message is empty, skipping.
2026-06-30 20:12:19,914 [INFO] ('', None, [{}], {'error': 'Message is empty'})
2026-06-30 20:12:19,914 [WARNING] Message is empty, skipping.
2026-06-30 20:12:19,915 [INFO] ('', None, [{}], {'error': 'Message is empty'})
2026-06-30 20:12:19,915 [WARNING] Message is empty, skipping.
2026-06-30 20:12:19,915 [INFO] ('', None, [{}], {'error': 'Message is empty'})
2026-06-30 20:12:19,916 [WARNING] Message is empty, skipping.
2026-06-30 20:12:19,916 [INFO] ('', None, [{}], {'error': 'Message is empty'})
2026-06-30 20:12:19,917 [WARNING] Message is empty, skipping.
2026-06-30 20:12:19,917 [INFO] ('', None, [{}], {'error': 'Message is empty'})
2026-06-30 20:12:19,917 [WARNING] Message is empty, skipping.
2026-06-30 20:12:19,918 [INFO] ('', None, [{}], {'error': 'Message is empty'})
2026-06-30 20:12:19,918 [WARNING] Message is empty, skipping.
2026-06-30 20:12:19,918 [INFO] ('', None, [{}], {'error': 'Message is empty'})
2026-06-30 20:12:19,918 [WARNING] Message is empty, skipping.
2026-06-30 20:12:19,918 [INFO] ('', None, [{}], {'error': 'Message is empty'})
2026-06-30 20:12:19,918 [WARNING] Message is empty, skipping.
2026-06-30 20:12:19,919 [INFO] ('', None, [{}], {'error': 'Message is empty'})
2026-06-30 20:12:19,919 [WARNING] Message is empty, skipping.
2026-06-30 20:12:19,919 [INFO] ('', None, [{}], {'error': 'Message is empty'})
2026-06-30 20:12:19,919 [WARNING] Message is empty, skipping.
2026-06-30 20:12:19,919 [INFO] ('', None, [{}], {'error': 'Message is empty'})
2026-06-30 20:12:19,919 [WARNING] Message is empty, skipping.
2026-06-30 20:12:19,919 [INFO] ('', None, [{}], {'error': 'Message is empty'})
2026-06-30 20:12:19,919 [WARNING] Message is empty, skipping.
2026-06-30 20:12:19,920 [INFO] ('', None, [{}], {'error': 'Message is empty'})
2026-06-30 20:12:19,920 [WARNING] Message is empty, skipping.
2026-06-30 20:12:19,920 [INFO] ('', None, [{}], {'error': 'Message is empty'})
2026-06-30 20:12:19,920 [WARNING] Message is empty, skipping.
2026-06-30 20:12:19,920 [INFO] ('', None, [{}], {'error': 'Message is empty'})
2026-06-30 20:12:19,920 [WARNING] Message is empty, skipping.
2026-06-30 20:12:19,921 [INFO] ('', None, [{}], {'error': 'Message is empty'})
2026-06-30 20:12:19,921 [WARNING] Message is empty, skipping.
2026-06-30 20:12:19,921 [INFO] ('', None, [{}], {'error': 'Message is empty'})
2026-06-30 20:12:19,921 [WARNING] Message is empty, skipping.
2026-06-30 20:12:19,921 [INFO] ('', None, [{}], {'error': 'Message is empty'})
2026-06-30 20:12:19,921 [WARNING] Message is empty, skipping.
2026-06-30 20:12:19,921 [INFO] ('', None, [{}], {'error': 'Message is empty'})
2026-06-30 20:12:19,921 [WARNING] Message is empty, skipping.
2026-06-30 20:12:19,922 [INFO] ('', None, [{}], {'error': 'Message is empty'})
2026-06-30 20:12:19,922 [WARNING] Message is empty, skipping.
2026-06-30 20:12:19,922 [INFO] ('', None, [{}], {'error': 'Message is empty'})
2026-06-30 20:12:19,922 [WARNING] Message is empty, skipping.
2026-06-30 20:12:19,922 [INFO] ('', None, [{}], {'error': 'Message is empty'})
2026-06-30 20:12:19,922 [WARNING] Message is empty, skipping.
2026-06-30 20:12:19,922 [INFO] ('', None, [{}], {'error': 'Message is empty'})
2026-06-30 20:12:19,922 [WARNING] Message is empty, skipping.
2026-06-30 20:12:19,922 [INFO] ('', None, [{}], {'error': 'Message is empty'})
2026-06-30 20:12:19,923 [WARNING] Message is empty, skipping.
2026-06-30 20:12:19,923 [INFO] ('', None, [{}], {'error': 'Message is empty'})
2026-06-30 20:12:19,924 [WARNING] Message is empty, skipping.
2026-06-30 20:12:19,924 [INFO] ('', None, [{}], {'error': 'Message is empty'})
2026-06-30 20:12:19,924 [WARNING] Message is empty, skipping.
2026-06-30 20:12:19,924 [INFO] ('', None, [{}], {'error': 'Message is empty'})
2026-06-30 20:12:19,924 [WARNING] Message is empty, skipping.
2026-06-30 20:12:19,924 [INFO] ('', None, [{}], {'error': 'Message is empty'})
2026-06-30 20:12:19,924 [WARNING] Message is empty, skipping.
2026-06-30 20:12:19,924 [INFO] ('', None, [{}], {'error': 'Message is empty'})
2026-06-30 20:12:19,924 [WARNING] Message is empty, skipping.
2026-06-30 20:12:19,924 [INFO] ('', None, [{}], {'error': 'Message is empty'})
2026-06-30 20:12:19,924 [WARNING] Message is empty, skipping.
2026-06-30 20:12:19,924 [INFO] ('', None, [{}], {'error': 'Message is empty'})
2026-06-30 20:12:19,924 [WARNING] Message is empty, skipping.
2026-06-30 20:12:19,924 [INFO] ('', None, [{}], {'error': 'Message is empty'})
2026-06-30 20:12:19,925 [WARNING] Message is empty, skipping.
2026-06-30 20:12:19,925 [INFO] ('', None, [{}], {'error': 'Message is empty'})
2026-06-30 20:12:19,925 [WARNING] Message is empty, skipping.
2026-06-30 20:12:19,925 [INFO] ('', None, [{}], {'error': 'Message is empty'})
2026-06-30 20:12:19,926 [WARNING] Message is empty, skipping.
2026-06-30 20:12:19,926 [INFO] ('', None, [{}], {'error': 'Message is empty'})
2026-06-30 20:12:19,927 [WARNING] Message is empty, skipping.
2026-06-30 20:12:19,927 [INFO] ('', None, [{}], {'error': 'Message is empty'})
2026-06-30 20:12:19,927 [WARNING] Message is empty, skipping.
2026-06-30 20:12:19,927 [INFO] ('', None, [{}], {'error': 'Message is empty'})
2026-06-30 20:12:19,927 [WARNING] Message is empty, skipping.
2026-06-30 20:12:19,927 [INFO] ('', None, [{}], {'error': 'Message is empty'})
2026-06-30 20:12:19,927 [WARNING] Message is empty, skipping.
2026-06-30 20:12:19,928 [INFO] ('', None, [{}], {'error': 'Message is empty'})
2026-06-30 20:12:19,928 [WARNING] Message is empty, skipping.
2026-06-30 20:12:19,928 [INFO] ('', None, [{}], {'error': 'Message is empty'})
2026-06-30 20:12:19,928 [WARNING] Message is empty, skipping.
2026-06-30 20:12:19,928 [INFO] ('', None, [{}], {'error': 'Message is empty'})
2026-06-30 20:12:19,928 [WARNING] Message is empty, skipping.
2026-06-30 20:12:19,928 [INFO] ('', None, [{}], {'error': 'Message is empty'})
2026-06-30 20:12:19,929 [WARNING] Message is empty, skipping.
2026-06-30 20:12:19,929 [INFO] ('', None, [{}], {'error': 'Message is empty'})
2026-06-30 20:12:19,930 [WARNING] Message is empty, skipping.
2026-06-30 20:12:19,930 [INFO] ('', None, [{}], {'error': 'Message is empty'})
2026-06-30 20:12:19,930 [WARNING] Message is empty, skipping.
2026-06-30 20:12:19,930 [INFO] ('', None, [{}], {'error': 'Message is empty'})
2026-06-30 20:12:19,930 [WARNING] Message is empty, skipping.
2026-06-30 20:12:19,930 [INFO] ('', None, [{}], {'error': 'Message is empty'})
2026-06-30 20:12:19,930 [WARNING] Message is empty, skipping.
2026-06-30 20:12:19,930 [INFO] ('', None, [{}], {'error': 'Message is empty'})
2026-06-30 20:12:19,930 [WARNING] Message is empty, skipping.
2026-06-30 20:12:19,930 [INFO] ('', None, [{}], {'error': 'Message is empty'})
2026-06-30 20:12:19,930 [WARNING] Message is empty, skipping.
2026-06-30 20:12:19,931 [INFO] ('', None, [{}], {'error': 'Message is empty'})
2026-06-30 20:12:19,932 [WARNING] Message is empty, skipping.
2026-06-30 20:12:19,932 [INFO] ('', None, [{}], {'error': 'Message is empty'})
2026-06-30 20:12:19,932 [WARNING] Message is empty, skipping.
2026-06-30 20:12:19,932 [INFO] ('', None, [{}], {'error': 'Message is empty'})
2026-06-30 20:12:19,934 [WARNING] Message is empty, skipping.
2026-06-30 20:12:19,934 [INFO] ('', None, [{}], {'error': 'Message is empty'})
2026-06-30 20:12:19,934 [WARNING] Message is empty, skipping.
2026-06-30 20:12:19,934 [INFO] ('', None, [{}], {'error': 'Message is empty'})
2026-06-30 20:12:19,934 [WARNING] Message is empty, skipping.
2026-06-30 20:12:19,934 [INFO] ('', None, [{}], {'error': 'Message is empty'})
2026-06-30 20:12:19,935 [WARNING] Message is empty, skipping.
2026-06-30 20:12:19,935 [INFO] ('', None, [{}], {'error': 'Message is empty'})
2026-06-30 20:12:19,935 [WARNING] Message is empty, skipping.
2026-06-30 20:12:19,935 [INFO] ('', None, [{}], {'error': 'Message is empty'})
2026-06-30 20:12:19,935 [WARNING] Message is empty, skipping.
2026-06-30 20:12:19,936 [INFO] ('', None, [{}], {'error': 'Message is empty'})
2026-06-30 20:12:19,937 [WARNING] Message is empty, skipping.
2026-06-30 20:12:19,937 [INFO] ('', None, [{}], {'error': 'Message is empty'})
2026-06-30 20:12:19,937 [WARNING] Message is empty, skipping.
2026-06-30 20:12:19,937 [INFO] ('', None, [{}], {'error': 'Message is empty'})
2026-06-30 20:12:19,937 [WARNING] Message is empty, skipping.
2026-06-30 20:12:19,937 [INFO] ('', None, [{}], {'error': 'Message is empty'})
2026-06-30 20:12:19,937 [WARNING] Message is empty, skipping.
2026-06-30 20:12:19,937 [INFO] ('', None, [{}], {'error': 'Message is empty'})
2026-06-30 20:12:19,937 [WARNING] Message is empty, skipping.
2026-06-30 20:12:19,937 [INFO] ('', None, [{}], {'error': 'Message is empty'})
2026-06-30 20:12:19,937 [WARNING] Message is empty, skipping.
2026-06-30 20:12:19,937 [INFO] ('', None, [{}], {'error': 'Message is empty'})
2026-06-30 20:12:19,937 [WARNING] Message is empty, skipping.
2026-06-30 20:12:19,937 [INFO] ('', None, [{}], {'error': 'Message is empty'})
2026-06-30 20:12:19,937 [WARNING] Message is empty, skipping.
2026-06-30 20:12:19,937 [INFO] ('', None, [{}], {'error': 'Message is empty'})
2026-06-30 20:12:19,938 [WARNING] Message is empty, skipping.
2026-06-30 20:12:19,939 [INFO] ('', None, [{}], {'error': 'Message is empty'})
2026-06-30 20:12:19,939 [WARNING] Message is empty, skipping.
2026-06-30 20:12:19,939 [INFO] ('', None, [{}], {'error': 'Message is empty'})
2026-06-30 20:12:19,939 [WARNING] Message is empty, skipping.
2026-06-30 20:12:19,939 [INFO] ('', None, [{}], {'error': 'Message is empty'})
2026-06-30 20:12:19,939 [WARNING] Message is empty, skipping.
2026-06-30 20:12:19,939 [INFO] ('', None, [{}], {'error': 'Message is empty'})
2026-06-30 20:12:19,939 [WARNING] Message is empty, skipping.
2026-06-30 20:12:19,939 [INFO] ('', None, [{}], {'error': 'Message is empty'})
2026-06-30 20:12:19,939 [WARNING] Message is empty, skipping.
2026-06-30 20:12:19,940 [INFO] ('', None, [{}], {'error': 'Message is empty'})
2026-06-30 20:12:19,940 [WARNING] Message is empty, skipping.
2026-06-30 20:12:19,940 [INFO] ('', None, [{}], {'error': 'Message is empty'})
2026-06-30 20:12:19,940 [WARNING] Message is empty, skipping.
2026-06-30 20:12:19,941 [INFO] ('', None, [{}], {'error': 'Message is empty'})
2026-06-30 20:12:19,941 [WARNING] Message is empty, skipping.
2026-06-30 20:12:19,941 [INFO] ('', None, [{}], {'error': 'Message is empty'})
2026-06-30 20:12:19,941 [WARNING] Message is empty, skipping.
2026-06-30 20:12:19,941 [INFO] ('', None, [{}], {'error': 'Message is empty'})
2026-06-30 20:12:19,941 [WARNING] Message is empty, skipping.
2026-06-30 20:12:19,941 [INFO] ('', None, [{}], {'error': 'Message is empty'})
2026-06-30 20:12:19,941 [WARNING] Message is empty, skipping.
2026-06-30 20:12:19,941 [INFO] ('', None, [{}], {'error': 'Message is empty'})
2026-06-30 20:12:19,941 [WARNING] Message is empty, skipping.
2026-06-30 20:12:19,942 [INFO] ('', None, [{}], {'error': 'Message is empty'})
2026-06-30 20:12:19,942 [WARNING] Message is empty, skipping.
2026-06-30 20:12:19,942 [INFO] ('', None, [{}], {'error': 'Message is empty'})
2026-06-30 20:12:19,942 [WARNING] Message is empty, skipping.
2026-06-30 20:12:19,942 [INFO] ('', None, [{}], {'error': 'Message is empty'})
2026-06-30 20:12:19,942 [WARNING] Message is empty, skipping.
2026-06-30 20:12:19,942 [INFO] ('', None, [{}], {'error': 'Message is empty'})
2026-06-30 20:12:19,942 [WARNING] Message is empty, skipping.
2026-06-30 20:12:19,942 [INFO] ('', None, [{}], {'error': 'Message is empty'})
2026-06-30 20:12:19,942 [WARNING] Message is empty, skipping.
2026-06-30 20:12:19,942 [INFO] ('', None, [{}], {'error': 'Message is empty'})
2026-06-30 20:12:19,942 [WARNING] Message is empty, skipping.
2026-06-30 20:12:19,942 [INFO] ('', None, [{}], {'error': 'Message is empty'})
2026-06-30 20:12:19,942 [WARNING] Message is empty, skipping.
2026-06-30 20:12:19,942 [INFO] ('', None, [{}], {'error': 'Message is empty'})
2026-06-30 20:12:19,942 [WARNING] Message is empty, skipping.
2026-06-30 20:12:19,943 [INFO] ('', None, [{}], {'error': 'Message is empty'})
2026-06-30 20:12:19,943 [WARNING] Message is empty, skipping.
2026-06-30 20:12:19,943 [INFO] ('', None, [{}], {'error': 'Message is empty'})
2026-06-30 20:12:19,943 [WARNING] Message is empty, skipping.
2026-06-30 20:12:19,943 [INFO] ('', None, [{}], {'error': 'Message is empty'})
2026-06-30 20:12:19,943 [WARNING] Message is empty, skipping.
2026-06-30 20:12:19,943 [INFO] ('', None, [{}], {'error': 'Message is empty'})
2026-06-30 20:12:19,943 [WARNING] Message is empty, skipping.
2026-06-30 20:12:19,943 [INFO] ('', None, [{}], {'error': 'Message is empty'})
2026-06-30 20:12:19,944 [WARNING] Message is empty, skipping.
2026-06-30 20:12:19,944 [INFO] ('', None, [{}], {'error': 'Message is empty'})
2026-06-30 20:12:19,944 [WARNING] Message is empty, skipping.
2026-06-30 20:12:19,944 [INFO] ('', None, [{}], {'error': 'Message is empty'})
2026-06-30 20:12:19,945 [WARNING] Message is empty, skipping.
2026-06-30 20:12:19,945 [INFO] ('', None, [{}], {'error': 'Message is empty'})
2026-06-30 20:12:19,945 [WARNING] Message is empty, skipping.
2026-06-30 20:12:19,945 [INFO] ('', None, [{}], {'error': 'Message is empty'})
2026-06-30 20:12:19,945 [WARNING] Message is empty, skipping.
2026-06-30 20:12:19,945 [INFO] ('', None, [{}], {'error': 'Message is empty'})
2026-06-30 20:12:19,945 [WARNING] Message is empty, skipping.
2026-06-30 20:12:19,947 [INFO] ('', None, [{}], {'error': 'Message is empty'})
2026-06-30 20:12:19,947 [WARNING] Message is empty, skipping.
2026-06-30 20:12:19,948 [INFO] ('', None, [{}], {'error': 'Message is empty'})
2026-06-30 20:12:19,948 [WARNING] Message is empty, skipping.
2026-06-30 20:12:19,948 [INFO] ('', None, [{}], {'error': 'Message is empty'})
2026-06-30 20:12:19,948 [WARNING] Message is empty, skipping.
2026-06-30 20:12:19,949 [INFO] ('', None, [{}], {'error': 'Message is empty'})
2026-06-30 20:12:19,949 [WARNING] Message is empty, skipping.
2026-06-30 20:12:19,949 [INFO] ('', None, [{}], {'error': 'Message is empty'})
2026-06-30 20:12:19,949 [WARNING] Message is empty, skipping.
2026-06-30 20:12:19,949 [INFO] ('', None, [{}], {'error': 'Message is empty'})
2026-06-30 20:12:19,949 [WARNING] Message is empty, skipping.
2026-06-30 20:12:19,951 [INFO] ('', None, [{}], {'error': 'Message is empty'})
2026-06-30 20:12:19,951 [WARNING] Message is empty, skipping.
2026-06-30 20:12:19,951 [INFO] ('', None, [{}], {'error': 'Message is empty'})
2026-06-30 20:12:19,951 [WARNING] Message is empty, skipping.
2026-06-30 20:12:19,952 [INFO] ('', None, [{}], {'error': 'Message is empty'})
2026-06-30 20:12:19,952 [WARNING] Message is empty, skipping.
2026-06-30 20:12:19,952 [INFO] ('', None, [{}], {'error': 'Message is empty'})
2026-06-30 20:12:19,952 [WARNING] Message is empty, skipping.
2026-06-30 20:12:19,954 [INFO] ('', None, [{}], {'error': 'Message is empty'})
2026-06-30 20:12:19,954 [WARNING] Message is empty, skipping.
2026-06-30 20:12:19,954 [INFO] ('', None, [{}], {'error': 'Message is empty'})
2026-06-30 20:12:19,954 [WARNING] Message is empty, skipping.
2026-06-30 20:12:19,954 [INFO] ('', None, [{}], {'error': 'Message is empty'})
2026-06-30 20:12:19,954 [WARNING] Message is empty, skipping.
2026-06-30 20:12:19,954 [INFO] ('', None, [{}], {'error': 'Message is empty'})
2026-06-30 20:12:19,954 [WARNING] Message is empty, skipping.
2026-06-30 20:12:19,954 [INFO] ('', None, [{}], {'error': 'Message is empty'})
2026-06-30 20:12:19,954 [WARNING] Message is empty, skipping.
2026-06-30 20:12:19,955 [INFO] ('', None, [{}], {'error': 'Message is empty'})
2026-06-30 20:12:19,955 [WARNING] Message is empty, skipping.
2026-06-30 20:12:19,957 [INFO] ('', None, [{}], {'error': 'Message is empty'})
2026-06-30 20:12:19,957 [WARNING] Message is empty, skipping.
2026-06-30 20:12:19,957 [INFO] ('', None, [{}], {'error': 'Message is empty'})
2026-06-30 20:12:19,957 [WARNING] Message is empty, skipping.
2026-06-30 20:12:19,957 [INFO] ('', None, [{}], {'error': 'Message is empty'})
2026-06-30 20:12:19,958 [WARNING] Message is empty, skipping.
2026-06-30 20:12:19,958 [INFO] ('', None, [{}], {'error': 'Message is empty'})
2026-06-30 20:12:19,958 [WARNING] Message is empty, skipping.
2026-06-30 20:12:19,958 [INFO] ('', None, [{}], {'error': 'Message is empty'})
2026-06-30 20:12:19,959 [WARNING] Message is empty, skipping.
2026-06-30 20:12:19,959 [INFO] ('', None, [{}], {'error': 'Message is empty'})
2026-06-30 20:12:19,959 [WARNING] Message is empty, skipping.
2026-06-30 20:12:19,959 [INFO] ('', None, [{}], {'error': 'Message is empty'})
2026-06-30 20:12:19,959 [WARNING] Message is empty, skipping.
2026-06-30 20:12:19,959 [INFO] ('', None, [{}], {'error': 'Message is empty'})
2026-06-30 20:12:19,959 [WARNING] Message is empty, skipping.
2026-06-30 20:12:19,959 [INFO] ('', None, [{}], {'error': 'Message is empty'})
2026-06-30 20:12:19,960 [WARNING] Message is empty, skipping.
2026-06-30 20:12:19,960 [INFO] ('', None, [{}], {'error': 'Message is empty'})
2026-06-30 20:12:19,960 [WARNING] Message is empty, skipping.
2026-06-30 20:12:19,960 [INFO] ('', None, [{}], {'error': 'Message is empty'})
2026-06-30 20:12:19,960 [WARNING] Message is empty, skipping.
2026-06-30 20:12:19,960 [INFO] ('', None, [{}], {'error': 'Message is empty'})
2026-06-30 20:12:19,961 [WARNING] Message is empty, skipping.
2026-06-30 20:12:19,961 [INFO] ('', None, [{}], {'error': 'Message is empty'})
2026-06-30 20:12:19,961 [WARNING] Message is empty, skipping.
2026-06-30 20:12:19,962 [INFO] ('', None, [{}], {'error': 'Message is empty'})
2026-06-30 20:12:19,962 [WARNING] Message is empty, skipping.
2026-06-30 20:12:19,962 [INFO] ('', None, [{}], {'error': 'Message is empty'})
2026-06-30 20:12:19,962 [WARNING] Message is empty, skipping.
2026-06-30 20:12:19,962 [INFO] ('', None, [{}], {'error': 'Message is empty'})
2026-06-30 20:12:19,962 [WARNING] Message is empty, skipping.
2026-06-30 20:12:19,962 [INFO] ('', None, [{}], {'error': 'Message is empty'})
2026-06-30 20:12:19,962 [WARNING] Message is empty, skipping.
2026-06-30 20:12:19,962 [INFO] ('', None, [{}], {'error': 'Message is empty'})
2026-06-30 20:12:19,962 [WARNING] Message is empty, skipping.
2026-06-30 20:12:19,962 [INFO] ('', None, [{}], {'error': 'Message is empty'})
2026-06-30 20:12:19,962 [WARNING] Message is empty, skipping.
2026-06-30 20:12:19,962 [INFO] ('', None, [{}], {'error': 'Message is empty'})
2026-06-30 20:12:19,964 [WARNING] Message is empty, skipping.
2026-06-30 20:12:19,964 [INFO] ('', None, [{}], {'error': 'Message is empty'})
2026-06-30 20:12:19,964 [WARNING] Message is empty, skipping.
2026-06-30 20:12:19,964 [INFO] ('', None, [{}], {'error': 'Message is empty'})
2026-06-30 20:12:19,964 [WARNING] Message is empty, skipping.
2026-06-30 20:12:19,964 [INFO] ('', None, [{}], {'error': 'Message is empty'})
2026-06-30 20:12:19,964 [WARNING] Message is empty, skipping.
2026-06-30 20:12:19,964 [INFO] ('', None, [{}], {'error': 'Message is empty'})
2026-06-30 20:12:19,964 [WARNING] Message is empty, skipping.
2026-06-30 20:12:19,964 [INFO] ('', None, [{}], {'error': 'Message is empty'})
2026-06-30 20:12:19,964 [WARNING] Message is empty, skipping.
2026-06-30 20:12:19,964 [INFO] ('', None, [{}], {'error': 'Message is empty'})
2026-06-30 20:12:19,964 [WARNING] Message is empty, skipping.
2026-06-30 20:12:19,964 [INFO] ('', None, [{}], {'error': 'Message is empty'})
2026-06-30 20:12:19,965 [WARNING] Message is empty, skipping.
2026-06-30 20:12:19,965 [INFO] ('', None, [{}], {'error': 'Message is empty'})
2026-06-30 20:12:19,965 [WARNING] Message is empty, skipping.
2026-06-30 20:12:19,969 [INFO] ('', None, [{}], {'error': 'Message is empty'})
2026-06-30 20:12:19,969 [WARNING] Message is empty, skipping.
2026-06-30 20:12:19,969 [INFO] ('', None, [{}], {'error': 'Message is empty'})
2026-06-30 20:12:19,969 [WARNING] Message is empty, skipping.
2026-06-30 20:12:19,969 [INFO] ('', None, [{}], {'error': 'Message is empty'})
2026-06-30 20:12:19,969 [WARNING] Message is empty, skipping.
2026-06-30 20:12:19,969 [INFO] ('', None, [{}], {'error': 'Message is empty'})
2026-06-30 20:12:19,969 [WARNING] Message is empty, skipping.
2026-06-30 20:12:19,970 [INFO] ('', None, [{}], {'error': 'Message is empty'})
2026-06-30 20:12:19,970 [WARNING] Message is empty, skipping.
2026-06-30 20:12:19,970 [INFO] ('', None, [{}], {'error': 'Message is empty'})
2026-06-30 20:12:19,970 [WARNING] Message is empty, skipping.
2026-06-30 20:12:19,973 [INFO] ('', None, [{}], {'error': 'Message is empty'})
2026-06-30 20:12:19,974 [WARNING] Message is empty, skipping.
2026-06-30 20:12:19,974 [INFO] ('', None, [{}], {'error': 'Message is empty'})
2026-06-30 20:12:19,974 [WARNING] Message is empty, skipping.
2026-06-30 20:12:19,974 [INFO] ('', None, [{}], {'error': 'Message is empty'})
2026-06-30 20:12:19,974 [WARNING] Message is empty, skipping.
2026-06-30 20:12:19,975 [INFO] ('', None, [{}], {'error': 'Message is empty'})
2026-06-30 20:12:19,975 [WARNING] Message is empty, skipping.
2026-06-30 20:12:19,975 [INFO] ('', None, [{}], {'error': 'Message is empty'})
2026-06-30 20:12:19,975 [WARNING] Message is empty, skipping.
2026-06-30 20:12:19,975 [INFO] ('', None, [{}], {'error': 'Message is empty'})
2026-06-30 20:12:19,975 [WARNING] Message is empty, skipping.
2026-06-30 20:12:19,976 [INFO] ('', None, [{}], {'error': 'Message is empty'})
2026-06-30 20:12:19,976 [WARNING] Message is empty, skipping.
2026-06-30 20:12:19,977 [INFO] ('', None, [{}], {'error': 'Message is empty'})
2026-06-30 20:12:19,977 [WARNING] Message is empty, skipping.
2026-06-30 20:12:19,978 [INFO] ('', None, [{}], {'error': 'Message is empty'})
2026-06-30 20:12:19,978 [WARNING] Message is empty, skipping.
2026-06-30 20:12:19,978 [INFO] ('', None, [{}], {'error': 'Message is empty'})
2026-06-30 20:12:19,978 [WARNING] Message is empty, skipping.
2026-06-30 20:12:19,978 [INFO] ('', None, [{}], {'error': 'Message is empty'})
2026-06-30 20:12:19,978 [WARNING] Message is empty, skipping.
2026-06-30 20:12:19,978 [INFO] ('', None, [{}], {'error': 'Message is empty'})
2026-06-30 20:12:19,978 [WARNING] Message is empty, skipping.
2026-06-30 20:12:19,978 [INFO] ('', None, [{}], {'error': 'Message is empty'})
2026-06-30 20:12:19,980 [WARNING] Message is empty, skipping.
2026-06-30 20:12:19,980 [INFO] ('', None, [{}], {'error': 'Message is empty'})
2026-06-30 20:12:19,980 [WARNING] Message is empty, skipping.
2026-06-30 20:12:19,980 [INFO] ('', None, [{}], {'error': 'Message is empty'})
2026-06-30 20:12:19,980 [WARNING] Message is empty, skipping.
2026-06-30 20:12:19,980 [INFO] ('', None, [{}], {'error': 'Message is empty'})
2026-06-30 20:12:19,980 [WARNING] Message is empty, skipping.
2026-06-30 20:12:19,980 [INFO] ('', None, [{}], {'error': 'Message is empty'})
2026-06-30 20:12:19,980 [WARNING] Message is empty, skipping.
2026-06-30 20:12:19,982 [INFO] ('', None, [{}], {'error': 'Message is empty'})
2026-06-30 20:12:19,982 [WARNING] Message is empty, skipping.
2026-06-30 20:12:19,982 [INFO] ('', None, [{}], {'error': 'Message is empty'})
2026-06-30 20:12:19,982 [WARNING] Message is empty, skipping.
2026-06-30 20:12:19,982 [INFO] ('', None, [{}], {'error': 'Message is empty'})
2026-06-30 20:12:19,982 [WARNING] Message is empty, skipping.
2026-06-30 20:12:19,982 [INFO] ('', None, [{}], {'error': 'Message is empty'})
2026-06-30 20:12:19,982 [WARNING] Message is empty, skipping.
2026-06-30 20:12:19,983 [INFO] ('', None, [{}], {'error': 'Message is empty'})
2026-06-30 20:12:19,983 [WARNING] Message is empty, skipping.
2026-06-30 20:12:19,983 [INFO] ('', None, [{}], {'error': 'Message is empty'})
2026-06-30 20:12:19,983 [WARNING] Message is empty, skipping.
2026-06-30 20:12:19,983 [INFO] ('', None, [{}], {'error': 'Message is empty'})
2026-06-30 20:12:19,983 [WARNING] Message is empty, skipping.
2026-06-30 20:12:19,983 [INFO] ('', None, [{}], {'error': 'Message is empty'})
2026-06-30 20:12:19,983 [WARNING] Message is empty, skipping.
2026-06-30 20:12:19,983 [INFO] ('', None, [{}], {'error': 'Message is empty'})
2026-06-30 20:12:19,983 [WARNING] Message is empty, skipping.
2026-06-30 20:12:19,983 [INFO] ('', None, [{}], {'error': 'Message is empty'})
2026-06-30 20:12:19,983 [WARNING] Message is empty, skipping.
2026-06-30 20:12:19,983 [INFO] ('', None, [{}], {'error': 'Message is empty'})
2026-06-30 20:12:19,983 [WARNING] Message is empty, skipping.
2026-06-30 20:12:19,983 [INFO] ('', None, [{}], {'error': 'Message is empty'})
2026-06-30 20:12:19,983 [WARNING] Message is empty, skipping.
2026-06-30 20:12:19,983 [INFO] ('', None, [{}], {'error': 'Message is empty'})
2026-06-30 20:12:19,984 [WARNING] Message is empty, skipping.
2026-06-30 20:12:19,984 [INFO] ('', None, [{}], {'error': 'Message is empty'})
2026-06-30 20:12:19,985 [WARNING] Message is empty, skipping.
2026-06-30 20:12:19,985 [INFO] ('', None, [{}], {'error': 'Message is empty'})
2026-06-30 20:12:19,985 [WARNING] Message is empty, skipping.
2026-06-30 20:12:19,985 [INFO] ('', None, [{}], {'error': 'Message is empty'})
2026-06-30 20:12:19,985 [WARNING] Message is empty, skipping.
2026-06-30 20:12:19,985 [INFO] ('', None, [{}], {'error': 'Message is empty'})
2026-06-30 20:12:19,985 [WARNING] Message is empty, skipping.
2026-06-30 20:12:19,985 [INFO] ('', None, [{}], {'error': 'Message is empty'})
2026-06-30 20:12:19,985 [WARNING] Message is empty, skipping.
2026-06-30 20:12:19,986 [INFO] ('', None, [{}], {'error': 'Message is empty'})
2026-06-30 20:12:19,987 [WARNING] Message is empty, skipping.
2026-06-30 20:12:19,987 [INFO] ('', None, [{}], {'error': 'Message is empty'})
2026-06-30 20:12:19,987 [WARNING] Message is empty, skipping.
2026-06-30 20:12:19,987 [INFO] ('', None, [{}], {'error': 'Message is empty'})
2026-06-30 20:12:19,987 [WARNING] Message is empty, skipping.
2026-06-30 20:12:19,987 [INFO] ('', None, [{}], {'error': 'Message is empty'})
2026-06-30 20:12:19,987 [WARNING] Message is empty, skipping.
2026-06-30 20:12:19,987 [INFO] ('', None, [{}], {'error': 'Message is empty'})
2026-06-30 20:12:19,987 [WARNING] Message is empty, skipping.
2026-06-30 20:12:19,988 [INFO] ('', None, [{}], {'error': 'Message is empty'})
2026-06-30 20:12:19,988 [WARNING] Message is empty, skipping.
2026-06-30 20:12:19,988 [INFO] ('', None, [{}], {'error': 'Message is empty'})
2026-06-30 20:12:19,988 [WARNING] Message is empty, skipping.
2026-06-30 20:12:19,988 [INFO] ('', None, [{}], {'error': 'Message is empty'})
2026-06-30 20:12:19,988 [WARNING] Message is empty, skipping.
2026-06-30 20:12:19,988 [INFO] ('', None, [{}], {'error': 'Message is empty'})
2026-06-30 20:12:19,988 [WARNING] Message is empty, skipping.
2026-06-30 20:12:19,988 [INFO] ('', None, [{}], {'error': 'Message is empty'})
2026-06-30 20:12:19,988 [WARNING] Message is empty, skipping.
2026-06-30 20:12:19,988 [INFO] ('', None, [{}], {'error': 'Message is empty'})
2026-06-30 20:12:19,988 [WARNING] Message is empty, skipping.
2026-06-30 20:12:19,988 [INFO] ('', None, [{}], {'error': 'Message is empty'})
2026-06-30 20:12:19,989 [WARNING] Message is empty, skipping.
2026-06-30 20:12:19,989 [INFO] ('', None, [{}], {'error': 'Message is empty'})
2026-06-30 20:12:19,989 [WARNING] Message is empty, skipping.
2026-06-30 20:12:19,990 [INFO] ('', None, [{}], {'error': 'Message is empty'})
2026-06-30 20:12:19,990 [WARNING] Message is empty, skipping.
2026-06-30 20:12:19,990 [INFO] ('', None, [{}], {'error': 'Message is empty'})
2026-06-30 20:12:19,990 [WARNING] Message is empty, skipping.
2026-06-30 20:12:19,990 [INFO] ('', None, [{}], {'error': 'Message is empty'})
2026-06-30 20:12:19,990 [WARNING] Message is empty, skipping.
2026-06-30 20:12:19,991 [INFO] ('', None, [{}], {'error': 'Message is empty'})
2026-06-30 20:12:19,992 [WARNING] Message is empty, skipping.
2026-06-30 20:12:19,992 [INFO] ('', None, [{}], {'error': 'Message is empty'})
2026-06-30 20:12:19,992 [WARNING] Message is empty, skipping.
2026-06-30 20:12:19,992 [INFO] ('', None, [{}], {'error': 'Message is empty'})
2026-06-30 20:12:19,992 [WARNING] Message is empty, skipping.
2026-06-30 20:12:19,992 [INFO] ('', None, [{}], {'error': 'Message is empty'})
2026-06-30 20:12:19,992 [WARNING] Message is empty, skipping.
2026-06-30 20:12:19,992 [INFO] ('', None, [{}], {'error': 'Message is empty'})
2026-06-30 20:12:19,992 [WARNING] Message is empty, skipping.
2026-06-30 20:12:19,993 [INFO] ('', None, [{}], {'error': 'Message is empty'})
2026-06-30 20:12:19,993 [WARNING] Message is empty, skipping.
2026-06-30 20:12:19,993 [INFO] ('', None, [{}], {'error': 'Message is empty'})
2026-06-30 20:12:19,993 [WARNING] Message is empty, skipping.
2026-06-30 20:12:19,993 [INFO] ('', None, [{}], {'error': 'Message is empty'})
2026-06-30 20:12:19,993 [WARNING] Message is empty, skipping.
2026-06-30 20:12:19,993 [INFO] ('', None, [{}], {'error': 'Message is empty'})
2026-06-30 20:12:19,993 [WARNING] Message is empty, skipping.
2026-06-30 20:12:19,993 [INFO] ('', None, [{}], {'error': 'Message is empty'})
2026-06-30 20:12:19,993 [WARNING] Message is empty, skipping.
2026-06-30 20:12:19,993 [INFO] ('', None, [{}], {'error': 'Message is empty'})
2026-06-30 20:12:19,994 [WARNING] Message is empty, skipping.
2026-06-30 20:12:19,994 [INFO] ('', None, [{}], {'error': 'Message is empty'})
2026-06-30 20:12:19,994 [WARNING] Message is empty, skipping.
2026-06-30 20:12:19,994 [INFO] ('', None, [{}], {'error': 'Message is empty'})
2026-06-30 20:12:19,994 [WARNING] Message is empty, skipping.
2026-06-30 20:12:19,995 [INFO] ('', None, [{}], {'error': 'Message is empty'})
2026-06-30 20:12:19,995 [WARNING] Message is empty, skipping.
2026-06-30 20:12:19,995 [INFO] ('', None, [{}], {'error': 'Message is empty'})
2026-06-30 20:12:19,995 [WARNING] Message is empty, skipping.
2026-06-30 20:12:19,995 [INFO] ('', None, [{}], {'error': 'Message is empty'})
2026-06-30 20:12:19,996 [WARNING] Message is empty, skipping.
2026-06-30 20:12:19,996 [INFO] ('', None, [{}], {'error': 'Message is empty'})
2026-06-30 20:12:19,996 [WARNING] Message is empty, skipping.
2026-06-30 20:12:19,996 [INFO] ('', None, [{}], {'error': 'Message is empty'})
2026-06-30 20:12:19,996 [WARNING] Message is empty, skipping.
2026-06-30 20:12:19,997 [INFO] ('', None, [{}], {'error': 'Message is empty'})
2026-06-30 20:12:19,997 [WARNING] Message is empty, skipping.
2026-06-30 20:12:19,997 [INFO] ('', None, [{}], {'error': 'Message is empty'})
2026-06-30 20:12:19,998 [WARNING] Message is empty, skipping.
2026-06-30 20:12:19,998 [INFO] ('', None, [{}], {'error': 'Message is empty'})
2026-06-30 20:12:19,998 [WARNING] Message is empty, skipping.
2026-06-30 20:12:19,998 [INFO] ('', None, [{}], {'error': 'Message is empty'})
2026-06-30 20:12:19,998 [WARNING] Message is empty, skipping.
2026-06-30 20:12:19,998 [INFO] ('', None, [{}], {'error': 'Message is empty'})
2026-06-30 20:12:19,998 [WARNING] Message is empty, skipping.
2026-06-30 20:12:19,998 [INFO] ('', None, [{}], {'error': 'Message is empty'})
2026-06-30 20:12:19,998 [WARNING] Message is empty, skipping.
2026-06-30 20:12:19,998 [INFO] ('', None, [{}], {'error': 'Message is empty'})
2026-06-30 20:12:19,998 [WARNING] Message is empty, skipping.
2026-06-30 20:12:20,000 [INFO] ('', None, [{}], {'error': 'Message is empty'})
2026-06-30 20:12:20,000 [WARNING] Message is empty, skipping.
2026-06-30 20:12:20,000 [INFO] ('', None, [{}], {'error': 'Message is empty'})
2026-06-30 20:12:20,001 [WARNING] Message is empty, skipping.
2026-06-30 20:12:20,001 [INFO] ('', None, [{}], {'error': 'Message is empty'})
2026-06-30 20:12:20,002 [WARNING] Message is empty, skipping.
2026-06-30 20:12:20,002 [INFO] ('', None, [{}], {'error': 'Message is empty'})
2026-06-30 20:12:20,002 [WARNING] Message is empty, skipping.
2026-06-30 20:12:20,002 [INFO] ('', None, [{}], {'error': 'Message is empty'})
2026-06-30 20:12:20,002 [WARNING] Message is empty, skipping.
2026-06-30 20:12:20,002 [INFO] ('', None, [{}], {'error': 'Message is empty'})
2026-06-30 20:12:20,002 [WARNING] Message is empty, skipping.
2026-06-30 20:12:20,002 [INFO] ('', None, [{}], {'error': 'Message is empty'})
2026-06-30 20:12:20,002 [WARNING] Message is empty, skipping.
2026-06-30 20:12:20,002 [INFO] ('', None, [{}], {'error': 'Message is empty'})
2026-06-30 20:12:20,002 [WARNING] Message is empty, skipping.
2026-06-30 20:12:20,006 [INFO] ('', None, [{}], {'error': 'Message is empty'})
2026-06-30 20:12:20,006 [WARNING] Message is empty, skipping.
2026-06-30 20:12:20,006 [INFO] ('', None, [{}], {'error': 'Message is empty'})
2026-06-30 20:12:20,006 [WARNING] Message is empty, skipping.
2026-06-30 20:12:20,006 [INFO] ('', None, [{}], {'error': 'Message is empty'})
2026-06-30 20:12:20,006 [WARNING] Message is empty, skipping.
2026-06-30 20:12:20,006 [INFO] ('', None, [{}], {'error': 'Message is empty'})
2026-06-30 20:12:20,006 [WARNING] Message is empty, skipping.
2026-06-30 20:12:20,006 [INFO] ('', None, [{}], {'error': 'Message is empty'})
2026-06-30 20:12:20,006 [WARNING] Message is empty, skipping.
2026-06-30 20:12:20,006 [INFO] ('', None, [{}], {'error': 'Message is empty'})
2026-06-30 20:12:20,006 [WARNING] Message is empty, skipping.
2026-06-30 20:12:20,006 [INFO] ('', None, [{}], {'error': 'Message is empty'})
2026-06-30 20:12:20,006 [WARNING] Message is empty, skipping.
2026-06-30 20:12:20,007 [INFO] ('', None, [{}], {'error': 'Message is empty'})
2026-06-30 20:12:20,007 [WARNING] Message is empty, skipping.
2026-06-30 20:12:20,007 [INFO] ('', None, [{}], {'error': 'Message is empty'})
2026-06-30 20:12:20,007 [WARNING] Message is empty, skipping.
2026-06-30 20:12:20,007 [INFO] ('', None, [{}], {'error': 'Message is empty'})
2026-06-30 20:12:20,007 [WARNING] Message is empty, skipping.
2026-06-30 20:12:20,007 [INFO] ('', None, [{}], {'error': 'Message is empty'})
2026-06-30 20:12:20,010 [WARNING] Message is empty, skipping.
2026-06-30 20:12:20,010 [INFO] ('', None, [{}], {'error': 'Message is empty'})
2026-06-30 20:12:20,010 [WARNING] Message is empty, skipping.
2026-06-30 20:12:20,010 [INFO] ('', None, [{}], {'error': 'Message is empty'})
2026-06-30 20:12:20,010 [WARNING] Message is empty, skipping.
2026-06-30 20:12:20,011 [INFO] ('', None, [{}], {'error': 'Message is empty'})
2026-06-30 20:12:20,011 [WARNING] Message is empty, skipping.
2026-06-30 20:12:20,011 [INFO] ('', None, [{}], {'error': 'Message is empty'})
2026-06-30 20:12:20,011 [WARNING] Message is empty, skipping.
2026-06-30 20:12:20,012 [INFO] ('', None, [{}], {'error': 'Message is empty'})
2026-06-30 20:12:20,012 [WARNING] Message is empty, skipping.
2026-06-30 20:12:20,012 [INFO] ('', None, [{}], {'error': 'Message is empty'})
2026-06-30 20:12:20,014 [WARNING] Message is empty, skipping.
2026-06-30 20:12:20,016 [INFO] ('', None, [{}], {'error': 'Message is empty'})
2026-06-30 20:12:20,016 [WARNING] Message is empty, skipping.
2026-06-30 20:12:20,016 [INFO] ('', None, [{}], {'error': 'Message is empty'})
2026-06-30 20:12:20,016 [WARNING] Message is empty, skipping.
2026-06-30 20:12:20,016 [INFO] ('', None, [{}], {'error': 'Message is empty'})
2026-06-30 20:12:20,016 [WARNING] Message is empty, skipping.
2026-06-30 20:12:20,016 [INFO] ('', None, [{}], {'error': 'Message is empty'})
2026-06-30 20:12:20,016 [WARNING] Message is empty, skipping.
2026-06-30 20:12:20,016 [INFO] ('', None, [{}], {'error': 'Message is empty'})
2026-06-30 20:12:20,016 [WARNING] Message is empty, skipping.
2026-06-30 20:12:20,016 [INFO] ('', None, [{}], {'error': 'Message is empty'})
2026-06-30 20:12:20,016 [WARNING] Message is empty, skipping.
2026-06-30 20:12:20,016 [INFO] ('', None, [{}], {'error': 'Message is empty'})
2026-06-30 20:12:20,016 [WARNING] Message is empty, skipping.
2026-06-30 20:12:20,016 [INFO] ('', None, [{}], {'error': 'Message is empty'})
2026-06-30 20:12:20,016 [WARNING] Message is empty, skipping.
2026-06-30 20:12:20,016 [INFO] ('', None, [{}], {'error': 'Message is empty'})
2026-06-30 20:12:20,016 [WARNING] Message is empty, skipping.
2026-06-30 20:12:20,016 [INFO] ('', None, [{}], {'error': 'Message is empty'})
2026-06-30 20:12:20,016 [WARNING] Message is empty, skipping.
2026-06-30 20:12:20,016 [INFO] ('', None, [{}], {'error': 'Message is empty'})
2026-06-30 20:12:20,016 [WARNING] Message is empty, skipping.
2026-06-30 20:12:20,016 [INFO] ('', None, [{}], {'error': 'Message is empty'})
2026-06-30 20:12:20,016 [WARNING] Message is empty, skipping.
2026-06-30 20:12:20,016 [INFO] ('', None, [{}], {'error': 'Message is empty'})
2026-06-30 20:12:20,016 [WARNING] Message is empty, skipping.
2026-06-30 20:12:20,016 [INFO] ('', None, [{}], {'error': 'Message is empty'})
2026-06-30 20:12:20,016 [WARNING] Message is empty, skipping.
2026-06-30 20:12:20,016 [INFO] ('', None, [{}], {'error': 'Message is empty'})
2026-06-30 20:12:20,016 [WARNING] Message is empty, skipping.
2026-06-30 20:12:20,016 [INFO] ('', None, [{}], {'error': 'Message is empty'})
2026-06-30 20:12:20,016 [WARNING] Message is empty, skipping.
2026-06-30 20:12:20,016 [INFO] ('', None, [{}], {'error': 'Message is empty'})
2026-06-30 20:12:20,017 [WARNING] Message is empty, skipping.
2026-06-30 20:12:20,017 [INFO] ('', None, [{}], {'error': 'Message is empty'})
2026-06-30 20:12:20,017 [WARNING] Message is empty, skipping.
2026-06-30 20:12:20,017 [INFO] ('', None, [{}], {'error': 'Message is empty'})
2026-06-30 20:12:20,017 [WARNING] Message is empty, skipping.
2026-06-30 20:12:20,017 [INFO] ('', None, [{}], {'error': 'Message is empty'})
2026-06-30 20:12:20,017 [WARNING] Message is empty, skipping.
2026-06-30 20:12:20,017 [INFO] ('', None, [{}], {'error': 'Message is empty'})
2026-06-30 20:12:20,019 [WARNING] Message is empty, skipping.
2026-06-30 20:12:20,019 [INFO] ('', None, [{}], {'error': 'Message is empty'})
2026-06-30 20:12:20,019 [WARNING] Message is empty, skipping.
2026-06-30 20:12:20,019 [INFO] ('', None, [{}], {'error': 'Message is empty'})
2026-06-30 20:12:20,019 [WARNING] Message is empty, skipping.
2026-06-30 20:12:20,019 [INFO] ('', None, [{}], {'error': 'Message is empty'})
2026-06-30 20:12:20,019 [WARNING] Message is empty, skipping.
2026-06-30 20:12:20,020 [INFO] ('', None, [{}], {'error': 'Message is empty'})
2026-06-30 20:12:20,020 [WARNING] Message is empty, skipping.
2026-06-30 20:12:20,020 [INFO] ('', None, [{}], {'error': 'Message is empty'})
2026-06-30 20:12:20,020 [WARNING] Message is empty, skipping.
2026-06-30 20:12:20,020 [INFO] ('', None, [{}], {'error': 'Message is empty'})
2026-06-30 20:12:20,020 [WARNING] Message is empty, skipping.
2026-06-30 20:12:20,020 [INFO] ('', None, [{}], {'error': 'Message is empty'})
2026-06-30 20:12:20,020 [WARNING] Message is empty, skipping.
2026-06-30 20:12:20,020 [INFO] ('', None, [{}], {'error': 'Message is empty'})
2026-06-30 20:12:20,020 [WARNING] Message is empty, skipping.
2026-06-30 20:12:20,020 [INFO] ('', None, [{}], {'error': 'Message is empty'})
2026-06-30 20:12:20,020 [WARNING] Message is empty, skipping.
2026-06-30 20:12:20,020 [INFO] ('', None, [{}], {'error': 'Message is empty'})
2026-06-30 20:12:20,020 [WARNING] Message is empty, skipping.
2026-06-30 20:12:20,020 [INFO] ('', None, [{}], {'error': 'Message is empty'})
2026-06-30 20:12:20,020 [WARNING] Message is empty, skipping.
2026-06-30 20:12:20,020 [INFO] ('', None, [{}], {'error': 'Message is empty'})
2026-06-30 20:12:20,020 [WARNING] Message is empty, skipping.
2026-06-30 20:12:20,023 [INFO] ('', None, [{}], {'error': 'Message is empty'})
2026-06-30 20:12:20,024 [WARNING] Message is empty, skipping.
2026-06-30 20:12:20,024 [INFO] ('', None, [{}], {'error': 'Message is empty'})
2026-06-30 20:12:20,026 [WARNING] Message is empty, skipping.
2026-06-30 20:12:20,026 [INFO] ('', None, [{}], {'error': 'Message is empty'})
2026-06-30 20:12:20,026 [WARNING] Message is empty, skipping.
2026-06-30 20:12:20,026 [INFO] ('', None, [{}], {'error': 'Message is empty'})
2026-06-30 20:12:20,027 [WARNING] Message is empty, skipping.
2026-06-30 20:12:20,027 [INFO] ('', None, [{}], {'error': 'Message is empty'})
2026-06-30 20:12:20,027 [WARNING] Message is empty, skipping.
2026-06-30 20:12:20,034 [INFO] ('', None, [{}], {'error': 'Message is empty'})
2026-06-30 20:12:20,035 [WARNING] Message is empty, skipping.
2026-06-30 20:12:20,035 [INFO] ('', None, [{}], {'error': 'Message is empty'})
2026-06-30 20:12:20,036 [WARNING] Message is empty, skipping.
2026-06-30 20:12:20,036 [INFO] ('', None, [{}], {'error': 'Message is empty'})
2026-06-30 20:12:20,036 [WARNING] Message is empty, skipping.
2026-06-30 20:12:20,036 [INFO] ('', None, [{}], {'error': 'Message is empty'})
2026-06-30 20:12:20,036 [WARNING] Message is empty, skipping.
2026-06-30 20:12:20,036 [INFO] ('', None, [{}], {'error': 'Message is empty'})
2026-06-30 20:12:20,037 [WARNING] Message is empty, skipping.
2026-06-30 20:12:20,037 [INFO] ('', None, [{}], {'error': 'Message is empty'})
2026-06-30 20:12:20,038 [WARNING] Message is empty, skipping.
2026-06-30 20:12:20,038 [INFO] ('', None, [{}], {'error': 'Message is empty'})
2026-06-30 20:12:20,038 [WARNING] Message is empty, skipping.
2026-06-30 20:12:20,039 [INFO] ('', None, [{}], {'error': 'Message is empty'})
2026-06-30 20:12:20,040 [WARNING] Message is empty, skipping.
2026-06-30 20:12:20,040 [INFO] ('', None, [{}], {'error': 'Message is empty'})
2026-06-30 20:12:20,041 [WARNING] Message is empty, skipping.
2026-06-30 20:12:20,042 [INFO] ('', None, [{}], {'error': 'Message is empty'})
2026-06-30 20:12:20,042 [WARNING] Message is empty, skipping.
2026-06-30 20:12:20,043 [INFO] ('', None, [{}], {'error': 'Message is empty'})
2026-06-30 20:12:20,043 [WARNING] Message is empty, skipping.
2026-06-30 20:12:20,043 [INFO] ('', None, [{}], {'error': 'Message is empty'})
2026-06-30 20:12:20,043 [WARNING] Message is empty, skipping.
2026-06-30 20:12:20,043 [INFO] ('', None, [{}], {'error': 'Message is empty'})
2026-06-30 20:12:20,044 [INFO] Processing batch queries for gemini-3.5-flash, batch size: 2048: 100%|##########| 1/1 [00:00<00:00,  2.57it/s]
2026-06-30 20:12:20,044 [INFO] Processing batch queries for gemini-3.5-flash, batch size: 2048: 100%|##########| 1/1 [00:00<00:00,  2.57it/s]
2026-06-30 20:12:20,044 [INFO] ... (more hidden) ...
2026-06-30 20:12:20,046 [INFO] Formatting items for endpoint: https://seshat-db.com/api/sc/roads/: 100%|##########| 467/467 [00:00<00:00, 384368.13it/s]
2026-06-30 20:12:20,046 [INFO] {'endpoint_identifier': 'https://seshat-db.com/api/sc/roads/', 'model': 'gemini-3.5-flash', 'entry_idx': 0, 'output': '', 'reasoning': '', 'message': '[{}]', 'others': '{"error": "Message is empty"}'}
2026-06-30 20:12:20,048 [INFO] Questions generated and saved to /Users/apple/Documents/github/neurips_llms/llm-bechmark/db/gen/30_06_2026/run_9_gemini-3.5-flash/sc/range/sc_roads_questions.csv
2026-06-30 20:12:20,049 [INFO] Successfully completed question generation for sc/roads.
