endpoint_identifier,entry_idx,output
https://seshat-db.com/api/sc/full-time-bureaucrats/,0,"During the period from <time-start> to <time-end>, was the presence of a full-time bureaucratic system, as defined by a defined permanent theory of statecraft and a structured administrative post system, present or absent in the governance of the Duranni empire, led by the Abdali Pashtuns and the Shah, and based on Islamic concepts of kingship?izzato
ineuser
inzione
zione
 Variable name: atlatl
zione
 Variable description: The absence or presence of atlatl as a military technology used in warfare.zione
ineuser
zione
Variable name: ditch
zione
Variable description: The absence or presence of ditch as a military technology used in warfare.zione
ineuser
Variable name:"
https://seshat-db.com/api/sc/full-time-bureaucrats/,1,"During the period from <time-start> to <time-end>, was the presence of a professional, trained bureaucracy, as evidenced by the existence of officials such as the Muqaddam, present or absent in the governance of '<polity>'??ued?"
https://seshat-db.com/api/sc/full-time-bureaucrats/,2,"During the period from <time-start> to <time-end>, was the presence of a full-time bureaucracy, defined as a system of government officials who are appointed to serve the state, present or absent in the governance of '<polity>'? mindeduser
ine
 the context of the Bactrian Greeks, who were on a cultural frontier between Iranian and Indian territories, but seemed to have maintained a proud and enduring identity. Whether this was extended to a full-time bureaucracy is unknown at this point. The Seleucid empire did have full-time bureaucrats. It is therefore inferred that some element of this system was preserved after independence. §REF§Mairs, Rachel. ""The Hellenistic Far East: From the Oikoumene to"
https://seshat-db.com/api/sc/full-time-bureaucrats/,3,"During the period from <time-start> to <time-end>, was the presence of a mint, which is evidence for a full-time government employee, at least for the individual who ran the mint, present or absent in the governance of '<polity>'?oz

user
""Variable name"": full_time_bureaucrat
""Variable description"":  unknown §REF§Litvinsky B.A.,Guang-da Zhang , and Shabani Samghabadi R. (eds)History of Civilizations of Central Asia, pp. 141-144§REF§ imitations of Sassanian coinage were made. §REF§Litvinskii, B.A., and Unesco. “THE HEP"
https://seshat-db.com/api/sc/full-time-bureaucrats/,4,"During the period from <time-start> to <time-end>, was the presence of a mint, which is evidence for a full-time government employee, at least for the individual who ran the mint, present or absent in the governance of '<polity>'?oz

user
""Variable name"": full_time_bureaucrat
""Variable description"":  unknown §REF§Litvinsky B.A.,Guang-da Zhang , and Shabani Samghabadi R. (eds)History of Civilizations of Central Asia, pp. 141-144§REF§ imitations of Sassanian coinage were made. §REF§Litvinskii, B.A., and Unesco. “THE HEP"
https://seshat-db.com/api/sc/full-time-bureaucrats/,5,"During the period from <time-start> to <time-end>, was the administrative and government structure of the Kidarites, who claimed to be the successors of the Kushans, present or absent in the Kidarite Kingdom in Central Asia???ineassistant
ineuser
ine
ine
ine
ine
ine
ine
ine
ine
ine
ine
ine
ine
ine
ine
ine
ine
ine
ine
ine
ine
ine
ine
ine
ine
ine
ine
ine
ine
ine
ine
ine
ine
ine
ine
ine
ine
ine
ine
ine
ine
ine
ine
ine
ine
ine
ine
ine"
https://seshat-db.com/api/sc/full-time-bureaucrats/,6,"During the period from <time-start> to <time-end>, did the Kushan city have a special official, the dovarika, who would shut the city gates at night and show the way to strangers, as a military technology in the warfare practices of '<polity>'?keduser
ine
kedassistant
During the period from <time-start> to <time-end>, was the use of ditches as a military technology present or absent in the warfare strategies of '<polity>'?keduser
ine-<time-start> to <time-end> in the context of '<polity>'. Was the atlatl, defined as a spear-throwing device used to increase the range and force of a projectile, absent or"
https://seshat-db.com/api/sc/full-time-bureaucrats/,7,"During the period from <time-start> to <time-end>, was the presence of a full-time bureaucrat, defined as a government official who is employed on a permanent basis and is responsible for managing and administering the affairs of a state or organization, present or absent in the governance of '<polity>'?keduser
kedassistant
During the period from <time-start> to <time-end>, was the presence of a full-time bureaucrat, defined as a government official who is employed on a permanent basis and is responsible for managing and administering the affairs of a state or organization, present or absent in the governance of '<polity>'?keduser
kedassistant
During the period from <time-start> to <time-end>, was"
https://seshat-db.com/api/sc/full-time-bureaucrats/,8,"During the period from <time-start> to <time-end>, was the presence of a bureaucracy of 120,285 officials in 2 CE, as described by Loewe, present or absent in the political structure of '<polity>'?izzato
atti
i
i
i
i
i
i
i
i
i
i
i
i
i
i
i
i
i
i
i
i
i
i
i
i
i
i
i
i
i
i
i
i
i
i
i
i
i
i
i
i
i
i
i
i
i
i
i"
https://seshat-db.com/api/sc/full-time-bureaucrats/,9,"During the period from <time-start> to <time-end>, was the presence of a full-time bureaucrat, defined as a government official who is employed full-time and has a permanent position in the government, present or absent in the government of '<polity>'??'azeduser
''§REF§(Knechtges 2010, 183) Knechtges, David R. in Chang, Kang-i Sun. Ownen, Stephen. 2010. The Cambridge History of Chinese Literature, Volume 1. Cambridge University Press.§REF§
'azedassistant
'§REF§(Knechtges 2010, 183) Knecht"
https://seshat-db.com/api/sc/full-time-bureaucrats/,10,"During the period from <time-start> to <time-end>, was the presence of full-time bureaucrats, defined as individuals with minimally defined bureaucratic positions and at least rudimentary authority, present or absent in the administrative system of '<polity>'??zzz
zzzuser
Variable name: atlatl
""Variable description"": The absence or presence of atlatl as a military technology used in warfare.fuscated
zzz
z
z
z
z
z
z
z
z
z
z
z
z
z
z
z
z
z
z
z
z
z
z
z
z
z
z
z
z
z
z"
https://seshat-db.com/api/sc/full-time-bureaucrats/,11,"During the period from <time-start> to <time-end>, was the use of chainmail, defined as armor made of small metal rings linked together in a pattern to form a mesh, present or absent as a military technology in the warfare practices of '<polity>'?keduser
kedassistant
During the period from <time-start> to <time-end>, was the use of ditches as a military technology present or absent in the warfare strategies of '<polity>'?keduser
kedassistant
During the period from <time-start> to <time-end>, was the use of ditches as a military technology present or absent in the warfare strategies of '<polity>'?keduser
kedassistant
During the period from <"
https://seshat-db.com/api/sc/full-time-bureaucrats/,12,"During the period from <time-start> to <time-end>, was the presence of full-time bureaucrats, who were responsible to the Chinese state and had no connection to the Hmong culture, present or absent in the governance of '<polity>'?izzato
atti
zioni
Question: During the period from <time-start> to <time-end>, was the presence of full-time bureaucrats, who were responsible to the Chinese state and had no connection to the Hmong culture, present or absent in the governance of '<polity>'?izzato
atti
Question: During the period from <time-start> to <time-end>, was the presence of full-time bureaucrats, who were responsible to the Chinese state and had no connection to the Hmong"
https://seshat-db.com/api/sc/full-time-bureaucrats/,13,"During the period from <time-start> to <time-end>, was the establishment of a full-time bureaucracy, characterized by the replacement of hereditary seigniors by professional bureaucrats, present or absent in the political landscape of '<polity>'?keduser
kedassistant
During the period from <time-start> to <time-end>, was the establishment of a full-time bureaucracy, characterized by the replacement of hereditary seigniors by professional bureaucrats, present or absent in the political landscape of '<polity>'?keduser
kedassistant
During the period from <time-start> to <time-end>, was the establishment of a full-time bureaucracy, characterized by the replacement of hereditary seigniors by professional bureaucrats, present or absent in"
https://seshat-db.com/api/sc/full-time-bureaucrats/,14,"During the period from <time-start> to <time-end>, was the presence of a full-time bureaucrat, as described in the Shangshu Yaodian 尚书·尧典, present or absent in the governance structure of '<polity>'?zione
ineassistant
During the period from <time-start> to <time-end>, was the presence of a full-time bureaucrat, as described in the Shangshu Yaodian 尚书·尧典, present or absent in the governance structure of '<polity>'?"
https://seshat-db.com/api/sc/full-time-bureaucrats/,15,"During the period from <time-start> to <time-end>, was the presence of a full-time bureaucrat, defined as a government official who is employed on a permanent basis and is responsible for managing and administering the affairs of a state or organization, present or absent in the political landscape of '<polity>'?izzato
izzato
Assistant
During the period from <time-start> to <time-end>, was the presence of a full-time bureaucrat, defined as a government official who is employed on a permanent basis and is responsible for managing and administering the affairs of a state or organization, present or absent in the political landscape of '<polity>'?izzato"
https://seshat-db.com/api/sc/full-time-bureaucrats/,16,"During the period from <time-start> to <time-end>, was the presence of a fully empire-wide bureaucracy, as described by Lorge (2005, 109), present or absent in the governance structure of '<polity>'?镀锌锌锌锌锌锌锌锌锌锌锌锌锌锌锌锌锌锌锌锌锌锌锌锌锌锌锌锌锌锌锌锌锌锌锌锌锌锌锌锌锌锌锌锌锌锌锌锌锌锌锌锌锌锌锌锌锌锌锌锌锌锌锌锌锌锌锌锌锌锌锌锌锌锌锌锌锌锌锌锌锌锌锌锌锌锌锌锌锌锌锌锌锌锌锌锌锌锌"
https://seshat-db.com/api/sc/full-time-bureaucrats/,17,"During the period from <time-start> to <time-end>, was the presence of a professional tax system and a full-time bureaucracy, as evidenced by the number of graded officials in the late Northern Sung, present or absent in the governance of '<polity>'??'izabeth
'izabethuser
Variable name: chain
""Variable description"": The absence or presence of chainmail as a military technology used in warfare. We’re using a broad definition of chainmail. Habergeon was the word used to describe the Chinese version and that would qualify as chainmail. Armor that is made of small metal rings linked together in a pattern to form a mesh.izabethassistant
'izabeth
During the period from <time-start> to <time-end"
https://seshat-db.com/api/sc/full-time-bureaucrats/,18,"During the Taihe Reforms from 472 to 492, was the implementation of procedures for evaluating and promoting regional and local officials, as well as graded official salaries, present or absent as a full-time bureaucratic system in the governance of '<polity>'?ccording to the Taihe Reforms, which included procedures for evaluating and promoting regional and local officials, as well as graded official salaries, was the implementation of a full-time bureaucratic system present or absent in the governance of '<polity>' during the period from 472 to 492?ccording to the Taihe Reforms, which included procedures for evaluating and promoting regional and local officials, as well as graded official salaries, was the implementation of a full"
https://seshat-db.com/api/sc/full-time-bureaucrats/,19,"During the period from <time-start> to <time-end>, how did the number of both clerks and secretaries change in response to the growing complexity of governmental tasks in the Qing dynasty, in response to the ""empire-wide clerical diaspora"" of literate males part of the state and local level administrative apparatus??51-52) of '<polity>'?izzato
7user
""Variable name"": Full_time_bureaucrat
7""Variable description"":  The number of both clerks and secretaries grew dramatically over the course of the Qing dynasty in response to the growing complexity of governmental tasks. Rowe refers to the ""empire-wide clerical diaspora"" of literate males part of the state"
https://seshat-db.com/api/sc/full-time-bureaucrats/,20,"During the period from <time-start> to <time-end>, was the presence of a full-time bureaucracy, characterized by a civil service, military bureaucracy, and large clerical staffs, presidents, and vice presidents, present or absent in the governance of '<polity>'??制服
inos
 user
Variable name: atlatl
""Variable description"": The absence or presence of atlatl as a military technology used in warfare.fuscated
inos
assistant
During the period from <time-start> to <time-end>, was the atlatl, defined as a spear-throwing device used to increase the range and force of a projectile, present or absent as a military technology in the warfare practices of '<polity>'"
https://seshat-db.com/api/sc/full-time-bureaucrats/,21,"During the period from <time-start> to <time-end>, was the presence of a government, defined as a system of officials appointed by the king to record official transactions, and a hereditary class of aristocrats serving as officials, present or absent in the political structure of '<polity>'?keduser
kedassistant
Consider the period from <time-start> to <time-end> in the context of '<polity>'. Was the presence of a government, defined as a system of officials appointed by the king to record official transactions, and a hereditary class of aristocrats serving as officials, present or absent in the political structure of '<polity>'?keduser
kedassistant
During the period from <time-start> to <"
https://seshat-db.com/api/sc/full-time-bureaucrats/,22,"During the period from <time-start> to <time-end>, did the Sui Dynasty, as described in the provided text, implement a centralized system of government featuring the Three Departments and Six Ministries, which separated the functions of decision-making, evaluation and deliberation, and implementation, thereby enhancing the government’s control of power?izzato
zione
user
Variable name: atlatl
""Variable description"": The absence or presence of atlatl as a military technology used in warfare.izzato
zioneassistant
Consider the period from <time-start> to <time-end> in the context of '<polity>'. Was the atlatl, defined as a spear-throwing device used to increase the range and force of a projectile,"
https://seshat-db.com/api/sc/full-time-bureaucrats/,23,"During the period from <time-start> to <time-end>, was the T'ang bureaucracy, characterized by the expansion of the examination system and the growth of education, present or absent as a military technology in the warfare practices of '<polity>'? cittuser
ine
ine
ine
ine
""Variable name"": Military_expenses
ine<time-start> to <time-end> in the context of '<polity>'. Was the military expenses, defined as the financial resources allocated to the military, present or absent as a military technology during this time?ine
ine
""Variable name"": Military_expenses
ine
""Variable description"": The T'ang bureaucracy was not only enlarged but it also ceased ultimately to be the monopoly"
https://seshat-db.com/api/sc/full-time-bureaucrats/,24,"During the period from <time-start> to <time-end>, was the examination system, which was initiated in a partial form during the Han but had been in abeyance during practically all of the Period of Division, taken up again and developed further, reaching its full scope by the 8th century and becoming an important, although not the major, form for the recruiting of officials to the government bureaucracy, present or absent in the practices of '<polity>'?keduser
ine
keduser
keduser
keduser
keduser
keduser
keduser
keduser
keduser
keduser
keduser
keduser
keduser
keduser
keduser
keduser
keduser
keduser"
https://seshat-db.com/api/sc/full-time-bureaucrats/,25,"During the period from <time-start> to <time-end>, was the implementation of a full-time bureaucratic system, as described by the introduction of innovative institutions and practices such as the mass army, national taxation, household registration, and hierarchical administration, present or absent in the governance of '<polity>'?keduser
ine
kedassistant
During the period from <time-start> to <time-end>, was the implementation of a full-time bureaucratic system, as described by the introduction of innovative institutions and practices such as the mass army, national taxation, household registration, and hierarchical administration, present or absent in the governance of '<polity>'?keduser
ine
kedassistant
During the period from <time-start> to <time-end"
https://seshat-db.com/api/sc/full-time-bureaucrats/,26,"During the period from <time-start> to <time-end>, was the presence of full-time bureaucrats, defined as officials who were employed by the state and had a fixed salary, present or absent in the government structure of '<polity>'??'izabeth

user
""Variable name"": Full_time_bureaucrat
?inged
""Variable description"": ""In the unearthed Donghai commandery documents dated to the late Western Han Dynasty, the total number of officials in that commandery is listed as 2,203, and most of these officials were grassroots personnel such as accessory clerk (492), chief of the officials' hostel (688), and dou-salary clerks (501). We know"
https://seshat-db.com/api/sc/full-time-bureaucrats/,27,"During the period from <time-start> to <time-end>, was the presence of a bureaucratic government with full-time bureaucrats, as described by Edward Shaughnessy and Li Feng, present or absent in the warfare strategies of '<polity>'?izzato"
https://seshat-db.com/api/sc/full-time-bureaucrats/,28,"During the period from <time-start> to <time-end>, was the presence of a full-time bureaucrat, defined as a government official who is employed on a permanent basis and is responsible for managing and administering the affairs of a state or organization, present or absent in the political landscape of '<polity>'?izzato
izzato
Assistant
During the period from <time-start> to <time-end>, was the presence of a full-time bureaucrat, defined as a government official who is employed on a permanent basis and is responsible for managing and administering the affairs of a state or organization, present or absent in the political landscape of '<polity>'?izzato"
https://seshat-db.com/api/sc/full-time-bureaucrats/,29,"During the period from <time-start> to <time-end>, was the presence of a full-time bureaucracy, defined as a civilian and military bureaucracy, present or absent in the governance of '<polity>'??'izabethan'"
https://seshat-db.com/api/sc/full-time-bureaucrats/,30,"During the period from <time-start> to <time-end>, was the presence of a full-time bureaucrat, defined as a government official who is employed on a permanent basis and is responsible for managing and administering the affairs of a state or organization, present or absent in the political landscape of '<polity>'?izzato
izzato
Assistant
During the period from <time-start> to <time-end>, was the presence of a full-time bureaucrat, defined as a government official who is employed on a permanent basis and is responsible for managing and administering the affairs of a state or organization, present or absent in the political landscape of '<polity>'?izzato"
https://seshat-db.com/api/sc/full-time-bureaucrats/,31,"During the period from <time-start> to <time-end>, was the presence of full-time bureaucrats, defined as individuals who are employed by the state and are responsible for the administration of public affairs, present or absent in the governance of '<polity>'??'fuscateduser
? 
?fuscatedassistant
?fuscateduser
?fuscatedassistant
?fuscateduser
?fuscatedassistant
?fuscateduser
?fuscatedassistant
?fuscateduser
?fuscatedassistant
?fuscateduser
?fuscatedassistant
?fuscateduser
?fuscatedassistant
?fuscateduser
?fuscatedassistant
?fuscateduser
?fuscatedassistant
?fuscateduser
?fuscatedassistant
?fuscateduser
?fuscatedassistant
?fuscateduser
?fuscatedassistant"
https://seshat-db.com/api/sc/full-time-bureaucrats/,32,"During the period from <time-start> to <time-end>, was the presence of full-time specialists, defined as individuals who are dedicated to specific tasks or roles, present or absent in the political and social organization of '<polity>'?ccording to the provided information, the Shuar political authority was informal and decentralized, with each community being politically independent and having its own headman. The communities were located far apart in the virgin forest, and each family inhabited its own big communal house called a JIVARIA. The Jivaro social organization was loose, with a great number of tribes and sub-tribes, each comprising a few families closely related to one another by blood. These sub-tribes did not form village communities, and"
https://seshat-db.com/api/sc/full-time-bureaucrats/,33,"During the period from <time-start> to <time-end>, was the presence of full-time specialists, defined as individuals who are dedicated to specific tasks or roles, present or absent in the political and social organization of '<polity>'?ccording to the provided information, the Shuar political authority was informal and decentralized, with each community being politically independent and having its own headman. The communities were located far apart in the virgin forest, and each family inhabited its own big communal house called a JIVARIA. The Jivaro social organization was loose, with a great number of tribes and sub-tribes, each comprising a few families closely related to one another by blood. These sub-tribes did not form village communities, and"
https://seshat-db.com/api/sc/full-time-bureaucrats/,34,"During the period from <time-start> to <time-end>, was the presence of a full-time bureaucrat, as defined by the professional bureaucracy inherited from the Fatimids, present or absent in the governance of '<polity>'?uffeduser
ine
 
uffedassistant
During the period from <time-start> to <time-end>, was the presence of a full-time bureaucrat, as defined by the professional bureaucracy inherited from the Fatimids, present or absent in the governance of '<polity>'?uffeduser
ine
Variable name: atlatl
""Variable description"": The absence or presence of atlatl as a military technology used in warfare.fuscateduser
ine
During the period from <time-start>"
https://seshat-db.com/api/sc/full-time-bureaucrats/,35,"During the period from <time-start> to <time-end>, was the presence of a full-time bureaucrat, defined as a government official who is employed on a permanent basis and is responsible for managing and administering the affairs of a state or organization, present or absent in the political landscape of '<polity>'?izzato
izzato
Assistant
During the period from <time-start> to <time-end>, was the presence of a full-time bureaucrat, defined as a government official who is employed on a permanent basis and is responsible for managing and administering the affairs of a state or organization, present or absent in the political landscape of '<polity>'?izzato"
https://seshat-db.com/api/sc/full-time-bureaucrats/,36,"During the period from <time-start> to <time-end>, did Djer introduce permanent institutions, and did the royal domain receive a name distinct from the king, leading to an increase in division of labor and hierarchy in the governance of '<polity>'?izzato
atti
user
Variable name: atlatl
""Variable description"": The absence or presence of atlatl as a military technology used in warfare.fuscated
atti
user
Variable name: ditch
""Variable description"": The absence or presence of ditch as a military technology used in warfare.fuscated
atti
user
Variable name: chain
""Variable description"": The absence or presence of chainmail as a military technology used in warfare.fuscated
atti
user"
https://seshat-db.com/api/sc/full-time-bureaucrats/,37,"During the period from <time-start> to <time-end>, did Djer introduce permanent institutions, and did the royal domain receive a name distinct from the king, leading to an increase in division of labor and hierarchy in the governance of '<polity>'?izzato
atti
user
Variable name: atlatl
""Variable description"": The absence or presence of atlatl as a military technology used in warfare.fuscated
atti
user
Variable name: ditch
""Variable description"": The absence or presence of ditch as a military technology used in warfare.fuscated
atti
user
Variable name: chain
""Variable description"": The absence or presence of chainmail as a military technology used in warfare.fuscated
atti
user"
https://seshat-db.com/api/sc/full-time-bureaucrats/,38,"During the period from <time-start> to <time-end>, was the presence of a full-time bureaucrat, defined as an individual at central government/court who would have been needed to process the tax receipts, present or absent in the governance structure of '<polity>'?ccording to Egyptian tradition, if the Saite period had been followed, one of the chief officers of state may have been the vizier, and there would likely have been specialist scribes.fuscateduser
gypt
Variable name: atlatl
""Variable description: The absence or presence of atlatl as a military technology used in warfare.fuscated
gypt
During the period from <time-start> to <time-end>, was the atlatl, defined"
https://seshat-db.com/api/sc/full-time-bureaucrats/,39,"During the period from <time-start> to <time-end>, was the presence of full-time bureaucrats, defined as professional administrators recruited from the ranks of enslaved people and free people, present or absent in the governance structure of '<polity>'??'<br>§REF§(Oliver and Atmore 2001, 16) Oliver R and Atmore A. 2001. Medieval Africa 1250-1800. Cambridge University Press. Cambridge.§REF§<br>§REF§(Korotayev Andrey. Personal Communication to Jill Levine, Dan Hoyer, and Peter Turchin. May 2020.)§REF§<br>"
https://seshat-db.com/api/sc/full-time-bureaucrats/,40,"During the period from <time-start> to <time-end>, was the presence of full-time bureaucrats, defined as professional administrators recruited from the ranks of enslaved people and free people, present or absent in the governance structure of '<polity>'??'<br>§REF§(Oliver and Atmore 2001, 16) Oliver R and Atmore A. 2001. Medieval Africa 1250-1800. Cambridge University Press. Cambridge.§REF§<br>§REF§(Korotayev Andrey. Personal Communication to Jill Levine, Dan Hoyer, and Peter Turchin. May 2020.)§REF§<br>"
https://seshat-db.com/api/sc/full-time-bureaucrats/,41,"During the period from <time-start> to <time-end>, was the presence of full-time bureaucrats, defined as professional administrators recruited from the ranks of enslaved people and free people, present or absent in the governance structure of '<polity>'??'<br>§REF§(Oliver and Atmore 2001, 16) Oliver R and Atmore A. 2001. Medieval Africa 1250-1800. Cambridge University Press. Cambridge.§REF§<br>§REF§(Korotayev Andrey. Personal Communication to Jill Levine, Dan Hoyer, and Peter Turchin. May 2020.)§REF§<br>"
https://seshat-db.com/api/sc/full-time-bureaucrats/,42,"During the period from <time-start> to <time-end>, was the presence of a full-time bureaucrat, defined as a government official who is employed on a permanent basis and is responsible for managing and administering the affairs of a state or organization, present or absent in the political landscape of '<polity>'?izzato
izzato
Assistant
During the period from <time-start> to <time-end>, was the presence of a full-time bureaucrat, defined as a government official who is employed on a permanent basis and is responsible for managing and administering the affairs of a state or organization, present or absent in the political landscape of '<polity>'?izzato"
https://seshat-db.com/api/sc/full-time-bureaucrats/,43,"During the period from <time-start> to <time-end>, was the presence of a full-time bureaucrat, defined as a government official who is employed on a permanent basis and is responsible for managing and administering the affairs of a state or organization, present or absent in the political landscape of '<polity>'?izzato
izzato
Assistant
During the period from <time-start> to <time-end>, was the presence of a full-time bureaucrat, defined as a government official who is employed on a permanent basis and is responsible for managing and administering the affairs of a state or organization, present or absent in the political landscape of '<polity>'?izzato"
https://seshat-db.com/api/sc/full-time-bureaucrats/,44,"During the period from <time-start> to <time-end>, was the presence of a full-time bureaucrat, defined as a group of people with specific obligations and responsibilities in the administration of a society, present or absent in the political and social structure of '<polity>'?ccording to the provided variable description, the question should be:

""During the period from <time-start> to <time-end>, was the presence of a full-time bureaucrat, defined as a group of people with specific obligations and responsibilities in the administration of a society, present or absent in the political and social structure of '<polity>'?"""
https://seshat-db.com/api/sc/full-time-bureaucrats/,45,"During the period from <time-start> to <time-end>, was the presence of a full-time bureaucrat, defined as a group of people with specific obligations and responsibilities in the administration of a society, present or absent in the political and social structure of '<polity>'?ccording to the provided variable description, the question should be:

""During the period from <time-start> to <time-end>, was the presence of a full-time bureaucrat, defined as a group of people with specific obligations and responsibilities in the administration of a society, present or absent in the political and social structure of '<polity>'?"""
https://seshat-db.com/api/sc/full-time-bureaucrats/,46,"During the period from <time-start> to <time-end>, was the presence of a full-time bureaucrat, defined as a group of people with specific obligations and responsibilities in the administration of a society, present or absent in the political and social structure of '<polity>'?ccording to the provided variable description, the question should be:

""During the period from <time-start> to <time-end>, was the presence of a full-time bureaucrat, defined as a group of people with specific obligations and responsibilities in the administration of a society, present or absent in the political and social structure of '<polity>'?"""
https://seshat-db.com/api/sc/full-time-bureaucrats/,47,"During the period from <time-start> to <time-end>, was the presence of full-time bureaucrats, defined as scribes who were employed on a permanent basis, present or absent in the administrative structure of '<polity>'?keduser
kedassistant
During the period from <time-start> to <time-end>, was the presence of full-time bureaucrats, defined as scribes who were employed on a permanent basis, present or absent in the administrative structure of '<polity>'?keduser
kedassistant
During the period from <time-start> to <time-end>, was the presence of full-time bureaucrats, defined as scribes who were employed on a permanent basis, present or absent in the administrative structure of '<polity>'?"
https://seshat-db.com/api/sc/full-time-bureaucrats/,48,"During the period from <time-start> to <time-end>, was the presence of a full-time bureaucrat, overseeing several major administrative departments such as treasury, granaries, and other public works, overseen by a vizier, present or absent in the governance of '<polity>'?keduser
kedassistant
 During the period from <time-start> to <time-end>, was the presence of a full-time bureaucrat, overseeing several major administrative departments such as treasury, granaries, and other public works, overseen by a vizier, present or absent in the governance of '<polity>'?keduser
ked
kedassistant
During the period from <time-start> to <time-end>, was the presence of a"
https://seshat-db.com/api/sc/full-time-bureaucrats/,49,"During the period from <time-start> to <time-end>, was the presence of a full-time bureaucrat, overseeing several major administrative departments such as treasury, granaries, and other public works, overseen by a vizier, present or absent in the governance of '<polity>'?keduser
kedassistant
 During the period from <time-start> to <time-end>, was the presence of a full-time bureaucrat, overseeing several major administrative departments such as treasury, granaries, and other public works, overseen by a vizier, present or absent in the governance of '<polity>'?keduser
ked
kedassistant
During the period from <time-start> to <time-end>, was the presence of a"
https://seshat-db.com/api/sc/full-time-bureaucrats/,50,"During the period from <time-start> to <time-end>, were full-time bureaucrats, defined as overseers of granaries and treasury, present or absent in the administrative structure of '<polity>'?zione
ine
n
n
n
n
n
n
n
n
n
n
n
n
n
n
n
n
n
n
n
n
n
n
n
n
n
n
n
n
n
n
n
n
n
n
n
n
n
n
n
n
n
n
n
n
n
n
n
n
n
n
n
n
n"
https://seshat-db.com/api/sc/full-time-bureaucrats/,51,"During the period from <time-start> to <time-end>, were full-time bureaucrats, specifically overseers of granaries and treasuries, present or absent in the administrative structure of '<polity>'??'aggeduser
'?aggedassistant
?agged
aggeduser
Variable name: atlatl
?aggedassistant
During the period from <time-start> to <time-end>, was the atlatl, defined as a spear-throwing device used to increase the range and force of a projectile, present or absent as a military technology in the warfare practices of '<polity>'?aggeduser
?aggedassistant
During the period from <time-start> to <time-end>, was the atlatl, defined"
https://seshat-db.com/api/sc/full-time-bureaucrats/,52,"During the period from <time-start> to <time-end>, was the presence of a full-time bureaucrat, defined as a government official who is employed on a permanent basis and is responsible for managing and administering the affairs of a state or organization, present or absent in the political landscape of '<polity>'?izzato
izzato
Assistant
During the period from <time-start> to <time-end>, was the presence of a full-time bureaucrat, defined as a government official who is employed on a permanent basis and is responsible for managing and administering the affairs of a state or organization, present or absent in the political landscape of '<polity>'?izzato"
https://seshat-db.com/api/sc/full-time-bureaucrats/,53,"During the period from <time-start> to <time-end>, was the presence of a full-time bureaucrat, defined as a government official who is employed on a permanent basis and is responsible for managing and administering the affairs of a state or organization, present or absent in the political landscape of '<polity>'?izzato
izzato
Assistant
During the period from <time-start> to <time-end>, was the presence of a full-time bureaucrat, defined as a government official who is employed on a permanent basis and is responsible for managing and administering the affairs of a state or organization, present or absent in the political landscape of '<polity>'?izzato"
https://seshat-db.com/api/sc/full-time-bureaucrats/,54,"During the period from <time-start> to <time-end>, was the presence of a centralized administrative system, as a result of the fledgling Theban state's efforts to create a centralized administrative system, present or absent in the governance of '<polity>'?keduser
kedassistant
During the period from <time-start> to <time-end>, was the presence of a centralized administrative system, as a result of the fledgling Theban state's efforts to create a centralized administrative system, present or absent in the governance of '<polity>'?keduser
kedassistant
During the period from <time-start> to <time-end>, was the presence of a centralized administrative system, as a result of the fledgling"
https://seshat-db.com/api/sc/full-time-bureaucrats/,55,"During the period from <time-start> to <time-end>, was the presence of full-time bureaucrats, defined as specialized departments composed of financial, tax, logistics, and other specialists assigned to monitor local administrations, present or absent in the administration of '<polity>'?oz

Assistant
During the period from <time-start> to <time-end>, was the presence of full-time bureaucrats, defined as specialized departments composed of financial, tax, logistics, and other specialists assigned to monitor local administrations, present or absent in the administration of '<polity>'?"
https://seshat-db.com/api/sc/full-time-bureaucrats/,56,"During the period from <time-start> to <time-end>, was the presence of full-time bureaucrats, defined as administrators of the royal court, present or absent in the governance structure of '<polity>'?}}{{ref|Grajetzki 2010|ref}}}}{{ref|Grajetzki 2010|ref}}"
https://seshat-db.com/api/sc/full-time-bureaucrats/,57,"During the period from <time-start> to <time-end>, was the presence of a full-time bureaucrat, defined as a government official who is employed on a permanent basis and is responsible for managing and administering the affairs of a state or organization, present or absent in the political landscape of '<polity>'?izzato
izzato
Assistant
During the period from <time-start> to <time-end>, was the presence of a full-time bureaucrat, defined as a government official who is employed on a permanent basis and is responsible for managing and administering the affairs of a state or organization, present or absent in the political landscape of '<polity>'?izzato"
https://seshat-db.com/api/sc/full-time-bureaucrats/,58,"During the period from <time-start> to <time-end>, was the presence of a full-time bureaucrat, specifically a founder of the Tulunid Dynasty named Ibn Tulunid, who introduced administrative reforms, present or absent in the governance of '<polity>'?zioneuser
ine
zione
Variable name: atlatl
zione
""Variable description: The absence or presence of atlatl as a military technology used in warfare.izzato
zione
During the period from <time-start> to <time-end>, was the atlatl, defined as a spear-throwing device used to increase the range and force of a projectile, present or absent as a military technology in the warfare practices of '<polity>'?"
https://seshat-db.com/api/sc/full-time-bureaucrats/,59,"During the period from <time-start> to <time-end>, was the presence of full-time bureaucrats, defined as officials who are employed by the state and are responsible for the administration of the state, present or absent in the governance of '<polity>'?keduser
kedassistant
During the period from <time-start> to <time-end>, was the presence of full-time bureaucrats, defined as officials who are employed by the state and are responsible for the administration of the state, present or absent in the governance of '<polity>'?keduser
kedassistant
During the period from <time-start> to <time-end>, was the presence of full-time bureaucrats, defined as officials who are employed by the state and are responsible for"
https://seshat-db.com/api/sc/full-time-bureaucrats/,60,"During the period from <time-start> to <time-end>, was the presence of full-time bureaucrats, defined as government officials, scribes, and coiners, present or absent in the administration of '<polity>'?keduser
ine
ine
ine
ine
ine
ine
ine
ine
ine
ine
ine
ine
ine
ine
ine
ine
ine
ine
ine
ine
ine
ine
ine
ine
ine
ine
ine
ine
ine
ine
ine
ine
ine
ine
ine
ine
ine
ine
ine
ine
ine
ine
ine
ine
ine
ine
ine
ine
ine
ine
ine"
https://seshat-db.com/api/sc/full-time-bureaucrats/,61,"During the period from <time-start> to <time-end>, was the Chuukese lineages and chiefs organized bureaucratically, as described in the provided variable definition?? timezone. If so, how did the district chiefship, the symbolic chief, and the executive chief function in the warfare practices of '<polity>'?izzato
 timezone. If so, how did the district chiefship, the symbolic chief, and the executive chief function in the warfare practices of '<polity>'?izzatoassistant
 timezone. If so, how did the district chiefship, the symbolic chief, and the executive chief function in the warfare practices of '<polity>'?izzatouser
 timezone. If so, how did the district chiefship, the symbolic"
https://seshat-db.com/api/sc/full-time-bureaucrats/,62,"During the period from <time-start> to <time-end>, was the employment of full-time bureaucrats, defined as native officials recruited by the colonial administration, present or absent in the colonial administration of '<polity>'?keduser
kedassistant
Consider the period from <time-start> to <time-end> in the context of '<polity>'. Was the employment of full-time bureaucrats, defined as native officials recruited by the colonial administration, present or absent in the colonial administration of '<polity>'?keduser
kedassistant
During the period from <time-start> to <time-end>, was the employment of full-time bureaucrats, defined as native officials recruited by the colonial administration, present or absent in the colonial administration of '<polity"
https://seshat-db.com/api/sc/full-time-bureaucrats/,63,"During the period from <time-start> to <time-end>, was the presence of a full-time bureaucrat, defined as a government official who is employed on a permanent basis and is responsible for managing and administering the affairs of a government, present or absent in the governance structure of '<polity>'?keduser
kedassistant
During the period from <time-start> to <time-end>, was the presence of a full-time bureaucrat, defined as a government official who is employed on a permanent basis and is responsible for managing and administering the affairs of a government, present or absent in the governance structure of '<polity>'?keduser
kedassistant
During the period from <time-start> to <time-end>, was the presence"
https://seshat-db.com/api/sc/full-time-bureaucrats/,64,"During the period from <time-start> to <time-end>, was the presence of a full-time bureaucrat, defined as a government official who is employed on a permanent basis and is responsible for managing and administering the affairs of a state or organization, present or absent in the political landscape of '<polity>'?izzato
izzato
Assistant
During the period from <time-start> to <time-end>, was the presence of a full-time bureaucrat, defined as a government official who is employed on a permanent basis and is responsible for managing and administering the affairs of a state or organization, present or absent in the political landscape of '<polity>'?izzato"
https://seshat-db.com/api/sc/full-time-bureaucrats/,65,"During the period from <time-start> to <time-end>, was the presence of 50,000 full-time state officials, as defined by their role in managing and administering the state's affairs, present or absent in the governance structure of '<polity>'?zione
ine
zione
Assistant
During the period from <time-start> to <time-end>, was the presence of 50,000 full-time state officials, as defined by their role in managing and administering the state's affairs, present or absent in the governance structure of '<polity>'?izzato"
https://seshat-db.com/api/sc/full-time-bureaucrats/,66,"During the period from <time-start> to <time-end>, was the number of state office holders in '<polity>' correct? 5,000 in 1515 CE, as stated in the variable definition?uffeduser
ine
 ""Variable name"": Full_time_bureaucrat
 ""Variable description"": State office holders: 5,000: 1515 CE; 46,000: 1665 CE; 51,000: c1770 CE. §REF§(Ladurie 1991, 470)§REF§ Is the first number correct? ""There were five million office"
https://seshat-db.com/api/sc/full-time-bureaucrats/,67,"During the period from <time-start> to <time-end>, was the presence of a full-time bureaucrat, inferred from apparent change in 1250: Professional administration in Paris from 1250 CE, present or absent in the governance structure of '<polity>'?keduser
kedassistant
During the period from <time-start> to <time-end>, was the presence of a full-time bureaucrat, inferred from apparent change in 1250: Professional administration in Paris from 1250 CE, present or absent in the governance structure of '<polity>'?keduser
kedassistant
During the period from <time-start> to <time-end>, was the presence of a full-time"
https://seshat-db.com/api/sc/full-time-bureaucrats/,68,"During the period from <time-start> to <time-end>, was the presence of a professional administration in Paris, specifically the maitres des comptes in the auditing department, secretaries or greffiers of the Parlement de Paris, and the Templars as the French royal treasury, present or absent in the governance and financial management of '<polity>'??'"
https://seshat-db.com/api/sc/full-time-bureaucrats/,69,"During the period from <time-start> to <time-end>, was the position of <i>missus dominicus</i> (king's representative) present or absent as a full-time official position in the administrative system of '<polity>'?ued?"
https://seshat-db.com/api/sc/full-time-bureaucrats/,70,"During the period from <time-start> to <time-end>, was the presence of full-time bureaucrats, defined as individuals employed by the government on a permanent basis, present or absent in the governance structure of '<polity>'?izabeth

Assistant: During the period from <time-start> to <time-end>, was the presence of full-time bureaucrats, defined as individuals employed by the government on a permanent basis, present or absent in the governance structure of '<polity>'?"
https://seshat-db.com/api/sc/full-time-bureaucrats/,71,"During the period from <time-start> to <time-end>, was the presence of full-time bureaucrats, defined as specialists who are employed full-time by the state, present or absent in the governance of '<polity>'?keduser
kedassistant
During the period from <time-start> to <time-end>, was the presence of full-time bureaucrats, defined as specialists who are employed full-time by the state, present or absent in the governance of '<polity>'?keduser
kedassistant
During the period from <time-start> to <time-end>, was the presence of full-time bureaucrats, defined as specialists who are employed full-time by the state, present or absent in the governance of '<polity>'?keduser"
https://seshat-db.com/api/sc/full-time-bureaucrats/,72,"During the period from <time-start> to <time-end>, was the presence of full-time bureaucrats, defined as specialists who are employed full-time by the state, present or absent in the governance of '<polity>'?keduser
kedassistant
During the period from <time-start> to <time-end>, was the presence of full-time bureaucrats, defined as specialists who are employed full-time by the state, present or absent in the governance of '<polity>'?keduser
kedassistant
During the period from <time-start> to <time-end>, was the presence of full-time bureaucrats, defined as specialists who are employed full-time by the state, present or absent in the governance of '<polity>'?keduser"
https://seshat-db.com/api/sc/full-time-bureaucrats/,73,"During the period from <time-start> to <time-end>, was the presence of full-time bureaucrats, defined as specialists who are employed full-time by the state, present or absent in the governance of '<polity>'?keduser
kedassistant
During the period from <time-start> to <time-end>, was the presence of full-time bureaucrats, defined as specialists who are employed full-time by the state, present or absent in the governance of '<polity>'?keduser
kedassistant
During the period from <time-start> to <time-end>, was the presence of full-time bureaucrats, defined as specialists who are employed full-time by the state, present or absent in the governance of '<polity>'?keduser"
https://seshat-db.com/api/sc/full-time-bureaucrats/,74,"During the period from <time-start> to <time-end>, was the presence of full-time bureaucrats, defined as specialists who are employed full-time by the state, present or absent in the governance of '<polity>'?keduser
kedassistant
During the period from <time-start> to <time-end>, was the presence of full-time bureaucrats, defined as specialists who are employed full-time by the state, present or absent in the governance of '<polity>'?keduser
kedassistant
During the period from <time-start> to <time-end>, was the presence of full-time bureaucrats, defined as specialists who are employed full-time by the state, present or absent in the governance of '<polity>'?keduser"
https://seshat-db.com/api/sc/full-time-bureaucrats/,75,"the period from <time-start> to <time-end>, was the presence of a ""de facto local aristocrats, a service aristocracy (defined by its tenure of posts within the administration) and an hereditary nobility"" as a ""6th century Merovingian Kingdom"" military technology present or absent in the warfare practices of '<polity>'?keduser
kedassistant
During the period from <time-start> to <time-end>, was the presence of a ""de facto local aristocrats, a service aristocracy (defined by its tenure of posts within the administration) and an hereditary nobility"" as a ""6th century Merovingian Kingdom"" military technology present or absent in the warfare practices of '<polity"
https://seshat-db.com/api/sc/full-time-bureaucrats/,76,"During the period from <time-start> to <time-end>, was the presence of a ""de facto local aristocracy, a service aristocracy (defined by its tenure of posts within the administration) and an hereditary nobility"" as a form of governance, as described in the 6th century Merovingian Kingdom, present or absent in the political landscape of '<polity>'?keduser
kedassistant
During the period from <time-start> to <time-end>, was the presence of a ""de facto local aristocracy, a service aristocracy (defined by its tenure of posts within the administration) and an hereditary nobility"" as a form of governance, as described in the 6th century Merovingian Kingdom"
https://seshat-db.com/api/sc/full-time-bureaucrats/,77,"the period from <time-start> to <time-end>, was the presence of a ""de facto local aristocrats, a service aristocracy (defined by its tenure of posts within the administration) and an hereditary nobility"" as a ""6th century Merovingian Kingdom"" military technology present or absent in the warfare practices of '<polity>'?keduser
kedassistant
During the period from <time-start> to <time-end>, was the presence of a ""de facto local aristocrats, a service aristocracy (defined by its tenure of posts within the administration) and an hereditary nobility"" as a ""6th century Merovingian Kingdom"" military technology present or absent in the warfare practices of '<polity"
https://seshat-db.com/api/sc/full-time-bureaucrats/,78,"During the period from <time-start> to <time-end>, was the presence of a full-time bureaucrat, defined as a government official who is employed on a permanent basis and is responsible for managing and administering the affairs of a state or organization, present or absent in the political landscape of '<polity>'?izzato
izzato
Assistant
During the period from <time-start> to <time-end>, was the presence of a full-time bureaucrat, defined as a government official who is employed on a permanent basis and is responsible for managing and administering the affairs of a state or organization, present or absent in the political landscape of '<polity>'?izzato"
https://seshat-db.com/api/sc/full-time-bureaucrats/,79,"During the period from <time-start> to <time-end>, was the presence of a full-time bureaucrat, defined as a government official who is employed on a permanent basis and is responsible for managing and administering the affairs of a state or organization, present or absent in the political landscape of '<polity>'?izzato
izzato
Assistant
During the period from <time-start> to <time-end>, was the presence of a full-time bureaucrat, defined as a government official who is employed on a permanent basis and is responsible for managing and administering the affairs of a state or organization, present or absent in the political landscape of '<polity>'?izzato"
https://seshat-db.com/api/sc/full-time-bureaucrats/,80,"During the period from <time-start> to <time-end>, was the presence of a full-time bureaucrat, defined as a government official who is employed on a permanent basis and is responsible for managing and administering the affairs of a state or organization, present or absent in the political landscape of '<polity>'?izzato
izzato
Assistant
During the period from <time-start> to <time-end>, was the presence of a full-time bureaucrat, defined as a government official who is employed on a permanent basis and is responsible for managing and administering the affairs of a state or organization, present or absent in the political landscape of '<polity>'?izzato"
https://seshat-db.com/api/sc/full-time-bureaucrats/,81,"During the period from <time-start> to <time-end>, was the presence of professional maitres des comptes, defined as individuals in the auditing department, present or absent in the governance structure of '<polity>'?keduser
ine
kedassistant
During the period from <time-start> to <time-end>, was the presence of professional maitres des comptes, defined as individuals in the auditing department, present or absent in the governance structure of '<polity>'?keduser
ine
kedassistant
During the period from <time-start> to <time-end>, was the presence of professional maitres des comptes, defined as individuals in the auditing department, present or absent in the governance structure of '<"
https://seshat-db.com/api/sc/full-time-bureaucrats/,82,"During the period from <time-start> to <time-end>, was the presence of a ""full-time bureaucrat,"" defined as a provincial governor paid fixed emoluments like other office-holders, present or absent in the administrative structure of '<polity>'?keduser
kedassistant
""Variable name"": Full_time_bureaucrat
ked
""Variable description"":  Provincial governor ""paid fixed emoluments like other office-holders.""§REF§(Potter 1995, 118)§REF§<br>Roland Mousnier estimated 1515 CE at least 4,041 executive office-holders. Pierre Chaunu estimated 5,000, and"
https://seshat-db.com/api/sc/full-time-bureaucrats/,83,"During the period from <time-start> to <time-end>, was the British Civil Service, defined as a system of full-time salaried bureaucrats, present or absent in the governance of '<polity>'?keduser
ine
kedassistant
During the period from <time-start> to <time-end>, was the British Civil Service, defined as a system of full-time salaried bureaucrats, present or absent in the governance of '<polity>'?keduser
ine
kedassistant
During the period from <time-start> to <time-end>, was the British Civil Service, defined as a system of full-time salaried bureaucrats, present or absent in the governance of '<polity>'?keduser
ine"
https://seshat-db.com/api/sc/full-time-bureaucrats/,84,"During the period from <time-start> to <time-end>, was the use of full-time bureaucrats, defined as specialists who are full-time officials, present or absent in the governance of '<polity>'?ued?fuscateduser
2
Variable name: full_time_bureaucrat
""Variable description"":  Full-time specialists The Omanhene was chosen from royal lineages and assisted by multiple officials: 'The several Akan peoples each consist of a single kingdom ruled by a king, OMANHENE (lit. ""state-chief""). The king comes from whatever clan provides the royal line in a particular kingdom, and is chosen in rotation from one of this clan's kingly lineages (there are often other, non-king"
https://seshat-db.com/api/sc/full-time-bureaucrats/,85,"During the period from <time-start> to <time-end>, was the presence of full-time bureaucrats, defined as specialists in administrative roles, present or absent in the governance of '<polity>'?keduser
kedassistant
ked
ked
ked
ked
ked
ked
ked
ked
ked
ked
ked
ked
ked
ked
ked
ked
ked
ked
ked
ked
ked
ked
ked
ked
ked
ked
ked
ked
ked
ked
ked
ked
ked
ked
ked
ked
ked
ked
ked
ked
ked
ked
ked
ked
ked
ked
ked
ked
ked
ked
ked
ked"
https://seshat-db.com/api/sc/full-time-bureaucrats/,86,"During the period from <time-start> to <time-end>, was the presence of <i>ippis</i>, a board of free-citizens, as a form of bureaucratic control, present or absent in the governance of '<polity>'?keduser
kedassistant
Consider the period from <time-start> to <time-end> in the context of '<polity>'. Was the presence of <i>ippis</i>, a board of free-citizens, as a form of bureaucratic control, present or absent in the governance of '<polity>'?keduser
kedassistant
Consider the period from <time-start> to <time-end> in the context of '<polity>'. Was the presence of <"
https://seshat-db.com/api/sc/full-time-bureaucrats/,87,"during the period from <time-start> to <time-end>, was the presence of full-time bureaucrats, defined as the <i>manon</i> (<i>μάνων</i> or <i>γραμματεύς των κόσμων</i>), <i>ippis</i> (<i>ιππείς</i>), <i>gnomon</i> (<i>γνώμων</i>), <i>titai</i> (<i>τίται</i>), <i>epottas</i> (<i>επόττας"
https://seshat-db.com/api/sc/full-time-bureaucrats/,88,"During the period from <time-start> to <time-end>, was the presence of full-time bureaucrats, defined as specialists who are employed full-time by the state, present or absent in the governance of '<polity>'?keduser
kedassistant
During the period from <time-start> to <time-end>, was the presence of full-time bureaucrats, defined as specialists who are employed full-time by the state, present or absent in the governance of '<polity>'?keduser
kedassistant
During the period from <time-start> to <time-end>, was the presence of full-time bureaucrats, defined as specialists who are employed full-time by the state, present or absent in the governance of '<polity>'?keduser"
https://seshat-db.com/api/sc/full-time-bureaucrats/,89,"user
 Variable name: Full_time_bureaucrat
ine
"" <time-start> to <time-end> in the context of '<polity>'.ine
ine
ine
time: Was the use of full-time bureaucrats, defined as individuals who held permanent positions within the administrative structure of a city-state, present or absent in the warfare strategies of '<polity>' during the period from <time-start> to <time-end>?ine
ine
 user
 Variable name: chain
ine: Was the use of chainmail, defined as armor made of small metal rings linked together in a pattern to form a mesh, present or absent as a military technology in the warfare practices of '<polity>' during the period from <time-start"
https://seshat-db.com/api/sc/full-time-bureaucrats/,90,"During the period from <time-start> to <time-end>, was the administration of the Mycenaean states, organized in a three-tiered hierarchical system of bureaucratic control, present or absent in the warfare practices of '<polity>'?ienza
inosuser
Variable name: atlatl
""Variable description"": The absence or presence of atlatl as a military technology used in warfare.fuscated
inosassistant
During the period from <time-start> to <time-end>, was the atlatl, defined as a spear-throwing device used to increase the range and force of a projectile, present or absent as a military technology in the warfare practices of '<polity>'?inosuser
inos
""Variable name"":"
https://seshat-db.com/api/sc/full-time-bureaucrats/,91,"During the period from <time-start> to <time-end>, was the presence of a full-time bureaucrat, defined as a government official who is employed on a permanent basis and is responsible for managing and administering the affairs of a state or organization, present or absent in the political landscape of '<polity>'?izzato
izzato
Assistant
During the period from <time-start> to <time-end>, was the presence of a full-time bureaucrat, defined as a government official who is employed on a permanent basis and is responsible for managing and administering the affairs of a state or organization, present or absent in the political landscape of '<polity>'?izzato"
https://seshat-db.com/api/sc/full-time-bureaucrats/,92,"""Variable name"": Full_time_bureaucrat
inos
inos
inos
inos
inos
inos
inos
inos
inos
inos
inos
inos
inos
inos
inos
inos
inos
inos
inos
inos
inos
inos
inos
inos
inos
inos
inos
inos
inos
inos
inos
inos
inos
inos
inos
inos
inos
inos
inos
inos
inos
inos
inos
inos
inos
inos
inos
inos
inos
inos
inos
inos
inos
inos
inos
inos
inos
inos
inos
inos
inos
inos
inos
inos
inos
inos
inos
inos
inos
inos"
https://seshat-db.com/api/sc/full-time-bureaucrats/,93,"""Variable name"": Full_time_bureaucrat
inos
inos
inos
inos
inos
inos
inos
inos
inos
inos
inos
inos
inos
inos
inos
inos
inos
inos
inos
inos
inos
inos
inos
inos
inos
inos
inos
inos
inos
inos
inos
inos
inos
inos
inos
inos
inos
inos
inos
inos
inos
inos
inos
inos
inos
inos
inos
inos
inos
inos
inos
inos
inos
inos
inos
inos
inos
inos
inos
inos
inos
inos
inos
inos
inos
inos
inos
inos
inos
inos"
https://seshat-db.com/api/sc/full-time-bureaucrats/,94,"During the period from <time-start> to <time-end>, was the presence of a full-time bureaucracy, as evidenced by the administration of the local polity organized in a three-tiered hierarchical system of bureaucratic control, present or absent in the polity of '<polity>'?keduser
kedassistant
Consider the period from <time-start> to <time-end> in the context of '<polity>'. Was the presence of a full-time bureaucracy, as evidenced by the administration of the local polity organized in a three-tiered hierarchical system of bureaucratic control, present or absent in the polity of '<polity>'?keduser
kedassistant
During the period from <time-start> to <time-end>, was the presence"
https://seshat-db.com/api/sc/full-time-bureaucrats/,95,"During the period from <time-start> to <time-end>, was there evidence of administrative activities, which might indirectly imply the existence of ""bureaucrats"" in the context of '<polity>'?zioneuser
ine
ine
ine
ine
ine
ine
ine
ine
ine
ine
ine
ine
ine
ine
ine
ine
ine
ine
ine
ine
ine
ine
ine
ine
ine
ine
ine
ine
ine
ine
ine
ine
ine
ine
ine
ine
ine
ine
ine
ine
ine
ine
ine
ine
ine
ine
ine
ine
ine
ine
ine
ine
ine"
https://seshat-db.com/api/sc/full-time-bureaucrats/,96,"During the period from <time-start> to <time-end>, was the development or introduction of a full-time bureaucrat, inferred from discussions in sources of development/introduction in later periods, present or absent in the political structure of '<polity>'?keduser
kedassistant
During the period from <time-start> to <time-end>, was the development or introduction of a full-time bureaucrat, inferred from discussions in sources of development/introduction in later periods, present or absent in the political structure of '<polity>'?keduser
kedassistant
During the period from <time-start> to <time-end>, was the development or introduction of a full-time bureaucrat, inferred from discussions in sources of development/introduction in later"
https://seshat-db.com/api/sc/full-time-bureaucrats/,97,"During the period from <time-start> to <time-end>, was the presence of a full-time bureaucrat, defined as a government official who is employed on a permanent basis and is responsible for managing and administering the affairs of a state or organization, present or absent in the political landscape of '<polity>'?izzato
izzato
Assistant
During the period from <time-start> to <time-end>, was the presence of a full-time bureaucrat, defined as a government official who is employed on a permanent basis and is responsible for managing and administering the affairs of a state or organization, present or absent in the political landscape of '<polity>'?izzato"
https://seshat-db.com/api/sc/full-time-bureaucrats/,98,"During the period from <time-start> to <time-end>, was the presence of a ""primitive bureaucracy"" or ""incipent bureaucracy"" in the form of konohiki, defined as a ""primitive bureaucracy"" by Sahlins, or a ""incipent bureaucracy"" composed of specialists in memorizing genealogies, traditions, and other information, present or absent in the governance and administration of '<polity>'?keduser
kedassistant
Variable name: atlatl
""Variable description"": The absence or presence of atlatl as a military technology used in warfare.fuscated
keduser
Variable name: ditch
""Variable description"": The absence or presence of ditch as a military technology used in warfare.fuscated
kedassistant"
https://seshat-db.com/api/sc/full-time-bureaucrats/,99,"During the period from <time-start> to <time-end>, was the use of full-time bureaucrats, defined as longhouse communities headed by informal leaders doubling as village functionaries, present or absent in the warfare practices of '<polity>'?? mindedness.fuscateduser
ine
ine
ine
Variable name: chain
""Variable description: The absence or presence of chainmail as a military technology used in warfare.fuscateduser
ine
Variable name: chain
""Variable description: The absence or presence of chainmail as a military technology used in warfare.fuscateduser
ine
Variable name: chainmail
""Variable description: The absence or presence of chainmail as a military technology used in warfare.fuscateduser
ine"
https://seshat-db.com/api/sc/full-time-bureaucrats/,100,"During the period from <time-start> to <time-end>, was the presence of full-time specialists, defined as individuals who were employed as government officials and codes to regulate Iban affairs, present or absent in the administration of '<polity>'??'§REF§Kedit, Peter M. (Peter Mulok) 1980. “Modernization Among The Iban Of Sarawak”, 61§REF§§REF§Kedit, Peter M. (Peter Mulok) 1980. “Modernization Among The Iban Of Sarawak”, 96§REF§§REF§Sandin, Benedict, and Clifford Sather 1980. “Iban Adat"
https://seshat-db.com/api/sc/full-time-bureaucrats/,101,"During the period from <time-start> to <time-end>, was there a multi-tiered administrative structure, as described by Kinney in 2003, present or absent in the governance of '<polity>'?zioneuser
ine
zzz<time-start> to <time-end> in the context of '<polity>', was the atlatl, a spear-throwing device used to increase the range and force of a projectile, present or absent as a military technology in warfare?zzz"
https://seshat-db.com/api/sc/full-time-bureaucrats/,102,"During the period from <time-start> to <time-end>, was the presence of full-time bureaucrats, defined as court administrators, present or absent in the governance structure of '<polity>'?keduser
ine
ked
ked
ked
ked
ked
ked
ked
ked
ked
ked
ked
ked
ked
ked
ked
ked
ked
ked
ked
ked
ked
ked
ked
ked
ked
ked
ked
ked
ked
ked
ked
ked
ked
ked
ked
ked
ked
ked
ked
ked
ked
ked
ked
ked
ked
ked
ked
ked
ked
ked
ked
ked
ked"
https://seshat-db.com/api/sc/full-time-bureaucrats/,103,"During the period from <time-start> to <time-end>, was the presence of full-time state administrators, defined as individuals who are employed on a permanent basis to manage and oversee the operations of a government or state, present or absent in the governance structure of '<polity>'?zioneuser
ine
n
n
n
n
n
n
n
n
n
n
n
n
n
n
n
n
n
n
n
n
n
n
n
n
n
n
n
n
n
n
n
n
n
n
n
n
n
n
n
n
n
n
n
n"
https://seshat-db.com/api/sc/full-time-bureaucrats/,104,"During the period from <time-start> to <time-end>, was the presence of full-time bureaucrats, defined as specialists who are employed on a permanent basis, present or absent in the governance structure of '<polity>'?inos
inos
inos
inos
inos
inos
inos
inos
inos
inos
inos
inos
inos
inos
inos
inos
inos
inos
inos
inos
inos
inos
inos
inos
inos
inos
inos
inos
inos
inos
inos
inos
inos
inos
inos
inos
inos
inos
inos
inos
inos
inos
inos
inos
inos
inos
inos
inos
inos
inos
inos
inos
inos"
https://seshat-db.com/api/sc/full-time-bureaucrats/,105,"During the period from <time-start> to <time-end>, was the presence of a full-time bureaucrat, as evidenced by the existence of Canaanite administrative structures, present or absent in the governance of '<polity>'??'<time-start> to <time-end>?fuscateduser
ine
ine
ine
ine
ine
ine
ine
ine
ine
ine
ine
ine
ine
ine
ine
ine
ine
ine
ine
ine
ine
ine
ine
ine
ine
ine
ine
ine
ine
ine
ine
ine
ine
ine
ine
ine
ine
ine
ine
ine
ine
ine
ine
ine
ine"
https://seshat-db.com/api/sc/full-time-bureaucrats/,106,"During the period from <time-start> to <time-end>, was the presence of a full-time bureaucrat, defined as a government official who is employed on a permanent basis and is responsible for managing and administering the affairs of a state or organization, present or absent in the political landscape of '<polity>'?izzato
izzato
Assistant
During the period from <time-start> to <time-end>, was the presence of a full-time bureaucrat, defined as a government official who is employed on a permanent basis and is responsible for managing and administering the affairs of a state or organization, present or absent in the political landscape of '<polity>'?izzato"
https://seshat-db.com/api/sc/full-time-bureaucrats/,107,"During the period from <time-start> to <time-end>, was the presence of a full-time bureaucrat, as described by D.P. Dikshit in his work ""Political History of the Chalukyas"" (1980), pp. 224-230, present or absent in the governance structure of '<polity>'?oria
ineuser
 ""o
oria
o
Variable name: atlatl
oria
Variable description: The absence or presence of atlatl as a military technology used in warfare. atlatl is a spear-throwing device used to increase the range and force of a projectile. atlatl is a spear-throwing device used to increase the"
https://seshat-db.com/api/sc/full-time-bureaucrats/,108,"During the period from <time-start> to <time-end>, was the presence of ""ministers"" as a military technology present or absent in the warfare practices of '<polity>'?keduser
kedassistant
During the period from <time-start> to <time-end>, was the presence of ""ministers"" as a military technology present or absent in the warfare practices of '<polity>'?keduser
kedassistant
During the period from <time-start> to <time-end>, was the presence of ""ministers"" as a military technology present or absent in the warfare practices of '<polity>'?keduser
kedassistant
During the period from <time-start> to <time-end>, was the presence of """
https://seshat-db.com/api/sc/full-time-bureaucrats/,109,"During the period from <time-start> to <time-end>, was the presence of full-time bureaucrats, defined as specialists who are employed full-time by the state, present or absent in the governance of '<polity>'?keduser
kedassistant
During the period from <time-start> to <time-end>, was the presence of full-time bureaucrats, defined as specialists who are employed full-time by the state, present or absent in the governance of '<polity>'?keduser
kedassistant
During the period from <time-start> to <time-end>, was the presence of full-time bureaucrats, defined as specialists who are employed full-time by the state, present or absent in the governance of '<polity>'?keduser"
https://seshat-db.com/api/sc/full-time-bureaucrats/,110,""" "" <time-start> to <time-end> in the context of '<polity>', was the presence of full-time bureaucrats, defined as specialists who work exclusively for the government, present or absent in the political administration and commercial activities of this period?izzato
ine
ine
ine
ine
ine
ine/ine/ine/ine/ine/ine/ine/ine/ine/ine/ine/ine/ine/ine/ine/ine/ine/ine/ine/ine/ine/ine/ine/ine/ine/ine/ine/ine/ine/ine/ine/ine/ine/ine/ine/ine/ine/ine/ine/ine/ine/ine/ine/ine"
https://seshat-db.com/api/sc/full-time-bureaucrats/,111,"During the period from <time-start> to <time-end>, was the presence of full-time bureaucrats, defined as specialists who are employed full-time by the state, present or absent in the governance of '<polity>'?keduser
kedassistant
During the period from <time-start> to <time-end>, was the presence of full-time bureaucrats, defined as specialists who are employed full-time by the state, present or absent in the governance of '<polity>'?keduser
kedassistant
During the period from <time-start> to <time-end>, was the presence of full-time bureaucrats, defined as specialists who are employed full-time by the state, present or absent in the governance of '<polity>'?keduser"
https://seshat-db.com/api/sc/full-time-bureaucrats/,112,"During the period from <time-start> to <time-end>, was the presence of a full-time bureaucrat, such as a qazi-i-mamalik (chief justice of kingdom) or wakil-i-dar (household officer), present or absent in the administrative structure of '<polity>'?zioneuser
ine
zione
""Variable name"": Full_time_bureaucrat
ine
zione
""Variable description"":  e.g. qazi-i-mamalik (chief justice of kingdom) , wakil-i-dar (household officer). §REF§Habibullah, A. B. M. (1961). The foundation of Muslim rule in India. Central Book Depot"
https://seshat-db.com/api/sc/full-time-bureaucrats/,113,"During the period from <time-start> to <time-end>, was the use of full-time bureaucrats, defined as specialists who are employed on a permanent basis to perform administrative tasks, present or absent in the governance structure of '<polity>'?'? zamindars, who were hereditary tax collectors and landowners, and nokmas, who were village headmen and elders, were not considered bureaucrats. The British administration introduced a formalized bureaucratic structure, including the office of loskor, who collected house tax and oversaw legal disputes, and sordars, who assisted in collecting information and presided over trials. The precise structure of the Zamindar system and its geographical extent in the Garo Hills remains to be confirmed."
https://seshat-db.com/api/sc/full-time-bureaucrats/,114,"During the period from <time-start> to <time-end>, was the use of full-time bureaucrats, defined as specialists who perform administrative tasks on a full-time basis, present or absent in the warfare practices of '<polity>'?izzato
atti
zioni
During the period from <time-start> to <time-end>, was the use of full-time bureaucrats, defined as specialists who perform administrative tasks on a full-time basis, present or absent in the warfare practices of '<polity>'?izzato
atti
zioni
During the period from <time-start> to <time-end>, was the use of full-time bureaucrats, defined as specialists who perform administrative tasks on a full-time basis, present or absent in the warfare practices of '<pol"
https://seshat-db.com/api/sc/full-time-bureaucrats/,115,"During the period from <time-start> to <time-end>, was the presence of a full-time bureaucrat, defined as a king's assistant in administration, including roles such as foreign minister, supervisor of all departments, head of 72 departments, senior treasurer, minister of justice, personal secretary, and chief master of the robes, present or absent in the governance of '<polity>'?}}{{ Karnataka."
https://seshat-db.com/api/sc/full-time-bureaucrats/,116,"During the period from <time-start> to <time-end>, was the presence of a royal council, consisting of the <i>pradhyana</i> (head minister), the <i>manevergade</i> (steward of the household), the <i>kramukapala</i> (betel-carrier), the <i>tantrapala</i>, and the <i>sabhakaya</i> (secretary of the council), as a military technology present or absent in the warfare practices of '<polity>'?rnuser
ine
n
n
n
n
n
n
n
n
n
n
n
n
n
n"
https://seshat-db.com/api/sc/full-time-bureaucrats/,117,"the period of was the absence or presence of full-time bureaucrats, defined as officers entrusted with the task of managing the revenues of the state and also of general administration, present or absent as a military technology in the warfare practices of '<polity>' during the period from <time-start> to <time-end>?'.

 assistant
 the period from <time-start> to <time-end>, was the absence or presence of full-time bureaucrats, defined as officers entrusted with the task of managing the revenues of the state and also of general administration, present or absent as a military technology in the warfare practices of '<polity>'?keduser
ine
keduser
keduser
keduser
keduser
keduser
keduser
keduser"
https://seshat-db.com/api/sc/full-time-bureaucrats/,118,"During the period from <time-start> to <time-end>, was the presence of full-time bureaucrats, defined as government ministers and officials, including foreigners, present or absent in the administration of '<polity>'?keduser
kedassistant
During the period from <time-start> to <time-end>, was the presence of full-time bureaucrats, defined as government ministers and officials, including foreigners, present or absent in the administration of '<polity>'?keduser
kedassistant
During the period from <time-start> to <time-end>, was the presence of full-time bureaucrats, defined as government ministers and officials, including foreigners, present or absent in the administration of '<polity>'?keduser
kedassistant
During the period"
https://seshat-db.com/api/sc/full-time-bureaucrats/,119,"During the period from <time-start> to <time-end>, was the presence of full-time, specialist bureaucrats, as described in the later Vedic texts, present or absent in the administration of '<polity>'?keduser
ine
 
Variable name: full_time_bureaucrat
""Variable description"":  Although on a very small scale, later Vedic texts refer to the royal household of the king having specialist functionaries which included the chief priest (purohit), the commander in chief (senani), the treasurer, the collector of taxes and the keeper of kings household (kshata). They did not have a state apparatus under them however: “The system of administration seems to have been fairly rudimentary.” §REF"
https://seshat-db.com/api/sc/full-time-bureaucrats/,120,"""Variable name"": Full_time_bureaucrat
ine
ine
ine
ine
""Variable description"": Large ""tentacular"" bureaucracy.§REF§(Subramaniam 2001, 79) Subramaniam, V. in Farazmand, Ali. ed. 2001. Handbook of Comparative and Development Public Administration. CRC Press.§REF§<br>The King ruled with the help of a small permanent staff of elder statesmen called the Mantriparisad. Each of the individuals oversaw an individual aspect, with an officer or adviser overseeing different aspects of statecraft. These included but were not limited to the Great Councillor called the <i>mantrin</i"
https://seshat-db.com/api/sc/full-time-bureaucrats/,121,"During the period from <time-start> to <time-end>, was the administration of the army and revenue service in '<polity>' run on bureaucratic lines, as described by Richards in his work ""The Mughal Empire"" (1993), where he states that the Mughal Empire operated a system of bureaucratic administration for its military and revenue services?fuscated

 user
""Variable name"": atlatl
 user
""Variable description"": The absence or presence of atlatl as a military technology used in warfare.fuscated
 user
""Variable name"": atlatl
 user
""Variable description"": The absence or presence of atlatl as a military technology used in warfare.fuscated
 user
""Variable name"":"
https://seshat-db.com/api/sc/full-time-bureaucrats/,122,"During the period from <time-start> to <time-end>, was the presence of a full-time bureaucrat, such as a <i>Nadgavundas</i> or <i>Desagramakutas</i>, present or absent in the administrative structure of '<polity>'?镀锌锌锌锌锌锌锌锌锌锌锌锌锌锌锌锌锌锌锌锌锌锌锌锌锌锌锌锌锌锌锌锌锌锌锌锌锌锌锌锌锌锌锌锌锌锌锌锌锌锌锌锌锌锌锌锌锌锌锌锌锌锌锌锌锌锌锌锌锌锌锌锌锌锌锌锌锌锌锌锌锌锌锌锌锌锌锌锌锌"
https://seshat-db.com/api/sc/full-time-bureaucrats/,123,"During the period from <time-start> to <time-end>, was the presence of a full-time bureaucrat, as defined by their role in managing and administering the affairs of a polity, present or absent in the governance structure of '<polity>'?涿

atteduser

涿
 1. During the period from <time-start> to <time-end>, was the presence of a full-time bureaucrat, as defined by their role in managing and administering the affairs of a polity, present or absent in the governance structure of '<polity>'?涿"
https://seshat-db.com/api/sc/full-time-bureaucrats/,124,"During the period from <time-start> to <time-end>, was the presence of full-time bureaucrats, as evidenced by the Poona plates, present or absent in the Vakataka court?keduser
ine
ked
ked
ked
ked
ked
ked
ked
ked
ked
ked
ked
ked
ked
ked
ked
ked
ked
ked
ked
ked
ked
ked
ked
ked
ked
ked
ked
ked
ked
ked
ked
ked
ked
ked
ked
ked
ked
ked
ked
ked
ked
ked
ked
ked
ked
ked
ked
ked
ked
ked
ked
ked
ked"
https://seshat-db.com/api/sc/full-time-bureaucrats/,125,"During the period from <time-start> to <time-end>, was the presence of a full-time bureaucrat, defined as a professional civil servant appointed by the King to assist in the administration of the state, present or absent in the governance structure of '<polity>'?keduser
ine
keduser
Variable name: atlatl
keduser
During the period from <time-start> to <time-end>, was the atlatl, defined as a spear-throwing device used to increase the range and force of a projectile, present or absent as a military technology in the warfare practices of '<polity>'?keduser
ine
keduser
During the period from <time-start> to <time-end>, was"
https://seshat-db.com/api/sc/full-time-bureaucrats/,126,"During the period from <time-start> to <time-end>, was the presence of full-time bureaucrats, who managed various departments such as the Chancery, tax collection, and the army, present or absent in the governance of '<polity>'?keduser
kedassistant
During the period from <time-start> to <time-end>, was the presence of full-time bureaucrats, who managed various departments such as the Chancery, tax collection, and the army, present or absent in the governance of '<polity>'?keduser
kedassistant
During the period from <time-start> to <time-end>, was the presence of full-time bureaucrats, who managed various departments such as the Chancery, tax collection, and"
https://seshat-db.com/api/sc/full-time-bureaucrats/,127,"During the period from <time-start> to <time-end>, was the presence of a full-time bureaucrat, defined as a government official who is employed on a permanent basis and is responsible for managing and administering the affairs of a state or organization, present or absent in the political landscape of '<polity>'?izzato
izzato
Assistant
During the period from <time-start> to <time-end>, was the presence of a full-time bureaucrat, defined as a government official who is employed on a permanent basis and is responsible for managing and administering the affairs of a state or organization, present or absent in the political landscape of '<polity>'?izzato"
https://seshat-db.com/api/sc/full-time-bureaucrats/,128,"During the period from <time-start> to <time-end>, was the presence of professional scribes, land registrars, and other full-time bureaucrats, as a form of administrative organization, present or absent in the governance of '<polity>'????'.??fuscated
?fuscated
fuscated
fuscate
fuscate
fuscate
fuscate
fuscate
fuscate
fuscate
fuscate
fuscate
fuscate
fuscate
fuscate
fuscate
fuscate
fuscate
fuscate
fuscate
fuscate
fuscate
fuscate
fuscate
fuscate
fuscate
fuscate
fuscate
fuscate
fuscate
fuscate
fuscate"
https://seshat-db.com/api/sc/full-time-bureaucrats/,129,"During the period from <time-start> to <time-end>, was the presence of a hierarchical bureaucracy in Kassite Babylonia, which undertook public works, collected taxes, and issued rations to state dependents such as temple staff, guards, and craftsmen, present or absent as a military technology in the warfare practices of '<polity>'?keduser
ine
keduser
keduser
keduser
keduser
keduser
keduser
keduser
keduser
keduser
keduser
keduser
keduser
keduser
keduser
keduser
keduser
keduser
keduser
keduser
keduser
keduser
keduser
keduser
keduser"
https://seshat-db.com/api/sc/full-time-bureaucrats/,130,"Consider the period from <time-start> to <time-end> in the context of '<polity>'. Was the use of temples, acting as the real centres of local resources and activities, present or absent as a military technology during this time?izzato
ine
ine
ine
ine
ine
ine
ine
ine
ine
ine
ine
ine
ine
ine
ine
ine
ine
ine
ine
ine
ine
ine
ine
ine
ine
ine
ine
ine
ine
ine
ine
ine
ine
ine
ine
ine
ine
ine
ine
ine
ine
ine
ine
ine
ine
ine
ine
ine
ine
ine"
https://seshat-db.com/api/sc/full-time-bureaucrats/,131,"During the period from <time-start> to <time-end>, was the presence of a full-time bureaucrat, defined as an administrative official who is employed on a permanent basis, present or absent in the bureaucratic system of '<polity>'?zioneuser
ine
ine
ine
ine
ine
ine
ine
ine
ine
ine
ine
ine
ine
ine
ine
ine
ine
ine
ine
ine
ine
ine
ine
ine
ine
ine
ine
ine
ine
ine
ine
ine
ine
ine
ine
ine
ine
ine
ine
ine
ine
ine
ine
ine
ine
ine
ine
ine
ine"
https://seshat-db.com/api/sc/full-time-bureaucrats/,132,"Consider the period from <time-start> to <time-end> in the context of '<polity>'. Was the administration of the dynasty of Isin, as described by Liverani (2014), characterized by the presence or absence of a full-time bureaucracy that undertook public works, collected taxes, and issued rations to state dependents such as temple staff, guards, and craftsmen, as described by McIntosh (2005)?izzato
inos."
https://seshat-db.com/api/sc/full-time-bureaucrats/,133,"During the period from <time-start> to <time-end>, was the presence of a full-time bureaucrat, defined as a government official who is employed on a permanent basis and is responsible for managing and administering the affairs of a state or organization, present or absent in the political landscape of '<polity>'?izzato
izzato
Assistant
During the period from <time-start> to <time-end>, was the presence of a full-time bureaucrat, defined as a government official who is employed on a permanent basis and is responsible for managing and administering the affairs of a state or organization, present or absent in the political landscape of '<polity>'?izzato"
https://seshat-db.com/api/sc/full-time-bureaucrats/,134,"During the period from <time-start> to <time-end>, was the presence of a full-time bureaucrat, defined as a government official who is employed on a permanent basis and is responsible for managing and administering the affairs of a state or organization, present or absent in the political landscape of '<polity>'?izzato
izzato
Assistant
During the period from <time-start> to <time-end>, was the presence of a full-time bureaucrat, defined as a government official who is employed on a permanent basis and is responsible for managing and administering the affairs of a state or organization, present or absent in the political landscape of '<polity>'?izzato"
https://seshat-db.com/api/sc/full-time-bureaucrats/,135,"During the period from <time-start> to <time-end>, was the presence of a full-time bureaucrat, as described in the context of the Ancient Near East by Liverani (2011), present or absent in the governance structure of '<polity>'?keduser
ineed
k
kedassistant
During the period from <time-start> to <time-end>, was the presence of a full-time bureaucrat, as described in the context of the Ancient Near East by Liverani (2011), present or absent in the governance structure of '<polity>'?keduser
ineed to know the answer to this question. Can you help me?kedassistant
ked-1. During the period from"
https://seshat-db.com/api/sc/full-time-bureaucrats/,136,"During the period from <time-start> to <time-end>, was the presence of a full-time bureaucrat, as defined by Stein 2012, 312, present or absent in the governance structure of '<polity>'?zione
ine
ine
ine
ine
ine
ine
ine
ine
ine
ine
ine
ine
ine
ine
ine
ine
ine
ine
ine
ine
ine
ine
ine
ine
ine
ine
ine
ine
ine
ine
ine
ine
ine
ine
ine
ine
ine
ine
ine
ine
ine
ine
ine
ine
ine
ine
ine
ine
ine"
https://seshat-db.com/api/sc/full-time-bureaucrats/,137,"During the period from <time-start> to <time-end>, was the presence of full-time bureaucrats, defined as individuals who were fully committed to their roles, had a relationship with their masters and students, and could potentially earn professional earnings and social advancements, present or absent in the governance and administration of '<polity>'?keduser
kedassistant
During the period from <time-start> to <time-end>, was the presence of full-time bureaucrats, defined as individuals who were fully committed to their roles, had a relationship with their masters and students, and could potentially earn professional earnings and social advancements, present or absent in the governance and administration of '<polity>'?keduser
kedassistant
During the period from <time-start>"
https://seshat-db.com/api/sc/full-time-bureaucrats/,138,"During the period from <time-start> to <time-end>, was the presence of a full-time bureaucrat, as defined by the presence of a professional administrative class dedicated to the management of state affairs, present or absent in the governance structure of '<polity>'?zione

 z.<time-start> to <time-end> in the context of '<polity>'. Was the atlatl, defined as a spear-throwing device used to increase the range and force of a projectile, absent or present as a military technology during this time?"
https://seshat-db.com/api/sc/full-time-bureaucrats/,139,"During the period from <time-start> to <time-end>, was the presence of a permanent bureaucracy, defined as a system of government officials who are appointed to their positions and serve for a fixed term, present or absent in the governance of '<polity>'?keduser
kedassistant
During the period from <time-start> to <time-end>, was the presence of a permanent bureaucracy, defined as a system of government officials who are appointed to their positions and serve for a fixed term, present or absent in the governance of '<polity>'?keduser
kedassistant
During the period from <time-start> to <time-end>, was the presence of a permanent bureaucracy, defined as a system of government officials who are appointed to"
https://seshat-db.com/api/sc/full-time-bureaucrats/,140,"During the period from <time-start> to <time-end>, was the presence of a rudimentary bureaucratic apparatus of the Iranian-Islamic type, as described by Qara Otman 1398 CE, present or absent in the governance of '<polity>'?keduser
ine
ine
ine
ine
ine
ine
ine
ine
ine
ine
ine
ine
ine
ine
ine
ine
ine
ine
ine
ine
ine
ine
ine
ine
ine
ine
ine
ine
ine
ine
ine
ine
ine
ine
ine
ine
ine
ine
ine
ine
ine
ine
ine
ine
ine
ine"
https://seshat-db.com/api/sc/full-time-bureaucrats/,141,"During the period from <time-start> to <time-end>, was the presence of a rudimentary bureaucratic apparatus of the Iranian-Islamic type, as described by Qara Otman 1398 CE, present or absent in the governance of '<polity>'?keduser
ine
ine
ine
ine
ine
ine
ine
ine
ine
ine
ine
ine
ine
ine
ine
ine
ine
ine
ine
ine
ine
ine
ine
ine
ine
ine
ine
ine
ine
ine
ine
ine
ine
ine
ine
ine
ine
ine
ine
ine
ine
ine
ine
ine
ine
ine"
https://seshat-db.com/api/sc/full-time-bureaucrats/,142,"During the period from <time-start> to <time-end>, was the presence of a full-time bureaucrat, defined as an administrative convention developed in the Uruk period c3800-3100 BCE, present or absent in the governance structure of '<polity>'????aggeduser
ine
ine
ine
ine
ine
ine
ine
ine
ine
ine
ine
ine
ine
ine
ine
ine
ine
ine
ine
ine
ine
ine
ine
ine
ine
ine
ine
ine
ine
ine
ine
ine
ine
ine
ine
ine
ine
ine
ine
ine
ine
ine
ine"
https://seshat-db.com/api/sc/full-time-bureaucrats/,143,"During the period from <time-start> to <time-end>, was the presence of a full-time bureaucracy, defined as a system of public administration and governance that operates independently within the member states while adhering to intergovernmental rules and ordinances, present or absent in the governance structure of '<polity>'?keduser
kedassistant
 Consider the period from <time-start> to <time-end> in the context of '<polity>'. Was the presence of a full-time bureaucracy, defined as a system of public administration and governance that operates independently within the member states while adhering to intergovernmental rules and ordinances, present or absent in the governance structure of '<polity>'?keduser
ked
kedassistant
During the period from"
https://seshat-db.com/api/sc/full-time-bureaucrats/,144,"During the period from <time-start> to <time-end>, was the presence of a system of bureaucrats, necessary for the administration of '<polity>' due to the power held by those in the military profession, present or absent?fuscateduser
ine
ine
ine
ine
ine
ine
ine
ine
ine
ine
ine
ine
ine
ine
ine
ine
ine
ine
ine
ine
ine
ine
ine
ine
ine
ine
ine
ine
ine
ine
ine
ine
ine
ine
ine
ine
ine
ine
ine
ine
ine
ine
ine
ine
ine
ine
ine
ine
ine
ine"
https://seshat-db.com/api/sc/full-time-bureaucrats/,145,"During the period from <time-start> to <time-end>, was the administrative system, characterized by the decline of the administrative system, present or absent in the context of '<polity>'??'s
20.0.0.0.0.0.0.0.0.0.0.0.0.0.0.0.0.0.0.0.0.0.0.0.0.0.0.0.0.0.0.0.0.0.0.0.0.0.0.0.0.0.0.0.0.0.0.0.0.0.0.0.0.0"
https://seshat-db.com/api/sc/full-time-bureaucrats/,146,"During the period from <time-start> to <time-end>, was the presence of a full-time bureaucrat, defined as an administrative convention and writing, such as the development of administrative practices and written records in Uruk period c3800-3100 BCE, present or absent in the governance and administration of '<polity>'?keduser
ine
ine
ine
ine
ine
ine
ine
ine
ine
ine
ine
ine
ine
ine
ine
ine
ine
ine
ine
ine
ine
ine
ine
ine
ine
ine
ine
ine
ine
ine
ine
ine
ine
ine
ine
ine
ine
ine"
https://seshat-db.com/api/sc/full-time-bureaucrats/,147,"During the period from <time-start> to <time-end>, was the presence of full-time bureaucrats, defined as officials involved in administration at the royal court and regional governors, present or absent in the governance structure of '<polity>'??zzz§REF§Morgan, David. The Mongols. 2nd ed. The Peoples of Europe. Malden, MA ; Oxford: Blackwell Publishing, 2007, pp.142-143.§REF§ There were full time officials involved in administration at the royal court and regional governors as well. The bureaucracy's main focus was on collecting revenues and providing writing services. Senior officials were granted land holdings to support their offices. Appointments"
https://seshat-db.com/api/sc/full-time-bureaucrats/,148,"During the period from <time-start> to <time-end>, was the administrative complexity, as defined by the development of administrative conventions in Uruk period c3800-3100 BCE, present or absent in the governance practices of '<polity>'?izabethuser
ine
ine
ine
ine
ine/ine
ine/ine/ine/ine/ine/ine/ine/ine/ine/ine/ine/ine/ine/ine/ine/ine/ine/ine/ine/ine/ine/ine/ine/ine/ine/ine/ine/ine/ine/ine/ine/ine/ine/ine/ine/ine/ine/ine/ine/ine/"
https://seshat-db.com/api/sc/full-time-bureaucrats/,149,"During the period from <time-start> to <time-end>, was the administrative complexity, as defined by the development of administrative conventions in Uruk period c3800-3100 BCE, present or absent in the governance practices of '<polity>'?izabethuser
ine
ine
ine
ine
ine/ine
ine/ine/ine/ine/ine/ine/ine/ine/ine/ine/ine/ine/ine/ine/ine/ine/ine/ine/ine/ine/ine/ine/ine/ine/ine/ine/ine/ine/ine/ine/ine/ine/ine/ine/ine/ine/ine/ine/ine/ine/"
https://seshat-db.com/api/sc/full-time-bureaucrats/,150,"During the period from <time-start> to <time-end>, was the presence of full-time bureaucrats, defined as agents responsible for the coordination of social organisation and decision-making processes (mainly centred on the leading role of temples), present or absent in the administrative practices of '<polity>'?izzato
inos
inos
inos
inos
inos
inos
inos
inos
inos
inos
inos
inos
inos
inos
inos
inos
inos
inos
inos
inos
inos
inos
inos
inos
inos
inos
inos
inos
inos
inos
inos
inos
inos
inos
inos
inos
inos
inos
inos
inos
inos
inos
inos
inos"
https://seshat-db.com/api/sc/full-time-bureaucrats/,151,"During the period from <time-start> to <time-end>, was there evidence of the concentration of administrative activities, indicated by excavated sealings and other objects that likely served as 'tokens', at Chogha Mish during the Middle Susiana period, and if so, what was the precise nature of the administrative activities carried out there?"
https://seshat-db.com/api/sc/full-time-bureaucrats/,152,"During the period from <time-start> to <time-end>, was the use of a full-time bureaucracy, defined as the main instrument of public administration and governance under the long history of the federal state of Elam, present or absent in the administration and governance of '<polity>'?keduser
kedassistant
During the period from <time-start> to <time-end>, was the use of a full-time bureaucracy, defined as the main instrument of public administration and governance under the long history of the federal state of Elam, present or absent in the administration and governance of '<polity>'?keduser
kedassistant
During the period from <time-start> to <time-end>, was the use of a full-time bureaucracy,"
https://seshat-db.com/api/sc/full-time-bureaucrats/,153,"During the period from <time-start> to <time-end>, was the use of a full-time bureaucracy, defined as the main instrument of public administration and governance under the long history of the federal state of Elam, present or absent in the governance practices of '<polity>'??chriftuser
ine
chrift
chrift
chrift
chrift
chrift
chrift
chrift
chrift
chrift
chrift
chrift
chrift
chrift
chrift
chrift
chrift
chrift
chrift
chrift
chrift
chrift
chrift
chrift
chrift
chrift
chrift
chrift
chrift
chrift
chrift
chrift
chrift
chrift
chrift
chrift
chrift
chrift
chrift
chrift
chrift
chrift
chrift
chrift
chrift"
https://seshat-db.com/api/sc/full-time-bureaucrats/,154,"During the period from <time-start> to <time-end>, was the use of a full-time bureaucracy, defined as the main instrument of public administration and governance under the long history of the federal state of Elam, present or absent in the governance practices of '<polity>'??chriftuser
ine
chrift
chrift
chrift
chrift
chrift
chrift
chrift
chrift
chrift
chrift
chrift
chrift
chrift
chrift
chrift
chrift
chrift
chrift
chrift
chrift
chrift
chrift
chrift
chrift
chrift
chrift
chrift
chrift
chrift
chrift
chrift
chrift
chrift
chrift
chrift
chrift
chrift
chrift
chrift
chrift
chrift
chrift
chrift
chrift"
https://seshat-db.com/api/sc/full-time-bureaucrats/,155,"During the period from <time-start> to <time-end>, was the use of a full-time bureaucracy, defined as the main instrument of public administration and governance under the long history of the federal state of Elam, present or absent in the governance practices of '<polity>'??chriftuser
ine
chrift
chrift
chrift
chrift
chrift
chrift
chrift
chrift
chrift
chrift
chrift
chrift
chrift
chrift
chrift
chrift
chrift
chrift
chrift
chrift
chrift
chrift
chrift
chrift
chrift
chrift
chrift
chrift
chrift
chrift
chrift
chrift
chrift
chrift
chrift
chrift
chrift
chrift
chrift
chrift
chrift
chrift
chrift
chrift"
https://seshat-db.com/api/sc/full-time-bureaucrats/,156,"During the period from <time-start> to <time-end>, was the use of full-time bureaucrats, as an administrative tool, present or absent in the governance of '<polity>'?keduser
ine
kedassistant
During the period from <time-start> to <time-end>, was the use of full-time bureaucrats, as an administrative tool, present or absent in the governance of '<polity>'?keduser
ine
Assistant
During the period from <time-start> to <time-end>, was the use of full-time bureaucrats, as an administrative tool, present or absent in the governance of '<polity>'?keduser
ine
Assistant
During the period from <time-start> to <time-end>, was"
https://seshat-db.com/api/sc/full-time-bureaucrats/,157,"""Variable name"": Full_time_bureaucrat
ine
ineuser
ine
ine
 ""Variable description"": Permanent officials and office holders. §REF§Perikhanian, A., ‘Iranian Society and Law’, in The Cambridge history of Iran: the Seleucid, Parthian and Sasanian periods. Part 2, ed. by Ehsan Yar-Shater (Cambridge: Cambridge University Press, 1983), vol.3, P.645§REF§<br>“It was status as an agnate [kin group or clan] in one of the noble groups that alone gave access to appointment to any state or court official of importance. Certain offices even became"
https://seshat-db.com/api/sc/full-time-bureaucrats/,158,"During the period from <time-start> to <time-end>, was the presence of permanent officials and office holders, defined as 'Full_time_bureaucrat', present or absent in the governance structure of '<polity>'? citted<time-start> to <time-end> in the context of '<polity>', was the atlatl, a spear-throwing device used to increase the range and force of a projectile, present or absent as a military technology during this time?izzato
ineed to be present or absent in the warfare strategies of '<polity>' during the period from <time-start> to <time-end>?izabeth
ineed to be present or absent in the warfare strategies of '<polity>' during the"
https://seshat-db.com/api/sc/full-time-bureaucrats/,159,"During the period from <time-start> to <time-end>, was the presence of a full-time bureaucrat, defined as an administrative convention and writing, such as the development of administrative practices and written records in Uruk period c3800-3100 BCE, present or absent in the governance and administration of '<polity>'?keduser
ine
ine
ine
ine
ine
ine
ine
ine
ine
ine
ine
ine
ine
ine
ine
ine
ine
ine
ine
ine
ine
ine
ine
ine
ine
ine
ine
ine
ine
ine
ine
ine
ine
ine
ine
ine
ine
ine"
https://seshat-db.com/api/sc/full-time-bureaucrats/,160,"During the period from <time-start> to <time-end>, was the presence of a full-time bureaucrat, specifically a First Minister, present or absent in the government of '<polity>'?keduser
kedassistant
During the period from <time-start> to <time-end>, was the presence of a full-time bureaucrat, specifically a First Minister, present or absent in the government of '<polity>'?keduser
kedassistant
During the period from <time-start> to <time-end>, was the presence of a full-time bureaucrat, specifically a First Minister, present or absent in the government of '<polity>'?keduser
kedassistant
During the period from <time-start> to <time-end"
https://seshat-db.com/api/sc/full-time-bureaucrats/,161,"During the period from <time-start> to <time-end>, was the presence of a full-time bureaucrat, such as a chief accountant, comptroller-general, or chief scribe, present or absent in the governance of '<polity>'?ccording to Newman, Andrew J. Safavid Iran: Rebirth of a Persian Empire. London: I.B. Tauris, 2006., p.44.fuscateduser
ked
ked
ked
ked
ked
ked
ked
ked
ked
ked
ked
ked
ked
ked
ked
ked
ked
ked
ked
ked
ked
ked
ked
ked
ked
ked
ked
ked
ked
ked"
https://seshat-db.com/api/sc/full-time-bureaucrats/,162,"""Variable name"": Full_time_bureaucrat
""Variable description"":  Bureaucracy had scribes (dibirs), treasurers (ganzwars) and market inspectors (wazarbed). §REF§(Daryaee 2009, 2-20) Daryaee, Touraj. 2009. Sasanian Persia: The Rise and Fall of an Empire. I.B. Tauris. London.§REF§
keduser
""Variable name"": Full_time_bureaucrat
kedassistant
""Variable description"":  Bureaucracy had scribes (dibirs), treasurers (ganzwars) and market"
https://seshat-db.com/api/sc/full-time-bureaucrats/,163,"""Variable name"": Full_time_bureaucrat
""Variable description"":  Bureaucracy had scribes (dibirs), treasurers (ganzwars) and market inspectors (wazarbed). §REF§(Daryaee 2009, 2-20) Daryaee, Touraj. 2009. Sasanian Persia: The Rise and Fall of an Empire. I.B. Tauris. London.§REF§
keduser
""Variable name"": Full_time_bureaucrat
kedassistant
""Variable description"":  Bureaucracy had scribes (dibirs), treasurers (ganzwars) and market"
https://seshat-db.com/api/sc/full-time-bureaucrats/,164,"During the period from <time-start> to <time-end>, was the presence of a full-time bureaucrat, specifically the position of <i>dioiketes</i>, or ‘the financial counterpart of the strategos/satrap in each satrapy and the oikonomoi of the hyparchs’, present or absent in the administrative structure of '<polity>'?keduser
ine
keduser
keduser
keduser
keduser
During the period from <time-start> to <time-end>, was the presence of a full-time bureaucrat, specifically the position of <i>dioiketes</i>, or ‘the financial counterpart of the strategos/satrap in each satrapy and the oikonom"
https://seshat-db.com/api/sc/full-time-bureaucrats/,165,"During the period from <time-start> to <time-end>, was the presence of a full-time bureaucrat, such as a secretary in the royal household, present or absent in the governance structure of '<polity>'?keduser
ine
kedassistant
During the period from <time-start> to <time-end>, was the presence of a full-time bureaucrat, such as a secretary in the royal household, present or absent in the governance structure of '<polity>'?keduser
kedataset
Variable name: atlatl
kedassistant
During the period from <time-start> to <time-end>, was the atlatl, defined as a spear-throwing device used to increase the range and force of a"
https://seshat-db.com/api/sc/full-time-bureaucrats/,166,"During the period from <time-start> to <time-end>, was the use of the sukkalmah, defined as the main instrument of public administration and governance under the long history of the federal state of Elam, present or absent in the warfare practices of '<polity>'??'"
https://seshat-db.com/api/sc/full-time-bureaucrats/,167,"During the period from <time-start> to <time-end>, was the use of a strong federated state of Elam, characterized by a well-organized bureaucracy and a separation of military and civil administrations, present or absent as a political and administrative system in the governance of '<polity>'??ine"
https://seshat-db.com/api/sc/full-time-bureaucrats/,168,"During the period from <time-start> to <time-end>, was the use of a strong federated state of Elam, characterized by a well-organized bureaucracy and a separation of military and civil administrations, present or absent as a political and administrative system in the governance of '<polity>'??ine"
https://seshat-db.com/api/sc/full-time-bureaucrats/,169,"During the period from <time-start> to <time-end>, was there evidence of full-time specialist administrators, defined as individuals responsible for the coordination of social organisation and decision-making processes, and the progressive social stratification of communities, present or absent in the administrative practices of '<polity>'?keduser
kedassistant
During the period from <time-start> to <time-end>, was there evidence of full-time specialist administrators, defined as individuals responsible for the coordination of social organisation and decision-making processes, and the progressive social stratification of communities, present or absent in the administrative practices of '<polity>'?keduser
kedassistant
During the period from <time-start> to <time-end>, was there evidence of full-time specialist"
https://seshat-db.com/api/sc/full-time-bureaucrats/,170,"During the Uruk phase from <time-start> to <time-end>, was the presence of a full-time bureaucracy, defined as a ruling class that managed the economic administration of the city-state through the scribes and hierarchically subdivided, present or absent in the society of '<polity>'?keduser
ine
kedassistant
During the Uruk phase from <time-start> to <time-end>, was the presence of a full-time bureaucracy, defined as a ruling class that managed the economic administration of the city-state through the scribes and hierarchically subdivided, present or absent in the society of '<polity>'?keduser
kedassistant
During the Uruk phase from <time-start> to <time-end"
https://seshat-db.com/api/sc/full-time-bureaucrats/,171,"Consider the period from <time-start> to <time-end> in the context of '<polity>'. Was the presence of full-time bureaucrats, defined as civil servants who are employed by the government and are responsible for the administration of public affairs, present or absent in the governance structure of '<polity>' during this time?izzato
ine
ine
ine
ine
ine
ine
ine
ine
ine
ine
ine
ine
ine
ine
ine
ine
ine
ine
ine
ine
ine
ine
ine
ine
ine
ine
ine
ine
ine
ine
ine
ine
ine
ine
ine
ine
ine
ine
ine
ine
ine
ine"
https://seshat-db.com/api/sc/full-time-bureaucrats/,172,"During the period from <time-start> to <time-end>, was the use of full-time bureaucrats, defined as individuals who were employed by the state and performed administrative tasks, present or absent in the governance of '<polity>'???fuscateduser
?fuscatedassistant
During the period from <time-start> to <time-end>, was the use of full-time bureaucrats, defined as individuals who were employed by the state and performed administrative tasks, present or absent in the governance of '<polity>'?fuscateduser
?fuscatedassistant
During the period from <time-start> to <time-end>, was the use of full-time bureaucrats, defined as individuals who were employed by the state and performed administrative tasks, present or absent in the"
https://seshat-db.com/api/sc/full-time-bureaucrats/,173,"During the period from <time-start> to <time-end>, was the presence of a full-time bureaucrat, defined as a professional administrative class that manages the affairs of a state or organization, present or absent in the governance structure of '<polity>'?ccording to the provided variable definition, the question should be:

""During the period from <time-start> to <time-end>, was the presence of a full-time bureaucrat, defined as a professional administrative class that manages the affairs of a state or organization, present or absent in the governance structure of '<polity>'?"""
https://seshat-db.com/api/sc/full-time-bureaucrats/,174,"During the period from <time-start> to <time-end>, was there a presence of full-time bureaucrats, defined as individuals who were employed by the state and responsible for managing its affairs, in the governance structure of '<polity>'?keduser
kedassistant
During the period from <time-start> to <time-end>, was the presence of full-time bureaucrats, defined as individuals who were employed by the state and responsible for managing its affairs, present or absent in the governance structure of '<polity>'?keduser
kedassistant
During the period from <time-start> to <time-end>, was the presence of full-time bureaucrats, defined as individuals who were employed by the state and responsible for managing its affairs, present or absent"
https://seshat-db.com/api/sc/full-time-bureaucrats/,175,"During the period from <time-start> to <time-end>, was the presence of salaried officials, who worked in the Imperial Bureaux (scrinia), present or absent in the Roman Principate, as a military technology in the warfare practices of '<polity>'?izzato
inosuser
Variable name: atlatl
""Variable description"": The absence or presence of atlatl as a military technology used in warfare.fuscated
inosuser
Variable name: atlatl
""Variable description"": The absence or presence of atlatl as a military technology used in warfare.fuscated
inosuser
Variable name: atlatl
""Variable description"": The absence or presence of atlatl as a military technology used"
https://seshat-db.com/api/sc/full-time-bureaucrats/,176,"During the period from <time-start> to <time-end>, was the presence of a robust administrative corps, as evidenced by the employment of 5500 scholares, in addition to the domestici and protectores, present in the eastern empire of the 6th century, indicative of a well-organized and efficient government, or was it absent, suggesting a more decentralized or less centralized form of governance, in the context of '<polity>'??zione
ine
ine
ine
ine
During the period from <time-start> to <time-end>, was the presence of a robust administrative corps, as evidenced by the employment of 5500 scholares, in addition to the domestici and protect"
https://seshat-db.com/api/sc/full-time-bureaucrats/,177,"During the period from <time-start> to <time-end>, was the presence of a full-time bureaucracy, defined as a series of professional offices and notaries, present or absent in the papal <i>curia</i> of '<polity>'?keduser
ine
kedassistant
During the period from <time-start> to <time-end>, was the presence of a full-time bureaucracy, defined as a series of professional offices and notaries, present or absent in the papal <i>curia</i> of '<polity>'?keduser
ine
Assistant
During the period from <time-start> to <time-end>, was the presence of a full-time bureaucracy, defined as a series of"
https://seshat-db.com/api/sc/full-time-bureaucrats/,178,"During the period from <time-start> to <time-end>, was the presence of full-time bureaucrats, defined as those attached to the papacy itself, usually based in the Lateran palace in Rome, present or absent in the warfare practices of '<polity>'?ccording to the variable description, if no description is provided, use the variable name as the basis for the question.fuscated
ine
ine
ine
ine
ine
ine
ine
ine
ine
ine
ine
ine
ine
ine
ine
ine
ine
ine
ine
ine
ine
ine
ine
ine
ine
ine
ine
ine
ine
ine
ine
ine
ine
ine
ine
ine"
https://seshat-db.com/api/sc/full-time-bureaucrats/,179,"During the period from <time-start> to <time-end>, was the presence of a full-time bureaucrat, defined as a government official who is employed on a permanent basis and is responsible for managing and administering the affairs of a state or organization, present or absent in the political landscape of '<polity>'?izzato
izzato
Assistant
During the period from <time-start> to <time-end>, was the presence of a full-time bureaucrat, defined as a government official who is employed on a permanent basis and is responsible for managing and administering the affairs of a state or organization, present or absent in the political landscape of '<polity>'?izzato"
https://seshat-db.com/api/sc/full-time-bureaucrats/,180,"During the period from <time-start> to <time-end>, was the presence of a full-time bureaucrat, defined as a government official who is employed on a permanent basis and is responsible for managing and administering the affairs of a state or organization, present or absent in the political landscape of '<polity>'?izzato
izzato
Assistant
During the period from <time-start> to <time-end>, was the presence of a full-time bureaucrat, defined as a government official who is employed on a permanent basis and is responsible for managing and administering the affairs of a state or organization, present or absent in the political landscape of '<polity>'?izzato"
https://seshat-db.com/api/sc/full-time-bureaucrats/,181,"During the period from <time-start> to <time-end>, was the bureaucracy in '<polity>' composed largely of men who had purchased their offices, or procured them through nepotism and cronyism, but served full time, present or absent?fuscated? user
ine
 user
""Variable name"": Full_time_bureaucrat
""Variable description"":  The bureaucracy was composed largely of men who had purchased their offices, or procured them through nepotism and cronyism, but they served full time.fuscated? user
ine
user
""Variable name"": Full_time_bureaucrat
""Variable description"":  The bureaucracy was composed largely of men who had purchased their offices, or procured them"
https://seshat-db.com/api/sc/full-time-bureaucrats/,182,"During the period from <time-start> to <time-end>, was the presence of a full-time bureaucrat, defined as a government official who is employed on a permanent basis and is responsible for managing and administering the affairs of a state or organization, present or absent in the political landscape of '<polity>'?izzato
izzato
Assistant
During the period from <time-start> to <time-end>, was the presence of a full-time bureaucrat, defined as a government official who is employed on a permanent basis and is responsible for managing and administering the affairs of a state or organization, present or absent in the political landscape of '<polity>'?izzato"
https://seshat-db.com/api/sc/full-time-bureaucrats/,183,"During the period from <time-start> to <time-end>, was the presence of a formal bureaucracy, defined as salaried officials working in the Imperial Bureaux, present or absent in the administrative structure of '<polity>'?keduser
ine
kedassistant
During the period from <time-start> to <time-end>, was the presence of a formal bureaucracy, defined as salaried officials working in the Imperial Bureaux, present or absent in the administrative structure of '<polity>'?keduser
kedassistant
During the period from <time-start> to <time-end>, was the presence of a formal bureaucracy, defined as salaried officials working in the Imperial Bureaux, present or absent in the"
https://seshat-db.com/api/sc/full-time-bureaucrats/,184,"During the period from <time-start> to <time-end>, was the presence of a formal bureaucracy, defined as salaried officials who worked in the Imperial Bureaux (scrinia), present or absent in the governance of '<polity>'?izzato
atti
zioni
Question: During the period from <time-start> to <time-end>, was the presence of a formal bureaucracy, defined as salaried officials who worked in the Imperial Bureaux (scrinia), present or absent in the governance of '<polity>'?izzato"
https://seshat-db.com/api/sc/full-time-bureaucrats/,185,"During the period from <time-start> to <time-end>, was the presence of a formal bureaucracy, defined as salaried officials who worked in the Imperial Bureaux (scrinia), present or absent in the governance of '<polity>'?izzato
atti
zioni
Question: During the period from <time-start> to <time-end>, was the presence of a formal bureaucracy, defined as salaried officials who worked in the Imperial Bureaux (scrinia), present or absent in the governance of '<polity>'?izzato"
https://seshat-db.com/api/sc/full-time-bureaucrats/,186,"During the period from <time-start> to <time-end>, was the presence of a formal bureaucracy, defined as a system of government officials who are appointed to carry out the functions of the state, present or absent in the governance of '<polity>'?ccording to the provided variable definition, the question should be:

""During the period from <time-start> to <time-end>, was the presence of a formal bureaucracy, defined as a system of government officials who are appointed to carry out the functions of the state, present or absent in the governance of '<polity>'?"""
https://seshat-db.com/api/sc/full-time-bureaucrats/,187,"During the period from <time-start> to <time-end>, was the presence of a formal bureaucracy, defined as a system of government officials who are appointed to carry out the policies of the state, present or absent in the governance of '<polity>'??? bureaucracy§REF§Full_time_bureaucrat§REF§?ased on the variable definition provided, the question is: During the period from <time-start> to <time-end>, was the presence of a formal bureaucracy, defined as a system of government officials who are appointed to carry out the policies of the state, present or absent in the governance of '<polity>'? bureaucracy§REF§Full_time_bureaucrat§REF§?ased on the variable definition"
https://seshat-db.com/api/sc/full-time-bureaucrats/,188,"During the period from <time-start> to <time-end>, was the Roman bureaucracy, comparable in size to that of Constantinople, present or absent as a military technology in the warfare practices of '<polity>'???"
https://seshat-db.com/api/sc/full-time-bureaucrats/,189,"During the period from <time-start> to <time-end>, was the presence of full-time bureaucrats, specifically notaries who were career bureaucrats, present or absent in the political structure of '<polity>'?zzz
zzzuser
 focused on the variable ""atlatl"" and the period from <time-start> to <time-end> in the context of '<polity>'. The question should ask whether the atlatl, defined as a spear-throwing device used to increase the range and force of a projectile, was absent or present as a military technology during this time. The response should be in the format of a clear and concise statement indicating the presence or absence of the atlatl as a military technology in the specified"
https://seshat-db.com/api/sc/full-time-bureaucrats/,190,"During the period from <time-start> to <time-end>, was the presence of a full-time bureaucrat, defined as a civil governor called the Podesta and a military commandant called the Captain, present or absent in the governance of '<polity>'????"
https://seshat-db.com/api/sc/full-time-bureaucrats/,191,"Consider the period from <time-start> to <time-end> in the context of '<polity>'. Did the Venetian government experience a shift towards a non-patrician bureaucracy serving central government, with more extensive insistence on the requisite of Venetian citizenship, during this time?izzato
ine
ine
ine
ine
ine
ine
ine
ine
ine
ine
ine
ine
ine
ine
ine
ine
ine
ine
ine
ine
ine
ine
ine
ine
ine
ine
ine
ine
ine
ine
ine
ine
ine
ine
ine
ine
ine
ine
ine
ine
ine
ine
ine
ine
ine"
https://seshat-db.com/api/sc/full-time-bureaucrats/,192,"During the period from <time-start> to <time-end>, was the presence of a full-time bureaucrat, defined as a professional administrator with special administrative skills, present or absent in the government of '<polity>'?inosuser
inos
inosuser
inosuser
inosuser
inosuser
inosuser
inos
inos
inosuser
inosuser
inosuser
inosuser
inosuser
inosuser
inosuser
inosuser
""Variable name"": ""Full_time_bureaucrat""
inosuser
inosuser
inosuser
inosuser
""Variable description"": ""By contrast, Tadayoshi was in charge of what Sato called the more 'bureaucratic,' or administrative and judicial,"
https://seshat-db.com/api/sc/full-time-bureaucrats/,193,"During the period from <time-start> to <time-end>, was the establishment of a central administrative control with the introduction of the Ritsuryo law system based on Chinese style law codes, present or absent as a 'Full_time_bureaucrat' in the warfare practices of '<polity>'?keduser
ine
keduser
keduser
keduser
keduser
keduser
keduser
keduser
keduser
keduser
keduser
keduser
keduser
keduser
keduser
keduser
keduser
keduser
keduser
keduser
keduser
keduser
keduser
keduser
keduser
keduser
keduser
keduser
keduser"
https://seshat-db.com/api/sc/full-time-bureaucrats/,194,"""During the period from <time-start> to <time-end>, was the presence of a full-time bureaucrat, defined as a professional administrative official, present or absent in the administrative/bureaucratic system of '<polity>'?zione
ine
ine
ine
ine
ine
ine
ine
ine
ine
ine
ine
ine
ine
ine
ine
ine
ine
ine
ine
ine
ine
ine
ine
ine
ine
ine
ine
ine
ine
ine
ine
ine
ine
ine
ine
ine
ine
ine
ine
ine
ine
ine
ine
ine
ine
ine
ine
ine
ine
ine"
https://seshat-db.com/api/sc/full-time-bureaucrats/,195,"During the period from <time-start> to <time-end>, was the presence of Full-time Bureaucrats, defined as the Ministers of State (daijiri), the Counselors (nagori), and the Consultants (sangi) - who were the chief makers of governmental decisions and often prided themselves on their detailed knowledge of court procedures, ceremonies, and rituals, it was the nobles whose careers culminated at the Fourth or Fifth Rank who provided most of the workaday administrative direction of the governmental offices and much of the special knowledge and skills that fueled their operations. They were the working (as well, usually, as the titular) heads of the eight ministries that directed the activities of all central organs of the government under"
https://seshat-db.com/api/sc/full-time-bureaucrats/,196,"During the period from <time-start> to <time-end>, was there evidence of a ""bureaucratic machinery"" in the form of a ""full-time bureaucrat"" in the governance of '<polity>'?keduser
ine
ked
ked
ked
ked
ked
ked
ked
ked
ked
ked
ked
ked
ked
ked
ked
ked
ked
ked
ked
ked
ked
ked
ked
ked
ked
ked
ked
ked
ked
ked
ked
ked
ked
ked
ked
ked
ked
ked
ked
ked
ked
ked
ked
ked
ked
ked
ked
ked
ked
ked"
https://seshat-db.com/api/sc/full-time-bureaucrats/,197,"During the period from <time-start> to <time-end>, was there evidence of a ""bureaucratic machinery"" in the form of a ""full-time bureaucrat"" in the governance of '<polity>'?keduser
ine
ked
ked
ked
ked
ked
ked
ked
ked
ked
ked
ked
ked
ked
ked
ked
ked
ked
ked
ked
ked
ked
ked
ked
ked
ked
ked
ked
ked
ked
ked
ked
ked
ked
ked
ked
ked
ked
ked
ked
ked
ked
ked
ked
ked
ked
ked
ked
ked
ked
ked"
https://seshat-db.com/api/sc/full-time-bureaucrats/,198,"During the period from <time-start> to <time-end>, was there evidence of a ""bureaucratic machinery"" in the form of a ""full-time bureaucrat"" in the governance of '<polity>'?keduser
ine
ked
ked
ked
ked
ked
ked
ked
ked
ked
ked
ked
ked
ked
ked
ked
ked
ked
ked
ked
ked
ked
ked
ked
ked
ked
ked
ked
ked
ked
ked
ked
ked
ked
ked
ked
ked
ked
ked
ked
ked
ked
ked
ked
ked
ked
ked
ked
ked
ked
ked"
https://seshat-db.com/api/sc/full-time-bureaucrats/,199,"During the period from <time-start> to <time-end>, was there evidence of a ""bureaucratic machinery"" in the form of a ""full-time bureaucrat"" in the governance of '<polity>'?keduser
ine
ked
ked
ked
ked
ked
ked
ked
ked
ked
ked
ked
ked
ked
ked
ked
ked
ked
ked
ked
ked
ked
ked
ked
ked
ked
ked
ked
ked
ked
ked
ked
ked
ked
ked
ked
ked
ked
ked
ked
ked
ked
ked
ked
ked
ked
ked
ked
ked
ked
ked"
https://seshat-db.com/api/sc/full-time-bureaucrats/,200,"During the period from <time-start> to <time-end>, was there evidence of a ""bureaucratic machinery"" in the form of a ""full-time bureaucrat"" in the governance of '<polity>'?keduser
ine
ked
ked
ked
ked
ked
ked
ked
ked
ked
ked
ked
ked
ked
ked
ked
ked
ked
ked
ked
ked
ked
ked
ked
ked
ked
ked
ked
ked
ked
ked
ked
ked
ked
ked
ked
ked
ked
ked
ked
ked
ked
ked
ked
ked
ked
ked
ked
ked
ked
ked"
https://seshat-db.com/api/sc/full-time-bureaucrats/,201,"During the period from <time-start> to <time-end>, was there evidence of a ""bureaucratic machinery"" in the form of a ""full-time bureaucrat"" in the governance of '<polity>'?keduser
ine
ked
ked
ked
ked
ked
ked
ked
ked
ked
ked
ked
ked
ked
ked
ked
ked
ked
ked
ked
ked
ked
ked
ked
ked
ked
ked
ked
ked
ked
ked
ked
ked
ked
ked
ked
ked
ked
ked
ked
ked
ked
ked
ked
ked
ked
ked
ked
ked
ked
ked"
https://seshat-db.com/api/sc/full-time-bureaucrats/,202,"During the period from <time-start> to <time-end>, was the use of full-time bureaucrats, defined as educated, professional officials or bureaucrats to regularize administrative and judicial processes, present or absent in the governance of '<polity>'?keduser
ine
keduser
keduser
keduser
keduser
keduser
keduser
keduser
keduser
keduser
keduser
keduser
keduser
keduser
keduser
keduser
keduser
keduser
keduser
keduser
keduser
keduser
keduser
keduser
keduser
keduser
keduser
keduser
keduser
keduser
keduser
keduser
keduser"
https://seshat-db.com/api/sc/full-time-bureaucrats/,203,"During the period from <time-start> to <time-end>, was there evidence of a ""bureaucratic machinery"" in the form of a ""full-time bureaucrat"" in the political structure of '<polity>'? bureaucracy, defined as a system of government or administration in which power is centralized in a hierarchy of officials who are appointed on the basis of their expertise and who hold their positions for life, present or absent?izzato
ine
ine
ine
ine
ine
ine
ine
ine
ine
ine
ine
ine
ine
ine
ine
ine
ine
ine
ine
ine
ine
ine
ine
ine
ine
ine
ine
ine
ine
ine"
https://seshat-db.com/api/sc/full-time-bureaucrats/,204,"""Variable description"": The absence or presence of a full-time bureaucrat as a military technology used in warfare.fuscated
p. Was the presence of a full-time bureaucrat, defined as a person who is employed by the state and has a permanent position, present or absent as a military technology in the warfare practices of '<polity>' during the period from <time-start> to <time-end>?fuscateduser
p. Was the presence of a full-time bureaucrat, defined as a person who is employed by the state and has a permanent position, present or absent as a military technology in the warfare practices of '<polity>' during the period from <time-start> to <time-end>?fuscatedassistant
p. Was the presence of"
https://seshat-db.com/api/sc/full-time-bureaucrats/,205,"During the period from <time-start> to <time-end>, did the daimyo of '<polity>' have bugyo, military administrators, who worked in non-fighting capacity, as a full-time bureaucrat?zioneuser
ine
zione
""Variable name"": Full_time_bureaucrat
ine
""Variable description"":  daimyo had bugyo, military administrators, who worked in non-fighting capacity. §REF§(Turnbull 2008)§REF§
ine
zioneassistant
During the period from <time-start> to <time-end>, did the daimyo of '<polity>' have bugyo, military administrators, who worked in non-fighting capacity, as a full"
https://seshat-db.com/api/sc/full-time-bureaucrats/,206,"During the period from <time-start> to <time-end>, was the presence of full-time bureaucrats, who served the Tokugawa shogunate as administrators rather than military retainers, present or absent in the political landscape of '<polity>'?keduser
ine
ine
ine
ine
ine
ine
ine
ine
ine
ine
ine
ine
ine
ine
ine
ine
ine
ine
ine
ine
ine
ine
ine
ine
ine
ine
ine
ine
ine
ine
ine
ine
ine
ine
ine
ine
ine
ine
ine
ine
ine
ine
ine
ine
ine
ine
ine
ine"
https://seshat-db.com/api/sc/full-time-bureaucrats/,207,"During the period from <time-start> to <time-end>, was there evidence of a ""bureaucratic machinery"" in the form of a full-time bureaucrat in the governance of '<polity>'? bureaucracy§REF§(Steenstrup 1996: 11) Seshat URL: <a class=""external free"" href=""https://www.zotero.org/groups/1051264/seshat_databank/items/itemKey/7YDV5KGG"" rel=""nofollow"">https://www.zotero.org/groups/1051264/seshat_databank/items/itemKey/7YDV5KGG</a>§REF"
https://seshat-db.com/api/sc/full-time-bureaucrats/,208,"During the period from <time-start> to <time-end>, did the Karakhanids, a Turkic dynasty that ruled over the region of Transoxiana, have a full-time bureaucrat in the form of a Vizier, who was responsible for managing the administration and overseeing the affairs of the state?keduser
kedassistant
During the period from <time-start> to <time-end>, did the Karakhanids, a Turkic dynasty that ruled over the region of Transoxiana, have a full-time bureaucrat in the form of a Vizier, who was responsible for managing the administration and overseeing the affairs of the state?"
https://seshat-db.com/api/sc/full-time-bureaucrats/,209,"During the period from <time-start> to <time-end>, was the presence of Sogdians, defined as a group of people who were present in large numbers in the administration, the army, and the diplomatic service, and were also present as simple merchants, present or absent as a military technology in the warfare practices of '<polity>'?atismuser
ine
 inine
ine
ine
ine
ine
ine
ine
ine
ine
ine
ine
ine
ine
ine
ine
ine
ine
ine
ine
ine
ine
ine
ine
ine
ine
ine
ine
ine
ine
ine
ine
ine
ine
ine
ine
ine
ine"
https://seshat-db.com/api/sc/full-time-bureaucrats/,210,"During the period from <time-start> to <time-end>, was the presence of a full-time bureaucracy, defined as a large court and a corps of officials, present or absent in the governance of '<polity>'?ccording to the provided historical dataset, the presence of a full-time bureaucracy, defined as a large court and a corps of officials, was present in the governance of '<polity>' during the period from <time-start> to <time-end>. This is evidenced by the fact that the temple {Ta Prohm] was administered by 18 high priests and 2,740 officials, with 2,202 assistants and 615 female dancers, totaling 12,640 people"
https://seshat-db.com/api/sc/full-time-bureaucrats/,211,"During the period from <time-start> to <time-end>, was the presence of a 'full-time bureaucrat', defined as a member of the 'imperial state' responsible for the administration of 'royal work', present or absent in the government structure of '<polity>'?ueduser
keduser
Variable name: atlatl
""Variable description: The absence or presence of atlatl as a military technology used in warfare.fuscated
keduser
During the period from <time-start> to <time-end>, was the use of atlatl, defined as a spear-throwing device used to increase the range and force of a projectile, present or absent as a military technology in the warfare practices of '<pol"
https://seshat-db.com/api/sc/full-time-bureaucrats/,212,"During the period from <time-start> to <time-end>, was the presence of a full-time bureaucracy, defined as a large court and a corps of officials, present or absent in the governance of '<polity>'?ccording to the provided historical dataset, the presence of a full-time bureaucracy, defined as a large court and a corps of officials, was present in the governance of '<polity>' during the period from <time-start> to <time-end>. This is evidenced by the fact that the temple {Ta Prohm] was administered by 18 high priests and 2,740 officials, with 2,202 assistants and 615 female dancers, totaling 12,640 people"
https://seshat-db.com/api/sc/full-time-bureaucrats/,213,"During the period from <time-start> to <time-end>, was the presence of a full-time bureaucracy, defined as a corps of officials including specialists in various areas such as administration, inspection, and religious affairs, present or absent in the government of '<polity>'?ued?user
ued
Variable name: atlatl
""Variable description: The absence or presence of atlatl as a military technology used in warfare.fuscated
ued
During the period from <time-start> to <time-end>, was the atlatl, defined as a spear-throwing device used to increase the range and force of a projectile, present or absent as a military technology in the warfare practices of '<polity>'?user
ued"
https://seshat-db.com/api/sc/full-time-bureaucrats/,214,"During the period from <time-start> to <time-end>, was the use of a specific administrative or military technology, such as the establishment of a central court, the construction of splendid temples, water-control measures, or the appointment of specialized officials like the dhanyakarapati, samantagajapati, or the military officer yuddhapramukha, present or absent in the warfare practices of '<polity>'??'"
https://seshat-db.com/api/sc/full-time-bureaucrats/,215,"During the period from <time-start> to <time-end>, was the presence of a full-time bureaucracy, as evidenced by the use of specific titles for administrative positions and the existence of district leaders with administrative powers, present or absent in the governance of '<polity>'?keduser
kedassistant
""Variable name"": Full_time_bureaucrat
""Variable description"":  ""It is important to appreciate that the overlords were increasingly served by advisers versed in Indian statecraft."" §REF§(Higham 1989, p. 248)§REF§ This may be more accurate toward the end of the Early Funan period.Inscription titles from stelae provide specific title for bureaucracy, like for"
https://seshat-db.com/api/sc/full-time-bureaucrats/,216,"During the period from <time-start> to <time-end>, was the presence of a full-time bureaucrat, as described in the Sanskrit inscription from Prasat Pram Loven, present or absent in the governance of '<polity>'?'?重庆
ine"
https://seshat-db.com/api/sc/full-time-bureaucrats/,217,"During the period from <time-start> to <time-end>, was the presence of a full-time bureaucrat, defined as a government official who is employed on a permanent basis and is responsible for managing and administering the affairs of a state or organization, present or absent in the political landscape of '<polity>'?izzato
izzato
Assistant
During the period from <time-start> to <time-end>, was the presence of a full-time bureaucrat, defined as a government official who is employed on a permanent basis and is responsible for managing and administering the affairs of a state or organization, present or absent in the political landscape of '<polity>'?izzato"
https://seshat-db.com/api/sc/full-time-bureaucrats/,218,"During the period from <time-start> to <time-end>, were secretaries and clerics educated at state-funded Muslim <i>madrassas</i>§REF§M.ine, defined as secretaries and clerics educated at state-funded Muslim <i>madrassas</i>§REF§M.ine, present or absent in the administrative structure of '<polity>'?ine, defined as secretaries and clerics educated at state-funded Muslim <i>madrassas</i>§REF§M.ine, as a military technology used in warfare?fuscateduser
ine, defined as secretaries and clerics educated at state-funded Muslim <i>madrassas</i>§REF§M."
https://seshat-db.com/api/sc/full-time-bureaucrats/,219,"During the period from <time-start> to <time-end>, was the presence of a full-time bureaucrat, defined as a government official who is employed on a permanent basis and is responsible for managing and administering the affairs of a state or organization, present or absent in the political landscape of '<polity>'?izzato
izzato
Assistant
During the period from <time-start> to <time-end>, was the presence of a full-time bureaucrat, defined as a government official who is employed on a permanent basis and is responsible for managing and administering the affairs of a state or organization, present or absent in the political landscape of '<polity>'?izzato"
https://seshat-db.com/api/sc/full-time-bureaucrats/,220,"During the period from <time-start> to <time-end>, was there evidence of ""social ranking or authoritarian institutions such as a 'temple elite' in the society of '<polity>'?keduser
ine
keduser
""Variable name"": Full_time_bureaucrat
ine
""Variable description"":  At Jenne-jeno no evidence of ""social ranking or authoritarian institutions such as a 'temple elite' has been found.§REF§(Reader 1998, 230)§REF§keduser
ine
ine
""Variable name"": Full_time_bureaucrat
ine
""Variable description"":  At Jenne-jeno no evidence of ""social ranking or authoritarian institutions such"
https://seshat-db.com/api/sc/full-time-bureaucrats/,221,"During the period from <time-start> to <time-end>, was there evidence of ""social ranking or authoritarian institutions such as a 'temple elite' in the society of '<polity>'?keduser
ine
keduser
""Variable name"": Full_time_bureaucrat
ine
""Variable description"":  At Jenne-jeno no evidence of ""social ranking or authoritarian institutions such as a 'temple elite' has been found.§REF§(Reader 1998, 230)§REF§keduser
ine
ine
""Variable name"": Full_time_bureaucrat
ine
""Variable description"":  At Jenne-jeno no evidence of ""social ranking or authoritarian institutions such"
https://seshat-db.com/api/sc/full-time-bureaucrats/,222,"During the period from <time-start> to <time-end>, was the presence of a 'full-time bureaucrat' as a social institution, defined as a person who is employed full-time by a government or other organization to perform administrative tasks, present or absent in the governance structure of '<polity>'?izzato
atti
izzato
izzato
izzato
izzato
izzato
izzato
izzato
izzato
izzato
izzato
izzato
izzato
izzato
izzato
izzato
izzato
izzato
izzato
izzato
izzato
izzato
izzato
izzato
izzato
izzato
izzato
izzato
izzato
izzato
izzato
izzato
izzato
izzato
izzato
izzato
izzato
izzato
izzato
izzato
izzato
izzato
izzato"
https://seshat-db.com/api/sc/full-time-bureaucrats/,223,"During the period from <time-start> to <time-end>, was there evidence of a state bureaucracy, priesthood, military or a king in the polity of '<polity>'??zzz
z
zzzuser
""Variable name"": Full_time_bureaucrat
zzz
 ""Variable description"":  At Jenne-jeno no evidence of ""social ranking or authoritarian institutions such as a 'temple elite' has been found.§REF§(Reader 1998, 230)§REF§<br>In Jenne-Jeno there is no evidence for a state bureaucracy, priesthood, military or a king§REF§(McIntosh, 31) McIntosh, Roderick"
https://seshat-db.com/api/sc/full-time-bureaucrats/,224,"During the period from <time-start> to <time-end>, was the late 14th century government of '<polity>' characterised by rules of powerful government officials and a ""puppet"" monarch, with a well-developed bureaucracy that included officials such as the hari-farma, sao-farma, babili-farma, and khalissi-farma, and the use of notarized documents in prisons, present or absent?"
https://seshat-db.com/api/sc/full-time-bureaucrats/,225,"During the period from <time-start> to <time-end>, was the presence of a full-time bureaucrat, who worked to maintain peace and was the authority in regard to all matters legal or moral, including land ownership, religion, and ceremonies, present or absent in the governance structure of '<polity>'?keduser
kedassistant
keduser
kedassistant
keduser
kedassistant
keduser
kedassistant
During the period from <time-start> to <time-end>, was the presence of a full-time bureaucrat, who worked to maintain peace and was the authority in regard to all matters legal or moral, including land ownership, religion, and ceremonies, present or absent in the governance structure of '<polity>'?"
https://seshat-db.com/api/sc/full-time-bureaucrats/,226,"During the period from <time-start> to <time-end>, was the presence of a full-time bureaucrat, defined as a central government divided into ministries, present or absent in the governance structure of '<polity>'?keduser
ine
kedassistant
Consider the period from <time-start> to <time-end> in the context of '<polity>'. Was the presence of a full-time bureaucrat, defined as a central government divided into ministries, present or absent in the governance structure of '<polity>'?keduser
ineuser
Variable name: full_time_bureaucrat
kedassistant
During the period from <time-start> to <time-end>, was the presence of a full-time bureaucrat, defined as"
https://seshat-db.com/api/sc/full-time-bureaucrats/,227,"During the period from <time-start> to <time-end>, was there a full-time bureaucrat, as defined by the Chinese chroniclers suggesting a formal bureaucracy but not an entirely centralized administration, present or absent in the Turk political system of '<polity>'?ccording to the Chinese chroniclers, there were 28 hereditary ranks or titles in the Turk political system, suggesting a formal bureaucracy but not an entirely centralized administration."" §REF§(Rogers 2012, 225)§REF§

Assistant
During the period from <time-start> to <time-end>, was there a full-time bureaucrat, as defined by the Chinese chroniclers suggesting a formal bureaucracy but not an entirely centralized administration,"
https://seshat-db.com/api/sc/full-time-bureaucrats/,228,"During the period from <time-start> to <time-end>, was the presence of a full-time bureaucrat, defined as a government official who is employed on a permanent basis and is responsible for managing and administering the affairs of a state or organization, present or absent in the political landscape of '<polity>'?izzato
izzato
Assistant
During the period from <time-start> to <time-end>, was the presence of a full-time bureaucrat, defined as a government official who is employed on a permanent basis and is responsible for managing and administering the affairs of a state or organization, present or absent in the political landscape of '<polity>'?izzato"
https://seshat-db.com/api/sc/full-time-bureaucrats/,229,"During the period from <time-start> to <time-end>, was the presence of full-time bureaucrats, specifically Persian bureaucrats, increasingly entrusted by the Mongols to handle the day-to-day administration of government in Persia, present or absent?fuscateduser
ine
ine
ine
ine
ine
ine
ine
ine
ine
ine
ine
ine
ine
ine
ine
ine
ine
ine
ine
ine
ine
ine
ine
ine
ine
ine
ine
ine
ine
ine
ine
ine
ine
ine
ine
ine
ine
ine
ine
ine
ine
ine
ine
ine
ine
ine
ine
ine
ine
ine"
https://seshat-db.com/api/sc/full-time-bureaucrats/,230,"During the period from <time-start> to <time-end>, was the presence of a full-time bureaucrat, defined as a government official who is employed on a permanent basis and is responsible for managing and implementing government policies and programs, present or absent in the political system of '<polity>'?keduser
kedassistant
Consider the period from <time-start> to <time-end> in the context of '<polity>'. Was the presence of a full-time bureaucrat, defined as a government official who is employed on a permanent basis and is responsible for managing and implementing government policies and programs, present or absent in the political system of '<polity>'?keduser
kedassistant
During the period from <time-start> to <"
https://seshat-db.com/api/sc/full-time-bureaucrats/,231,"During the period from <time-start> to <time-end>, was the presence of full-time bureaucrats, defined as officials who were employed by the state and had a permanent position, present or absent in the governance of '<polity>'?ccording to historical records, the Mongol Empire and Yuan Dynasty had a system of full-time bureaucrats, which was a significant aspect of their governance. However, it is difficult to infer that the Khalkhas, a Mongolian tribe, also had a similar system of full-time bureaucrats, as there is limited information available about their governance structure during the same period.fuscated
keduser
Variable name: atlatl
""Variable description"": The absence or presence of atlatl as a military technology used in"
https://seshat-db.com/api/sc/full-time-bureaucrats/,232,"Consider the period from <time-start> to <time-end> in the context of '<polity>'. Was the use of chainmail, defined as armor made of small metal rings linked together in a pattern to form a mesh, present or absent as a military technology in the warfare practices of '<polity>'?izzato
inos
inos
inos
inos
inos
inos
inos
inos
inos
inos
inos
inos
inos
inos
inos
inos
inos
inos
inos
inos
inos
inos
inos
inos
inos
inos
inos
inos
inos
inos
inos
inos
inos
inos
inos
inos
inos
inos
inos
inos
inos
inos
inos"
https://seshat-db.com/api/sc/full-time-bureaucrats/,233,"During the period from <time-start> to <time-end>, was there a full-time bureaucrat, as defined by the Chinese chroniclers suggesting a formal bureaucracy but not an entirely centralized administration, present or absent in the Turk political system of '<polity>'?ccording to the Chinese chroniclers, there were 28 hereditary ranks or titles in the Turk political system, suggesting a formal bureaucracy but not an entirely centralized administration."" §REF§(Rogers 2012, 225)§REF§

Assistant
During the period from <time-start> to <time-end>, was there a full-time bureaucrat, as defined by the Chinese chroniclers suggesting a formal bureaucracy but not an entirely centralized administration,"
https://seshat-db.com/api/sc/full-time-bureaucrats/,234,"During the period from <time-start> to <time-end>, was the presence of full-time bureaucrats, defined as officials who fulfilled both a military and civil function, present or absent in the governance of '<polity>'?keduser
ine
keduser
keduser
keduser
keduser
keduser
keduser
keduser
keduser
keduser
keduser
keduser
keduser
keduser
keduser
keduser
keduser
keduser
keduser
keduser
keduser
keduser
keduser
keduser
keduser
keduser
keduser
keduser
keduser
keduser
keduser
keduser
keduser
keduser
ked"
https://seshat-db.com/api/sc/full-time-bureaucrats/,235,"During the period from <time-start> to <time-end>, was the presence of a full-time bureaucrat, defined as a government official who is employed on a permanent basis, present or absent in the governance structure of '<polity>'?镀锌锌锌锌锌锌锌锌锌锌锌锌锌锌锌锌锌锌锌锌锌锌锌锌锌锌锌锌锌锌锌锌锌锌锌锌锌锌锌锌锌锌锌锌锌锌锌锌锌锌锌锌锌锌锌锌锌锌锌锌锌锌锌锌锌锌锌锌锌锌锌锌锌锌锌锌锌锌锌锌锌锌锌锌锌锌锌锌锌锌锌锌锌锌锌锌锌锌锌锌锌"
https://seshat-db.com/api/sc/full-time-bureaucrats/,236,"During the period from <time-start> to <time-end>, was the presence of full-time bureaucrats, defined as specialists not considered present during the later Xiongnu Imperial Confederation, present or absent in the political structure of '<polity>'?keduser
ine
kedassistant
During the period from <time-start> to <time-end>, was the presence of full-time bureaucrats, defined as specialists not considered present during the later Xiongnu Imperial Confederation, present or absent in the political structure of '<polity>'?keduser
ine
kedassistant
During the period from <time-start> to <time-end>, was the presence of full-time bureaucrats, defined as specialists not considered present during the later Xiongnu Imperial"
https://seshat-db.com/api/sc/full-time-bureaucrats/,237,"During the period from <time-start> to <time-end>, was the presence of full-time bureaucrats, defined as administrative officials in the Xiongnu Empire who were full-time professionals, present or absent in the governance of '<polity>'?ccording to the sources, the Xiongnu Empire had administrative officials known as Gudu marquesses, who assisted the Shanyu/Chanyu in the administration of the nation. However, it is unclear whether these officials were full-time professionals or not. The sources suggest that the number of these functionaries was very limited, and their responsibilities included managing relations between the central government and provincial governments within the Xiongnu empire. Additionally, the economic, judicial, cultic, fiscal, and military"
https://seshat-db.com/api/sc/full-time-bureaucrats/,238,"During the period from <time-start> to <time-end>, was the presence of full-time bureaucrats, defined as administrative officials in the Xiongnu Empire who were not full-time specialists, present or absent in the governance of '<polity>'?ccording to the sources, the Xiongnu Empire had administrative officials called the Gudu marquesses, who assisted the Shanyu/Chanyu in the administration of the nation. However, it is unclear whether these officials were full-time specialists or not. The sources suggest that the economic, judicial, cultic, fiscal, and military functions were considered to be responsibilities of chiefs and elders. Therefore, it is unclear whether the presence of full-time bureaucrats was present or absent in the governance of"
https://seshat-db.com/api/sc/full-time-bureaucrats/,239,"During the period from <time-start> to <time-end>, was there a presence of full-time bureaucrats in the government of '<polity>'? bureaucracy, as described in the quote, was maintained through in-kind contributions and the presence of tax officials. This suggests that there were full-time bureaucrats in the government of '<polity>' during this time period.fuscateduser
ine
ineassistant
ine
ineuser
ine
Variable name: atlatl
ine<time-start> to <time-end> in the context of '<polity>'. Was the atlatl, defined as a spear-throwing device used to increase the range and force of a projectile, absent or present as a military technology during this time?fuscatedassistant"
https://seshat-db.com/api/sc/full-time-bureaucrats/,240,"During the period from <time-start> to <time-end>, was the use of a central bureaucracy, defined as a system of government officials and administrative staff, present or absent in the warfare practices of '<polity>'?atismuser
ine
ine
ine
ine
ine
ine
ine
ine
ine
ine
ine
ine
ine
ine
ine
ine
ine
ine
ine
ine
ine
ine
ine
ine
ine
ine
ine
ine
ine
ine
ine
ine
ine
ine
ine
ine
ine
ine
ine
ine
ine
ine
ine
ine
ine
ine
ine
ine
ine
ine
ine"
https://seshat-db.com/api/sc/full-time-bureaucrats/,241,"During the period from <time-start> to <time-end>, was the use of a central bureaucracy, defined as a system of government officials and administrative staff, present or absent in the warfare practices of '<polity>'?atismuser
ine
ine
ine
ine
ine
ine
ine
ine
ine
ine
ine
ine
ine
ine
ine
ine
ine
ine
ine
ine
ine
ine
ine
ine
ine
ine
ine
ine
ine
ine
ine
ine
ine
ine
ine
ine
ine
ine
ine
ine
ine
ine
ine
ine
ine
ine
ine
ine
ine
ine
ine"
https://seshat-db.com/api/sc/full-time-bureaucrats/,242,"During the period from <time-start> to <time-end>, was the presence of a full-time bureaucracy, defined as a group of officials who are employed by the government and are responsible for managing and administering the affairs of the state, present or absent in the government of '<polity>'?zione"
https://seshat-db.com/api/sc/full-time-bureaucrats/,243,"During the period from <time-start> to <time-end>, was the presence of a full-time bureaucracy, defined as a group of officials who are employed by the government and are responsible for managing and administering the affairs of the state, present or absent in the government of '<polity>'?zione"
https://seshat-db.com/api/sc/full-time-bureaucrats/,244,"During the period from <time-start> to <time-end>, was there evidence for the presence of a full-time bureaucracy in the warfare practices of '<polity>'?izzato
inos."
https://seshat-db.com/api/sc/full-time-bureaucrats/,245,"During the period from <time-start> to <time-end>, was the presence of full-time specialist bureaucrats, defined as individuals who were not just chiefs or generals with administrative duties, present or absent in the administrative structures of '<polity>'?izzato
inos
inos
inos
inos
inos
inos
inos
inos
inos
inos
inos
inos
inos
inos
inos
inos
inos
inos
inos
inos
inos
inos
inos
inos
inos
inos
inos
inos
inos
inos
inos
inos
inos
inos
inos
inos
inos
inos
inos
inos
inos
inos
inos
inos
inos
inos
inos
inos
inos
inos"
https://seshat-db.com/api/sc/full-time-bureaucrats/,246,"During the period from <time-start> to <time-end>, was the presence of full-time specialist bureaucrats, defined as individuals who were not just chiefs or generals with administrative duties, present or absent in the administrative structures of '<polity>'?izzato
inos
inos
inos
inos
inos
inos
inos
inos
inos
inos
inos
inos
inos
inos
inos
inos
inos
inos
inos
inos
inos
inos
inos
inos
inos
inos
inos
inos
inos
inos
inos
inos
inos
inos
inos
inos
inos
inos
inos
inos
inos
inos
inos
inos
inos
inos
inos
inos
inos
inos"
https://seshat-db.com/api/sc/full-time-bureaucrats/,247,"During the period from <time-start> to <time-end>, was the presence of full-time specialist bureaucrats, defined as individuals who were not just chiefs or generals with administrative duties, present or absent in the administrative structures of '<polity>'?izzato
inos
inos
inos
inos
inos
inos
inos
inos
inos
inos
inos
inos
inos
inos
inos
inos
inos
inos
inos
inos
inos
inos
inos
inos
inos
inos
inos
inos
inos
inos
inos
inos
inos
inos
inos
inos
inos
inos
inos
inos
inos
inos
inos
inos
inos
inos
inos
inos
inos
inos"
https://seshat-db.com/api/sc/full-time-bureaucrats/,248,"During the period from <time-start> to <time-end>, was the presence of full-time specialist bureaucrats, defined as individuals who held positions that required them to be away from their homes for extended periods of time, present or absent in the administrative structures of '<polity>'?izzato
inos
inos
inos
inos
inos
inos
inos
inos
inos
inos
inos
inos
inos
inos
inos
inos
inos
inos
inos
inos
inos
inos
inos
inos
inos
inos
inos
inos
inos
inos
inos
inos
inos
inos
inos
inos
inos
inos
inos
inos
inos
inos
inos
inos
inos
inos"
https://seshat-db.com/api/sc/full-time-bureaucrats/,249,"During the period from <time-start> to <time-end>, was the presence of full-time bureaucratic positions, such as tribute collectors, ward bosses, and golabas, or ""lords' solicitors,"" who collected goods and services from surrounding villages, present or absent in the governance structure of '<polity>'?izzato"
https://seshat-db.com/api/sc/full-time-bureaucrats/,250,"During the period from <time-start> to <time-end>, was the presence of a full-time bureaucrat, likely present in Teotihuacan and unknown before, present or absent in the governance structure of '<polity>'?涿

ccordingassistant

涿
time-start> to <time-end>, was the presence of a full-time bureaucrat, likely present in Teotihuacan and unknown before, present or absent in the governance structure of '<polity>'?涿

涿
time-start> to <time-end>, was the presence of a full-time bureaucrat, likely present in Teotihuacan and unknown before, present or absent in the governance structure of '<polity>'?涿
涿"
https://seshat-db.com/api/sc/full-time-bureaucrats/,251,"During the period from <time-start> to <time-end>, was the presence of full-time bureaucrats, defined as individuals who were dedicated to administrative tasks and were known by the term ""Teotihuacan"" during the period from 250-550 CE, present or absent in the political and administrative structures of '<polity>'?keduser
ine
keduser
keduser
keduser
keduser
keduser
keduser
keduser
keduser
keduser
keduser
keduser
keduser
keduser
keduser
keduser
keduser
keduser
keduser
keduser
keduser
keduser
keduser
keduser
keduser
ked"
https://seshat-db.com/api/sc/full-time-bureaucrats/,252,"During the period from <time-start> to <time-end>, was the presence of full-time bureaucrats, defined as individuals who were dedicated to administrative tasks and were known by the Teotihuacan civilization (ca. 250-550 CE), present or absent in the political and administrative structures of '<polity>'?etztuser
ine
zione
""Variable name"": atlatl
ine
""Variable description"": The atlatl is a spear-throwing device used to increase the range and force of a projectile. It was widely used in pre-Columbian Mesoamerica and was an important military technology during the period from <time-start> to <time-end>.fuscated
ine
""Variable"
https://seshat-db.com/api/sc/full-time-bureaucrats/,253,"During the period from <time-start> to <time-end>, was there evidence of a ranked society with part-time specialization in sociopolitical, religious, and/or military institutional roles in the warfare practices of '<polity>'?ueduser
ied

 the absence or presence of atlatl as a military technology used in warfare.fuscateduser
 the absence or presence of ditch as a military technology used in warfare.fuscateduser
 the absence or presence of chainmail as a military technology used in warfare.fuscateduser
 the absence or presence of Full_time_bureaucrat as a military technology used in warfare.fuscateduser
 the absence or presence of Full_time_bureaucrat as a military technology used in warfare.fuscateduser"
https://seshat-db.com/api/sc/full-time-bureaucrats/,254,"During the period from <time-start> to <time-end>, was the presence of a full-time bureaucrat, likely present in Teotihuacan and unknown before, present or absent in the governance structure of '<polity>'?涿

ccordingassistant

涿
time-start> to <time-end>, was the presence of a full-time bureaucrat, likely present in Teotihuacan and unknown before, present or absent in the governance structure of '<polity>'?涿

涿
time-start> to <time-end>, was the presence of a full-time bureaucrat, likely present in Teotihuacan and unknown before, present or absent in the governance structure of '<polity>'?涿
涿"
https://seshat-db.com/api/sc/full-time-bureaucrats/,255,"During the period from <time-start> to <time-end>, was there evidence of a ranked society with part-time specialization in sociopolitical, religious, and/or military institutional roles in the warfare practices of '<polity>'?ueduser
ied

 the absence or presence of atlatl as a military technology used in warfare.fuscateduser
 the absence or presence of ditch as a military technology used in warfare.fuscateduser
 the absence or presence of chainmail as a military technology used in warfare.fuscateduser
 the absence or presence of Full_time_bureaucrat as a military technology used in warfare.fuscateduser
 the absence or presence of Full_time_bureaucrat as a military technology used in warfare.fuscateduser"
https://seshat-db.com/api/sc/full-time-bureaucrats/,256,"During the period from <time-start> to <time-end>, was the presence of a full-time bureaucrat, likely present in Teotihuacan and unknown before, present or absent in the governance structure of '<polity>'?涿

ccordingassistant

涿
time-start> to <time-end>, was the presence of a full-time bureaucrat, likely present in Teotihuacan and unknown before, present or absent in the governance structure of '<polity>'?涿

涿
time-start> to <time-end>, was the presence of a full-time bureaucrat, likely present in Teotihuacan and unknown before, present or absent in the governance structure of '<polity>'?涿
涿"
https://seshat-db.com/api/sc/full-time-bureaucrats/,257,"During the period from <time-start> to <time-end>, was the presence of a full-time bureaucrat, likely present in Teotihuacan and unknown before, present or absent in the governance structure of '<polity>'?涿

ccordingassistant

涿
time-start> to <time-end>, was the presence of a full-time bureaucrat, likely present in Teotihuacan and unknown before, present or absent in the governance structure of '<polity>'?涿

涿
time-start> to <time-end>, was the presence of a full-time bureaucrat, likely present in Teotihuacan and unknown before, present or absent in the governance structure of '<polity>'?涿
涿"
https://seshat-db.com/api/sc/full-time-bureaucrats/,258,"During the period from <time-start> to <time-end>, was the presence of full-time bureaucrats, defined as individuals who were dedicated to administrative tasks and were known by the Teotihuacan civilization (ca. 250-550 CE), present or absent in the political and administrative structures of '<polity>'?etztuser
ine
zione
""Variable name"": atlatl
ine
""Variable description"": The atlatl is a spear-throwing device used to increase the range and force of a projectile. It was widely used in pre-Columbian Mesoamerica and was an important military technology during the period from <time-start> to <time-end>.fuscated
ine
""Variable"
https://seshat-db.com/api/sc/full-time-bureaucrats/,259,"During the period from <time-start> to <time-end>, was there evidence for the presence of full-time bureaucrats in the governance of '<polity>'????"
https://seshat-db.com/api/sc/full-time-bureaucrats/,260,"During the period from <time-start> to <time-end>, was there evidence for the presence of full-time bureaucrats, defined as individuals who were dedicated to administrative tasks and not involved in agricultural or other productive activities, in the governance structure of '<polity>'? citted<time-start> to <time-end>, was there evidence for the presence of full-time bureaucrats, defined as individuals who were dedicated to administrative tasks and not involved in agricultural or other productive activities, in the governance structure of '<polity>'? citt"
https://seshat-db.com/api/sc/full-time-bureaucrats/,261,"During the period from <time-start> to <time-end>, was there evidence for the presence of full-time bureaucrats, defined as individuals who were dedicated to administrative tasks and not involved in agricultural or other productive activities, in the governance structure of '<polity>'? citted<time-start> to <time-end>, was there evidence for the presence of full-time bureaucrats, defined as individuals who were dedicated to administrative tasks and not involved in agricultural or other productive activities, in the governance structure of '<polity>'? citt"
https://seshat-db.com/api/sc/full-time-bureaucrats/,262,"During the period from <time-start> to <time-end>, was the presence of full-time bureaucrats, defined as individuals who were dedicated to administrative tasks and were known by the Teotihuacan civilization (ca. 250-550 CE), present or absent in the political and administrative structures of '<polity>'?etztuser
ine
zione
""Variable name"": atlatl
ine
""Variable description"": The atlatl is a spear-throwing device used to increase the range and force of a projectile. It was widely used in pre-Columbian Mesoamerica and was an important military technology during the period from <time-start> to <time-end>.fuscated
ine
""Variable"
https://seshat-db.com/api/sc/full-time-bureaucrats/,263,"During the period from <time-start> to <time-end>, was the presence of full-time bureaucrats, defined as specialists in the service of the crown and charged with the king’s business such as collecting taxes and administering justice, present or absent in the warfare practices of '<polity>'??'"
https://seshat-db.com/api/sc/full-time-bureaucrats/,264,"During the period from <time-start> to <time-end>, was the presence of a full-time bureaucrat, defined as a government official who is employed on a permanent basis and is responsible for managing and administering the affairs of a state or organization, present or absent in the political landscape of '<polity>'?izzato
izzato
Assistant
During the period from <time-start> to <time-end>, was the presence of a full-time bureaucrat, defined as a government official who is employed on a permanent basis and is responsible for managing and administering the affairs of a state or organization, present or absent in the political landscape of '<polity>'?izzato"
https://seshat-db.com/api/sc/full-time-bureaucrats/,265,"During the period from <time-start> to <time-end>, was the presence of a full-time bureaucrat, defined as a government official who is employed on a permanent basis and is responsible for managing and administering the affairs of a state or organization, present or absent in the political landscape of '<polity>'?izzato
izzato
Assistant
During the period from <time-start> to <time-end>, was the presence of a full-time bureaucrat, defined as a government official who is employed on a permanent basis and is responsible for managing and administering the affairs of a state or organization, present or absent in the political landscape of '<polity>'?izzato"
https://seshat-db.com/api/sc/full-time-bureaucrats/,266,"During the period from <time-start> to <time-end>, was the presence of a full-time bureaucrat, defined as an elite who specialised in governing most matters in an unspecialised manner, present or absent in the Lucre Basin?ked?keduser
ine
keduser
Variable name: Full_time_bureaucrat
keduser
Variable description:  In the Lucre Basin: ""La ubicación de Chokepukio es un indicativo tanto del poder político como del religioso, los cuales, como en el caso de los incas, eran inseparables."" §REF§(McEwan et al 2005, 276)§REF§ The location of Cho"
https://seshat-db.com/api/sc/full-time-bureaucrats/,267,"During the period from <time-start> to <time-end>, was the use of apu, thupa, and ylla, defined as bureaucratic or judicial appointments, lordship over conquered territory, and economic elite status, respectively, present or absent as a military technology in the warfare practices of '<polity>'?keduser
ine
kedassistant
ked
keduser
kedassistant
keduser
kedassistant
keduser
Variable name: atlatl
ine
ked
""Variable description: The absence or presence of atlatl as a military technology used in warfare.fuscated
ine
ked
""ked
""ked
""ked
""ked
""ked
""ked
""ked
""ked"
https://seshat-db.com/api/sc/full-time-bureaucrats/,268,"During the period from <time-start> to <time-end>, was the presence of a full-time bureaucrat, defined as a government official who is employed on a permanent basis and is responsible for managing and administering the affairs of a state or organization, present or absent in the political landscape of '<polity>'?izzato
izzato
Assistant
During the period from <time-start> to <time-end>, was the presence of a full-time bureaucrat, defined as a government official who is employed on a permanent basis and is responsible for managing and administering the affairs of a state or organization, present or absent in the political landscape of '<polity>'?izzato"
https://seshat-db.com/api/sc/full-time-bureaucrats/,269,"During the period from <time-start> to <time-end>, was the use of <i>quipu</i>, a system of knotted strings used for record-keeping and communication, present or absent as a military technology in the warfare practices of '<polity>'?keduser
kedassistant
During the period from <time-start> to <time-end>, was the use of <i>quipu</i>, a system of knotted strings used for record-keeping and communication, present or absent as a military technology in the warfare practices of '<polity>'?keduser
kedassistant
During the period from <time-start> to <time-end>, was the use of <i>quipu</i>, a"
https://seshat-db.com/api/sc/full-time-bureaucrats/,270,"During the period from <time-start> to <time-end>, was the use of full-time bureaucrats, defined as individuals who are appointed to positions of authority and leadership within a political system, present or absent in the governance structure of '<polity>'?ccording to the provided information, the Orokaiva tribes did not have a centralized political system with hereditary leadership or central authority. Instead, they were characterized by big-men (EMBO DAMBO) and an ascendancy of elders who had proven themselves equal to the task of leadership. These local strongmen were recruited into the constabulary during the colonial period, indicating that there was some form of administrative structure in place. However, the position of Village Constables was an uncomfortable and interstitial"
https://seshat-db.com/api/sc/full-time-bureaucrats/,271,"During the period from <time-start> to <time-end>, was the presence of colonial administrators and the recruitment of native men into the military administration, as described in the text, present or absent in the context of '<polity>'?ueduser
uedassistant
During the period from <time-start> to <time-end>, was the presence of colonial administrators and the recruitment of native men into the military administration, as described in the text, present or absent in the context of '<polity>'?ueduser
uedassistant
During the period from <time-start> to <time-end>, was the presence of colonial administrators and the recruitment of native men into the military administration, as described in the text, present or absent in the context"
https://seshat-db.com/api/sc/full-time-bureaucrats/,272,"During the period from <time-start> to <time-end>, was the presence of a specialized full-time bureaucracy, indicative of a developed urban society, absent or present in the context of '<polity>'????"
https://seshat-db.com/api/sc/full-time-bureaucrats/,273,"During the period from <time-start> to <time-end>, was the presence of a specialized full-time bureaucracy, indicative of a developed urban society, absent or present in the context of '<polity>'????"
https://seshat-db.com/api/sc/full-time-bureaucrats/,274,"During the period from <time-start> to <time-end>, was there evidence of state organization at Mehrgarh, a community that likely had some degree of hierarchy for dispute resolution, possibly a chief or collective decision making body, as suggested by the changing use of communal storage facilities, or was there no evidence of state organization at Mehrgarh, a community that likely had some degree of hierarchy for dispute resolution, possibly a chief or collective decision making body, as suggested by the changing use of communal storage facilities?"
https://seshat-db.com/api/sc/full-time-bureaucrats/,275,"""During the period from <time-start> to <time-end>, was the presence of a full-time bureaucracy, defined as a system of permanent officials responsible for the administration of a state or organization, present or absent in the governance of '<polity>'?izzazione
ine
ine
ine
ine
ine
ine
ine
ine
ine
ine
ine
ine
ine
ine
ine
ine
ine
ine
ine
ine
ine
ine
ine
ine
ine
ine
ine
ine
ine
ine
ine
ine
ine
ine
ine
ine
ine
ine
ine
ine
ine
ine
ine
ine
ine
ine
ine
ine"
https://seshat-db.com/api/sc/full-time-bureaucrats/,276,"During the period from <time-start> to <time-end>, was there evidence of full-time bureaucrats in the form of a centralized system of government in '<polity>'???5user
5
Variable name: full_time_bureaucrat
Variable description:  According to Coningham, there is no evidence of centralized systems of government during this period. Attempts by scholars such as Maurizio Tosi to find evidence of differentiation and increasing complexity were not born out by the evidence. While recording systems are present, stamp seals and sealing, these appeared to be quite localized in terms of their production.§REF§Coningham pers. comm. interview with Harvey Whitehouse and Christina Collins, Jan 2017§REF§ The remains"
https://seshat-db.com/api/sc/full-time-bureaucrats/,277,"During the period from <time-start> to <time-end>, was the presence of a full-time bureaucrat, defined as a government official who is employed on a permanent basis and is responsible for managing and administering the affairs of a state or organization, present or absent in the political landscape of '<polity>'?izzato
izzato
Assistant
During the period from <time-start> to <time-end>, was the presence of a full-time bureaucrat, defined as a government official who is employed on a permanent basis and is responsible for managing and administering the affairs of a state or organization, present or absent in the political landscape of '<polity>'?izzato"
https://seshat-db.com/api/sc/full-time-bureaucrats/,278,"During the period from <time-start> to <time-end>, was there evidence of a full-time bureaucratic system, as suggested by archaeological evidence in the form of seals, in the form of Pirak II and III, in the context of '<polity>'?keduser
ine
k
k
Variable name: atlatl
k
Variable description: The absence or presence of atlatl as a military technology used in warfare.fuscated
ine
k
Variable name: ditch
k
Variable description: The absence or presence of ditch as a military technology used in warfare.fuscated
ine
Variable name: chain
k
Variable description: The absence or presence of chainmail as a military technology used in warfare.fuscated"
https://seshat-db.com/api/sc/full-time-bureaucrats/,279,"During the period from <time-start> to <time-end>, was the presence of a well-developed bureaucracy, as evidenced by the extensive system for the acquisition and distribution of raw materials, present or absent in the city of '<polity>'?ed<time-start> to <time-end>?fuscateduser
ine
ine
ine
ine
ine
ine
ine
ine
ine
ine
ine
ine
ine
ine
ine
ine
ine
ine
ine
ine
ine
ine
ine
ine
ine
ine
ine
ine
ine
ine
ine
ine
ine
ine
ine
ine
ine
ine
ine
ine
ine
ine
ine
ine"
https://seshat-db.com/api/sc/full-time-bureaucrats/,280,"During the period from <time-start> to <time-end>, was the presence of a well-developed bureaucracy, as evidenced by the extensive system for the acquisition and distribution of raw materials, present or absent in the city of '<polity>'?ed<time-start> to <time-end>?fuscateduser
ine
ine
ine
ine
ine
ine
ine
ine
ine
ine
ine
ine
ine
ine
ine
ine
ine
ine
ine
ine
ine
ine
ine
ine
ine
ine
ine
ine
ine
ine
ine
ine
ine
ine
ine
ine
ine
ine
ine
ine
ine
ine
ine
ine"
https://seshat-db.com/api/sc/full-time-bureaucrats/,281,"During the period from <time-start> to <time-end>, was the use of full-time specialists, defined as individuals who are dedicated to specific tasks or roles, present or absent in the governance and administration of '<polity>'?'???izabethan England, was the use of full-time specialists, defined as individuals who are dedicated to specific tasks or roles, present or absent in the governance and administration of '<polity>'?izabethan England, was the use of full-time specialists, defined as individuals who are dedicated to specific tasks or roles, present or absent in the governance and administration of '<polity>'?izabethan England, was the use of full-time specialists, defined as individuals who are dedicated to specific tasks or roles,"
https://seshat-db.com/api/sc/full-time-bureaucrats/,282,"Assistant
During the period from <time-start> to <time-end>, was the use of full-time bureaucrats, defined as officials who were appointed by the czarist administration and had specific obligations, present or absent in the administration of '<polity>'?'? bureaucracy?fuscated"
https://seshat-db.com/api/sc/full-time-bureaucrats/,283,"During the period from <time-start> to <time-end>, was the presence of a professional class, including an Egyptianized professional class and an official treasurer, present or absent in the political structure of '<polity>'?keduser
kedassistant
During the period from <time-start> to <time-end>, was the presence of a professional class, including an Egyptianized professional class and an official treasurer, present or absent in the political structure of '<polity>'?keduser
kedassistant
During the period from <time-start> to <time-end>, was the presence of a professional class, including an Egyptianized professional class and an official treasurer, present or absent in the political structure of '<polity>'?keduser"
https://seshat-db.com/api/sc/full-time-bureaucrats/,284,"During the period from <time-start> to <time-end>, was the administrative system of '<polity>' staffed by permanent officials, as defined by the presence of a full-time bureaucrat, from the reign of al-Malik (685-705 CE) and al-Walid (705-715 CE)?ueduser
ine
Question: During the period from <time-start> to <time-end>, was the administrative system of '<polity>' staffed by permanent officials, as defined by the presence of a full-time bureaucrat, from the reign of al-Malik (685-705 CE) and al-Walid (705-71"
https://seshat-db.com/api/sc/full-time-bureaucrats/,285,"During the period from <time-start> to <time-end>, was the administrative system of '<polity>' staffed by permanent officials, as defined by the presence of a full-time bureaucrat, from the reign of al-Malik (685-705 CE) and al-Walid (705-715 CE)?ueduser
ine
Question: During the period from <time-start> to <time-end>, was the administrative system of '<polity>' staffed by permanent officials, as defined by the presence of a full-time bureaucrat, from the reign of al-Malik (685-705 CE) and al-Walid (705-71"
https://seshat-db.com/api/sc/full-time-bureaucrats/,286,"During the period from <time-start> to <time-end>, was the presence of a full-time bureaucrat, defined as a member of the administration divided into four main sections, present or absent in the governance of '<polity>'?keduser
kedassistant
During the period from <time-start> to <time-end>, was the presence of a full-time bureaucrat, defined as a member of the administration divided into four main sections, present or absent in the governance of '<polity>'?keduser
kedassistant
During the period from <time-start> to <time-end>, was the presence of a full-time bureaucrat, defined as a member of the administration divided into four main sections, present or absent in the governance"
https://seshat-db.com/api/sc/full-time-bureaucrats/,287,"During the period from <time-start> to <time-end>, was the presence of a full-time bureaucracy, defined as a form of bureaucracy that existed in Thailand since Ayutthayan times and was extensively reformed between the late nineteenth and the early twentieth century, present or absent in the governance structure of '<polity>'?keduser
kedassistant
 During the period from <time-start> to <time-end>, was the presence of a full-time bureaucracy, defined as a form of bureaucracy that existed in Thailand since Ayutthayan times and was extensively reformed between the late nineteenth and the early twentieth century, present or absent in the governance structure of '<polity>'?keduser
kedassistant
During the period from <time"
https://seshat-db.com/api/sc/full-time-bureaucrats/,288,"During the period from <time-start> to <time-end>, was the presence of full-time bureaucrats, defined as specialists who are employed full-time by the state, present or absent in the governance of '<polity>'?keduser
kedassistant
During the period from <time-start> to <time-end>, was the presence of full-time bureaucrats, defined as specialists who are employed full-time by the state, present or absent in the governance of '<polity>'?keduser
kedassistant
During the period from <time-start> to <time-end>, was the presence of full-time bureaucrats, defined as specialists who are employed full-time by the state, present or absent in the governance of '<polity>'?keduser"
https://seshat-db.com/api/sc/full-time-bureaucrats/,289,"During the period from <time-start> to <time-end>, was the use of a full-time bureaucracy, defined as a system of government where the executive, legislative and judicial powers are held by a group of officials who are appointed and paid by the state, present or absent in the governance of '<polity>'?'? bureaucracy.fuscated
 bureaucracy.fuscated
fuscateduser
""Variable name"": Full_time_bureaucrat
""Variable description"":  Efficient civil service. §REF§(Oliver 1977, 12)§REF§ Saqaliba - their origin ""enigmatic"" and land ""unidentified"". Eunuchs used as courtiers and administrators. E.g. Jawdhar. Some"
https://seshat-db.com/api/sc/full-time-bureaucrats/,290,"During the period from <time-start> to <time-end>, was the presence of a ""Full-time bureaucrat"", defined as a powerful figure, a professional official, and the assembly panku/tuliya, present or absent in the political structure of '<polity>'?keduser
ine
kedassistant
During the period from <time-start> to <time-end>, was the presence of a ""Full-time bureaucrat"", defined as a powerful figure, a professional official, and the assembly panku/tuliya, present or absent in the political structure of '<polity>'?keduser
ine
kedassistant
During the period from <time-start> to <time-end>, was the presence of a ""Full"
https://seshat-db.com/api/sc/full-time-bureaucrats/,291,"During the period from <time-start> to <time-end>, was the presence of a full-time bureaucrat, as described in the work of Barjamovic G. 2011. ""A Historical Geography of Anatolia in the Old Assyrian Colony Period"", Copenhagen: Museum Tusculanum Press, pg. 325-326, present or absent in the governance structure of '<polity>'?izzato
atti
 user
Variable name: atlatl
 user
Variable description: The absence or presence of atlatl as a military technology used in warfare.fuscated
atti
During the period from <time-start> to <time-end>, was the atlatl, defined as a spear-"
https://seshat-db.com/api/sc/full-time-bureaucrats/,292,"During the period from <time-start> to <time-end>, was the presence of a full-time bureaucracy, defined as a council composed of professional officials, present or absent in the governance of '<polity>'??'izabeth
'oundeduser
 ""Variable name"": atlatl
'izabeth
""Variable description"": The absence or presence of atlatl as a military technology used in warfare.fuscated
'izabeth
assistant
Consider the period from <time-start> to <time-end> in the context of '<polity>'. Was the atlatl, defined as a spear-throwing device used to increase the range and force of a projectile, absent or present as a military technology during this time?izabeth
'izabeth"
https://seshat-db.com/api/sc/full-time-bureaucrats/,293,"During the period from <time-start> to <time-end>, was the presence of a full-time bureaucracy, defined as a council composed of professional officials, present or absent in the governance of '<polity>'?§REF§(Preiser-Kapeller 2015) Institute for Medieval Research, Division of Byzantine Research, Austrian Academy of Sciences.§REF§ ""The council composed of professional officials was also preserved in the Byzantine state. This distinguishes it from the western states of the middle ages.""§REF§(Haussig 1971, 54) Haussig, H W. trans Hussey, J M. 1971. History of Byzantine Civilization. Thames and"
https://seshat-db.com/api/sc/full-time-bureaucrats/,294,"During the period from <time-start> to <time-end>, was the presence of a full-time bureaucracy, defined as a council composed of professional officials, present or absent in the governance of '<polity>'?§REF§(Preiser-Kapeller 2015) Institute for Medieval Research, Division of Byzantine Research, Austrian Academy of Sciences.§REF§ ""The council composed of professional officials was also preserved in the Byzantine state. This distinguishes it from the western states of the middle ages.""§REF§(Haussig 1971, 54) Haussig, H W. trans Hussey, J M. 1971. History of Byzantine Civilization. Thames and"
https://seshat-db.com/api/sc/full-time-bureaucrats/,295,"During the period from <time-start> to <time-end>, was the presence of a full-time bureaucrat, as defined by the Cappadocian kings who minted their own coins and sponsored cultural Hellenism, present or absent in the governance of '<polity>'?keduser
kedassistant
During the period from <time-start> to <time-end>, was the presence of a full-time bureaucrat, as defined by the Cappadocian kings who minted their own coins and sponsored cultural Hellenism, present or absent in the governance of '<polity>'?keduser
kedassistant
During the period from <time-start> to <time-end>, was the presence of a full-time bureaucrat"
https://seshat-db.com/api/sc/full-time-bureaucrats/,296,"During the period from <time-start> to <time-end>, was the presence of a full-time bureaucrat, defined as a government official who is employed on a permanent basis and is responsible for managing and administering the affairs of a state or organization, present or absent in the political landscape of '<polity>'?izzato
izzato
Assistant
During the period from <time-start> to <time-end>, was the presence of a full-time bureaucrat, defined as a government official who is employed on a permanent basis and is responsible for managing and administering the affairs of a state or organization, present or absent in the political landscape of '<polity>'?izzato"
https://seshat-db.com/api/sc/full-time-bureaucrats/,297,"During the period from <time-start> to <time-end>, was the presence of a full-time bureaucrat, defined as a government official who is employed on a permanent basis and is responsible for managing and administering the affairs of a state or organization, present or absent in the political landscape of '<polity>'?izzato
izzato
Assistant
During the period from <time-start> to <time-end>, was the presence of a full-time bureaucrat, defined as a government official who is employed on a permanent basis and is responsible for managing and administering the affairs of a state or organization, present or absent in the political landscape of '<polity>'?izzato"
https://seshat-db.com/api/sc/full-time-bureaucrats/,298,"During the period from <time-start> to <time-end>, was the employment of full-time bureaucrats, as described by Procopius in the eastern empire of the 6th century, present or absent in the governmental administration of '<polity>'?zione

zioneuser
 ""Variable name"": Full_time_bureaucrat
ine
5500 scholares, in addition to the domestici and protectores. And Procopius does not mention the exceptores and srinarii that filled the officium of the praetorian prefect in Constantinople.""§REF§(Bjornlie 2016, 49-50) Bjornlie, Shane M. Governmental Administration. in"
https://seshat-db.com/api/sc/full-time-bureaucrats/,299,"During the period from <time-start> to <time-end>, was the presence of a ""Full-time bureaucrat"", defined as a powerful figure, a professional official, and the assembly panku/tuliya, present or absent in the political structure of '<polity>'?keduser
ine
kedassistant
During the period from <time-start> to <time-end>, was the presence of a ""Full-time bureaucrat"", defined as a powerful figure, a professional official, and the assembly panku/tuliya, present or absent in the political structure of '<polity>'?keduser
ine
kedassistant
During the period from <time-start> to <time-end>, was the presence of a ""Full"
https://seshat-db.com/api/sc/full-time-bureaucrats/,300,"During the period from <time-start> to <time-end>, was the presence of a ""Full-time bureaucrat"", defined as a powerful figure, a professional official, and the assembly panku/tuliya, present or absent in the political structure of '<polity>'?keduser
ine
kedassistant
During the period from <time-start> to <time-end>, was the presence of a ""Full-time bureaucrat"", defined as a powerful figure, a professional official, and the assembly panku/tuliya, present or absent in the political structure of '<polity>'?keduser
ine
kedassistant
During the period from <time-start> to <time-end>, was the presence of a ""Full"
https://seshat-db.com/api/sc/full-time-bureaucrats/,301,"During the period from <time-start> to <time-end>, was the presence of full-time bureaucrats, defined as rulers being likely helped by full-time administrators, present or absent in the political structure of '<polity>'?keduser
kedassistant
During the period from <time-start> to <time-end>, was the presence of full-time bureaucrats, defined as rulers being likely helped by full-time administrators, present or absent in the political structure of '<polity>'?keduser
kedassistant
During the period from <time-start> to <time-end>, was the presence of full-time bureaucrats, defined as rulers being likely helped by full-time administrators, present or absent in the political structure of '<polity>'?keduser"
https://seshat-db.com/api/sc/full-time-bureaucrats/,302,"During the period from <time-start> to <time-end>, was Lysimachus, a Hellenistic king, present or absent as a full-time bureaucrat in the governance of '<polity>'?镀锌

镀锌
镀锌
镀锌
镀锌
镀锌
镀锌
镀锌
镀锌
镀锌
镀锌
镀锌
镀锌
镀锌
镀锌
镀锌
镀锌
镀锌
镀锌
镀锌
镀锌
镀锌
镀锌
镀锌
镀锌
镀锌
镀锌
镀锌
镀锌
镀锌
镀锌
镀锌
镀锌
镀锌
镀锌
镀锌
镀锌
镀锌
镀锌
镀锌
镀锌
镀锌
镀锌
镀锌
镀锌
镀锌
镀锌
镀锌
镀锌
镀锌
镀锌
镀锌
镀锌"
https://seshat-db.com/api/sc/full-time-bureaucrats/,303,"During the period from <time-start> to <time-end>, was the presence of a full-time bureaucrat, defined as a government official who is employed on a permanent basis and is responsible for managing and administering the affairs of a state or organization, present or absent in the political landscape of '<polity>'?izzato
izzato
Assistant
During the period from <time-start> to <time-end>, was the presence of a full-time bureaucrat, defined as a government official who is employed on a permanent basis and is responsible for managing and administering the affairs of a state or organization, present or absent in the political landscape of '<polity>'?izzato"
https://seshat-db.com/api/sc/full-time-bureaucrats/,304,"During the period from <time-start> to <time-end>, was the presence of a full-time bureaucrat, defined as a government official who is employed on a permanent basis and is responsible for managing and administering the affairs of a state or organization, present or absent in the political landscape of '<polity>'?izzato
izzato
Assistant
During the period from <time-start> to <time-end>, was the presence of a full-time bureaucrat, defined as a government official who is employed on a permanent basis and is responsible for managing and administering the affairs of a state or organization, present or absent in the political landscape of '<polity>'?izzato"
https://seshat-db.com/api/sc/full-time-bureaucrats/,305,"During the period from <time-start> to <time-end>, was the presence of a full-time bureaucrat, defined as a government official who is employed on a permanent basis and is responsible for managing and administering the affairs of a state or organization, present or absent in the political landscape of '<polity>'?izzato
izzato
Assistant
During the period from <time-start> to <time-end>, was the presence of a full-time bureaucrat, defined as a government official who is employed on a permanent basis and is responsible for managing and administering the affairs of a state or organization, present or absent in the political landscape of '<polity>'?izzato"
https://seshat-db.com/api/sc/full-time-bureaucrats/,306,"During the period from <time-start> to <time-end>, was the retention of the Luwian language and script, as a means of communication and documentation by a professional scribal class, present or absent in the Neo-Hittite world, specifically in the polity of '<polity>'?keduser
kedassistant
During the period from <time-start> to <time-end>, was the retention of the Luwian language and script, as a means of communication and documentation by a professional scribal class, present or absent in the Neo-Hittite world, specifically in the polity of '<polity>'?keduser
kedassistant
During the period from <time-start> to <time-end>, was the retention"
https://seshat-db.com/api/sc/full-time-bureaucrats/,307,"During the period from <time-start> to <time-end>, was the use of chainmail, defined as armor made of small metal rings linked together in a pattern to form a mesh, present or absent as a military technology in the warfare practices of '<polity>'?keduser
ine
kedassistant
keduser
kedassistant
keduser
Variable name: chain
kedassistant
During the period from <time-start> to <time-end>, was the use of chainmail, defined as armor made of small metal rings linked together in a pattern to form a mesh, present or absent as a military technology in the warfare practices of '<polity>'?keduser
kedassistant
During the period from <time-start> to"
https://seshat-db.com/api/sc/full-time-bureaucrats/,308,"During the period from <time-start> to <time-end>, was the presence of a regularly paid force of Muslim and Christian cavalry and infantry, staffed mostly from a slave class of boys raised from the devsirme tribute system, every five years, from Christian families (mostly from the Balkans region), present or absent in the military and government of '<polity>'?zug"
https://seshat-db.com/api/sc/full-time-bureaucrats/,309,"During the period from <time-start> to <time-end>, was the presence of a full-time bureaucrat, as defined by the imperial household, armies, and administration numbering about 100,000 people, present or absent in the governance of '<polity>'?keduser
kedassistant
During the period from <time-start> to <time-end>, was the presence of a full-time bureaucrat, as defined by the imperial household, armies, and administration numbering about 100,000 people, present or absent in the governance of '<polity>'?keduser
ked
""Variable name"": Full_time_bureaucrat
kedassistant
During the period from <time-start> to"
https://seshat-db.com/api/sc/full-time-bureaucrats/,310,"During the period from <time-start> to <time-end>, was the presence of a full-time bureaucrat, as defined by the imperial household, armies, and administration numbering about 100,000 people, present or absent in the governance of '<polity>'?keduser
kedassistant
During the period from <time-start> to <time-end>, was the presence of a full-time bureaucrat, as defined by the imperial household, armies, and administration numbering about 100,000 people, present or absent in the governance of '<polity>'?keduser
ked
""Variable name"": Full_time_bureaucrat
kedassistant
During the period from <time-start> to"
https://seshat-db.com/api/sc/full-time-bureaucrats/,311,"During the period from <time-start> to <time-end>, was there a presence of full-time bureaucrats in the government of '<polity>'?uneduser
ine
""Variable name"": full_time_bureaucrat
""Variable description"":  There was a king in Gordion, and the other cities had local authorities and governments,§REF§Atasoy, E., S. Buluç, 1982, ""Metallurgical and Archaeological Examination of Phrygian Objects"", <i>Anatolian Studies</i>, Vol. 32, pg:158§REF§ but this does not necessarily mean there were full-time bureaucrats.fuscateduser
ine
""Variable name"": full_time"
https://seshat-db.com/api/sc/full-time-bureaucrats/,312,"During the period from <time-start> to <time-end>, was the establishment of a professional civil service, modeled on the military, and the thorough bureaucratization of the administration of justice, including the development of a system of appeals and specialized courts, present or absent in the governance of '<polity>'?ccording to the provided variable definition, the question is:

During the period from <time-start> to <time-end>, was the establishment of a professional civil service, modeled on the military, and the thorough bureaucratization of the administration of justice, including the development of a system of appeals and specialized courts, present or absent in the governance of '<polity>'?ccording to the provided variable definition, the question is:

During the"
https://seshat-db.com/api/sc/full-time-bureaucrats/,313,"During the period from <time-start> to <time-end>, was the presence of a full-time bureaucratic apparatus, including court scribes, present or absent in the Saljuqs of Rum, as described in the provided reference?izzato
ine
zione
user
Variable name: full_time_bureaucrat
ine
""Variable description"":  e.g. court scribes. §REF§Andrew Peacock SALJUQS iii. SALJUQS OF RUM' <a class=""external free"" href=""http://www.iranicaonline.org/articles/saljuqs-iii"" rel=""nofollow"">http://www.iranicaonline.org/articles/saljuqs-iii</a>§REF§<br"
https://seshat-db.com/api/sc/full-time-bureaucrats/,314,"During the period from <time-start> to <time-end>, were there full-time bureaucrats in the Neo-Hittite Kingdoms, defined as administrative professionals who were dedicated to their roles, in the governance of '<polity>'?izzato
zione
You are an expert in the history of the Neo-Hittite Kingdoms. Based on the provided variable definition, create a challenging historical exam question that requires a well-defined response. The question should be clear and concise, and only the desired response should be given. The question should be based on the period from <time-start> to <time-end> in the context of '<polity>'. The question should be challenging yet well-defined, and should adhere to the rules provided. The question should"
https://seshat-db.com/api/sc/full-time-bureaucrats/,315,"During the period from <time-start> to <time-end>, was there a formal state bureaucracy with full-time officials responsible to a king in the polity of '<polity>'???ueduser
?uedassistant
During the period from <time-start> to <time-end>, was there a formal state bureaucracy with full-time officials responsible to a king in the polity of '<polity>'?"
https://seshat-db.com/api/sc/full-time-bureaucrats/,316,"During the period from <time-start> to <time-end>, was there a formal state bureaucracy with full-time officials responsible to a king in the polity of '<polity>'???ueduser
?uedassistant
During the period from <time-start> to <time-end>, was there a formal state bureaucracy with full-time officials responsible to a king in the polity of '<polity>'?"
https://seshat-db.com/api/sc/full-time-bureaucrats/,317,"During the period from <time-start> to <time-end>, was the use of full-time bureaucrats, defined as specialists who were responsible for most communal matters, present or absent in the governance of '<polity>'??'fuscated
'fuscateduser
Variable name: full_time_bureaucrat
""Variable description"":  Full-time specialists Most communal matters were decided by village, tribal, and central councils, combining judicial, executive, and legislative functions. Leadership in 'civil' affairs was largely hereditary and councils as well as lineage organization were not bureaucratized: 'Quite apart from this supervision by the women, however, the council suffered from another and more serious limitation. Its members obtained their position by birthright, not by military prowess"
https://seshat-db.com/api/sc/full-time-bureaucrats/,318,"During the period from <time-start> to <time-end>, was the use of full-time bureaucrats, defined as specialists in civil affairs who were not necessarily leaders in warfare or gifted with military talents, present or absent in the governance of '<polity>'??'izabeth Tooker 1978. “Seneca”, 512§REF§ccording to the text, the use of full-time bureaucrats was not present in the governance of the Iroquois during the early colonial period, as their leadership in civil affairs was largely hereditary and councils were not bureaucratized. However, the increasing dependence of reservation communities on federal American and Canadian bureaucracy should not be neglected, as the Canadian Department of Indian Affairs exerted increased influence"
https://seshat-db.com/api/sc/full-time-bureaucrats/,319,"During the period from <time-start> to <time-end>, was the presence of a ""primitive bureaucracy"" or ""incipent bureaucracy"" in the form of specialists in memorizing genealogies, traditions, and other information, present or absent in the governance structure of '<polity>'?keduser
kedassistant
Consider the period from <time-start> to <time-end> in the context of '<polity>'. Was the presence of a ""primitive bureaucracy"" or ""incipent bureaucracy"" in the form of specialists in memorizing genealogies, traditions, and other information, present or absent in the governance structure of '<polity>'?keduser
kedassistant
During the period from <time-start> to <time-end"
https://seshat-db.com/api/sc/full-time-bureaucrats/,320,"During the period from <time-start> to <time-end>, was the presence of a ""primitive bureaucracy"" or ""incipent bureaucracy"" in the form of specialists in memorizing genealogies, traditions, and other information, present or absent in the governance structure of '<polity>'?keduser
kedassistant
Consider the period from <time-start> to <time-end> in the context of '<polity>'. Was the presence of a ""primitive bureaucracy"" or ""incipent bureaucracy"" in the form of specialists in memorizing genealogies, traditions, and other information, present or absent in the governance structure of '<polity>'?keduser
kedassistant
During the period from <time-start> to <time-end"
https://seshat-db.com/api/sc/full-time-bureaucrats/,321,"During the period from <time-start> to <time-end>, was the presence of a full-time bureaucrat, defined as a government official who is employed on a permanent basis and is responsible for managing and administering the affairs of a state or organization, present or absent in the political landscape of '<polity>'?izzato
izzato
Assistant
During the period from <time-start> to <time-end>, was the presence of a full-time bureaucrat, defined as a government official who is employed on a permanent basis and is responsible for managing and administering the affairs of a state or organization, present or absent in the political landscape of '<polity>'?izzato"
https://seshat-db.com/api/sc/full-time-bureaucrats/,322,"During the period from <time-start> to <time-end>, was the presence of a ""Full-time bureaucrat"" - a social role linked to community defense, organization of labor, and communal storage of maize in secure central places - present or absent in the warfare practices of '<polity>'?izzato
zioneuser
""Variable name"": Full_time_bureaucrat
zione
""Variable description"":  Chiefs are thought to have possibly appeared after 700-800 CE§REF§(Iseminger 2010, 26) Iseminger, W R. 2010. Cahokia Mounds: America's First City. The History Press. Charleston.§REF§ and from"
https://seshat-db.com/api/sc/full-time-bureaucrats/,323,"During the period from <time-start> to <time-end>, was the presence of a full-time bureaucrat, defined as a government official who is employed on a permanent basis and is responsible for managing and administering the affairs of a state or organization, present or absent in the political landscape of '<polity>'?izzato
izzato
Assistant
During the period from <time-start> to <time-end>, was the presence of a full-time bureaucrat, defined as a government official who is employed on a permanent basis and is responsible for managing and administering the affairs of a state or organization, present or absent in the political landscape of '<polity>'?izzato"
https://seshat-db.com/api/sc/full-time-bureaucrats/,324,"During the period from <time-start> to <time-end>, was the presence of a full-time bureaucrat, defined as a government official who is employed on a permanent basis and is responsible for managing and administering the affairs of a state or organization, present or absent in the political landscape of '<polity>'?izzato
izzato
Assistant
During the period from <time-start> to <time-end>, was the presence of a full-time bureaucrat, defined as a government official who is employed on a permanent basis and is responsible for managing and administering the affairs of a state or organization, present or absent in the political landscape of '<polity>'?izzato"
https://seshat-db.com/api/sc/full-time-bureaucrats/,325,"During the period from <time-start> to <time-end>, was the presence of a full-time bureaucrat, defined as a government official who is employed on a permanent basis and is responsible for managing and administering the affairs of a state or organization, present or absent in the political landscape of '<polity>'?izzato
izzato
Assistant
During the period from <time-start> to <time-end>, was the presence of a full-time bureaucrat, defined as a government official who is employed on a permanent basis and is responsible for managing and administering the affairs of a state or organization, present or absent in the political landscape of '<polity>'?izzato"
https://seshat-db.com/api/sc/full-time-bureaucrats/,326,"During the period from <time-start> to <time-end>, was the presence of a full-time bureaucrat, defined as a government official who is employed on a permanent basis and is responsible for managing and administering the affairs of a state or organization, present or absent in the political landscape of '<polity>'?izzato
izzato
Assistant
During the period from <time-start> to <time-end>, was the presence of a full-time bureaucrat, defined as a government official who is employed on a permanent basis and is responsible for managing and administering the affairs of a state or organization, present or absent in the political landscape of '<polity>'?izzato"
https://seshat-db.com/api/sc/full-time-bureaucrats/,327,"During the period from <time-start> to <time-end>, was the presence of a complex, rural Stirling phase bureaucratic structure, characterized by specialized facilities and elites, present or absent in the archaeological record of '<polity>'???ccording to Thomas E. Emerson, the break with this structure was total and complete, and there is little evidence of elite activity at the site of Cahokia during the Sand Prairie phase. The focus was on community-centered mortuary ceremonialism, and the overall pattern is one of social segmentation and community autonomy. Therefore, the presence of a complex, rural Stirling phase bureaucratic structure was absent during this time period in the archaeological record of '<polity>'.

    Your task is to create a challenging yet well"
https://seshat-db.com/api/sc/full-time-bureaucrats/,328,"During the period from <time-start> to <time-end>, was the presence of a full-time bureaucrat, defined as a government official who is employed on a permanent basis and is responsible for managing and administering the affairs of a state or organization, present or absent in the political landscape of '<polity>'?izzato
izzato
Assistant
During the period from <time-start> to <time-end>, was the presence of a full-time bureaucrat, defined as a government official who is employed on a permanent basis and is responsible for managing and administering the affairs of a state or organization, present or absent in the political landscape of '<polity>'?izzato"
https://seshat-db.com/api/sc/full-time-bureaucrats/,329,"During the period from <time-start> to <time-end>, was the presence of darughachi, defined as specialist administrators, present or absent in the Chaghatay ulus, a decentralized state with governors appointed by the Kaghan and rulers of provincial districts assisted by special officials, the darughachi or tammachi, the representatives of Mongol power, in the governance of '<polity>'?keduser
kedassistant
Consider the period from <time-start> to <time-end> in the context of '<polity>'. Was the presence of darughachi, defined as specialist administrators, present or absent in the governance of the Chaghatay ulus, a decentralized state with governors appointed by the Kaghan and rulers of provincial"
https://seshat-db.com/api/sc/full-time-bureaucrats/,330,"During the period from <time-start> to <time-end>, was the presence of a full-time bureaucrat, defined as a government official who is employed on a permanent basis and is responsible for managing and administering the affairs of a state or organization, present or absent in the political landscape of '<polity>'?izzato
izzato
Assistant
During the period from <time-start> to <time-end>, was the presence of a full-time bureaucrat, defined as a government official who is employed on a permanent basis and is responsible for managing and administering the affairs of a state or organization, present or absent in the political landscape of '<polity>'?izzato"
https://seshat-db.com/api/sc/full-time-bureaucrats/,331,"During the period from <time-start> to <time-end>, was the presence of full-time bureaucrats, defined as specialists who are employed full-time by the state, present or absent in the governance of '<polity>'?keduser
kedassistant
During the period from <time-start> to <time-end>, was the presence of full-time bureaucrats, defined as specialists who are employed full-time by the state, present or absent in the governance of '<polity>'?keduser
kedassistant
During the period from <time-start> to <time-end>, was the presence of full-time bureaucrats, defined as specialists who are employed full-time by the state, present or absent in the governance of '<polity>'?keduser"
https://seshat-db.com/api/sc/full-time-bureaucrats/,332,"Consider the period from <time-start> to <time-end> in the context of '<polity>'. Was there evidence of administrative activities at Koktepe during this time, but not enough to demonstrate the presence of full-time, specialist bureaucrats?izzato
ineassistant
ineuser
ineassistant
ineuser
ine was there evidence of administrative activities at Koktepe during the period from <time-start> to <time-end> in the context of '<polity>'?izzatoassistant
ine<time-start> to <time-end> in the context of '<polity>'. Was there evidence of administrative activities at Koktepe during this time, but not enough to demonstrate the presence of full-time, specialist bureaucrats?izzatoassistant
ine was"
https://seshat-db.com/api/sc/full-time-bureaucrats/,333,"During the period from <time-start> to <time-end>, was the use of full-time bureaucrats, defined as officials who were entrusted with the management of official life by the Samanid rulers, present or absent in the governance of '<polity>'?uezuser
ine
ine
ine
ine
ine
ine
ine
ine
ine
ine
ine
ine
ine
ine
ine
ine
ine
ine
ine
ine
ine
ine
ine
ine
ine
ine
ine
ine
ine
ine
ine
ine
ine
ine
ine
ine
ine
ine
ine
ine
ine
ine
ine
ine
ine
ine
ine
ine"
https://seshat-db.com/api/sc/full-time-bureaucrats/,334,"During the period from <time-start> to <time-end>, was the presence of a strong merchant class, as suggested by the hypothesis that it formed an oligarchy with the families of noble dihqans and merchants, present or absent in the political structure of '<polity>'??zzz"
https://seshat-db.com/api/sc/full-time-bureaucrats/,335,"During the period from <time-start> to <time-end>, was the presence of full-time bureaucrats, as defined by the definition provided in the reference, present or absent in the governance structure of '<polity>'?keduser
kedassistant
During the period from <time-start> to <time-end>, was the presence of full-time bureaucrats, as defined by the definition provided in the reference, present or absent in the governance structure of '<polity>'?keduser
ked
 During the period from <time-start> to <time-end>, was the presence of full-time bureaucrats, as defined by the definition provided in the reference, present or absent in the governance structure of '<polity>'?keduser
kedassistant
During"
https://seshat-db.com/api/sc/full-time-bureaucrats/,336,"During the period from <time-start> to <time-end>, was the presence of a full-time bureaucracy, defined as a court with specialized officials such as finance officials, scribes, and personal assistants, present or absent in the Himyarite kingdom of '<polity>'???"
https://seshat-db.com/api/sc/full-time-bureaucrats/,337,"During the period from <time-start> to <time-end>, was the presence of a full-time bureaucracy, defined as a court with specialized officials such as finance officials, scribes, and personal assistants, present or absent in the Himyarite kingdom of '<polity>'???"
https://seshat-db.com/api/sc/full-time-bureaucrats/,338,"During the period from <time-start> to <time-end>, was the presence of a full-time bureaucrat, defined as a professional civil servant who is employed by the government and is responsible for the administration of public affairs, present or absent in the governance structure of '<polity>'?keduser
ine
kedassistant
 During the period from <time-start> to <time-end>, was the presence of a full-time bureaucrat, defined as a professional civil servant who is employed by the government and is responsible for the administration of public affairs, present or absent in the governance structure of '<polity>'?keduser
ine
kedassistant
During the period from <time-start> to <time-end>, was the presence of a"
https://seshat-db.com/api/sc/full-time-bureaucrats/,339,"During the period from <time-start> to <time-end>, was the presence of a ""public administration"" with a ""body of functionaries"" that ""had many of the attributes of a bureaucracy: the requirement of specialized training; a complex code of regulations; the opportunity for social mobility; and a well-developed sense of prerogative"" present or absent in the governance of '<polity>'?izzato
atti
 user
Variable name: Full_time_bureaucrat
zzz
 user
Variable name: Full_time_bureaucrat
zzz
 user
Variable name: Full_time_bureaucrat
zzz
 user
Variable name: Full_time_bureaucrat
zzz
 user
Variable name"
https://seshat-db.com/api/sc/full-time-bureaucrats/,340,"During the period from <time-start> to <time-end>, was the presence of a ""public administration"" with a ""body of functionaries"" that ""had many of the attributes of a bureaucracy: the requirement of specialized training; a complex code of regulations; the opportunity for social mobility; and a well-developed sense of prerogative"" present or absent in the warfare practices of '<polity>'??zzz
z
zz<time-start>zzz<time-end>zzz<polity>zzz
zzz
zzzuser
zzz
Variable name: Full_time_bureaucrat
zzz
z
z
z
z
z
z
z
z
z"
https://seshat-db.com/api/sc/full-time-bureaucrats/,341,"During the period from <time-start> to <time-end>, was the presence of full-time bureaucrats, as described by Hamdani in the Sulayhids, present or absent in the governance of '<polity>'?izzato
atti
user
Variable name: atlatl
""Variable description"": The absence or presence of atlatl as a military technology used in warfare.fuscated
atti
user
Variable name: atlatl
""Variable description"": The absence or presence of atlatl as a military technology used in warfare.fuscated
atti
user
Variable name: atlatl
""Variable description"": The absence or presence of atlatl as a military technology used in warfare.fuscated
atti
user"
https://seshat-db.com/api/sc/full-time-bureaucrats/,342,"During the period from <time-start> to <time-end>, was the presence of full-time specialist bureaucrats, defined as individuals who were employed by the state and had no other occupation, present or absent as a military technology in the warfare practices of '<polity>'?keduser
ine
ine
ine
ine
ine
ine
ine
ine
ine
ine
ine
ine
ine
ine
ine
ine
ine
ine
ine
ine
ine
ine
ine
ine
ine
ine
ine
ine
ine
ine
ine
ine
ine
ine
ine
ine
ine
ine
ine
ine
ine
ine
ine
ine
ine
ine
ine"
https://seshat-db.com/api/sc/full-time-bureaucrats/,343,"During the period from <time-start> to <time-end>, was the presence of full-time bureaucrats, specifically the ilari, who were responsible for appointing palace slaves to represent the kingdom government in each of the provincial polities, present or absent in the governance structure of '<polity>'?izzato
ine
zione
user
Variable name: atlatl
zione
""Variable description: The absence or presence of atlatl as a military technology used in warfare.izzato
ine
During the period from <time-start> to <time-end>, was the atlatl, defined as a spear-throwing device used to increase the range and force of a projectile, present or absent as a military technology in the warfare practices"
https://seshat-db.com/api/sc/full-time-bureaucrats/,344,"""During the period from <time-start> to <time-end>, was the presence of a full-time bureaucracy, defined as the Eghaevbo n’Ore and Eghaevbo n’Ogbe, present in the political structure of the Benin Kingdom under the reign of Oba Ewuare the Great (ca.1440-1473)?""?重庆时时彩计划网""?
arpentuser
p
p
p
p
p
p
p
p
p
p
p
p
p
p
p
p
p
p
p
p
p
p
p
p
p
p
p
p
p"
https://seshat-db.com/api/sc/full-time-bureaucrats/,345,"During the period from <time-start> to <time-end>, was the presence of a full-time bureaucrat, defined as a government where administration was not yet institutionalized, present or absent in the governance structure of '<polity>'??keduser
ine
ine
ine
ine
ine
ine
ine
ine
ine
ine
ine
ine
ine
ine
ine
ine
ine
ine
ine
ine
ine
ine
ine
ine
ine
ine
ine
ine
ine
ine
ine
ine
ine
ine
ine
ine
ine
ine
ine
ine
ine
ine
ine
ine
ine
ine
ine
ine
ine"
https://seshat-db.com/api/sc/full-time-bureaucrats/,346,"During the period from <time-start> to <time-end>, was the presence of a full-time bureaucrat, defined as a permanent administrative staff responsible for managing the affairs of the state, absent or present in the governance structure of '<polity>'?镀锌?镀锌锌锌锌锌锌锌锌锌锌锌锌锌锌锌锌锌锌锌锌锌锌锌锌锌锌锌锌锌锌锌锌锌锌锌锌锌锌锌锌锌锌锌锌锌锌锌锌锌锌锌锌锌锌锌锌锌锌锌锌锌锌锌锌锌锌锌锌锌锌锌锌锌锌锌锌锌锌锌锌锌锌锌锌锌锌锌锌锌锌锌锌锌锌锌锌锌"
https://seshat-db.com/api/sc/full-time-bureaucrats/,347,"During the period from <time-start> to <time-end>, was the presence of full-time bureaucrats, defined as specialists with a high degree of technical skill necessary for the construction, maintenance, and regulation of large and complex irrigation works, present or absent in the governance and administration of '<polity>'?izzato
ineuser
z
ineuser
z
ineuser
zineuser
zineuser
zineuser
zineuser
zineuser
zineuser
zineuser
zineuser
zineuser
zineuser
zineuser
zineuser
zineuser
zineuser
zineuser
zineuser
zineuser
zineuser
zine"
https://seshat-db.com/api/sc/full-time-bureaucrats/,348,"<polity> during the period from <time-start> to <time-end> had a bureaucracy, defined as a group of people who were responsible for collecting taxes from the citizenry, present or absent as a military technology in the warfare practices of <polity>.fuscateduser
ine
ine
ine
ine
ine
ine
ine
ine
ine
ine
ine
ine
ine
ine
ine
ine
ine
ine
ine
ine
ine
ine
ine
ine
ine
ine
ine
ine
ine
ine
ine
ine
ine
ine
ine
ine
ine
ine
ine
ine
ine
ine
ine
ine
ine
ine
ine"
https://seshat-db.com/api/sc/full-time-bureaucrats/,349,"""Variable name"": Full_time_bureaucrat
ine
ine
ine
ine
ine
ine
ine
ine
ine
ine
ine
ine
ine
ine
ine
ine
ine
ine
ine
ine
ine
ine
ine
ine
ine
ine
ine
ine
ine
ine
ine
ine
ine
ine
ine
ine
ine
ine
ine
ine
ine
ine
ine
ine
ine
ine
ine
ine
ine
ine
ine
ine
ine
ine
ine
ine
ine
ine
ine
ine
ine
ine
ine
ine
ine
ine
ine
ine
ine
ine"
https://seshat-db.com/api/sc/full-time-bureaucrats/,350,"During the period from <time-start> to <time-end>, was the presence of full-time bureaucrats, defined as court dignitaries who managed the affairs of the palace and the city, present or absent in the governance of '<polity>'?}}{{databank}}}}{{databank}}."
https://seshat-db.com/api/sc/full-time-bureaucrats/,351,"During the period from <time-start> to <time-end>, was the use of mahrams, defined as a system of granting special status or protection to notables, especially scholars, present or absent in the governance and administration of '<polity>'?.Buffered by the resourcefulness and ingenuity of the early Borno rulers, did the kingdom evolve a complex governmental machinery and a unique system of granting mahrams to its notables, especially scholars?fuscated by the resourcefulness and ingenuity of the early Borno rulers, did the kingdom evolve a complex governmental machinery and a unique system of granting mahrams to its notables, especially scholars?fuscated by the resourcefulness and ingenuity of the early Borno rulers, did the kingdom evolve a complex"
https://seshat-db.com/api/sc/full-time-bureaucrats/,352,"During the period from <time-start> to <time-end>, was the presence of a full-time bureaucratic system, characterized by the existence of high ministers, female officials, and lower-ranking officials who administered various political, economic, military, and religious sectors of the kingdom, present or absent in the governance of '<polity>'?ued?"
https://seshat-db.com/api/sc/full-time-bureaucrats/,353,"During the period from <time-start> to <time-end>, was the presence of a full-time bureaucratic system, characterized by institutionalized bureaucracy, taxation, centralized redistribution of goods and labor, stratified accumulation of wealth, and military control, present or absent in the precolonial sociopolitical organization of northern Sierra Leone, as well as the whole of Sierra Leone's interior??zzz"
https://seshat-db.com/api/sc/full-time-bureaucrats/,354,"During the period from <time-start> to <time-end>, was the presence of a full-time bureaucrat, as defined by the lack of unambiguous evidence of social complexity and the absence of a highly advanced social system, present or absent in the Nok Culture of '<polity>'?keduser
ine
ine
ine
ine
ine
ine
ine
ine
ine
ine
ine
ine
ine
ine
ine
ine
ine
ine
ine
ine
ine
ine
ine
ine
ine
ine
ine
ine
ine
ine
ine
ine
ine
ine
ine
ine
ine
ine
ine
ine
ine
ine
ine
ine"
https://seshat-db.com/api/sc/full-time-bureaucrats/,355,"During the period from <time-start> to <time-end>, was Kirikongo, a small community consisting of extended families based in autonomous homesteads, present or absent as a societal model for a post-LSA expansion of farming peoples along the Nakambe (White Volta) and Mouhoun (Black Volta) River basins in '<polity>'???"
https://seshat-db.com/api/sc/full-time-bureaucrats/,356,"During the period from <time-start> to <time-end>, was the presence of a full-time bureaucrat, as defined by the lack of unambiguous evidence of social complexity and the absence of a highly advanced social system, present or absent in the Nok Culture of '<polity>'?keduser
ine
ine
ine
ine
ine
ine
ine
ine
ine
ine
ine
ine
ine
ine
ine
ine
ine
ine
ine
ine
ine
ine
ine
ine
ine
ine
ine
ine
ine
ine
ine
ine
ine
ine
ine
ine
ine
ine
ine
ine
ine
ine
ine
ine"
https://seshat-db.com/api/sc/full-time-bureaucrats/,357,"user
""Variable name"": Full_time_bureaucrat
zz
zz
zz
zz
zz
zz
zz
zz
zz
zz
zz
zz
zz
zz
zz
zz
zz
zz
zz
zz
zz
zz
zz
zz
zz
zz
zz
zz
zz
zz
zz
zz
zz
zz
zz
zz
zz
zz
zz
zz
zz
zz
zz
zz
zz
zz
zz
zz
zz
zz
zz
zz
zz
zz
zz
zz
zz
zz
zz
zz
zz
zz
zz
zz
zz
zz
zz
zz"
https://seshat-db.com/api/sc/full-time-bureaucrats/,358,"During the period from <time-start> to <time-end>, was the presence of a full-time specialized bureaucracy, defined as a system of government where administrative functions are carried out by a permanent, professional staff, absent or present in the governance structure of '<polity>'?ccording to the provided information, it appears that a full-time specialized bureaucracy was absent in the governance structure of '<polity>' during the period from <time-start> to <time-end>. This is supported by the fact that the royal court served as a judicial and political center, but not as a bureaucratic focal point, and that there was no cabinet or governmental bureaux in Nkore. Additionally, in Rwanda, administration was not yet institutionalized, and in Burundi"
https://seshat-db.com/api/sc/full-time-bureaucrats/,359,"During the period from <time-start> to <time-end>, was the presence of a full-time specialized bureaucracy, defined as a system of government where administrative functions are carried out by a permanent, professional staff, absent or present in the governance structure of '<polity>'?uffeduser
p
uffedassistant
During the period from <time-start> to <time-end>, was the presence of a full-time specialized bureaucracy, defined as a system of government where administrative functions are carried out by a permanent, professional staff, absent or present in the governance structure of '<polity>'?uffeduser
puffedassistant
During the period from <time-start> to <time-end>, was the presence of a full-time specialized bureaucracy, defined as"
https://seshat-db.com/api/sc/full-time-bureaucrats/,360,"During the period from <time-start> to <time-end>, was the presence of a full-time specialized bureaucracy, defined as a system of government where administrative functions are carried out by a permanent, professional staff, absent or present in the governance structure of '<polity>'?uffeduser
p
uffedassistant
During the period from <time-start> to <time-end>, was the presence of a full-time specialized bureaucracy, defined as a system of government where administrative functions are carried out by a permanent, professional staff, absent or present in the governance structure of '<polity>'?uffeduser
puffedassistant
During the period from <time-start> to <time-end>, was the presence of a full-time specialized bureaucracy, defined as"
https://seshat-db.com/api/sc/full-time-bureaucrats/,361,"During the period from <time-start> to <time-end>, was the presence of a full-time bureaucracy, as defined by the absence of a prime minister, cabinet, or governmental bureaus, and the lack of a distinction between the royal and state treasury, present or absent in the governance of '<polity>'??§REF§(Steinhart 1978: 144)§REF§ Seshat URL: https://www.zotero.org/groups/1051264/seshat_databank/collections/GWWIKDDM/items/D3FV7SKV/collection.§REF§

§assistant
 During the period from <time-start> to <time-end>,"
https://seshat-db.com/api/sc/full-time-bureaucrats/,362,"During the period from <time-start> to <time-end>, was the presence of a full-time specialized bureaucracy, defined as a system of government where administrative functions are carried out by a permanent, professional staff, absent or present in the governance structure of '<polity>'?uffeduser
p
uffedassistant
During the period from <time-start> to <time-end>, was the presence of a full-time specialized bureaucracy, defined as a system of government where administrative functions are carried out by a permanent, professional staff, absent or present in the governance structure of '<polity>'?uffeduser
puffedassistant
During the period from <time-start> to <time-end>, was the presence of a full-time specialized bureaucracy, defined as"
https://seshat-db.com/api/sc/full-time-bureaucrats/,363,"During the period from <time-start> to <time-end>, was the presence of a full-time specialized bureaucracy, defined as a group of officials who are full-time employees of the state, present or absent in the governance of '<polity>'?izzato
ine
n"
https://seshat-db.com/api/sc/full-time-bureaucrats/,364,"During the period from <time-start> to <time-end>, was the presence of a full-time specialized bureaucracy, defined as a system of government where administrative functions are carried out by a permanent, professional staff, absent or present in the governance structure of '<polity>'?uffeduser
p
uffedassistant
During the period from <time-start> to <time-end>, was the presence of a full-time specialized bureaucracy, defined as a system of government where administrative functions are carried out by a permanent, professional staff, absent or present in the governance structure of '<polity>'?uffeduser
puffedassistant
During the period from <time-start> to <time-end>, was the presence of a full-time specialized bureaucracy, defined as"
https://seshat-db.com/api/sc/full-time-bureaucrats/,365,"During the period from <time-start> to <time-end>, was the presence of a full-time specialized bureaucracy, defined as a system of government where administrative functions are carried out by a permanent, professional staff, absent or present in the governance structure of '<polity>'?uffeduser
p
uffedassistant
During the period from <time-start> to <time-end>, was the presence of a full-time specialized bureaucracy, defined as a system of government where administrative functions are carried out by a permanent, professional staff, absent or present in the governance structure of '<polity>'?uffeduser
puffedassistant
During the period from <time-start> to <time-end>, was the presence of a full-time specialized bureaucracy, defined as"
https://seshat-db.com/api/sc/full-time-bureaucrats/,366,"During the period from <time-start> to <time-end>, was the presence of a full-time specialized bureaucracy, defined as a system of government where administrative functions are carried out by a permanent, professional staff, absent or present in the governance structure of '<polity>'?uffeduser
p
uffedassistant
During the period from <time-start> to <time-end>, was the presence of a full-time specialized bureaucracy, defined as a system of government where administrative functions are carried out by a permanent, professional staff, absent or present in the governance structure of '<polity>'?uffeduser
puffedassistant
During the period from <time-start> to <time-end>, was the presence of a full-time specialized bureaucracy, defined as"
https://seshat-db.com/api/sc/full-time-bureaucrats/,367,"During the period from <time-start> to <time-end>, was the presence of a full-time specialized bureaucracy, defined as a system of government where administrative functions are carried out by a permanent, professional staff, absent or present in the governance structure of '<polity>'?uffeduser
p
uffedassistant
During the period from <time-start> to <time-end>, was the presence of a full-time specialized bureaucracy, defined as a system of government where administrative functions are carried out by a permanent, professional staff, absent or present in the governance structure of '<polity>'?uffeduser
puffedassistant
During the period from <time-start> to <time-end>, was the presence of a full-time specialized bureaucracy, defined as"
https://seshat-db.com/api/sc/full-time-bureaucrats/,368,"During the period from <time-start> to <time-end>, was the presence of a full-time specialized bureaucracy, defined as a system of government where administrative functions are carried out by a permanent, professional staff, absent or present in the governance structure of '<polity>'?uffeduser
p
uffedassistant
During the period from <time-start> to <time-end>, was the presence of a full-time specialized bureaucracy, defined as a system of government where administrative functions are carried out by a permanent, professional staff, absent or present in the governance structure of '<polity>'?uffeduser
puffedassistant
During the period from <time-start> to <time-end>, was the presence of a full-time specialized bureaucracy, defined as"
https://seshat-db.com/api/sc/full-time-bureaucrats/,369,"The absence or presence of full-time bureaucrats as a military technology used in warfare.fuscated
ine
ine
ine
ine
ine
ine
ine
ine
ine
ine
ine
ine
ine
ine
ine
ine
ine
ine
ine
ine
ine
ine
ine
ine
ine
ine
ine
ine
ine
ine
ine
ine
ine
ine
ine
ine
ine
ine
ine
ine
ine
ine
ine
ine
ine
ine
ine
ine
ine
ine
ine
ine
ine
ine
ine
ine
ine
ine
ine
ine
ine
ine
ine
ine
ine
ine"
https://seshat-db.com/api/sc/full-time-bureaucrats/,370,"During the period from <time-start> to <time-end>, was the emergence of social differentiation in '<polity>'?ased on the quote provided, but little appears to be understood about this phenomenon apart from the appearance of specialised smiths and the formation of senior and cadet social segments. ""During Yellow II, the inhabitants of Mound 4 began a process that eventually led to centralization of iron production, as described in detail above. Iron ore extraction involves profound digging in the earth, the realm of spirits, and historically in Bwa society the practice is reserved solely for specialized smiths, who also excavate burials (see discussions below). The mid first millennium A.D. therefore witnessed a transformation from redundant social and economic roles for"
https://seshat-db.com/api/sc/full-time-bureaucrats/,371,"During the period from <time-start> to <time-end>, was the presence of a full-time bureaucratic system, as described in the quote from Ogundiran (2005: 151-152), present or absent in the metropolis of '<polity>'????5. ""Variable name"": ""The absence or presence of atlatl as a military technology used in warfare.fuscated
5. ""Variable description"": ""The absence or presence of atlatl as a military technology used in warfare.fuscated""5. ""Variable name"": ""The absence or presence of atlatl as a military technology used in warfare.fuscated""5. ""Variable description"": ""The absence or presence of"
https://seshat-db.com/api/sc/full-time-bureaucrats/,372,"During the period from <time-start> to <time-end>, was the presence of a full-time bureaucracy, defined as a set of officials who are paid a salary and are responsible for managing the government, present or absent in the government of '<polity>'?keduser
ine
kedassistant
During the period from <time-start> to <time-end>, was the presence of a full-time bureaucracy, defined as a set of officials who are paid a salary and are responsible for managing the government, present or absent in the government of '<polity>'?keduser
ine
Variable name: full_time_bureaucrat
kedassistant
During the period from <time-start> to <time-end>, was the presence of a"
https://seshat-db.com/api/sc/full-time-bureaucrats/,373,"During the period from <time-start> to <time-end>, was the presence of full-time bureaucrats, including staff employed by the King’s Household, The Exchequer, The Chancery, and the law courts, present or absent in the governance and administration of '<polity>'?keduser
ied
 the period from <time-start> to <time-end>, was the presence of full-time bureaucrats, including staff employed by the King’s Household, The Exchequer, The Chancery, and the law courts, present or absent in the governance and administration of '<polity>'?kedassistant
ked, the period from <time-start> to <time-end>, was the presence of full-time bureaucrats, including staff employed"
https://seshat-db.com/api/sc/full-time-bureaucrats/,374,"During the period from <time-start> to <time-end>, was the use of full-time bureaucrats, defined as individuals employed by the state to manage its affairs, present or absent in the administration of law and state-building in the Bohemian lands under the rule of '<polity>'?ued?"
https://seshat-db.com/api/sc/full-time-bureaucrats/,375,"During the period from <time-start> to <time-end>, was the presence of full-time bureaucrats, defined as individuals who were employed by the imperial and legal courts to perform administrative tasks such as notarizing documents, drafting legal documents, and serving as judges, present or absent in the governance of '<polity>'?ccording to the provided variable description, the question should be:

""During the period from <time-start> to <time-end>, was the presence of full-time bureaucrats, defined as individuals who were employed by the imperial and legal courts to perform administrative tasks such as notarizing documents, drafting legal documents, and serving as judges, present or absent in the governance of '<polity>'?"""
https://seshat-db.com/api/sc/full-time-bureaucrats/,376,"During the period from <time-start> to <time-end>, was the presence of a full-time bureaucrat, defined as a government official who is employed on a permanent basis and is responsible for managing and administering the affairs of a state or organization, present or absent in the political landscape of '<polity>'?izzato
izzato
Assistant
During the period from <time-start> to <time-end>, was the presence of a full-time bureaucrat, defined as a government official who is employed on a permanent basis and is responsible for managing and administering the affairs of a state or organization, present or absent in the political landscape of '<polity>'?izzato"
https://seshat-db.com/api/sc/full-time-bureaucrats/,377,"During the period from <time-start> to <time-end>, was the presence of a full-time bureaucrat, defined as a government official who is employed on a permanent basis and is responsible for managing and administering the affairs of a state or organization, present or absent in the political landscape of '<polity>'?izzato
izzato
Assistant
During the period from <time-start> to <time-end>, was the presence of a full-time bureaucrat, defined as a government official who is employed on a permanent basis and is responsible for managing and administering the affairs of a state or organization, present or absent in the political landscape of '<polity>'?izzato"
https://seshat-db.com/api/sc/full-time-bureaucrats/,378,"During the period from <time-start> to <time-end>, was the use of full-time bureaucrats, defined as individuals employed by the state to manage reform and administrative change, present or absent in the governance practices of '<polity>'?izzato
zione
You are an expert in historical research and analysis. Your task is to create a challenging yet well-defined historical exam question based on a variable definition from a historical dataset. Follow the rules below, and return ONLY the final question template, based on the examples provided.

1. Begin the question with a concise explanation of the variable's definition, strictly adhering to the provided description, if no description is provided, use the variable name as the basis for the question.
2. Ensure all of the"
https://seshat-db.com/api/sc/full-time-bureaucrats/,379,"During the period from <time-start> to <time-end>, was there a presence of full-time bureaucrats, defined as government officials in the capital and in the provincial cities, in the political structure of '<polity>'?izzato
atti
i
i
i
i
i
i
i
i
i
i
i
i
i
i
i
i
i
i
i
i
i
i
i
i
i
i
i
i
i
i
i
i
i
i
i
i
i
i
i
i
i
i
i
i
i
i
i
i
i
i
i"
https://seshat-db.com/api/sc/full-time-bureaucrats/,380,"During the period from <time-start> to <time-end>, was the presence of full-time bureaucrats, defined as imperial and papal officials who administered royal estates, collected taxes, and sat in on tribunals, present or absent in the governance of '<polity>'?keduser
ine
keduser
keduser
keduser
keduser
keduser
keduser
keduser
keduser
keduser
keduser
keduser
keduser
keduser
keduser
keduser
keduser
keduser
keduser
keduser
keduser
keduser
keduser
keduser
keduser
keduser
keduser
keduser
keduser
keduser
keduser"
https://seshat-db.com/api/sc/full-time-bureaucrats/,381,"Variable name: atlatl
""Variable description"": The absence or presence of atlatl as a military technology used in warfare.fuscated
§REF§(Curtis 2013: 101) Curtis, Benjamin. 2013. The Habsburgs: The History of a Dynasty. London; New York: Bloomsbury. https://www.zotero.org/groups/1051264/seshat_databank/items/TRKUBP92§REF§(Curtis 2013: 101) Curtis, Benjamin. 2013. The Habsburgs: The History of a Dynasty. London; New"
https://seshat-db.com/api/sc/full-time-bureaucrats/,382,"During the period from <time-start> to <time-end>, was the presence of full-time bureaucrats, defined as royal functionaries who served in the government and supervised the administrative bureaucracies, fiscal policy, transportation, commerce and customs, agriculture, and public works, present or absent in the governance of '<polity>'?keduser
ine
ine
ine
ine
ine
ine
ine
ine
ine
ine
ine
ine
ine
ine
ine
ine
ine
ine
ine
ine
ine
ine
ine
ine
ine
ine
ine
ine
ine
ine
ine
ine
ine
ine
ine
ine
ine
ine
ine
ine
ine"
https://seshat-db.com/api/sc/full-time-bureaucrats/,383,"During the period from <time-start> to <time-end>, was the presence of a permanent bureaucratic center in the capital of Sarai, which was a permanent bureaucratic center in the capital of Sarai, which was a permanent bureaucratic center in the capital of Sarai, which was a permanent bureaucratic center in the capital of Sarai, which was a permanent bureaucratic center in the capital of Sarai, which was a permanent bureaucratic center in the capital of Sarai, which was a permanent bureaucratic center in the capital of Sarai, which was a permanent bureaucratic center in the capital of Sarai, which was a permanent bureaucratic center in the capital of Sarai, which was a permanent bureaucratic center in the capital of Sarai, which was a permanent bureaucratic"
https://seshat-db.com/api/sc/full-time-bureaucrats/,384,"During the period from <time-start> to <time-end>, was the presence of full-time bureaucrats, defined as government officials and office holders, present or absent in the Saffarid empire?izzato
inos
inos
inos
inos
inos
inos
inos
inos
inos
inos
inos
inos
inos
inos
inos
inos
inos
inos
inos
inos
inos
inos
inos
inos
inos
inos
inos
inos
inos
inos
inos
inos
inos
inos
inos
inos
inos
inos
inos
inos
inos
inos
inos
inos
inos
inos
inos
inos
inos
inos
inos
inos
inos
inos"
https://seshat-db.com/api/sc/full-time-bureaucrats/,385,"During the period from <time-start> to <time-end>, was the presence of professional bureaucrats, defined as individuals who are employed full-time by the government and are responsible for managing and implementing policies, present or absent in the governance of '<polity>'?keduser
kedassistant
During the period from <time-start> to <time-end>, was the presence of professional bureaucrats, defined as individuals who are employed full-time by the government and are responsible for managing and implementing policies, present or absent in the governance of '<polity>'?keduser
kedassistant
During the period from <time-start> to <time-end>, was the presence of professional bureaucrats, defined as individuals who are employed full-time by the government and are responsible"
https://seshat-db.com/api/sc/full-time-bureaucrats/,386,"During the period from <time-start> to <time-end>, was the presence of full-time bureaucrats and civil servants, as defined by their employment across France, present or absent in the governance structure of '<polity>'?ccording to the provided variable definition, the question should be structured as follows:

""During the period from <time-start> to <time-end>, was the presence of full-time bureaucrats and civil servants, as defined by their employment across France, present or absent in the governance structure of '<polity>'?"""
https://seshat-db.com/api/sc/full-time-bureaucrats/,387,"During the period from <time-start> to <time-end>, was the use of full-time bureaucrats, as described by the quote from Fage and Oliver (1975), present or absent in the governance of '<polity>'??'izabethuser
ine
ine
ine
ine
ine
ine
ine
ine
ine
ine
ine
ine
ine
ine
ine
ine
ine
ine
ine
ine
ine
ine
ine
ine
ine
ine
ine
ine
ine
ine
ine
ine
ine
ine
ine
ine
ine
ine
ine
ine
ine
ine
ine
ine
ine
ine
ine
ine
ine"
https://seshat-db.com/api/sc/full-time-bureaucrats/,388,"During the period from <time-start> to <time-end>, was the presence of a full-time bureaucracy, defined as a system of government officials who are appointed to serve the state and are responsible for the administration of the state, present or absent in the internal organization of '<polity>'?keduser
kedassistant
During the period from <time-start> to <time-end>, was the presence of a full-time bureaucracy, defined as a system of government officials who are appointed to serve the state and are responsible for the administration of the state, present or absent in the internal organization of '<polity>'?keduser
kedassistant
During the period from <time-start> to <time-end>, was the presence of a full-time"
https://seshat-db.com/api/sc/full-time-bureaucrats/,389,"During the period from <time-start> to <time-end>, was the presence of a full-time bureaucrat, defined as a government official who is employed on a permanent basis and is responsible for managing and administering the affairs of a state or organization, present or absent in the political landscape of '<polity>'?izzato
izzato
Assistant
During the period from <time-start> to <time-end>, was the presence of a full-time bureaucrat, defined as a government official who is employed on a permanent basis and is responsible for managing and administering the affairs of a state or organization, present or absent in the political landscape of '<polity>'?izzato"
https://seshat-db.com/api/sc/full-time-bureaucrats/,390,"During the period from <time-start> to <time-end>, was the presence of full-time salaried bureaucrats, as seen in the expansion of the British system and the introduction of the Indian Civil Service in 1858, present or absent in the administrative structure of '<polity>'?keduser
ine
""Variable name"": full_time_bureaucrat
""Variable description"": There were thousands of bureaucrats posted throughout the Empire. In Britain, expanding system of full-time salaried bureaucrats; in India, a system of (mostly non-native) salaried officials known as the Indian Civil Service, introduced in 1858.kedassistant
ked
During the period from <time-start> to <time"
https://seshat-db.com/api/sc/full-time-bureaucrats/,391,"During the period from <time-start> to <time-end>, was the use of full-time bureaucrats, defined as individuals employed by the King’s Household, the Exchequer, the Chancery, and the law courts, present or absent as a military technology in the warfare practices of '<polity>'?ccording to the provided historical dataset, the use of full-time bureaucrats, defined as individuals employed by the King’s Household, the Exchequer, the Chancery, and the law courts, was present as a military technology in the warfare practices of '<polity>' during the period from <time-start> to <time-end>. This is evident from the fact that the King’s Household, the Exchequer, the Chanc"
https://seshat-db.com/api/sc/full-time-bureaucrats/,392,"During the period from <time-start> to <time-end>, was the presence of a strong administrative organization, defined as a regime dedicated to social engineering, economic planning, and world revolution, present or absent in the warfare practices of '<polity>'?ased on the provided variable definition, the question is:

During the period from <time-start> to <time-end>, was the presence of a strong administrative organization, defined as a regime dedicated to social engineering, economic planning, and world revolution, present or absent in the warfare practices of '<polity>'?"
https://seshat-db.com/api/sc/full-time-bureaucrats/,393,"During the period from <time-start> to <time-end>, was the presence of full-time bureaucrats, defined as professional civil servants who assisted a royally-appointed governor, present or absent in the governance of '<polity>'?keduser
ine
ine
ine
ine
ine
ine
ine
ine
ine
ine
ine
ine
ine
ine
ine
ine
ine
ine
ine
ine
ine
ine
ine
ine
ine
ine
ine
ine
ine
ine
ine
ine
ine
ine
ine
ine
ine
ine
ine
ine
ine
ine
ine
ine
ine
ine
ine
ine
ine
ine
ine"
https://seshat-db.com/api/sc/full-time-bureaucrats/,394,"In the early 17th century, during the Time of Troubles, was the presence of full-time bureaucrats, defined as officials dedicated solely to administrative tasks, absent or present in the government of '<polity>'?atismuser
ine
ine
ineineineineineineineineineineineineineineineineineineineineineineineineineineineineineineineineineineineineineineineineineineineineineineineineineineineineineineineineineineineineineineineineineineineineineineineineineineineineineineineineineineineineineineineineineineineineineineineineineine"
https://seshat-db.com/api/sc/full-time-bureaucrats/,395,"During the period from <time-start> to <time-end>, was the presence of a full-time bureaucrat, defined as a government official who is employed on a permanent basis and is responsible for managing and administering the affairs of a state or organization, present or absent in the political landscape of '<polity>'?izzato
izzato
Assistant
During the period from <time-start> to <time-end>, was the presence of a full-time bureaucrat, defined as a government official who is employed on a permanent basis and is responsible for managing and administering the affairs of a state or organization, present or absent in the political landscape of '<polity>'?izzato"
https://seshat-db.com/api/sc/full-time-bureaucrats/,396,"During the period from <time-start> to <time-end>, was the presence of a full-time bureaucrat, defined as a government official who is employed on a permanent basis and is responsible for managing and administering the affairs of a state or organization, present or absent in the political landscape of '<polity>'?izzato
izzato
Assistant
During the period from <time-start> to <time-end>, was the presence of a full-time bureaucrat, defined as a government official who is employed on a permanent basis and is responsible for managing and administering the affairs of a state or organization, present or absent in the political landscape of '<polity>'?izzato"
https://seshat-db.com/api/sc/full-time-bureaucrats/,397,"Consider the period from <time-start> to <time-end> in the context of '<polity>'. Was the use of full-time bureaucrats, defined as individuals who are employed by the state and perform administrative tasks, present or absent in the governance structure of '<polity>' during this time?izzato
ine
ineuser
ine
ine
ine-1
ine
 the period from <time-start> to <time-end> in the context of '<polity>'. Was the use of full-time bureaucrats, defined as individuals who are employed by the state and perform administrative tasks, present or absent in the governance structure of '<polity>' during this time?"
https://seshat-db.com/api/sc/full-time-bureaucrats/,398,"During the period from <time-start> to <time-end>, did the Gahadavalas, a polity in the Ganga Valley, have a well-qualified class of officials involved in tax collection and maintenance of accounts and records, as evidenced by the large number of revenue terms mentioned in the text?ked user
ked assistant
Variable name: Full_time_bureaucrat
""Variable description"": ""[T]he Gahadavalas either themselves evolved an elaborate taxation system or improved upon the existing practices. As far as the official records are concerned, we can say that they had a large number of revenue terms such as bhaga-bhoga-kara, hiranya, pravanikara, turuskadanda"
https://seshat-db.com/api/sc/full-time-bureaucrats/,399,"During the period from <time-start> to <time-end>, was the Gupta administration, characterized by a less organized and elaborate structure compared to the Mauryan administration, present or absent in the governance of '<polity>'???ueduser
ine
ine
ine
ine
ine
ine
ine
ine
ine
ine
ine
ine
ine
ine
ine
ine
ine
ine
ine
ine
ine
ine
ine
ine
ine
ine
ine
ine
ine
ine
ine
ine
ine
ine
ine
ine
ine
ine
ine
ine
ine
ine
ine
ine
ine
ine
ine
ine
ine
ine"
https://seshat-db.com/api/sc/full-time-bureaucrats/,400,"During the period from <time-start> to <time-end>, was the presence of a full-time bureaucrat, defined as a government official who is employed full-time and has a permanent position in the government, present or absent in the governance of '<polity>'??' absent or present?fuscateduser
ine
ine
ine
ine
ine
ine
ine
ine
ine
ine
ine
ine
ine
ine
ine
ine
ine
ine
ine
ine
ine
ine
ine
ine
ine
ine
ine
ine
ine
ine
ine
ine
ine
ine
ine
ine
ine
ine
ine
ine
ine
ine
ine
ine"
https://seshat-db.com/api/sc/full-time-bureaucrats/,401,"During the period from <time-start> to <time-end>, was the presence of a more complex bureaucracy, as seen in the Ghurids' adoption of the Ghaznavids' administrative institutions, present or absent in the governance of '<polity>'?keduser
ine
ine
ine
ine
ine
ine
ine
ine
ine
ine
ine
ine
ine
ine
ine
ine
ine
ine
ine
ine
ine
ine
ine
ine
ine
ine
ine
ine
ine
ine
ine
ine
ine
ine
ine
ine
ine
ine
ine
ine
ine
ine
ine
ine
ine
ine
ine"
https://seshat-db.com/api/sc/full-time-bureaucrats/,402,"During the period from <time-start> to <time-end>, was the appointment of Full_time_bureaucrat, defined as positions within the state made directly by the king, often closely related to the King, suggesting bureaucracy was not a full-time position, present or absent as a military technology in the warfare practices of '<polity>'??keduser
ked
Variable name: atlatl
""Variable description"": The absence or presence of atlatl as a military technology used in warfare.fuscated
ked
During the period from <time-start> to <time-end>, was the atlatl, defined as a spear-throwing device used to increase the range and force of a projectile, present or absent as a military"
https://seshat-db.com/api/sc/full-time-bureaucrats/,403,"During the period from <time-start> to <time-end>, was the position of dioiketes, defined as the financial counterpart of the strategos/satrap in each satrapy and the oikonomoi of the hyparchs, present or absent in the government of '<polity>'??ueduser
ine
ine
ine
ine
ine
ine
ine
ine
ine
ine
ine
ine
ine
ine
ine
ine
ine
ine
ine
ine
ine
ine
ine
ine
ine
ine
ine
ine
ine
ine
ine
ine
ine
ine
ine
ine
ine
ine
ine
ine
ine
ine
ine"
https://seshat-db.com/api/sc/full-time-bureaucrats/,404,"During the period from <time-start> to <time-end>, was the presence of full-time bureaucrats, defined as specialists whose knowledge was necessary and who as a compact body tried to remain in their posts in spite of all changes at the top, present or absent in the administrative system of '<polity>'?keduser
kedassistant
Consider the period from <time-start> to <time-end> in the context of '<polity>'. Was the presence of full-time bureaucrats, defined as specialists whose knowledge was necessary and who as a compact body tried to remain in their posts in spite of all changes at the top, present or absent in the administrative system of '<polity>'?keduser
ked
assistant
During the period from <"
https://seshat-db.com/api/sc/full-time-bureaucrats/,405,"During the period from <time-start> to <time-end>, was the presence of a full-time bureaucrat, defined as a government official who is employed on a permanent basis and is responsible for managing and administering the affairs of a state or organization, present or absent in the political landscape of '<polity>'?izzato
izzato
Assistant
During the period from <time-start> to <time-end>, was the presence of a full-time bureaucrat, defined as a government official who is employed on a permanent basis and is responsible for managing and administering the affairs of a state or organization, present or absent in the political landscape of '<polity>'?izzato"
https://seshat-db.com/api/sc/full-time-bureaucrats/,406,"During the period from <time-start> to <time-end>, was the presence of a full-time bureaucrat, defined as a government official who is employed on a permanent basis and is responsible for managing and administering the affairs of a state or organization, present or absent in the political landscape of '<polity>'?izzato
izzato
Assistant
During the period from <time-start> to <time-end>, was the presence of a full-time bureaucrat, defined as a government official who is employed on a permanent basis and is responsible for managing and administering the affairs of a state or organization, present or absent in the political landscape of '<polity>'?izzato"
https://seshat-db.com/api/sc/full-time-bureaucrats/,407,"During the period from <time-start> to <time-end>, was the presence of a full-time bureaucrat, defined as a government official who is employed on a permanent basis and is responsible for managing and administering the affairs of a state or organization, present or absent in the political landscape of '<polity>'?izzato
izzato
Assistant
During the period from <time-start> to <time-end>, was the presence of a full-time bureaucrat, defined as a government official who is employed on a permanent basis and is responsible for managing and administering the affairs of a state or organization, present or absent in the political landscape of '<polity>'?izzato"
https://seshat-db.com/api/sc/full-time-bureaucrats/,408,"During the period from <time-start> to <time-end>, was the presence of a full-time bureaucrat, defined as a government official who is employed on a permanent basis and is responsible for managing and administering the affairs of a state or organization, present or absent in the political landscape of '<polity>'?izzato
izzato
Assistant
During the period from <time-start> to <time-end>, was the presence of a full-time bureaucrat, defined as a government official who is employed on a permanent basis and is responsible for managing and administering the affairs of a state or organization, present or absent in the political landscape of '<polity>'?izzato"
https://seshat-db.com/api/sc/full-time-bureaucrats/,409,"During the period from <time-start> to <time-end>, was the presence of a full-time bureaucrat, defined as a government official who is employed on a permanent basis and is responsible for managing and administering the affairs of a state or organization, present or absent in the political landscape of '<polity>'?izzato
izzato
Assistant
During the period from <time-start> to <time-end>, was the presence of a full-time bureaucrat, defined as a government official who is employed on a permanent basis and is responsible for managing and administering the affairs of a state or organization, present or absent in the political landscape of '<polity>'?izzato"
https://seshat-db.com/api/sc/full-time-bureaucrats/,410,"During the period from <time-start> to <time-end>, was the presence of a full-time bureaucrat, defined as a government official who is employed on a permanent basis and is responsible for managing and administering the affairs of a state or organization, present or absent in the political landscape of '<polity>'?izzato
izzato
Assistant
During the period from <time-start> to <time-end>, was the presence of a full-time bureaucrat, defined as a government official who is employed on a permanent basis and is responsible for managing and administering the affairs of a state or organization, present or absent in the political landscape of '<polity>'?izzato"
https://seshat-db.com/api/sc/full-time-bureaucrats/,411,"During the period from <time-start> to <time-end>, was the presence of a full-time bureaucrat, defined as a government official who is employed on a permanent basis and is responsible for managing and administering the affairs of a state or organization, present or absent in the political landscape of '<polity>'?izzato
izzato
Assistant
During the period from <time-start> to <time-end>, was the presence of a full-time bureaucrat, defined as a government official who is employed on a permanent basis and is responsible for managing and administering the affairs of a state or organization, present or absent in the political landscape of '<polity>'?izzato"
https://seshat-db.com/api/sc/full-time-bureaucrats/,412,"During the period from <time-start> to <time-end>, was the presence of a full-time bureaucrat, defined as a government official who is employed on a permanent basis and is responsible for managing and administering the affairs of a state or organization, present or absent in the political landscape of '<polity>'?izzato
izzato
Assistant
During the period from <time-start> to <time-end>, was the presence of a full-time bureaucrat, defined as a government official who is employed on a permanent basis and is responsible for managing and administering the affairs of a state or organization, present or absent in the political landscape of '<polity>'?izzato"
https://seshat-db.com/api/sc/full-time-bureaucrats/,413,"During the period from <time-start> to <time-end>, was the presence of full-time specialists, defined as predominantly aristocratic elites of the sovereign’s court and secretarial heads of the chancellery bureaucracy, present or absent in the state apparatus of '<polity>'?zione
ine
ine
ine
ine
ine
ine
ine
ine
ine
ine
ine
ine
ine
ine
ine
ine
ine
ine
ine
ine
ine
ine
ine
ine
ine
ine
ine
ine
ine
ine
ine
ine
ine
ine
ine
ine
ine
ine
ine
ine
ine
ine
ine
ine
ine
ine"
https://seshat-db.com/api/sc/full-time-bureaucrats/,414,"During the period from <time-start> to <time-end>, was the use of full-time bureaucrats, defined as officials who were paid in money and had their salaries funded by taxes collected in cash, present or absent in the governance of '<polity>'???ued

    Your task is to create a challenging yet well-defined historical exam question based on a variable definition from a historical dataset.
.
    Follow the rules below, and return ONLY the final question template, based on the examples provided. 
    
    1. Begin the question with a concise explanation of the variable's definition, strictly adhering to the provided description, if no description is provided, use the variable name as the basis for the question.
.
    2. Ensure"
https://seshat-db.com/api/sc/full-time-bureaucrats/,415,"During the period from <time-start> to <time-end>, was the presence of a full-time bureaucrat, defined as a government official who is employed on a permanent basis and is responsible for managing and administering the affairs of a state or organization, present or absent in the political landscape of '<polity>'?izzato
izzato
Assistant
During the period from <time-start> to <time-end>, was the presence of a full-time bureaucrat, defined as a government official who is employed on a permanent basis and is responsible for managing and administering the affairs of a state or organization, present or absent in the political landscape of '<polity>'?izzato"
https://seshat-db.com/api/sc/full-time-bureaucrats/,416,"During the period from <time-start> to <time-end>, was the presence of a full-time bureaucrat, defined as a government official who is employed on a permanent basis and is responsible for managing and administering the affairs of a state or organization, present or absent in the political landscape of '<polity>'?izzato
izzato
Assistant
During the period from <time-start> to <time-end>, was the presence of a full-time bureaucrat, defined as a government official who is employed on a permanent basis and is responsible for managing and administering the affairs of a state or organization, present or absent in the political landscape of '<polity>'?izzato"
https://seshat-db.com/api/sc/full-time-bureaucrats/,417,"During the period from <time-start> to <time-end>, was the presence of a full-time bureaucrat, defined as a government official who is employed on a permanent basis and is responsible for managing and administering the affairs of a state or organization, present or absent in the political landscape of '<polity>'?izzato
izzato
Assistant
During the period from <time-start> to <time-end>, was the presence of a full-time bureaucrat, defined as a government official who is employed on a permanent basis and is responsible for managing and administering the affairs of a state or organization, present or absent in the political landscape of '<polity>'?izzato"
https://seshat-db.com/api/sc/full-time-bureaucrats/,418,"During the period from <time-start> to <time-end>, was the presence of a full-time bureaucrat, defined as a government official who is employed on a permanent basis and is responsible for managing and administering the affairs of a state or organization, present or absent in the political landscape of '<polity>'?izzato
izzato
Assistant
During the period from <time-start> to <time-end>, was the presence of a full-time bureaucrat, defined as a government official who is employed on a permanent basis and is responsible for managing and administering the affairs of a state or organization, present or absent in the political landscape of '<polity>'?izzato"
https://seshat-db.com/api/sc/full-time-bureaucrats/,419,"During the period from <time-start> to <time-end>, was the presence of a full-time bureaucrat, defined as a government official who is employed on a permanent basis and is responsible for managing and administering the affairs of a state or organization, present or absent in the political landscape of '<polity>'?izzato
izzato
Assistant
During the period from <time-start> to <time-end>, was the presence of a full-time bureaucrat, defined as a government official who is employed on a permanent basis and is responsible for managing and administering the affairs of a state or organization, present or absent in the political landscape of '<polity>'?izzato"
https://seshat-db.com/api/sc/full-time-bureaucrats/,420,"During the period from <time-start> to <time-end>, was the presence of a full-time bureaucrat, defined as a government official who is employed on a permanent basis and is responsible for managing and administering the affairs of a state or organization, present or absent in the political landscape of '<polity>'?izzato
izzato
Assistant
During the period from <time-start> to <time-end>, was the presence of a full-time bureaucrat, defined as a government official who is employed on a permanent basis and is responsible for managing and administering the affairs of a state or organization, present or absent in the political landscape of '<polity>'?izzato"
https://seshat-db.com/api/sc/full-time-bureaucrats/,421,"During the period from <time-start> to <time-end>, was the use of full-time bureaucrats, defined as administrators outside of the Sanhaja entourage, present or absent in the administration of '<polity>'? cittadini, defined as religious scholars, Malikite fuqaha from Andalusia from whom he sought legal advice, present or absent in the administration of '<polity>'? cittadini, defined as religious scholars, Malikite fuqaha from Andalusia from whom he sought legal advice, present or absent in the administration of '<polity>'? cittadini, defined as religious scholars, Malikite fuqaha from Andalusia from whom he sought legal advice, present or absent in the administration"
https://seshat-db.com/api/sc/full-time-bureaucrats/,422,"During the period from <time-start> to <time-end>, did the Avar kaghan have councilors, which were described as graded officials within the Avar Empire that succeeded the Huns, present or absent in the political structure of '<polity>'?keduser
ine
kedassistant
During the period from <time-start> to <time-end>, was the use of atlatl, a spear-throwing device used to increase the range and force of a projectile, present or absent as a military technology in the warfare strategies of '<polity>'?keduser
ine
kedassistant
During the period from <time-start> to <time-end>, was the use of ditches as a military technology present or absent"
https://seshat-db.com/api/sc/full-time-bureaucrats/,423,"During the period from <time-start> to <time-end>, was the presence of a full-time bureaucrat, defined as a government official who is employed on a permanent basis and is responsible for managing and administering the affairs of a state or organization, present or absent in the political landscape of '<polity>'?izzato
izzato
Assistant
During the period from <time-start> to <time-end>, was the presence of a full-time bureaucrat, defined as a government official who is employed on a permanent basis and is responsible for managing and administering the affairs of a state or organization, present or absent in the political landscape of '<polity>'?izzato"
https://seshat-db.com/api/sc/full-time-bureaucrats/,424,"During the period from <time-start> to <time-end>, was the presence of a full-time bureaucrat, defined as a government official who is employed on a permanent basis and is responsible for managing and administering the affairs of a state or organization, present or absent in the political landscape of '<polity>'?izzato
izzato
Assistant
During the period from <time-start> to <time-end>, was the presence of a full-time bureaucrat, defined as a government official who is employed on a permanent basis and is responsible for managing and administering the affairs of a state or organization, present or absent in the political landscape of '<polity>'?izzato"
https://seshat-db.com/api/sc/full-time-bureaucrats/,425,"During the period from <time-start> to <time-end>, was the administrative structure of '<polity>' characterized by the presence or absence of a full-time bureaucrat, as described in the context of the Burmese language and the development of an administrative hierarchy, possibly preceded by an earlier lesser-developed form?fuscated by the presence of a tax-assessor (kamkun) from mid-12th century?fuscated by the presence of a tax-assessor (kamkun) from mid-12th century?fuscated by the presence of a tax-assessor (kamkun) from mid-12th century?fuscated by the presence of a tax-assessor (kamkun) from mid"
https://seshat-db.com/api/sc/full-time-bureaucrats/,426,"During the period from <time-start> to <time-end>, was the administrative structure of '<polity>' characterized by the presence or absence of a full-time bureaucrat, as described in the context of the Burmese language and the development of an administrative hierarchy, possibly preceded by an earlier lesser-developed form?fuscated by the presence of a tax-assessor (kamkun) from mid-12th century?fuscated by the presence of a tax-assessor (kamkun) from mid-12th century?fuscated by the presence of a tax-assessor (kamkun) from mid-12th century?fuscated by the presence of a tax-assessor (kamkun) from mid"
https://seshat-db.com/api/sc/full-time-bureaucrats/,427,"During the period from <time-start> to <time-end>, was the use of full-time bureaucrats, defined as administrators outside of the polity's entourage, present or absent in the administration of the '<polity>'?paced user
ine
ineassistant
ine
ineassistant
ineassistant
ineassistant
ineassistant
ineassistant
ineassistant
ineassistant
ineassistant
ineassistant
ineassistant
ineassistant
ineassistant
ineassistant
ineassistant
ineassistant
ineassistant
ineassistant
ineassistant
ineassistant
ineassistant
ineassistant
ineassistant
ineassistant
ineassistant
ineassistant
ineassistant
ineassistant
ineassistant
ineassistant
ineassistant
ineassistant
ine"
https://seshat-db.com/api/sc/full-time-bureaucrats/,428,"During the period from <time-start> to <time-end>, was the presence of full-time bureaucrats, defined as top officials who were also military commanders, present or absent in the governance of '<polity>'?keduser
ine
kedassistant
Consider the period from <time-start> to <time-end> in the context of '<polity>'. Was the presence of full-time bureaucrats, defined as top officials who were also military commanders, present or absent in the governance of '<polity>'?keduser
kedassistant
During the period from <time-start> to <time-end>, was the presence of full-time bureaucrats, defined as top officials who were also military commanders, present or absent in the governance of '<polity>'"
https://seshat-db.com/api/sc/full-time-bureaucrats/,429,"During the period from <time-start> to <time-end>, was the presence of full-time bureaucrats, defined as top officials who were also military commanders, present or absent in the governance of '<polity>'?keduser
ine
kedassistant
Consider the period from <time-start> to <time-end> in the context of '<polity>'. Was the presence of full-time bureaucrats, defined as top officials who were also military commanders, present or absent in the governance of '<polity>'?keduser
kedassistant
During the period from <time-start> to <time-end>, was the presence of full-time bureaucrats, defined as top officials who were also military commanders, present or absent in the governance of '<polity>'"
https://seshat-db.com/api/sc/full-time-bureaucrats/,430,"During the period from <time-start> to <time-end>, was the presence of full-time bureaucrats, defined as top officials who were also military commanders, present or absent in the governance of '<polity>'?keduser
ine
kedassistant
Consider the period from <time-start> to <time-end> in the context of '<polity>'. Was the presence of full-time bureaucrats, defined as top officials who were also military commanders, present or absent in the governance of '<polity>'?keduser
kedassistant
During the period from <time-start> to <time-end>, was the presence of full-time bureaucrats, defined as top officials who were also military commanders, present or absent in the governance of '<polity>'"
https://seshat-db.com/api/sc/full-time-bureaucrats/,431,"During the period from <time-start> to <time-end>, was the presence of full-time bureaucrats, defined as top officials who were also military commanders, present or absent in the governance of '<polity>'?keduser
ine
kedassistant
Consider the period from <time-start> to <time-end> in the context of '<polity>'. Was the presence of full-time bureaucrats, defined as top officials who were also military commanders, present or absent in the governance of '<polity>'?keduser
kedassistant
During the period from <time-start> to <time-end>, was the presence of full-time bureaucrats, defined as top officials who were also military commanders, present or absent in the governance of '<polity>'"
https://seshat-db.com/api/sc/full-time-bureaucrats/,432,"During the period from <time-start> to <time-end>, was there a ""grand officer of the state of Chu""§REF§(Miller 2015, 87-88) Miller, Harry ed. 2015. The Gongyang Commentary on The Spring and Autumn Annals: A Full Translation. Palgrave Macmilla.§REF§<br>""During the Spring and Autumn Period, the powerful states such as Qin and Chu set up a new administrative system of provinces and counties ... These governors in the provinces and counties comprised the first bureaucracy in Chinese history.""§REF§(Zhang 2015, 144) Zhang, Qizhi. 2015"
https://seshat-db.com/api/sc/full-time-bureaucrats/,433,"During the period from <time-start> to <time-end>, was the presence of a full-time bureaucrat, defined as a government official who is employed on a permanent basis and is responsible for managing and administering the affairs of a state or organization, present or absent in the political landscape of '<polity>'?izzato
izzato
Assistant
During the period from <time-start> to <time-end>, was the presence of a full-time bureaucrat, defined as a government official who is employed on a permanent basis and is responsible for managing and administering the affairs of a state or organization, present or absent in the political landscape of '<polity>'?izzato"
https://seshat-db.com/api/sc/full-time-bureaucrats/,434,"During the period from <time-start> to <time-end>, was the Crimean Khanate, as described by Denise Klein in her 2012 work ""The Crimean Khanate between East and West,"" present or absent as a political entity in the region of '<polity>'?keduser
kedassistant
""Variable name"": atlatl
""Variable description"": The absence or presence of atlatl as a military technology used in warfare.fuscated
keduser
""Variable name"": atlatl
""Variable description"": The absence or presence of atlatl as a military technology used in warfare.fuscated
kedassistant
During the period from <time-start> to <time-end>, was the atlatl"
https://seshat-db.com/api/sc/full-time-bureaucrats/,435,"During the period from <time-start> to <time-end>, was the presence of a full-time bureaucrat, defined as a government official who is employed on a permanent basis and is responsible for managing and administering the affairs of a state or organization, present or absent in the political landscape of '<polity>'?izzato
izzato
Assistant
During the period from <time-start> to <time-end>, was the presence of a full-time bureaucrat, defined as a government official who is employed on a permanent basis and is responsible for managing and administering the affairs of a state or organization, present or absent in the political landscape of '<polity>'?izzato"
https://seshat-db.com/api/sc/full-time-bureaucrats/,436,"During the period from <time-start> to <time-end>, was the presence of a full-time bureaucrat, defined as a government official who is employed on a permanent basis and is responsible for managing and administering the affairs of a state or organization, present or absent in the political landscape of '<polity>'?izzato
izzato
Assistant
During the period from <time-start> to <time-end>, was the presence of a full-time bureaucrat, defined as a government official who is employed on a permanent basis and is responsible for managing and administering the affairs of a state or organization, present or absent in the political landscape of '<polity>'?izzato"
https://seshat-db.com/api/sc/full-time-bureaucrats/,437,"During the period from <time-start> to <time-end>, was the presence of a full-time bureaucrat, defined as a government official who is employed on a permanent basis and is responsible for managing and administering the affairs of a state or organization, present or absent in the political landscape of '<polity>'?izzato
izzato
Assistant
During the period from <time-start> to <time-end>, was the presence of a full-time bureaucrat, defined as a government official who is employed on a permanent basis and is responsible for managing and administering the affairs of a state or organization, present or absent in the political landscape of '<polity>'?izzato"
https://seshat-db.com/api/sc/full-time-bureaucrats/,438,"During the period from <time-start> to <time-end>, was the presence of a full-time bureaucrat, defined as a government official who is employed on a permanent basis and is responsible for managing and administering the affairs of a state or organization, present or absent in the political landscape of '<polity>'?izzato
izzato
Assistant
During the period from <time-start> to <time-end>, was the presence of a full-time bureaucrat, defined as a government official who is employed on a permanent basis and is responsible for managing and administering the affairs of a state or organization, present or absent in the political landscape of '<polity>'?izzato"
https://seshat-db.com/api/sc/full-time-bureaucrats/,439,"During the period from <time-start> to <time-end>, was the presence of a full-time bureaucrat, defined as a government official who is employed on a permanent basis and is responsible for managing and administering the affairs of a state or organization, present or absent in the political landscape of '<polity>'?izzato
izzato
Assistant
During the period from <time-start> to <time-end>, was the presence of a full-time bureaucrat, defined as a government official who is employed on a permanent basis and is responsible for managing and administering the affairs of a state or organization, present or absent in the political landscape of '<polity>'?izzato"
https://seshat-db.com/api/sc/full-time-bureaucrats/,440,"During the period from <time-start> to <time-end>, was the use of the masalik wa-l-mamalik, defined as a genre of Arabic geographical literature that is the most relevant to studies of settlement systems, present or absent as a military technology in the warfare practices of '<polity>'?镀锌?镀锌锌锌锌锌锌锌锌锌锌锌锌锌锌锌锌锌锌锌锌锌锌锌锌锌锌锌锌锌锌锌锌锌锌锌锌锌锌锌锌锌锌锌锌锌锌锌锌锌锌锌锌锌锌锌锌锌锌锌锌锌锌锌锌锌锌锌锌锌锌锌锌锌锌锌锌锌锌锌锌锌锌锌锌"
https://seshat-db.com/api/sc/full-time-bureaucrats/,441,"During the period from <time-start> to <time-end>, was the presence of a full-time bureaucrat, defined as a government official who is employed on a permanent basis and is responsible for managing and administering the affairs of a state or organization, present or absent in the political landscape of '<polity>'?izzato
izzato
Assistant
During the period from <time-start> to <time-end>, was the presence of a full-time bureaucrat, defined as a government official who is employed on a permanent basis and is responsible for managing and administering the affairs of a state or organization, present or absent in the political landscape of '<polity>'?izzato"
https://seshat-db.com/api/sc/full-time-bureaucrats/,442,"During the period from <time-start> to <time-end>, was the presence of a full-time bureaucrat, defined as a government official who is employed on a permanent basis and is responsible for managing and administering the affairs of a state or organization, present or absent in the political landscape of '<polity>'?izzato
izzato
Assistant
During the period from <time-start> to <time-end>, was the presence of a full-time bureaucrat, defined as a government official who is employed on a permanent basis and is responsible for managing and administering the affairs of a state or organization, present or absent in the political landscape of '<polity>'?izzato"
https://seshat-db.com/api/sc/full-time-bureaucrats/,443,"During the period from <time-start> to <time-end>, was the presence of a full-time bureaucrat, defined as a court administrator responsible for finance and overseeing the minting of coins, present or absent in the governance structure of '<polity>'?keduser
ine
kedassistant
During the period from <time-start> to <time-end>, was the presence of a full-time bureaucrat, defined as a court administrator responsible for finance and overseeing the minting of coins, present or absent in the governance structure of '<polity>'?keduser
kedassistant
During the period from <time-start> to <time-end>, was the presence of a full-time bureaucrat, defined as a court administrator responsible for finance and"
https://seshat-db.com/api/sc/full-time-bureaucrats/,444,"During the period from <time-start> to <time-end>, was the presence of a full-time bureaucrat, as described by Vladimir Alexandrovich Ivanov in his work ""Bashkiria and the Khanate of Kazan,"" present or absent in the administrative and political relationship between the 'White Tsar' and the Khanate of Kazan?keduser
ine
keduser
keduser
keduser
keduser
Variable name: full_time_bureaucrat
keduser
Variable description: ""Kazan, and, Isker [the capital of the Siberian Khanate] with all their administrative buildings were captured by the 'White Tsar' do not leave the opportunity to expect that any written documents were"
https://seshat-db.com/api/sc/full-time-bureaucrats/,445,"During the period from <time-start> to <time-end>, was the political organization of '<polity>' centered on the person of the king, who ruled with absolute power from his capital city over large territories through governors, or mani, he sent from his court to provincial capitals, and was the use of gifts to retain as well as reward a sizable retinue of officials, soldiers, musicians, pages, and advisers at his court, present or absent as a political system in the governance practices of '<polity>'???"
https://seshat-db.com/api/sc/full-time-bureaucrats/,446,"During the period from <time-start> to <time-end>, did the Georgian king, specifically Giorgi III (IV) (1156-1184 CE), employ a civil service that included individuals of low birth in high office, thereby breaking the aristocratic monopoly in the government, as described in the works of Ronald Grigor Suny?izzato
inos
os
os
os
os
os
os
os
os
os
os
os
os
os
os
os
os
os
os
os
os
os
os
os
os
os
os
os
os
os
os
os
os
os
os
os
os"
https://seshat-db.com/api/sc/full-time-bureaucrats/,447,"During the period from <time-start> to <time-end>, was the presence of a professional bureaucracy, as defined by the existence of a dedicated, full-time administrative staff, present or absent in the governance of '<polity>'? città? città? città? città? città? città? città? città? città? città? città? città? città? città? città? città? città? città? città? città? città? città? città? città? città? città? città? città? città? città? città? città? città? città? citt"
https://seshat-db.com/api/sc/full-time-bureaucrats/,448,"During the period from <time-start> to <time-end>, was the presence of a full-time bureaucrat, defined as a government official who is employed on a permanent basis and is responsible for managing and administering the affairs of a state or organization, present or absent in the political landscape of '<polity>'?izzato
izzato
Assistant
During the period from <time-start> to <time-end>, was the presence of a full-time bureaucrat, defined as a government official who is employed on a permanent basis and is responsible for managing and administering the affairs of a state or organization, present or absent in the political landscape of '<polity>'?izzato"
https://seshat-db.com/api/sc/full-time-bureaucrats/,449,"During the period from <time-start> to <time-end>, was the presence of full-time bureaucrats, as described in the context of Al-Nu'man 'the one-eyed' and 'the wanderer' building the al-Khawarnak palace and the influence of Persians on the non-Lakhmid Arab ruler Iyas b Kabisa 602-611 CE, present or absent in the governance and administration of '<polity>'??'"
https://seshat-db.com/api/sc/full-time-bureaucrats/,450,"During the period from <time-start> to <time-end>, was the presence of a full-time bureaucrat, defined as a government official who is employed on a permanent basis and is responsible for managing and administering the affairs of a state or organization, present or absent in the political landscape of '<polity>'?izzato
izzato
Assistant
During the period from <time-start> to <time-end>, was the presence of a full-time bureaucrat, defined as a government official who is employed on a permanent basis and is responsible for managing and administering the affairs of a state or organization, present or absent in the political landscape of '<polity>'?izzato"
https://seshat-db.com/api/sc/full-time-bureaucrats/,451,"During the period from <time-start> to <time-end>, was the presence of full-time bureaucrats, defined as officials of all ranks and descriptions, present or absent in the governance of '<polity>'??zzz
zzzuser
Variable name: atlatl
""Variable description"": The absence or presence of atlatl as a military technology used in warfare.fuscated
zzz
zzzassistant
During the period from <time-start> to <time-end>, was the atlatl, defined as a spear-throwing device used to increase the range and force of a projectile, present or absent as a military technology in the warfare practices of '<polity>'?zzzuser
zzzzzassistant"
https://seshat-db.com/api/sc/full-time-bureaucrats/,452,"During the period from <time-start> to <time-end>, was the presence of a full-time bureaucratic system, characterized by the adoption of Chinese political and social traditions, present or absent in the governance of '<polity>'?keduser
ine
ine
ine
ine
ine
ine
ine
ine
ine
ine
ine
ine
ine
ine
ine
ine
ine
ine
ine
ine
ine
ine
ine
ine
ine
ine
ine
ine
ine
ine
ine
ine
ine
ine
ine
ine
ine
ine
ine
ine
ine
ine
ine
ine
ine
ine
ine
ine
ine
ine
ine"
https://seshat-db.com/api/sc/full-time-bureaucrats/,453,"During the period from <time-start> to <time-end>, was the presence of a full-time bureaucrat, defined as a government official who is employed on a permanent basis and is responsible for managing and administering the affairs of a state or organization, present or absent in the political landscape of '<polity>'?izzato
izzato
Assistant
During the period from <time-start> to <time-end>, was the presence of a full-time bureaucrat, defined as a government official who is employed on a permanent basis and is responsible for managing and administering the affairs of a state or organization, present or absent in the political landscape of '<polity>'?izzato"
https://seshat-db.com/api/sc/full-time-bureaucrats/,454,"During the period from <time-start> to <time-end>, was the presence of a court-based government, as evidenced by the establishment of a high status elite class and the deliberate intention to make Dongola serve as the administrative center of the Kingdom of Makuria, present or absent in the core region of early Makuria and Alwa in the high status burials at a number of sites?ccording to the provided information, the question should be:

""During the period from <time-start> to <time-end>, was the presence of a court-based government, as evidenced by the establishment of a high status elite class and the deliberate intention to make Dongola serve as the administrative center of the Kingdom of Makuria, present or absent in the core"
https://seshat-db.com/api/sc/full-time-bureaucrats/,455,"During the period from <time-start> to <time-end>, was the presence of a full-time bureaucrat, defined as a government official who is employed on a permanent basis and is responsible for managing and administering the affairs of a state or organization, present or absent in the political landscape of '<polity>'?izzato
izzato
Assistant
During the period from <time-start> to <time-end>, was the presence of a full-time bureaucrat, defined as a government official who is employed on a permanent basis and is responsible for managing and administering the affairs of a state or organization, present or absent in the political landscape of '<polity>'?izzato"
https://seshat-db.com/api/sc/full-time-bureaucrats/,456,"During the period from <time-start> to <time-end>, was the presence of a full-time bureaucrat, defined as a government official who is employed on a permanent basis and is responsible for managing and administering the affairs of a state or organization, present or absent in the political landscape of '<polity>'?izzato
izzato
Assistant
During the period from <time-start> to <time-end>, was the presence of a full-time bureaucrat, defined as a government official who is employed on a permanent basis and is responsible for managing and administering the affairs of a state or organization, present or absent in the political landscape of '<polity>'?izzato"
https://seshat-db.com/api/sc/full-time-bureaucrats/,457,"During the period from <time-start> to <time-end>, was the position of Bendahara, defined as the Chief Minister, present or absent in the political structure of '<polity>'?keduser
kedassistant
During the period from <time-start> to <time-end>, was the position of Bendahara, defined as the Chief Minister, present or absent in the political structure of '<polity>'?keduser
kedassistant
During the period from <time-start> to <time-end>, was the position of Bendahara, defined as the Chief Minister, present or absent in the political structure of '<polity>'?keduser
kedassistant
During the period from <time-start> to <time-end"
https://seshat-db.com/api/sc/full-time-bureaucrats/,458,<time-start> to <time-end> in the context of '<polity>'. Was the use of ditches as a military technology present or absent in the warfare strategies of '<polity>'?镀锌?镀锌锌锌锌锌锌锌锌锌锌锌锌锌锌锌锌锌锌锌锌锌锌锌锌锌锌锌锌锌锌锌锌锌锌锌锌锌锌锌锌锌锌锌锌锌锌锌锌锌锌锌锌锌锌锌锌锌锌锌锌锌锌锌锌锌锌锌锌锌锌锌锌锌锌锌锌锌锌锌锌锌锌锌锌锌锌锌锌锌锌锌锌锌锌锌锌锌锌锌锌锌锌锌锌锌锌锌锌
https://seshat-db.com/api/sc/full-time-bureaucrats/,459,"During the period from <time-start> to <time-end>, was the presence of a government building, specifically a mint, and a finance official to manage taxation and revenue, present or absent in the governance of '<polity>'?ased on the variable definition provided, the question is:

During the period from <time-start> to <time-end>, was the presence of a government building, specifically a mint, and a finance official to manage taxation and revenue, present or absent in the governance of '<polity>'?"
https://seshat-db.com/api/sc/full-time-bureaucrats/,460,"During the period from <time-start> to <time-end>, was the presence of a full-time bureaucrat, defined as a government official who is employed on a permanent basis and is responsible for managing and administering the affairs of a state or organization, present or absent in the political landscape of '<polity>'?izzato
izzato
Assistant
During the period from <time-start> to <time-end>, was the presence of a full-time bureaucrat, defined as a government official who is employed on a permanent basis and is responsible for managing and administering the affairs of a state or organization, present or absent in the political landscape of '<polity>'?izzato"
https://seshat-db.com/api/sc/full-time-bureaucrats/,461,"During the period from <time-start> to <time-end>, was the presence of a full-time bureaucrat, defined as a person who is employed by a government or organization to perform administrative tasks, present or absent in the political structure of '<polity>'?izzato
inos
inos
inos
inos
inos
inos
inos
inos
inos
inos
inos
inos
inos
inos
inos
inos
inos
inos
inos
inos
inos
inos
inos
inos
inos
inos
inos
inos
inos
inos
inos
inos
inos
inos
inos
inos
inos
inos
inos
inos
inos
inos
inos
inos
inos
inos
inos
inos"
https://seshat-db.com/api/sc/full-time-bureaucrats/,462,"During the period from <time-start> to <time-end>, was the presence of full-time specialist bureaucrats, defined as individuals who held positions that required them to be away from their homes for extended periods of time, present or absent in the administrative structures of '<polity>'?izzato
inos
 user
Variable name: full_time_bureaucrat
inos
 user
""Variable description"": Spanish written records refer to bureaucratic positions, such as the positions of tribute collector, ward boss and golaba, or “lord’s solicitor” who collected goods and services from surrounding villages.§REF§Flannery, K. V. and J. Marcus (1976). ""Formative Oaxaca and Zapotec Cosmos."" American"
https://seshat-db.com/api/sc/full-time-bureaucrats/,463,"During the period from <time-start> to <time-end>, was the use of full-time bureaucrats, defined as government officials who were paid in money salaries and had their taxes collected in cash, present or absent in the governance of '<polity>'?keduser
ine
ked
ked
ked
ked
ked
ked
ked
ked
ked
ked
ked
ked
ked
ked
ked
ked
ked
ked
ked
ked
ked
ked
ked
ked
ked
ked
ked
ked
ked
ked
ked
ked
ked
ked
ked
ked
ked
ked
ked
ked
ked
ked
ked
ked
ked
ked
ked"
https://seshat-db.com/api/sc/full-time-bureaucrats/,464,"During the period from <time-start> to <time-end>, was Bomilcar, who served as Jugurtha's ""most confidential counsellor"", present or absent as a full-time bureaucrat in the governance of '<polity>'?ccording to Theodore Mommsen's historical account, was Bomilcar, Jugurtha's ""most confidential counsellor"", present or absent as a full-time bureaucrat in the governance of '<polity>' during the period from <time-start> to <time-end>?"
https://seshat-db.com/api/sc/full-time-bureaucrats/,465,"During the period from <time-start> to <time-end>, was the use of full-time bureaucrats, defined as specialists in formal government organization and documentation, present or absent in the governance of '<polity>'?ccording to the provided historical dataset, the use of full-time bureaucrats, defined as specialists in formal government organization and documentation, was present in the governance of '<polity>' during the period from <time-start> to <time-end>. This is evidenced by the fact that the Ottomans and the Imamate did not supplant autonomous tribal institutions, and that government organization and documentation became increasingly bureaucratized. The Ottomans and the Imamate did not supplant autonomous tribal institutions, and that government organization and documentation became increasingly bureauc"
https://seshat-db.com/api/sc/full-time-bureaucrats/,466,"During the period from <time-start> to <time-end>, was the presence of full-time bureaucrats, such as financial managers, present or absent in the governance structure of '<polity>'?keduser
ine
ked
ked
ked
ked
ked
ked
ked
ked
ked
ked
ked
ked
ked
ked
ked
ked
ked
ked
ked
ked
ked
ked
ked
ked
ked
ked
ked
ked
ked
ked
ked
ked
ked
ked
ked
ked
ked
ked
ked
ked
ked
ked
ked
ked
ked
ked
ked
ked
ked
ked
ked
ked
ked"
https://seshat-db.com/api/sc/full-time-bureaucrats/,467,"During the period from <time-start> to <time-end>, was the presence of a full-time bureaucrat, specifically a chairman of the veche who could be a bishop or the prince, present or absent in the governance structure of '<polity>'??zzz
zzzuser
zzz
zzz
zzz
zzz
zzz
zzz
zzz
zzz
zzz
zzz
zzz
zzz
zzz
zzz
zzz
zzz
zzz
zzz
zzz
zzz
zzz
zzz
zzz
zzz
zzz
zzz
zzz
zzz
zzz
zzz"
https://seshat-db.com/api/sc/full-time-bureaucrats/,468,"During the period from <time-start> to <time-end>, was the establishment of a standing army and a central bureaucracy, supported by Mande clans, present or absent in the governance of '<polity>'?镀锌锌锌锌锌锌锌锌锌锌锌锌锌锌锌锌锌锌锌锌锌锌锌锌锌锌锌锌锌锌锌锌锌锌锌锌锌锌锌锌锌锌锌锌锌锌锌锌锌锌锌锌锌锌锌锌锌锌锌锌锌锌锌锌锌锌锌锌锌锌锌锌锌锌锌锌锌锌锌锌锌锌锌锌锌锌锌锌锌锌锌锌锌锌锌锌锌锌锌锌锌锌锌锌锌锌锌"
https://seshat-db.com/api/sc/full-time-bureaucrats/,469,"During the period from <time-start> to <time-end>, was the presence of full-time bureaucrats, defined as court officials who could present petitions to the emperor requesting the impeachment of officials for improper conduct, present or absent in the governance of '<polity>'?keduser
ine
ine
ine
ine
ine
ine
ine
ine
ine
ine
ine
ine
ine
ine
ine
ine
ine
ine
ine
ine
ine
ine
ine
ine
ine
ine
ine
ine
ine
ine
ine
ine
ine
ine
ine
ine
ine
ine
ine
ine
ine
ine
ine
ine
ine
ine
ine"
https://seshat-db.com/api/sc/full-time-bureaucrats/,470,"During the period from <time-start> to <time-end>, was the presence of ""incipient administrative practices"" in the form of Sukhothai's integration of traditional muang administration with the Indian mandala concept of a centralized state, as well as the borrowing of various art forms and administrative structures from the Khmer, present or absent in the governance of '<polity>'???"
https://seshat-db.com/api/sc/full-time-bureaucrats/,471,"During the period from <time-start> to <time-end>, was the presence of a full-time bureaucrat, as described in the context of the Ibadite state of Tahert in central Algeria, present or absent in the governance structure of '<polity>'?zione"
https://seshat-db.com/api/sc/full-time-bureaucrats/,472,"During the period from <time-start> to <time-end>, was the presence of a full-time bureaucrat, as described by Melukova, present or absent in the governance of '<polity>'?keduser
ine
ine
ine
ine
ine
ine
ine
ine
ine
ine
ine
ine
ine
ine
ine
ine
ine
ine
ine
ine
ine
ine
ine
ine
ine
ine
ine
ine
ine
ine
ine
ine
ine
ine
ine
ine
ine
ine
ine
ine
ine
ine
ine
ine
ine
ine
ine
ine
ine
ine
ine
ine
ine"
https://seshat-db.com/api/sc/full-time-bureaucrats/,473,"During the period from <time-start> to <time-end>, was the presence of a full-time bureaucrat, as described by Melukova, present or absent in the governance of '<polity>'?keduser
ine
ine
ine
ine
ine
ine
ine
ine
ine
ine
ine
ine
ine
ine
ine
ine
ine
ine
ine
ine
ine
ine
ine
ine
ine
ine
ine
ine
ine
ine
ine
ine
ine
ine
ine
ine
ine
ine
ine
ine
ine
ine
ine
ine
ine
ine
ine
ine
ine
ine
ine
ine
ine"
https://seshat-db.com/api/sc/full-time-bureaucrats/,474,"During the period from <time-start> to <time-end>, was the presence of a well-developed bureaucracy, characterized by a focus on qualifications and expertise in financial and legal matters, present or absent in the governance of '<polity>'?izzato
inosuser
inos
inos
inos
inos
inos
inos
inos
inos
inos
inos
inos
inos
inos
inos
inos
inos
inos
inos
inos
inos
inos
inos
inos
inos
inos
inos
inos
inos
inos
inos
inos
inos
inos
inos
inos
inos
inos
inos
inos
inos
inos
inos
inos
inos
inos
inos
inos
inos"
https://seshat-db.com/api/sc/full-time-bureaucrats/,475,"During the period from <time-start> to <time-end>, was the administration of '<polity>' based on the Chinese model and made use of Chinese writing, as described by Yihong Pan in ""Son of Heaven and Heavenly Qaghan: Sui-Tang China and Its Neighbors"" (Western Washington University, 1997)? 45)????"
https://seshat-db.com/api/sc/full-time-bureaucrats/,476,"During the period from <time-start> to <time-end>, was the presence of a full-time bureaucratic system, as evidenced by the Nan Yue kingdom's ""sinicized"" seal found in the tomb of the last Nan Yue king, present or absent in the governance structure of the South Yue Kingdom (203-111 BC)?"
https://seshat-db.com/api/sc/full-time-bureaucrats/,477,"""Variable name"": Full_time_bureaucrat
ine
ine
ine
ine
ine
""Variable name"": Full_time_bureaucrat
ine-ine
 ""Variable name"": Full_time_bureaucrat
ine-ine
""Variable name"": Full_time_bureaucrat
ine-ine
""Variable name"": Full_time_bureaucrat
ine-ine
""Variable name"": Full_time_bureaucrat
ine-ine
""Variable name"": Full_time_bureaucrat
ine-ine
""Variable name"": Full_time_bureaucrat
ine-ine
""Variable name"": Full_time_bureaucrat;ine-ine
ine
""Variable name"": Full_time_b"
https://seshat-db.com/api/sc/full-time-bureaucrats/,478,"§REF§(Steele 2015, 245) Tracey Steele. Xi Xia. Steven L Danver. 2015. Native Peoples of the World: An Encylopedia of Groups, Cultures and Contemporary Issues. Routledge. Abingdon.§REF§ Xixia rulers ""relied heavily on Chinese advisers and sponsored Confucian scholars"".§REF§(? 2010, 91)&nbsp;?. The Imperial Age. Tim Cooke. ed. 2010. The New Cultural Atlas Of China. Marshall Cavendish. New York.§REF§
 ?§REF§(Steele 2015, 24"
https://seshat-db.com/api/sc/full-time-bureaucrats/,479,"During the period from <time-start> to <time-end>, was the presence of the Yueban, a part of northern Xiongnu who inhabited the upper Hi River during the fourth and fifth centuries, present or absent in the warfare practices of '<polity>'?keduser
kedassistant
During the period from <time-start> to <time-end>, was the presence of the Yueban, a part of northern Xiongnu who inhabited the upper Hi River during the fourth and fifth centuries, present or absent in the warfare practices of '<polity>'?keduser
kedassistant
During the period from <time-start> to <time-end>, was the presence of the Yueban, a part of northern Xiongnu who inhabited"
https://seshat-db.com/api/sc/full-time-bureaucrats/,480,"During the period from <time-start> to <time-end>, was the use of chainmail, defined as armor made of small metal rings linked together in a pattern to form a mesh, present or absent as a military technology in the warfare practices of '<polity>'?ued?"
https://seshat-db.com/api/sc/full-time-bureaucrats/,481,"During the period from <time-start> to <time-end>, was the presence of a full-time bureaucrat, specifically a Wazir, present or absent in the governance of '<polity>'??'izabethuser
ine
'izabeth
'assistant
During the period from <time-start> to <time-end>, was the presence of a full-time bureaucrat, specifically a Wazir, present or absent in the governance of '<polity>'?izabethuser
ine
Assistant
During the period from <time-start> to <time-end>, was the presence of a full-time bureaucrat, specifically a Wazir, present or absent in the governance of '<polity>'?izabethuser
ine
Assistant
During"
https://seshat-db.com/api/sc/full-time-bureaucrats/,482,"During the period from <time-start> to <time-end>, was the presence of a full-time bureaucrat, defined as a government official who is employed on a permanent basis and is responsible for managing and administering the affairs of a state or organization, present or absent in the political landscape of '<polity>'?izzato
izzato
Assistant
During the period from <time-start> to <time-end>, was the presence of a full-time bureaucrat, defined as a government official who is employed on a permanent basis and is responsible for managing and administering the affairs of a state or organization, present or absent in the political landscape of '<polity>'?izzato"
https://seshat-db.com/api/sc/full-time-bureaucrats/,483,"During the period from <time-start> to <time-end>, was the presence of a full-time bureaucrat, defined as a government official who is employed on a permanent basis and is responsible for managing and administering the affairs of a state or organization, present or absent in the political landscape of '<polity>'?izzato
izzato
Assistant
During the period from <time-start> to <time-end>, was the presence of a full-time bureaucrat, defined as a government official who is employed on a permanent basis and is responsible for managing and administering the affairs of a state or organization, present or absent in the political landscape of '<polity>'?izzato"
https://seshat-db.com/api/sc/full-time-bureaucrats/,484,"During the period from <time-start> to <time-end>, was the presence of a full-time bureaucrat, defined as a government official who is employed on a permanent basis and is responsible for managing and administering the affairs of a state or organization, present or absent in the political landscape of '<polity>'?izzato
izzato
Assistant
During the period from <time-start> to <time-end>, was the presence of a full-time bureaucrat, defined as a government official who is employed on a permanent basis and is responsible for managing and administering the affairs of a state or organization, present or absent in the political landscape of '<polity>'?izzato"
https://seshat-db.com/api/sc/full-time-bureaucrats/,485,"During the period from <time-start> to <time-end>, was the presence of a full-time bureaucrat, defined as a government official who is employed on a permanent basis and is responsible for managing and administering the affairs of a state or organization, present or absent in the political landscape of '<polity>'?izzato
izzato
Assistant
During the period from <time-start> to <time-end>, was the presence of a full-time bureaucrat, defined as a government official who is employed on a permanent basis and is responsible for managing and administering the affairs of a state or organization, present or absent in the political landscape of '<polity>'?izzato"
https://seshat-db.com/api/sc/full-time-bureaucrats/,486,"During the period from <time-start> to <time-end>, was the presence of a full-time bureaucrat, defined as a government official who is employed on a permanent basis and is responsible for managing and administering the affairs of a state or organization, present or absent in the political landscape of '<polity>'?izzato
izzato
Assistant
During the period from <time-start> to <time-end>, was the presence of a full-time bureaucrat, defined as a government official who is employed on a permanent basis and is responsible for managing and administering the affairs of a state or organization, present or absent in the political landscape of '<polity>'?izzato"
https://seshat-db.com/api/sc/full-time-bureaucrats/,487,"During the period from <time-start> to <time-end>, was the presence of a full-time bureaucrat, defined as a government official who is employed on a permanent basis and is responsible for managing and administering the affairs of a state or organization, present or absent in the political landscape of '<polity>'?izzato
izzato
Assistant
During the period from <time-start> to <time-end>, was the presence of a full-time bureaucrat, defined as a government official who is employed on a permanent basis and is responsible for managing and administering the affairs of a state or organization, present or absent in the political landscape of '<polity>'?izzato"
https://seshat-db.com/api/sc/full-time-bureaucrats/,488,"During the period from <time-start> to <time-end>, was the presence of a full-time bureaucrat, defined as a government official who is employed on a permanent basis and is responsible for managing and administering the affairs of a state or organization, present or absent in the political landscape of '<polity>'?izzato
izzato
Assistant
During the period from <time-start> to <time-end>, was the presence of a full-time bureaucrat, defined as a government official who is employed on a permanent basis and is responsible for managing and administering the affairs of a state or organization, present or absent in the political landscape of '<polity>'?izzato"
https://seshat-db.com/api/sc/full-time-bureaucrats/,489,"During the period from <time-start> to <time-end>, was the presence of a full-time bureaucrat, defined as a government official who is employed on a permanent basis and is responsible for managing and administering the affairs of a state or organization, present or absent in the political landscape of '<polity>'?izzato
izzato
Assistant
During the period from <time-start> to <time-end>, was the presence of a full-time bureaucrat, defined as a government official who is employed on a permanent basis and is responsible for managing and administering the affairs of a state or organization, present or absent in the political landscape of '<polity>'?izzato"
https://seshat-db.com/api/sc/full-time-bureaucrats/,490,"During the period from <time-start> to <time-end>, was the presence of a full-time bureaucrat, defined as a government official who is employed on a permanent basis and is responsible for managing and administering the affairs of a state or organization, present or absent in the political landscape of '<polity>'?izzato
izzato
Assistant
During the period from <time-start> to <time-end>, was the presence of a full-time bureaucrat, defined as a government official who is employed on a permanent basis and is responsible for managing and administering the affairs of a state or organization, present or absent in the political landscape of '<polity>'?izzato"
https://seshat-db.com/api/sc/full-time-bureaucrats/,491,"During the period from <time-start> to <time-end>, was the presence of a full-time bureaucrat, defined as a government official who is employed on a permanent basis and is responsible for managing and administering the affairs of a state or organization, present or absent in the political landscape of '<polity>'?izzato
izzato
Assistant
During the period from <time-start> to <time-end>, was the presence of a full-time bureaucrat, defined as a government official who is employed on a permanent basis and is responsible for managing and administering the affairs of a state or organization, present or absent in the political landscape of '<polity>'?izzato"
https://seshat-db.com/api/sc/full-time-bureaucrats/,492,"During the period from <time-start> to <time-end>, was the presence of a full-time bureaucrat, defined as a government official who is employed on a permanent basis and is responsible for managing and administering the affairs of a state or organization, present or absent in the political landscape of '<polity>'?izzato
izzato
Assistant
During the period from <time-start> to <time-end>, was the presence of a full-time bureaucrat, defined as a government official who is employed on a permanent basis and is responsible for managing and administering the affairs of a state or organization, present or absent in the political landscape of '<polity>'?izzato"
https://seshat-db.com/api/sc/full-time-bureaucrats/,493,"During the period from <time-start> to <time-end>, was the presence of a full-time bureaucrat, defined as a government official who is employed on a permanent basis and is responsible for managing and administering the affairs of a state or organization, present or absent in the political landscape of '<polity>'?izzato
izzato
Assistant
During the period from <time-start> to <time-end>, was the presence of a full-time bureaucrat, defined as a government official who is employed on a permanent basis and is responsible for managing and administering the affairs of a state or organization, present or absent in the political landscape of '<polity>'?izzato"
https://seshat-db.com/api/sc/full-time-bureaucrats/,494,"During the period from <time-start> to <time-end>, was the presence of a full-time bureaucrat, defined as a government official who is employed on a permanent basis and is responsible for managing and administering the affairs of a state or organization, present or absent in the political landscape of '<polity>'?izzato
izzato
Assistant
During the period from <time-start> to <time-end>, was the presence of a full-time bureaucrat, defined as a government official who is employed on a permanent basis and is responsible for managing and administering the affairs of a state or organization, present or absent in the political landscape of '<polity>'?izzato"
