endpoint_identifier,entry_idx,output
https://seshat-db.com/api/sc/polity-territories/,0,"During the period from <time-start> to <time-end>, was the territory of '<polity>' estimated to be 1,792,327 square kilometers in 1772 CE and 489,172 square kilometers in 1819 CE, as inferred from the modern day territory of the component territories of Pakistan, Indian Kashmir, and the former Iranian province of Khorasan?"
https://seshat-db.com/api/sc/polity-territories/,1,"During the period from <time-start> to <time-end>, was the territory of '<polity>' estimated to be 1,792,327 square kilometers in 1772 CE and 489,172 square kilometers in 1819 CE, as inferred from the modern day territory of the component territories of Pakistan, Indian Kashmir, and the former Iranian province of Khorasan?"
https://seshat-db.com/api/sc/polity-territories/,2,"During the period from <time-start> to <time-end>, was the territory of '<polity>' estimated to be 1,792,327 square kilometers in 1772 CE and 489,172 square kilometers in 1819 CE, as inferred from the modern day territory of the component territories of Pakistan, Indian Kashmir, and the former Iranian province of Khorasan?"
https://seshat-db.com/api/sc/polity-territories/,3,"During the period from <time-start> to <time-end>, what was the territory of '<polity>', defined as the area of land controlled by a polity, in squared kilometers?"
https://seshat-db.com/api/sc/polity-territories/,4,"During the period from <time-start> to <time-end>, what was the territory of '<polity>', defined as the area of land controlled by a polity, in squared kilometers?"
https://seshat-db.com/api/sc/polity-territories/,5,"During the period from <time-start> to <time-end>, what was the territory of '<polity>', defined as the area of land controlled by a polity, in squared kilometers?"
https://seshat-db.com/api/sc/polity-territories/,6,"During the period from <time-start> to <time-end>, was the territory of '<polity>' defined by the variable 'Polity_territory' in square kilometers, present or absent as a military technology in the warfare practices of '<polity>'?"
https://seshat-db.com/api/sc/polity-territories/,7,"During the period from <time-start> to <time-end>, was the territory of '<polity>' defined by the variable 'Polity_territory' in square kilometers, present or absent as a military technology in the warfare practices of '<polity>'?"
https://seshat-db.com/api/sc/polity-territories/,8,"During the period from <time-start> to <time-end>, was the use of chainmail, defined as armor made of small metal rings linked together in a pattern to form a mesh, present or absent as a military technology in the warfare practices of '<polity>'?"
https://seshat-db.com/api/sc/polity-territories/,9,"During the period from <time-start> to <time-end>, was the use of chainmail, defined as armor made of small metal rings linked together in a pattern to form a mesh, present or absent as a military technology in the warfare practices of '<polity>'?"
https://seshat-db.com/api/sc/polity-territories/,10,"During the period from <time-start> to <time-end>, was the territory of '<polity>' defined by its size in squared kilometers, encompassing Gandhara and four other territories to the north, and possibly extending into central and western Punjab in India, as well as experiencing a period of expansion and then retreat due to conflicts with the Sassanids and Hephthalites, present or absent?"
https://seshat-db.com/api/sc/polity-territories/,11,"During the period from <time-start> to <time-end>, was the territory of '<polity>' defined by its size in squared kilometers, encompassing Gandhara and four other territories to the north, and possibly extending into central and western Punjab in India, as well as experiencing a period of expansion and then retreat due to conflicts with the Sassanids and Hephthalites, present or absent?"
https://seshat-db.com/api/sc/polity-territories/,12,"During the period from <time-start> to <time-end>, was the use of ditches as a military technology present or absent in the warfare practices of '<polity>'?"
https://seshat-db.com/api/sc/polity-territories/,13,"During the period from <time-start> to <time-end>, was the use of ditches as a military technology present or absent in the warfare practices of '<polity>'?"
https://seshat-db.com/api/sc/polity-territories/,14,"During the period from <time-start> to <time-end>, was the territory of '<polity>' divided into at least two realms, each with its own political and military strategies, as evidenced by the presence of different types of imitations of tetradrachms and drachms of Euthydemus and Antiochus I, respectively?"
https://seshat-db.com/api/sc/polity-territories/,15,"During the period from <time-start> to <time-end>, what was the territorial extent of '<polity>' in square kilometers?"
https://seshat-db.com/api/sc/polity-territories/,16,"During the period from <time-start> to <time-end>, what was the territorial extent of '<polity>' in square kilometers?"
https://seshat-db.com/api/sc/polity-territories/,17,"During the period from <time-start> to <time-end>, what was the territorial extent of '<polity>' in square kilometers?"
https://seshat-db.com/api/sc/polity-territories/,18,"During the period from <time-start> to <time-end>, what was the territorial extent of '<polity>' in square kilometers?"
https://seshat-db.com/api/sc/polity-territories/,19,"During the period from <time-start> to <time-end>, what was the territorial extent of '<polity>' in square kilometers?"
https://seshat-db.com/api/sc/polity-territories/,20,"During the period from <time-start> to <time-end>, what was the territorial extent of '<polity>' in square kilometers?"
https://seshat-db.com/api/sc/polity-territories/,21,"During the period from <time-start> to <time-end>, what was the territorial extent of the Kingdom of Wu, defined as the area in squared kilometers, in the context of '<polity>'?"
https://seshat-db.com/api/sc/polity-territories/,22,"During the period from <time-start> to <time-end>, was the Erligang polity, defined as a political entity centered around Zhengzhou with a territory of approximately 350,000 to 400,000 square kilometers, present or absent as a military technology in the warfare practices of '<polity>'?"
https://seshat-db.com/api/sc/polity-territories/,23,"During the period from <time-start> to <time-end>, was the Erlitou polity, defined as a political entity centered around the Erlitou site, present or absent as a territorial state in the warfare practices of '<polity>'?"
https://seshat-db.com/api/sc/polity-territories/,24,"During the period from <time-start> to <time-end>, was the use of chainmail, defined as armor made of small metal rings linked together in a pattern to form a mesh, present or absent as a military technology in the warfare practices of '<polity>'?"
https://seshat-db.com/api/sc/polity-territories/,25,"During the period from <time-start> to <time-end>, was the territory of '<polity>' expanded or contracted, as evidenced by the change in its size in kilometers squared (km^2) from the 5th century BCE?"
https://seshat-db.com/api/sc/polity-territories/,26,"During the period from <time-start> to <time-end>, was the use of fortified sites, defined as central nodes of small-scale polities each covering some 1,500-2,000 km2, present or absent as a military technology in the warfare practices of '<polity>'?"
https://seshat-db.com/api/sc/polity-territories/,27,"During the period from <time-start> to <time-end>, what was the territory of '<polity>' in squared kilometers?"
https://seshat-db.com/api/sc/polity-territories/,28,"During the period from <time-start> to <time-end>, was the territory of '<polity>' defined by the variable ""Polity_territory"" (squared kilometers) present or absent?"
https://seshat-db.com/api/sc/polity-territories/,29,"During the period from <time-start> to <time-end>, was the territory of '<polity>' defined by the variable ""Polity_territory"" (squared kilometers) present or absent?"
https://seshat-db.com/api/sc/polity-territories/,30,"During the period from <time-start> to <time-end>, was the territory of '<polity>' defined by the variable ""Polity_territory"" (squared kilometers) present or absent?"
https://seshat-db.com/api/sc/polity-territories/,31,"During the period from <time-start> to <time-end>, was the territory of '<polity>' defined by the variable ""Polity_territory"" (in squared kilometers) present or absent?"
https://seshat-db.com/api/sc/polity-territories/,32,"During the period from <time-start> to <time-end>, was the territory of '<polity>' defined by the variable ""Polity_territory"" (in squared kilometers) present or absent?"
https://seshat-db.com/api/sc/polity-territories/,33,"During the period from <time-start> to <time-end>, was the territory of '<polity>' defined by a size of 500,000 square kilometers in 400 CE, between 1,200,000 and 1,300,000 square kilometers in 425 CE, 2,000,000 square kilometers in 450 BC, between 1,900,000 and 1,850,000 square kilometers in 475 CE, 1,773,000 square kilometers in 500 CE, between 1,700?"
https://seshat-db.com/api/sc/polity-territories/,34,"During the period from <time-start> to <time-end>, was the territory of '<polity>' defined by a size of 500,000 square kilometers in 400 CE, between 1,200,000 and 1,300,000 square kilometers in 425 CE, 2,000,000 square kilometers in 450 BC, between 1,900,000 and 1,850,000 square kilometers in 475 CE, 1,773,000 square kilometers in 500 CE, between 1,700?"
https://seshat-db.com/api/sc/polity-territories/,35,"During the period from <time-start> to <time-end>, what was the territorial extent of '<polity>', measured in square kilometers, and how did this change over time?"
https://seshat-db.com/api/sc/polity-territories/,36,"During the period from <time-start> to <time-end>, was the territory of '<polity>' defined by the variable 'Polity_territory' present or absent as a military technology in the warfare practices of '<polity>'?"
https://seshat-db.com/api/sc/polity-territories/,37,"During the period from <time-start> to <time-end>, was the territory of '<polity>' defined by the variable 'Polity_territory' present or absent as a military technology in the warfare practices of '<polity>'?"
https://seshat-db.com/api/sc/polity-territories/,38,"During the period from <time-start> to <time-end>, was the territory of '<polity>' defined by a maximum extent of 1,050,000 square kilometers, reaching no further than northern Henan, south-eastern Shanxi provinces of modern China, and centered in Henan province in a triangular area between the cities of Anyang, Luoyang, and Zhengzhou, the latter two of which are on the Yellow River?"
https://seshat-db.com/api/sc/polity-territories/,39,"During the period from <time-start> to <time-end>, what was the territory of '<polity>' in squared kilometers?"
https://seshat-db.com/api/sc/polity-territories/,40,mindedness of the territory of '<polity>' during the period from <time-start> to <time-end>.fuscated data. §REF§(Chase-Dunn spreadsheet)§REF§<br>What was the average size of '<polity>'s territory during this time period?
https://seshat-db.com/api/sc/polity-territories/,41,mindedness of the territory of '<polity>' during the period from <time-start> to <time-end>.fuscated data. §REF§(Chase-Dunn spreadsheet)§REF§<br>What was the average size of '<polity>'s territory during this time period?
https://seshat-db.com/api/sc/polity-territories/,42,mindedness of the territory of '<polity>' during the period from <time-start> to <time-end>.fuscated data. §REF§(Chase-Dunn spreadsheet)§REF§<br>What was the average size of '<polity>'s territory during this time period?
https://seshat-db.com/api/sc/polity-territories/,43,mindedness of the territory of '<polity>' during the period from <time-start> to <time-end>.fuscated data. §REF§(Chase-Dunn spreadsheet)§REF§<br>What was the average size of '<polity>'s territory during this time period?
https://seshat-db.com/api/sc/polity-territories/,44,mindedness of the territory of '<polity>' during the period from <time-start> to <time-end>.fuscated data. §REF§(Chase-Dunn spreadsheet)§REF§<br>What was the average size of '<polity>'s territory during this time period?
https://seshat-db.com/api/sc/polity-territories/,45,mindedness of the territory of '<polity>' during the period from <time-start> to <time-end>.fuscated data. §REF§(Chase-Dunn spreadsheet)§REF§<br>What was the average size of '<polity>'s territory during this time period?
https://seshat-db.com/api/sc/polity-territories/,46,mindedness of the territory of '<polity>' during the period from <time-start> to <time-end>.fuscated data. §REF§(Chase-Dunn spreadsheet)§REF§<br>What was the average size of '<polity>'s territory during this time period?
https://seshat-db.com/api/sc/polity-territories/,47,mindedness of the territory of '<polity>' during the period from <time-start> to <time-end>.fuscated data. §REF§(Chase-Dunn spreadsheet)§REF§<br>What was the average size of '<polity>'s territory during this time period?
https://seshat-db.com/api/sc/polity-territories/,48,mindedness of the territory of '<polity>' during the period from <time-start> to <time-end>.fuscated data. §REF§(Chase-Dunn spreadsheet)§REF§<br>What was the average size of '<polity>'s territory during this time period?
https://seshat-db.com/api/sc/polity-territories/,49,mindedness of the territory of '<polity>' during the period from <time-start> to <time-end>.fuscated data. §REF§(Chase-Dunn spreadsheet)§REF§<br>What was the average size of '<polity>'s territory during this time period?
https://seshat-db.com/api/sc/polity-territories/,50,mindedness of the territory of '<polity>' during the period from <time-start> to <time-end>.fuscated data. §REF§(Chase-Dunn spreadsheet)§REF§<br>What was the average size of '<polity>'s territory during this time period?
https://seshat-db.com/api/sc/polity-territories/,51,mindedness of the territory of '<polity>' during the period from <time-start> to <time-end>.fuscated data. §REF§(Chase-Dunn spreadsheet)§REF§<br>What was the average size of '<polity>'s territory during this time period?
https://seshat-db.com/api/sc/polity-territories/,52,mindedness of the territory of '<polity>' during the period from <time-start> to <time-end>.fuscated data. §REF§(Chase-Dunn spreadsheet)§REF§<br>What was the average size of '<polity>'s territory during this time period?
https://seshat-db.com/api/sc/polity-territories/,53,mindedness of the territory of '<polity>' during the period from <time-start> to <time-end>.fuscated data. §REF§(Chase-Dunn spreadsheet)§REF§<br>What was the average size of '<polity>'s territory during this time period?
https://seshat-db.com/api/sc/polity-territories/,54,mindedness of the territory of '<polity>' during the period from <time-start> to <time-end>.fuscated data. §REF§(Chase-Dunn spreadsheet)§REF§<br>What was the average size of '<polity>'s territory during this time period?
https://seshat-db.com/api/sc/polity-territories/,55,"During the period from <time-start> to <time-end>, what was the territorial extent of '<polity>' in squared kilometers, as defined by the interpolated data from the Chase-Dunn spreadsheet?"
https://seshat-db.com/api/sc/polity-territories/,56,"During the period from <time-start> to <time-end>, what was the territorial extent of '<polity>' in squared kilometers, as defined by the interpolated data from the Chase-Dunn spreadsheet?"
https://seshat-db.com/api/sc/polity-territories/,57,"During the period from <time-start> to <time-end>, what was the territorial extent of '<polity>' in squared kilometers, as defined by the interpolated data from the Chase-Dunn spreadsheet?"
https://seshat-db.com/api/sc/polity-territories/,58,"During the period from <time-start> to <time-end>, what was the territorial extent of '<polity>' in squared kilometers, as defined by the interpolated data from the Chase-Dunn spreadsheet?"
https://seshat-db.com/api/sc/polity-territories/,59,"During the period from <time-start> to <time-end>, what was the territorial extent of '<polity>' in squared kilometers, as defined by the interpolated data from the Chase-Dunn spreadsheet?"
https://seshat-db.com/api/sc/polity-territories/,60,"During the period from <time-start> to <time-end>, what was the territorial extent of '<polity>' in squared kilometers, as defined by the interpolated data from the Chase-Dunn spreadsheet?"
https://seshat-db.com/api/sc/polity-territories/,61,"During the period from <time-start> to <time-end>, what was the territorial extent of '<polity>' in squared kilometers, as defined by the interpolated data from the Chase-Dunn spreadsheet?"
https://seshat-db.com/api/sc/polity-territories/,62,"During the period from <time-start> to <time-end>, what was the territorial extent of '<polity>' in squared kilometers, as defined by the interpolated data from the Chase-Dunn spreadsheet?"
https://seshat-db.com/api/sc/polity-territories/,63,"During the period from <time-start> to <time-end>, what was the territorial extent of '<polity>' in squared kilometers, as defined by the interpolated data from the Chase-Dunn spreadsheet?"
https://seshat-db.com/api/sc/polity-territories/,64,"During the period from <time-start> to <time-end>, what was the territorial extent of '<polity>' in squared kilometers, as defined by the interpolated data from the Chase-Dunn spreadsheet?"
https://seshat-db.com/api/sc/polity-territories/,65,"During the period from <time-start> to <time-end>, what was the territorial extent of '<polity>' in squared kilometers, as defined by the interpolated data from the Chase-Dunn spreadsheet?"
https://seshat-db.com/api/sc/polity-territories/,66,"During the period from <time-start> to <time-end>, what was the territorial extent of '<polity>' in squared kilometers, as defined by the interpolated data from the Chase-Dunn spreadsheet?"
https://seshat-db.com/api/sc/polity-territories/,67,"During the period from <time-start> to <time-end>, what was the territorial extent of '<polity>' in squared kilometers, as defined by the interpolated data from the Chase-Dunn spreadsheet?"
https://seshat-db.com/api/sc/polity-territories/,68,"During the period from <time-start> to <time-end>, what was the territorial extent of '<polity>' in squared kilometers, as defined by the interpolated data from the Chase-Dunn spreadsheet?"
https://seshat-db.com/api/sc/polity-territories/,69,"During the period from <time-start> to <time-end>, what was the territorial extent of '<polity>' in squared kilometers, as defined by the interpolated data from the Chase-Dunn spreadsheet?"
https://seshat-db.com/api/sc/polity-territories/,70,"During the period from <time-start> to <time-end>, was the territory of '<polity>' defined by the variable 'Polity_territory' present or absent as a military technology in the warfare practices of '<polity>'?"
https://seshat-db.com/api/sc/polity-territories/,71,"During the period from <time-start> to <time-end>, was the territory of '<polity>' approximately 2,433,000 square kilometers in 200 BCE, 2,100,000 square kilometers in 180 BCE, 2,643,000 square kilometers in 160 BCE, 3,186,000 square kilometers in 140 BCE, 3,729,000 square kilometers in 120 BCE, 4,567,000 square kilometers in 100 BCE, 5,700,000 square kilometers in?"
https://seshat-db.com/api/sc/polity-territories/,72,"During the period from <time-start> to <time-end>, was the territory of '<polity>' approximately 2,433,000 square kilometers in 200 BCE, 2,100,000 square kilometers in 180 BCE, 2,643,000 square kilometers in 160 BCE, 3,186,000 square kilometers in 140 BCE, 3,729,000 square kilometers in 120 BCE, 4,567,000 square kilometers in 100 BCE, 5,700,000 square kilometers in?"
https://seshat-db.com/api/sc/polity-territories/,73,"During the period from <time-start> to <time-end>, was the territory of '<polity>' approximately 2,433,000 square kilometers in 200 BCE, 2,100,000 square kilometers in 180 BCE, 2,643,000 square kilometers in 160 BCE, 3,186,000 square kilometers in 140 BCE, 3,729,000 square kilometers in 120 BCE, 4,567,000 square kilometers in 100 BCE, 5,700,000 square kilometers in?"
https://seshat-db.com/api/sc/polity-territories/,74,"During the period from <time-start> to <time-end>, was the Polity_territory, defined as the area controlled by a polity, present or absent as a military technology in the warfare practices of '<polity>'?"
https://seshat-db.com/api/sc/polity-territories/,75,"During the period from <time-start> to <time-end>, was the Polity_territory, defined as the area controlled by a polity, present or absent as a military technology in the warfare practices of '<polity>'?"
https://seshat-db.com/api/sc/polity-territories/,76,"During the period from <time-start> to <time-end>, was the Polity_territory, defined as the area controlled by a polity, present or absent as a military technology in the warfare practices of '<polity>'?"
https://seshat-db.com/api/sc/polity-territories/,77,"During the period from <time-start> to <time-end>, was the Polity_territory, defined as the area controlled by a polity, present or absent as a military technology in the warfare practices of '<polity>'?"
https://seshat-db.com/api/sc/polity-territories/,78,"During the period from <time-start> to <time-end>, what was the territorial extent of '<polity>' in squared kilometers?"
https://seshat-db.com/api/sc/polity-territories/,79,"During the period from <time-start> to <time-end>, was the territory of '<polity>', defined as the area of land controlled or inhabited by a polity, present or absent as a military technology in the warfare practices of '<polity>'?"
https://seshat-db.com/api/sc/polity-territories/,80,"During the period from <time-start> to <time-end>, was the Shuar political system, characterized by decentralized and fragmented governance with autonomous communities and ad hoc alliances in warfare, present or absent in the political landscape of '<polity>'?"
https://seshat-db.com/api/sc/polity-territories/,81,"During the period from <time-start> to <time-end>, what was the territorial extent of '<polity>' in terms of square kilometers, as defined by the variable ""Polity_territory""?"
https://seshat-db.com/api/sc/polity-territories/,82,"During the period from <time-start> to <time-end>, was the territory of '<polity>' controlled by the 1st Dynasty, as defined by the extent of their control over the Nile Valley from the Delta to the first cataract at Aswan, which is estimated to be between 44,717.85 and 115,102.67 square kilometers?"
https://seshat-db.com/api/sc/polity-territories/,83,"During the period from <time-start> to <time-end>, was the territory of '<polity>' larger or smaller than 100,000 square kilometers?"
https://seshat-db.com/api/sc/polity-territories/,84,"During the period from <time-start> to <time-end>, was the territory of '<polity>' larger or smaller than 100,000 square kilometers?"
https://seshat-db.com/api/sc/polity-territories/,85,"During the period from <time-start> to <time-end>, was the territory of '<polity>' larger or smaller than 100,000 square kilometers?"
https://seshat-db.com/api/sc/polity-territories/,86,"During the period from <time-start> to <time-end>, what was the size of the territory controlled by '<polity>' in squared kilometers?"
https://seshat-db.com/api/sc/polity-territories/,87,"During the period from <time-start> to <time-end>, was the territory of '<polity>' defined by its political boundaries, encompassing a land area of <polity_territory> square kilometers, present or absent as a military technology in the warfare practices of '<polity>'?"
https://seshat-db.com/api/sc/polity-territories/,88,"During the period from <time-start> to <time-end>, was the territory of '<polity>' defined by its political boundaries, encompassing a land area of <polity_territory> square kilometers, present or absent as a military technology in the warfare practices of '<polity>'?"
https://seshat-db.com/api/sc/polity-territories/,89,"During the period from <time-start> to <time-end>, was the territory of '<polity>' defined by its political boundaries, encompassing a land area of <polity_territory> square kilometers, present or absent as a military technology in the warfare practices of '<polity>'?"
https://seshat-db.com/api/sc/polity-territories/,90,"During the period from <time-start> to <time-end>, was the territory of '<polity>' expanded or contracted, specifically in relation to the annexation of part of Nubia directly south of Egypt, as documented by Senusret III in 1878-1843 BCE?"
https://seshat-db.com/api/sc/polity-territories/,91,"During the period from <time-start> to <time-end>, was the territory of '<polity>' expanded or contracted, specifically in relation to the annexation of part of Nubia directly south of Egypt, as documented by Senusret III in 1878-1843 BCE?"
https://seshat-db.com/api/sc/polity-territories/,92,"During the period from <time-start> to <time-end>, was the territory of '<polity>' expanded or contracted, specifically in relation to the annexation of part of Nubia directly south of Egypt, as documented by Senusret III in 1878-1843 BCE?"
https://seshat-db.com/api/sc/polity-territories/,93,"During the period from <time-start> to <time-end>, was the territory of '<polity>' estimated to be between 5-20 square kilometers, as it would have been controlled by a village for agricultural/foraging purposes, and was this territory primarily located in Upper Egypt, which is the core territory of Naqada culture?"
https://seshat-db.com/api/sc/polity-territories/,94,"During the period from <time-start> to <time-end>, was the territory of '<polity>' estimated to be between 5-20 square kilometers, as it would have been controlled by a village for agricultural/foraging purposes, and was this territory primarily located in Upper Egypt, which is the core territory of Naqada culture?"
https://seshat-db.com/api/sc/polity-territories/,95,"During the period from <time-start> to <time-end>, was the territory of '<polity>' estimated to be between 3,000 and 25,000 square kilometers, as a measure of its size in the context of its military technology and state formation process?"
https://seshat-db.com/api/sc/polity-territories/,96,"During the period from <time-start> to <time-end>, was the territory of the polity '<polity>' defined by the KM2 of its core territory, which was the Upper Egypt region, and whether it was expanding or contracting during the Naqada IIC period, as indicated by the presence or absence of chainmail as a military technology in the warfare practices of the polity?"
https://seshat-db.com/api/sc/polity-territories/,97,"During the period from <time-start> to <time-end>, was the territory of '<polity>' conquered by the Sea Peoples, as described in the Ramses III conquests, including the territories up the Nile all the way to the fifth cataract, North Levant, Western Jordan, Israel, Libyan coast West of the Delta, and about 300 km west of Alexandria?"
https://seshat-db.com/api/sc/polity-territories/,98,"During the period from <time-start> to <time-end>, was the territory of '<polity>' conquered by the Sea Peoples, as described in the Ramses III conquests, including the territories up the Nile all the way to the fifth cataract, North Levant, Western Jordan, Israel, Libyan coast West of the Delta, and about 300 km west of Alexandria?"
https://seshat-db.com/api/sc/polity-territories/,99,"During the period from <time-start> to <time-end>, was the territory of '<polity>' conquered by the Sea Peoples, as described in the Ramses III conquests, including the territories up the Nile all the way to the fifth cataract, North Levant, Western Jordan, Israel, Libyan coast West of the Delta, and about 300 km west of Alexandria?"
https://seshat-db.com/api/sc/polity-territories/,100,"During the period from <time-start> to <time-end>, was the territory of '<polity>' conquered or lost?"
https://seshat-db.com/api/sc/polity-territories/,101,"During the period from <time-start> to <time-end>, was the territory of '<polity>' conquered or lost?"
https://seshat-db.com/api/sc/polity-territories/,102,"During the period from <time-start> to <time-end>, was the territory of '<polity>' conquered or lost?"
https://seshat-db.com/api/sc/polity-territories/,103,"During the period from <time-start> to <time-end>, was the territory of '<polity>' defined by its control over an area of approximately 367,000 square kilometers, including the Nile valley and delta, as well as partial control of surrounding desert regions, present or absent as a military technology in the warfare practices of '<polity>'?"
https://seshat-db.com/api/sc/polity-territories/,104,"During the period from <time-start> to <time-end>, was the territory of '<polity>' defined by a territory of approximately 75,000 km2, as inferred by John Baines' response to a previous low estimate of 100,000 km2, or was it larger or smaller?"
https://seshat-db.com/api/sc/polity-territories/,105,"During the period from <time-start> to <time-end>, was the territorial size of '<polity>' greater than 1,000,000 km2, as defined by the maximum territorial size reached ca. 280 BC, in the context of '<polity>'?"
https://seshat-db.com/api/sc/polity-territories/,106,"During the period from <time-start> to <time-end>, was the territory of '<polity>' defined as a polity, a political entity with a defined territory, present or absent in the historical context of '<polity>'?"
https://seshat-db.com/api/sc/polity-territories/,107,"During the period from <time-start> to <time-end>, was the territory of '<polity>' defined as a polity, a political entity with a defined territory, present or absent in the historical context of '<polity>'?"
https://seshat-db.com/api/sc/polity-territories/,108,"During the period from <time-start> to <time-end>, was the territory of '<polity>' defined as a polity, a political entity with a defined territory, present or absent in the historical context of '<polity>'?"
https://seshat-db.com/api/sc/polity-territories/,109,"During the period from <time-start> to <time-end>, was the territory of '<polity>' defined as a polity, a political entity with a defined territory, present or absent in the historical context of '<polity>'?"
https://seshat-db.com/api/sc/polity-territories/,110,"During the period from <time-start> to <time-end>, was the use of ditches as a military technology present or absent in the warfare strategies of '<polity>'?"
https://seshat-db.com/api/sc/polity-territories/,111,""
https://seshat-db.com/api/sc/polity-territories/,112,"During the period from <time-start> to <time-end>, was the territory of '<polity>' defined by the variable 'Polity_territory' (in KM2) present or absent in the context of the political landscape of Egypt during the 16th Dynasty?"
https://seshat-db.com/api/sc/polity-territories/,113,"During the period from <time-start> to <time-end>, what was the estimated area, in squared kilometers, of the territory controlled by the polity of '<polity>'?"
https://seshat-db.com/api/sc/polity-territories/,114,"During the period from <time-start> to <time-end>, was the territory of '<polity>', defined as the land controlled by the polity, present or absent as a military technology in the warfare practices of '<polity>'?"
https://seshat-db.com/api/sc/polity-territories/,115,"During the period from <time-start> to <time-end>, was the territory of '<polity>' estimated to be 5,000,000 km2 or 10,000,000 km2, as per the estimates from Taagepera's graph in ""Expansion and Contraction Patterns of Large Polities: Context for Russia""?"
https://seshat-db.com/api/sc/polity-territories/,116,"During the period from <time-start> to <time-end>, was the territory of the Kingdom of Aksum, defined as the area in squared kilometers, present or absent as a military technology in the warfare practices of '<polity>'?"
https://seshat-db.com/api/sc/polity-territories/,117,"During the period from <time-start> to <time-end>, what was the territorial extent of '<polity>', measured in square kilometers?"
https://seshat-db.com/api/sc/polity-territories/,118,"During the period from <time-start> to <time-end>, was the use of ditches as a military technology present or absent in the warfare practices of '<polity>'?"
https://seshat-db.com/api/sc/polity-territories/,119,"During the period from <time-start> to <time-end>, what was the territorial extent of '<polity>' in squared kilometers?"
https://seshat-db.com/api/sc/polity-territories/,120,"During the period from <time-start> to <time-end>, what was the territorial extent of '<polity>' in squared kilometers?"
https://seshat-db.com/api/sc/polity-territories/,121,"During the period from <time-start> to <time-end>, what was the territorial extent of '<polity>' in squared kilometers?"
https://seshat-db.com/api/sc/polity-territories/,122,""
https://seshat-db.com/api/sc/polity-territories/,123,"During the period from <time-start> to <time-end>, what was the territory of '<polity>' in squared kilometers?"
https://seshat-db.com/api/sc/polity-territories/,124,"During the period from <time-start> to <time-end>, what was the territory of '<polity>' in squared kilometers?"
https://seshat-db.com/api/sc/polity-territories/,125,"During the period from <time-start> to <time-end>, what was the territory of '<polity>' in squared kilometers?"
https://seshat-db.com/api/sc/polity-territories/,126,"During the period from <time-start> to <time-end>, what was the territory of '<polity>' in squared kilometers?"
https://seshat-db.com/api/sc/polity-territories/,127,"During the period from <time-start> to <time-end>, was the territory of '<polity>', defined as the area of land controlled by a polity, present or absent as a military technology in the warfare practices of '<polity>'?"
https://seshat-db.com/api/sc/polity-territories/,128,""
https://seshat-db.com/api/sc/polity-territories/,129,""
https://seshat-db.com/api/sc/polity-territories/,130,""
https://seshat-db.com/api/sc/polity-territories/,131,"During the period from <time-start> to <time-end>, was the territory of '<polity>' measured in squared kilometers, with a radius of about 20 km, which gives an area of about 1,257 sq kilometers, present or absent as a military technology in the warfare practices of '<polity>'?"
https://seshat-db.com/api/sc/polity-territories/,132,"During the period from <time-start> to <time-end>, was the territorial scale of '<polity>' characterized by politically independent polities with a radius of about 25 km, which gives an area of about 1,964 sq kilometers, or did it reach a larger extent of 1000 km2 in Wessex communities, as noted in 1995 research?"
https://seshat-db.com/api/sc/polity-territories/,133,"During the period from <time-start> to <time-end>, what was the territorial extent of '<polity>' in squared kilometers, considering the independent polities in the northern alpine region had a radius of about 30 km, which gives an area of about 2,827 sq kilometers?"
https://seshat-db.com/api/sc/polity-territories/,134,"During the period from <time-start> to <time-end>, was the use of chainmail, defined as armor made of small metal rings linked together in a pattern to form a mesh, present or absent as a military technology in the warfare practices of '<polity>'?"
https://seshat-db.com/api/sc/polity-territories/,135,"During the period from <time-start> to <time-end>, was the use of ditches as a military technology present or absent in the warfare strategies of '<polity>'?"
https://seshat-db.com/api/sc/polity-territories/,136,"During the period from <time-start> to <time-end>, was the use of chainmail, defined as armor made of small metal rings linked together in a pattern to form a mesh, present or absent as a military technology in the warfare practices of '<polity>'?"
https://seshat-db.com/api/sc/polity-territories/,137,"During the period from <time-start> to <time-end>, was the use of chainmail, defined as armor made of small metal rings linked together in a pattern to form a mesh, present or absent as a military technology in the warfare practices of '<polity>'?"
https://seshat-db.com/api/sc/polity-territories/,138,"During the period from <time-start> to <time-end>, was the territory of '<polity>' defined as politically independent polities in the northern alpine region, with a radius of about 20 km and an area of about 1,250 sq kilometers, present or absent as a military technology in the warfare practices of '<polity>'?"
https://seshat-db.com/api/sc/polity-territories/,139,"During the period from <time-start> to <time-end>, was the Polity territory, defined as the area in squared kilometers around 300 and 200 BCE, present or absent as a military technology in the warfare practices of '<polity>'?"
https://seshat-db.com/api/sc/polity-territories/,140,"During the period from <time-start> to <time-end>, was the Polity territory, defined as the area in squared kilometers around 300 and 200 BCE, present or absent as a military technology in the warfare practices of '<polity>'?"
https://seshat-db.com/api/sc/polity-territories/,141,Consider the period from <time-start> to <time-end> in the context of '<polity>'. Was the use of ditches as a military technology present or absent in the warfare strategies of '<polity>' during this time?
https://seshat-db.com/api/sc/polity-territories/,142,"During the period from <time-start> to <time-end>, what was the territory of '<polity>' in squared kilometers?"
https://seshat-db.com/api/sc/polity-territories/,143,"During the period from <time-start> to <time-end>, what was the territory of '<polity>' in squared kilometers?"
https://seshat-db.com/api/sc/polity-territories/,144,"During the period from <time-start> to <time-end>, what was the territory of '<polity>' in squared kilometers?"
https://seshat-db.com/api/sc/polity-territories/,145,"During the period from <time-start> to <time-end>, what was the territory of '<polity>' in squared kilometers?"
https://seshat-db.com/api/sc/polity-territories/,146,"During the period from <time-start> to <time-end>, was the territory of '<polity>' defined by its size in square kilometers, as per the data provided in the historical records, present or absent as a military technology in the warfare practices of '<polity>'?"
https://seshat-db.com/api/sc/polity-territories/,147,"During the period from <time-start> to <time-end>, was the territory of '<polity>' approximately 240,000 squared kilometers in size, as claimed by Obeng, or was it smaller or larger?"
https://seshat-db.com/api/sc/polity-territories/,148,"During the period from <time-start> to <time-end>, was the territory of '<polity>' divided into regional city-states, each controlling a well-defined region, with an average territory of 167 km2, as described in the historical context provided by the variable 'Polity_territory'?"
https://seshat-db.com/api/sc/polity-territories/,149,"During the period from <time-start> to <time-end>, was the territory of '<polity>' divided into regional city-states and state-confederations, each controlling well-defined regions, with an average area of approximately 210-240 square kilometers, as evidenced by the treaty signed by Eumenes II with 30 individual Cretan states in 183 BCE?"
https://seshat-db.com/api/sc/polity-territories/,150,"During the period from <time-start> to <time-end>, what was the territorial extent of the polity '<polity>' in terms of its political organization, as described by Vassilios Christides in his work ""The Conquest of Crete by Arabs (ca. 824). Crete was divided into forty districts and was ruled by an emir who only nominally recognized the Caliph of Baghdad. The area of the whole island of Crete is 8,336 square kilometres.?"
https://seshat-db.com/api/sc/polity-territories/,151,"During the period from <time-start> to <time-end>, what was the typical territory size, in km2, of one of the independent political units in Crete?"
https://seshat-db.com/api/sc/polity-territories/,152,"During the period from <time-start> to <time-end>, was the territory of '<polity>', defined as the absence or presence of a political organization, present or absent as a military technology in the warfare practices of '<polity>'?"
https://seshat-db.com/api/sc/polity-territories/,153,"During the period from <time-start> to <time-end>, was the territory of '<polity>' divided into regional city-states and state-confederations, each controlling well-defined regions, with an average area of approximately 210-240 square kilometers, as evidenced by the treaty signed by Eumenes II with 30 individual Cretan states in 183 BCE?"
https://seshat-db.com/api/sc/polity-territories/,154,"During the period from <time-start> to <time-end>, was the use of chainmail, defined as armor made of small metal rings linked together in a pattern to form a mesh, present or absent as a military technology in the warfare practices of '<polity>'?"
https://seshat-db.com/api/sc/polity-territories/,155,"During the period from <time-start> to <time-end>, how many regional polities, defined as political factions residing in monumental court-centered building compounds known as ""palaces"", were present in Crete, according to the most widely accepted narrative?"
https://seshat-db.com/api/sc/polity-territories/,156,"During the period from <time-start> to <time-end>, how many regional polities, defined as political factions residing in monumental court-centered building compounds known as ""palaces"", were present in Crete, according to the most widely accepted narrative?"
https://seshat-db.com/api/sc/polity-territories/,157,"During the period from <time-start> to <time-end>, was the territory of a typical Post-Palatial polity, defined as a region with a population of approximately 10,000 to 50,000 people and a distinct political and cultural identity, present or absent in the warfare practices of '<polity>'?"
https://seshat-db.com/api/sc/polity-territories/,158,"During the period from <time-start> to <time-end>, what was the size of the typical polity in the quasi-polity of Hawaii 1, defined as the area of the entire Big Island, in square kilometers?"
https://seshat-db.com/api/sc/polity-territories/,159,"During the period from <time-start> to <time-end>, was the territory of '<polity>' defined as the area of land controlled by the polity, present or absent as a military technology in the warfare practices of '<polity>'?"
https://seshat-db.com/api/sc/polity-territories/,160,"Consider the period from <time-start> to <time-end> in the context of '<polity>'. Was the territory of '<polity>' defined by the polity's size and the islands it controlled, and did it encompass the entire Big Island, or was it limited to the main islands of Kaua’i, O’ahu, Maui, and Hawai’i, with smaller islands incorporated into one or another of the main units?"
https://seshat-db.com/api/sc/polity-territories/,161,"During the period from <time-start> to <time-end>, was the polity territory, defined as the area under the control of the Brooke Raj administration, present or absent as a military technology in the warfare practices of '<polity>'?"
https://seshat-db.com/api/sc/polity-territories/,162,"During the period from <time-start> to <time-end>, what was the territorial extent of the ancient kingdom of Kadiri, as measured in squared kilometers?"
https://seshat-db.com/api/sc/polity-territories/,163,"During the period from <time-start> to <time-end>, was the territory of '<polity>', defined as a polity with a territory of approximately 0.5 Mm^2, present or absent as a military technology in the warfare practices of '<polity>'?"
https://seshat-db.com/api/sc/polity-territories/,164,"During the period from <time-start> to <time-end>, what was the estimated territory of '<polity>' in squared kilometers, as estimated from the map of Java?"
https://seshat-db.com/api/sc/polity-territories/,165,""
https://seshat-db.com/api/sc/polity-territories/,166,"During the period from <time-start> to <time-end>, what was the size of the polity territory of '<polity>' in squared kilometers, as estimated by Finkelstein's calculations of the Middle Bronze Age period?"
https://seshat-db.com/api/sc/polity-territories/,167,"During the period from <time-start> to <time-end>, what was the approximate territory of '<polity>', in squared kilometers, based on the very rough estimate from varying descriptions of Judean territory?"
https://seshat-db.com/api/sc/polity-territories/,168,"During the period from <time-start> to <time-end>, what was the estimated territory of the Northern Kingdom in squared kilometers, as estimated using <a class=""external text"" href=""http://geacron.com/home-en/"" rel=""nofollow"">Geacron</a> for 900 BCE?"
https://seshat-db.com/api/sc/polity-territories/,169,"During the period from <time-start> to <time-end>, what was the Polity territory, defined as the sum of the modern-day Indian states of Goa, Karnataka, Maharashtra, Telangana, the region of South Gujarat, half of the state of Madhya Pradesh, the Rayaseema district and half the Andhra district of Andhra Pradesh, in squared kilometers?"
https://seshat-db.com/api/sc/polity-territories/,170,"During the period from <time-start> to <time-end>, was the territory of '<polity>', defined as the combined area of Goa, Karnataka, Maharashtra, Telangana, and the Andhra Pradesh districts of Kurnool and Anantapur, present or absent as a military technology in the warfare practices of '<polity>'?"
https://seshat-db.com/api/sc/polity-territories/,171,"During the period from <time-start> to <time-end>, what was the territorial extent of '<polity>' in terms of squared kilometers, calculated using Google area calculator and map of Sultanate at its height c.1320-1350 CE?"
https://seshat-db.com/api/sc/polity-territories/,172,"During the period from <time-start> to <time-end>, what was the territory of '<polity>' in squared kilometers?"
https://seshat-db.com/api/sc/polity-territories/,173,"During the period from <time-start> to <time-end>, what was the territory of '<polity>' in squared kilometers?"
https://seshat-db.com/api/sc/polity-territories/,174,"During the period from <time-start> to <time-end>, was the presence of a unified regional authority, as evidenced by the integration of the Garo Hills districts into a single administrative unit, present or absent in the governance structure of '<polity>'?"
https://seshat-db.com/api/sc/polity-territories/,175,"During the period from <time-start> to <time-end>, was the territory of '<polity>', defined as the area of land controlled or claimed by a polity, present or absent as a military technology in the warfare practices of '<polity>'?"
https://seshat-db.com/api/sc/polity-territories/,176,"During the period from <time-start> to <time-end>, what was the approximate territorial extent of the Gahadavalas polity, defined as the combined areas of Uttar Pradesh and Bihar, in squared kilometers?"
https://seshat-db.com/api/sc/polity-territories/,177,"During the period from <time-start> to <time-end>, was the territory of the Gupta Empire, defined as a smaller entity compared to the Maurya Empire, present or absent as a military technology in the warfare practices of '<polity>'?"
https://seshat-db.com/api/sc/polity-territories/,178,"During the period from <time-start> to <time-end>, was the territory of '<polity>', defined as roughly corresponding to a slightly smaller area than the states of Gujarat, Rajasthan, Madhya Pradesh, Uttar Pradesh, and Bihar combined, present or absent as a military technology in the warfare practices of '<polity>'?"
https://seshat-db.com/api/sc/polity-territories/,179,"During the period from <time-start> to <time-end>, was the territory of '<polity>' defined by the variable 'Polity_territory' in squared kilometers, present or absent as a military technology in the warfare practices of '<polity>'?"
https://seshat-db.com/api/sc/polity-territories/,180,"During the period from <time-start> to <time-end>, was the territory of the Kadamba dynasty, defined as the area comprising Belgaum, North Canara, Shimoga, Chitradurga, and Bellary districts, present or absent as a military technology in the warfare practices of '<polity>'?"
https://seshat-db.com/api/sc/polity-territories/,181,"During the period from <time-start> to <time-end>, was the kingdom of Kampili, defined as a polity with a territory of approximately 10,000-30,000 square kilometers, present or absent as a military technology in the warfare practices of '<polity>'?"
https://seshat-db.com/api/sc/polity-territories/,182,"During the period from <time-start> to <time-end>, was the Mauryan Empire, defined as a vast territory with a centralized political structure, present or absent in the warfare practices of '<polity>'?"
https://seshat-db.com/api/sc/polity-territories/,183,"During the period from <time-start> to <time-end>, what was the approximate size of the territory controlled by '<polity>', measured in squared kilometres, ranging from 3,200,000 to 4,500,000?"
https://seshat-db.com/api/sc/polity-territories/,184,"During the period from <time-start> to <time-end>, what was the Polity territory, defined as the sum of the modern-day Indian states of Karnataka, Goa, and Telangana, the state of Maharashtra minus its eastern region (Nagpur), the Rayalaseema region of Andhra Pradesh, and South Gujarat, in squared kilometers?"
https://seshat-db.com/api/sc/polity-territories/,185,"During the period from <time-start> to <time-end>, what was the territory size, in squared kilometers, of '<polity>'?"
https://seshat-db.com/api/sc/polity-territories/,186,"During the period from <time-start> to <time-end>, what was the territory size, in squared kilometers, of '<polity>'?"
https://seshat-db.com/api/sc/polity-territories/,187,"During the period from <time-start> to <time-end>, was the territory of the Sunga Dynasty, which was roughly equivalent to the Mauryan Empire, present or absent in the political landscape of '<polity>'?"
https://seshat-db.com/api/sc/polity-territories/,188,"During the period from <time-start> to <time-end>, was the use of the atlatl, defined as a spear-throwing device used to increase the range and force of a projectile, present or absent as a military technology in the warfare practices of '<polity>'?"
https://seshat-db.com/api/sc/polity-territories/,189,"During the period from <time-start> to <time-end>, what was the size of the territory of '<polity>', defined as the realm that can be defined by the provenance of royal inscriptions over some 140,000 square miles (equal to 362,598 square km)?"
https://seshat-db.com/api/sc/polity-territories/,190,"During the period from <time-start> to <time-end>, what was the territorial extent of '<polity>' in kilometers squared?"
https://seshat-db.com/api/sc/polity-territories/,191,"During the period from <time-start> to <time-end>, what was the territorial extent of '<polity>' in kilometers squared?"
https://seshat-db.com/api/sc/polity-territories/,192,"During the period from <time-start> to <time-end>, what was the change in the territory of '<polity>' in squared kilometers, considering the loss of Persian territory to the Khwarezm Empire in 1207 CE?"
https://seshat-db.com/api/sc/polity-territories/,193,Consider the period from <time-start> to <time-end> in the context of '<polity>'. Was the use of ditches as a military technology present or absent in the warfare practices of '<polity>'?
https://seshat-db.com/api/sc/polity-territories/,194,"During the period from <time-start> to <time-end>, what was the largest extent of territory, in square kilometers, controlled by '<polity>' as described in M. Liverani's ""The Ancient Near East: History, Society and Economy"" (2014, Routledge, p.242)?"
https://seshat-db.com/api/sc/polity-territories/,195,"During the period from <time-start> to <time-end>, what was the territory of '<polity>' in squared kilometers?"
https://seshat-db.com/api/sc/polity-territories/,196,"During the period from <time-start> to <time-end>, was the territory of '<polity>' defined by the presence or absence of a specific area in squared kilometers, as described by Adams in 1981, where the southern enclave had 86,300 people living on an area of 2,398 squared kilometers and the northern enclave had 20,240 people living on an area of 1,184 squared kilometers?"
https://seshat-db.com/api/sc/polity-territories/,197,"During the period from <time-start> to <time-end>, what was the approximate territorial extent of the Assyrian heartland in northern Iraq,referred to as the 'Assyrian heartland', defined as the area covered by the Assyrian Empire, in square kilometers?"
https://seshat-db.com/api/sc/polity-territories/,198,"During the period from <time-start> to <time-end>, what was the territorial extent of '<polity>' in squared kilometers?"
https://seshat-db.com/api/sc/polity-territories/,199,"During the period from <time-start> to <time-end>, what was the territory of '<polity>' in squared kilometers?"
https://seshat-db.com/api/sc/polity-territories/,200,"During the period from <time-start> to <time-end>, was the Ubaid territory, defined as the area sharing cultural, material, economic, and social features, present or absent as a military technology in the warfare practices of '<polity>'?"
https://seshat-db.com/api/sc/polity-territories/,201,"During the period from <time-start> to <time-end>, what was the size of the Polity territory, defined as the total area in squared kilometres, in the context of '<polity>'?"
https://seshat-db.com/api/sc/polity-territories/,202,"During the period from <time-start> to <time-end>, what was the size of the Polity territory, defined as the total area in squared kilometres, in the context of '<polity>'?"
https://seshat-db.com/api/sc/polity-territories/,203,"During the period from <time-start> to <time-end>, was the territory of '<polity>' defined by the variable 'Polity_territory' (measured in square kilometers) present or absent as a military technology in the warfare practices of '<polity>'?"
https://seshat-db.com/api/sc/polity-territories/,204,"During the period from <time-start> to <time-end>, was the territory of '<polity>' defined by the variable 'Polity_territory' (measured in square kilometers) present or absent as a military technology in the warfare practices of '<polity>'?"
https://seshat-db.com/api/sc/polity-territories/,205,"During the period from <time-start> to <time-end>, was the territory of '<polity>' defined by the variable 'Polity_territory' (measured in square kilometers) present or absent as a military technology in the warfare practices of '<polity>'?"
https://seshat-db.com/api/sc/polity-territories/,206,"During the period from <time-start> to <time-end>, what was the estimated territory of '<polity>' in squared kilometers, calculated using Google Maps area calculator based on Wells 1998's map?"
https://seshat-db.com/api/sc/polity-territories/,207,"During the period from <time-start> to <time-end>, was the use of ditches as a military technology present or absent in the warfare strategies of '<polity>'?"
https://seshat-db.com/api/sc/polity-territories/,208,"During the period from <time-start> to <time-end>, what was the territory of '<polity>' in squared kilometers?"
https://seshat-db.com/api/sc/polity-territories/,209,"zz<time-start>1256</time-start> to <time-end>1335</time-end> in the context of the Ilkhanate, was the use of chainmail, defined as armor made of small metal rings linked together in a pattern to form a mesh, present or absent as a military technology in the warfare practices of the Ilkhanate?"
https://seshat-db.com/api/sc/polity-territories/,210,"During the period from <time-start> to <time-end>, was the territory of '<polity>', defined as the Elamites concentrated in the Susiana plain but maintaining ancestral ties with the highlands, where Anshan was progressively deserted, present or absent as a military technology in the warfare practices of '<polity>'?"
https://seshat-db.com/api/sc/polity-territories/,211,"During the period from <time-start> to <time-end>, was the territory of '<polity>', as defined by the variable 'Polity_territory', present or absent in terms of its size in squared kilometers?"
https://seshat-db.com/api/sc/polity-territories/,212,"During the period from <time-start> to <time-end>, was the territory of '<polity>' defined by the variable 'Polity_territory' (in squared kilometers) present or absent?"
https://seshat-db.com/api/sc/polity-territories/,213,"During the period from <time-start> to <time-end>, what was the extent of Elamite rule, as measured in squared kilometers, in the territories of '<polity>'?"
https://seshat-db.com/api/sc/polity-territories/,214,"During the period from <time-start> to <time-end>, was the use of ditches as a military technology present or absent in the warfare practices of '<polity>'?"
https://seshat-db.com/api/sc/polity-territories/,215,"During the period from <time-start> to <time-end>, was the use of ditches as a military technology present or absent in the warfare practices of '<polity>'?"
https://seshat-db.com/api/sc/polity-territories/,216,"During the period from <time-start> to <time-end>, was the use of ditches as a military technology present or absent in the warfare practices of '<polity>'?"
https://seshat-db.com/api/sc/polity-territories/,217,"During the period from <time-start> to <time-end>, was the territory of '<polity>' defined by a maximum extent of <polity_territory> square kilometers, and did this territory include the Oman region?"
https://seshat-db.com/api/sc/polity-territories/,218,"During the period from <time-start> to <time-end>, was the territory of '<polity>' defined by a maximum extent of <polity_territory> square kilometers, and did this territory include the Oman region?"
https://seshat-db.com/api/sc/polity-territories/,219,"During the period from <time-start> to <time-end>, what was the territorial extent of '<polity>' in squared kilometers?"
https://seshat-db.com/api/sc/polity-territories/,220,"During the period from <time-start> to <time-end>, what was the territorial extent of '<polity>' in squared kilometers?"
https://seshat-db.com/api/sc/polity-territories/,221,""
https://seshat-db.com/api/sc/polity-territories/,222,"During the period from <time-start> to <time-end>, was the territory of '<polity>' defined by a size of <polity_territory> square kilometers, as indicated in the Chase-Dunn spreadsheet, present or absent?"
https://seshat-db.com/api/sc/polity-territories/,223,"During the period from <time-start> to <time-end>, was the territory of '<polity>' defined by a size of <polity_territory> square kilometers, as indicated in the Chase-Dunn spreadsheet, present or absent?"
https://seshat-db.com/api/sc/polity-territories/,224,"During the period from <time-start> to <time-end>, was the greatest territorial extent of the polity under Khosrau II (591-628 CE) present or absent in the warfare practices of '<polity>'?"
https://seshat-db.com/api/sc/polity-territories/,225,"During the period from <time-start> to <time-end>, was the greatest territorial extent of the polity under Khosrau II (591-628 CE) present or absent in the warfare practices of '<polity>'?"
https://seshat-db.com/api/sc/polity-territories/,226,Consider the period from <time-start> to <time-end> in the context of '<polity>'. Was the territory of '<polity>' estimated to be approximately <territory> square kilometers in size during this time?
https://seshat-db.com/api/sc/polity-territories/,227,Consider the period from <time-start> to <time-end> in the context of '<polity>'. Was the territory of '<polity>' estimated to be approximately <territory> square kilometers in size during this time?
https://seshat-db.com/api/sc/polity-territories/,228,"During the period from <time-start> to <time-end>, was the use of ditches as a military technology present or absent in the warfare strategies of the Seljuk Empire, which was born in Central Asia, ruled at its zenith by a Central Asian, and met its end in Central Asia?"
https://seshat-db.com/api/sc/polity-territories/,229,"During the period from <time-start> to <time-end>, was the territory of '<polity>' defined by the size of the settled population, estimated to be between 8,500 and 25,000 people, with a population density of 200 persons per hectare, present or absent as a military technology in the warfare practices of '<polity>'?"
https://seshat-db.com/api/sc/polity-territories/,230,"During the period from <time-start> to <time-end>, was the use of chainmail, defined as armor made of small metal rings linked together in a pattern to form a mesh, present or absent as a military technology in the warfare practices of Iceland, a Commonwealth at the time, with its natural boundaries coextensive with its political borders?"
https://seshat-db.com/api/sc/polity-territories/,231,"During the period from <time-start> to <time-end>, what was the average amount of territory, in squared kilometers, controlled by settlements of Latium vetus during the Bronze Age, as indicated by the variable Polity_territory?"
https://seshat-db.com/api/sc/polity-territories/,232,"During the period from <time-start> to <time-end>, was the territory of '<polity>' effectively an autonomous sub-kingdom of the Ostrogothic realm and Ravenna, receiving annual tribute from the Visigothic royal line descended from Alaric I (who sacked Rome)?"
https://seshat-db.com/api/sc/polity-territories/,233,"During the period from <time-start> to <time-end>, was the territory of '<polity>' defined as the fundamental core of the Duchy of Rome, with an estimated size of 14,000 square kilometers in 900 CE and 6,000 square kilometers in 1100 CE, present or absent as a military technology in the warfare practices of '<polity>'?"
https://seshat-db.com/api/sc/polity-territories/,234,"During the period from <time-start> to <time-end>, was the territory of '<polity>' defined as the fundamental core of the Duchy of Rome, with an estimated size of 14,000 square kilometers in 900 CE and 6,000 square kilometers in 1100 CE, present or absent as a military technology in the warfare practices of '<polity>'?"
https://seshat-db.com/api/sc/polity-territories/,235,50000000000000000000000000000000000000000000000000000000000000000000000000000000000000000000000000000000000000000000000000000000000000000000000000000?
https://seshat-db.com/api/sc/polity-territories/,236,"During the period from <time-start> to <time-end>, was the extent of the Papal States, as defined by the territory in 1649, present or absent as a military technology in the warfare practices of '<polity>'?"
https://seshat-db.com/api/sc/polity-territories/,237,"During the period from <time-start> to <time-end>, was the extent of the Papal States, defined as the territory it controlled, present or absent as a military technology in the warfare practices of '<polity>'?"
https://seshat-db.com/api/sc/polity-territories/,238,"During the period from <time-start> to <time-end>, was the territory of '<polity>' secure or unsecure, and if unsecure, what was the extent of the territory that was claimed and for which effort was expended to be retained?"
https://seshat-db.com/api/sc/polity-territories/,239,"During the period from <time-start> to <time-end>, was the territory of '<polity>', defined as a diagonal strip of territory extending from north of Ravenna to south of Rome, the peninsula's southern extremities, and various coastal enclaves, present or absent?"
https://seshat-db.com/api/sc/polity-territories/,240,"During the period from <time-start> to <time-end>, was the territory of '<polity>' expanding or contracting, as defined by the change in the area of control from 500 square miles at the beginning of the Republic to 2000 square miles by 338 BCE?"
https://seshat-db.com/api/sc/polity-territories/,241,"During the period from <time-start> to <time-end>, was the territory of '<polity>' expanding or contracting, as defined by the change in the area of control from 500 square miles at the beginning of the Republic to 2000 square miles by 338 BCE?"
https://seshat-db.com/api/sc/polity-territories/,242,"During the period from <time-start> to <time-end>, was the territory of '<polity>' expanding or contracting, as defined by the change in the area of control from 500 square miles at the beginning of the Republic to 2000 square miles by 338 BCE?"
https://seshat-db.com/api/sc/polity-territories/,243,"During the period from <time-start> to <time-end>, was the territory of '<polity>' defined by its size in square kilometers in 49 BCE, as described in the Seshat Databank, present or absent?"
https://seshat-db.com/api/sc/polity-territories/,244,""
https://seshat-db.com/api/sc/polity-territories/,245,"During the period from <time-start> to <time-end>, was the territory of '<polity>' present or absent, as defined by the variable 'Polity_territory' in kilometers squared (km2)?"
https://seshat-db.com/api/sc/polity-territories/,246,"During the period from <time-start> to <time-end>, was the territory of '<polity>' present or absent, as defined by the variable 'Polity_territory' in kilometers squared (km2)?"
https://seshat-db.com/api/sc/polity-territories/,247,"During the period from <time-start> to <time-end>, was the territory of '<polity>' present or absent, as defined by the variable 'Polity_territory' in kilometers squared (km2)?"
https://seshat-db.com/api/sc/polity-territories/,248,"During the period from <time-start> to <time-end>, was the territory of '<polity>' present or absent, as defined by the variable 'Polity_territory' in kilometers squared (km2)?"
https://seshat-db.com/api/sc/polity-territories/,249,"During the period from <time-start> to <time-end>, was the use of the hoplite phalanx, a military formation consisting of heavily armed infantrymen, present or absent in the warfare practices of '<polity>'?"
https://seshat-db.com/api/sc/polity-territories/,250,"During the period from <time-start> to <time-end>, what was the territory of '<polity>' in squared kilometers?"
https://seshat-db.com/api/sc/polity-territories/,251,"During the period from <time-start> to <time-end>, what was the territorial extent of the Papal States, defined as the area in kilometers squared (KM2), in the context of '<polity>'?"
https://seshat-db.com/api/sc/polity-territories/,252,"During the period from <time-start> to <time-end>, was the territory of '<polity>' defined by a land area of <polity_territory_km2> square kilometers, and did this territory encompass the three main islands of Japan: Honshu, Kyushu, and Shikoku?"
https://seshat-db.com/api/sc/polity-territories/,253,"Consider the period from <time-start> to <time-end> in the context of '<polity>'. Was the territory of '<polity>' defined by a specific area of land, and if so, what was the size of that territory in square kilometers?"
https://seshat-db.com/api/sc/polity-territories/,254,"During the period from <time-start> to <time-end>, was the territory of '<polity>' defined as the three main islands of Honshu, Kyushu, and Shikoku, plus the southern tip of Hokkaido, present or absent?"
https://seshat-db.com/api/sc/polity-territories/,255,"During the period from <time-start> to <time-end>, was the territory of '<polity>', defined as the land area in squared kilometers, present or absent as a military technology in the warfare practices of '<polity>'?"
https://seshat-db.com/api/sc/polity-territories/,256,"During the period from <time-start> to <time-end>, was the concept of Polity territory, defined as the total land area in square kilometers (KM2) of a polity, present or absent in the warfare practices of '<polity>'?"
https://seshat-db.com/api/sc/polity-territories/,257,"During the period from <time-start> to <time-end>, was the use of ditches as a military technology present or absent in the warfare practices of '<polity>'?"
https://seshat-db.com/api/sc/polity-territories/,258,"During the period from <time-start> to <time-end>, what was the gross land area, in square kilometers, of the territory controlled by '<polity>'?"
https://seshat-db.com/api/sc/polity-territories/,259,"During the period from 1000 CE to 1200 CE, was the territory of the Eastern Khanate, which included the regions around Bukhara and Samarkand, present or absent as a polity in the Islamic societies of the time?"
https://seshat-db.com/api/sc/polity-territories/,260,"During the period from 1000 CE to 1200 CE, was the territory of the Eastern Khanate, which included the regions around Bukhara and Samarkand, present or absent as a polity in the Islamic societies of the time?"
https://seshat-db.com/api/sc/polity-territories/,261,"During the period from <time-start> to <time-end>, what was the change in the territory of '<polity>' in squared kilometers?"
https://seshat-db.com/api/sc/polity-territories/,262,"During the period from <time-start> to <time-end>, what was the territorial extent of '<polity>', defined as the area controlled by the polity in squared kilometers, and did it expand or contract during this time?"
https://seshat-db.com/api/sc/polity-territories/,263,"During the period from <time-start> to <time-end>, what was the territorial extent of '<polity>', defined as the area in squared kilometers, and how did it change over time?"
https://seshat-db.com/api/sc/polity-territories/,264,"Consider the period from <time-start> to <time-end> in the context of '<polity>'. What was the size of the Khmer territory, in squared kilometers, during this time?"
https://seshat-db.com/api/sc/polity-territories/,265,"During the period from <time-start> to <time-end>, what was the Polity_territory, defined as the size of a polity's territory in squared kilometers, of '<polity>'?"
https://seshat-db.com/api/sc/polity-territories/,266,"During the period from <time-start> to <time-end>, was the territory of '<polity>', defined as a powerful kingdom that eventually covered a territory almost equal in extent to that of the later Khmer Empire, present or absent as a military technology in the warfare practices of '<polity>'?"
https://seshat-db.com/api/sc/polity-territories/,267,"During the period from <time-start> to <time-end>, was the territory of '<polity>', defined as the area controlled by the polity, present or absent as a military technology in the warfare practices of '<polity>'?"
https://seshat-db.com/api/sc/polity-territories/,268,"During the period from <time-start> to <time-end>, was the use of ditches as a military technology present or absent in the warfare strategies of '<polity>'?"
https://seshat-db.com/api/sc/polity-territories/,269,"During the period from <time-start> to <time-end>, what was the territory of '<polity>' in squared kilometers?"
https://seshat-db.com/api/sc/polity-territories/,270,"During the period from <time-start> to <time-end>, was the territory of '<polity>' estimated to be between 1500 and 20,000 square kilometers, based on the assumption that each polity had a catchment area of several dozens of kilometers to allow for grazing?"
https://seshat-db.com/api/sc/polity-territories/,271,"During the period from <time-start> to <time-end>, what was the Polity_territory, defined as the size of a polity's territory in squared kilometers, of '<polity>'?"
https://seshat-db.com/api/sc/polity-territories/,272,"During the period from <time-start> to <time-end>, what was the territorial extent of '<polity>' in squared kilometers?"
https://seshat-db.com/api/sc/polity-territories/,273,"During the period from <time-start> to <time-end>, what was the territorial extent of '<polity>' in squared kilometers?"
https://seshat-db.com/api/sc/polity-territories/,274,"During the period from <time-start> to <time-end>, what was the territorial extent of '<polity>' in squared kilometers?"
https://seshat-db.com/api/sc/polity-territories/,275,"During the period from <time-start> to <time-end>, what was the territory of '<polity>', defined as a region spread between parts of modern-day Mali, Guinea, and Senegal, in that order, and just reaching the inland delta region, in terms of its size in square kilometers?"
https://seshat-db.com/api/sc/polity-territories/,276,"During the period from <time-start> to <time-end>, was the territory of '<polity>', defined as an area of approximately 1,100 square kilometers, present or absent as a political entity in the region?"
https://seshat-db.com/api/sc/polity-territories/,277,"During the period from <time-start> to <time-end>, was the territory of '<polity>' defined by political suzerainty, economic domination, or some other means entirely, as described by Al Sa'di's description of the territory of Jenne, which extends from Lake Debo in the north to the Volta Bend in the south, and borders on the Bandiagara highlands to the east, and had a 1,100 square kilometer hinterland?"
https://seshat-db.com/api/sc/polity-territories/,278,"Consider the period from <time-start> to <time-end> in the context of '<polity>'. What was the size of the Polity territory, defined as the total surface area in squared kilometers, including the 69 hectares of Jenne-jeno and its 25 smaller mounds, all within a distance of one kilometer, all occupied simultaneously, and the total population when most densely occupied approaching 27,000?"
https://seshat-db.com/api/sc/polity-territories/,279,"Consider the period from <time-start> to <time-end> in the context of '<polity>'. What was the size of the Polity territory, defined as the total surface area in squared kilometers, including the 69 hectares of Jenne-jeno and its 25 smaller mounds, all within a distance of one kilometer, all occupied simultaneously, and the total population when most densely occupied approaching 27,000?"
https://seshat-db.com/api/sc/polity-territories/,280,"During the period from <time-start> to <time-end>, what was the territorial extent of the Mali Empire, defined as the area in squared kilometers, in the context of '<polity>'?"
https://seshat-db.com/api/sc/polity-territories/,281,zz<time-start> to <time-end> in the context of '<polity>'. What was the territory of '<polity>' in squared kilometers during this period?
https://seshat-db.com/api/sc/polity-territories/,282,"During the period from <time-start> to <time-end>, was the territory of '<polity>', defined as the area controlled by the polity in squared kilometers, expanded or contracted?"
https://seshat-db.com/api/sc/polity-territories/,283,"During the period from <time-start> to <time-end>, what was the territorial extent of '<polity>', measured in square kilometers?"
https://seshat-db.com/api/sc/polity-territories/,284,"During the period from <time-start> to <time-end>, what was the territory of '<polity>' in squared kilometers?"
https://seshat-db.com/api/sc/polity-territories/,285,"During the period from <time-start> to <time-end>, what was the territory of '<polity>' in squared kilometers?"
https://seshat-db.com/api/sc/polity-territories/,286,"During the period from <time-start> to <time-end>, what was the extent of the territory controlled by '<polity>' at its largest extent, as described by Nikolay Kradin in his personal communication to Peter Turchin in May 2020?"
https://seshat-db.com/api/sc/polity-territories/,287,"During the period from <time-start> to <time-end>, was the territory of '<polity>' roughly 200,000 km2, as defined by the variable 'Polity_territory'?"
https://seshat-db.com/api/sc/polity-territories/,288,"During the period from <time-start> to <time-end>, was the territory of the Mongol state, defined as the area extending from Manchuria to Kyrgyzstan between the Great Wall of China and Lake Baikal, present or absent as a military technology in the warfare practices of '<polity>'?"
https://seshat-db.com/api/sc/polity-territories/,289,"During the period from <time-start> to <time-end>, was the territory of '<polity>', defined as the geographical area controlled by the polity, present or absent as a military technology in the warfare practices of '<polity>'?"
https://seshat-db.com/api/sc/polity-territories/,290,"Question: During the period from <time-start> to <time-end>, was the territory of '<polity>', defined as the Eastern Turks under Köl Tigin, son ofreigning over the Western Turks, Ferghana, Tashkent, and Sogdiana, present or absent as a military technology in the warfare practices of '<polity>'?"
https://seshat-db.com/api/sc/polity-territories/,291,"During the period from <time-start> to <time-end>, was the territory of '<polity>' defined by a specific area in squared kilometers, as described in the map by Asimov and Bosworth in 1998, present or absent?"
https://seshat-db.com/api/sc/polity-territories/,292,"During the period from <time-start> to <time-end>, was the territory of '<polity>', defined as a vast region approximately 3,000 km east-west and 1,500 km north-south, present or absent as a military technology in the warfare practices of '<polity>'?"
https://seshat-db.com/api/sc/polity-territories/,293,"During the period from <time-start> to <time-end>, was the territory of '<polity>' defined by a polity of 25,000-50,000 people, with a territorial share of 350,000-700,000 km2, present or absent?"
https://seshat-db.com/api/sc/polity-territories/,294,"During the period from <time-start> to <time-end>, was the territory of '<polity>' defined by a polity of 25,000-50,000 people, with a territorial share of 350,000-700,000 km2, present or absent?"
https://seshat-db.com/api/sc/polity-territories/,295,"During the period from <time-start> to <time-end>, was the use of chainmail, defined as armor made of small metal rings linked together in a pattern to form a mesh, present or absent as a military technology in the warfare practices of '<polity>'?"
https://seshat-db.com/api/sc/polity-territories/,296,"During the period from <time-start> to <time-end>, was the Xiongnu empire, defined as a region encompassing all of Mongolia and extending south to the Ordos region in the loop of the Yellow River in northern China, north to the boreal forests of Siberia, including Tuva and Buriatia in the Russian Federation, and at its height encompassing a region on the order of 4,000,000 km2, present or absent as a polity in the region?"
https://seshat-db.com/api/sc/polity-territories/,297,"During the period from <time-start> to <time-end>, was the use of atlatl, defined as a spear-throwing device used to increase the range and force of a projectile, present or absent in the warfare strategies of '<polity>'?"
https://seshat-db.com/api/sc/polity-territories/,298,"During the period from <time-start> to <time-end>, was the territory of '<polity>', defined as the land area in squared kilometers estimated from a map showing the Soninke homeland and another map which shows Ghana extending further east and south into the Niger Inland Delta region, present or absent as a military technology in the warfare practices of '<polity>'?"
https://seshat-db.com/api/sc/polity-territories/,299,"During the period from <time-start> to <time-end>, what was the estimated territory size of '<polity>' in squared kilometers, as estimated from a map showing the Soninke homeland and another map which shows Ghana also extending further east and south into the Niger Inland Delta region?"
https://seshat-db.com/api/sc/polity-territories/,300,"During the period from <time-start> to <time-end>, what was the territorial extent of '<polity>', measured in squared kilometers, based on the map given by Spencer (2009)?"
https://seshat-db.com/api/sc/polity-territories/,301,"During the period from <time-start> to <time-end>, what was the territorial extent of '<polity>', measured in squared kilometers, based on the map provided by Spencer (2009)?"
https://seshat-db.com/api/sc/polity-territories/,302,"During the period from <time-start> to <time-end>, was the territory of '<polity>' defined by a squared kilometer measurement of approximately 20,000 km2, as per the expansion of the Zapotec state during the Monte Albán II phase, which included the Valley of Oaxaca and other regions outside the Valley?"
https://seshat-db.com/api/sc/polity-territories/,303,"During the period from <time-start> to <time-end>, was the territory of '<polity>' defined by the size of the Valley of Oaxaca, and did it increase or decrease in size?"
https://seshat-db.com/api/sc/polity-territories/,304,"During the period from <time-start> to <time-end>, was the extent of the territory controlled by the Zapotec polity, as it fragmented into smaller polities, present or absent as a military technology in the warfare practices of '<polity>'?"
https://seshat-db.com/api/sc/polity-territories/,305,"During the period from <time-start> to <time-end>, what was the territory of '<polity>' in squared kilometers?"
https://seshat-db.com/api/sc/polity-territories/,306,"During the period from <time-start> to <time-end>, what was the territorial extent of '<polity>' in squared kilometers?"
https://seshat-db.com/api/sc/polity-territories/,307,"During the period from <time-start> to <time-end>, what was the territory of '<polity>' in squared kilometers?"
https://seshat-db.com/api/sc/polity-territories/,308,"During the period from <time-start> to <time-end>, was the use of chainmail, defined as armor made of small metal rings linked together in a pattern to form a mesh, present or absent as a military technology in the warfare practices of '<polity>'?"
https://seshat-db.com/api/sc/polity-territories/,309,"During the period from <time-start> to <time-end>, was the use of Polity_territory, defined as the area of a polity in squared kilometers, present or absent as a military technology in the warfare practices of '<polity>'?"
https://seshat-db.com/api/sc/polity-territories/,310,"During the period from <time-start> to <time-end>, was the use of chainmail, defined as armor made of small metal rings linked together in a pattern to form a mesh, present or absent as a military technology in the warfare practices of '<polity>'?"
https://seshat-db.com/api/sc/polity-territories/,311,"During the period from <time-start> to <time-end>, was the territory of the MxFormT, defined as the region of Cuauhtitlan, Texcoco, Ixtapalapa, and Chalco, present or absent in the Basin of Mexico?"
https://seshat-db.com/api/sc/polity-territories/,312,"During the period from <time-start> to <time-end>, what was the territory of '<polity>' in squared kilometers?"
https://seshat-db.com/api/sc/polity-territories/,313,"During the period from <time-start> to <time-end>, was the Tepanec state, defined as a Middle Postclassic polity with a territory of approximately 10,000 km2, present or absent as a military technology in the warfare practices of '<polity>'?"
https://seshat-db.com/api/sc/polity-territories/,314,""
https://seshat-db.com/api/sc/polity-territories/,315,"During the period from <time-start> to <time-end>, what was the territory of '<polity>' in squared kilometers?"
https://seshat-db.com/api/sc/polity-territories/,316,"During the period from <time-start> to <time-end>, was the territory of '<polity>' characterized by the presence or absence of a unified polity, as evidenced by the size of the largest settlement, San José Mogote, which consists of nine proximate sites forming a settlement cluster?"
https://seshat-db.com/api/sc/polity-territories/,317,"During the period from <time-start> to <time-end>, what was the territorial extent of '<polity>' in square kilometers (km2)?"
https://seshat-db.com/api/sc/polity-territories/,318,"During the period from <time-start> to <time-end>, was the territory of the Kingdom of Norway, defined as an area stretching from the west coast of Greenland to the Barents Sea in the north, and south to Göteborg and the Orkneys, present or absent as a military technology in the warfare practices of '<polity>'?"
https://seshat-db.com/api/sc/polity-territories/,319,"During the period from <time-start> to <time-end>, was the territory of '<polity>' defined as an area of approximately 700 square kilometers, as suggested by the distribution of Qotakalli pottery, present or absent as a military technology in the warfare practices of '<polity>'?"
https://seshat-db.com/api/sc/polity-territories/,320,"During the period from <time-start> to <time-end>, was the territory of '<polity>' defined as an area of approximately 700 square kilometers, as suggested by the distribution of Qotakalli pottery, present or absent as a military technology in the warfare practices of '<polity>'?"
https://seshat-db.com/api/sc/polity-territories/,321,"During the period from <time-start> to <time-end>, was the territory of '<polity>' defined as an area of approximately 700 square kilometers, as suggested by the distribution of Qotakalli pottery, present or absent as a military technology in the warfare practices of '<polity>'?"
https://seshat-db.com/api/sc/polity-territories/,322,"During the period from <time-start> to <time-end>, was the presence of a complex prestate polity in the Cusco region, as suggested by the distribution of Qotakalli pottery, present or absent in the territory of '<polity>'?"
https://seshat-db.com/api/sc/polity-territories/,323,"During the period from <time-start> to <time-end>, was the territory of the Cuzco Basin polity, defined as the area in squared kilometers, present or absent as a military technology in the warfare practices of '<polity>'?"
https://seshat-db.com/api/sc/polity-territories/,324,"During the period from <time-start> to <time-end>, was the territory of the polity '<polity>' estimated to be approximately 70 square kilometers, based on the mapping of the locations of Tipón, Urcos, and Choquepukio, and using Google Maps area calculator?"
https://seshat-db.com/api/sc/polity-territories/,325,"During the period from <time-start> to <time-end>, was the territory of '<polity>' defined as an area of approximately 100-200 squared kilometers, encompassing the Late Formative sites found near Cuzco, present or absent as a military technology in the warfare practices of '<polity>'?"
https://seshat-db.com/api/sc/polity-territories/,326,"During the period from <time-start> to <time-end>, was the use of Polity_territory, defined as the area of land controlled by a polity, present or absent in the warfare practices of '<polity>'?"
https://seshat-db.com/api/sc/polity-territories/,327,"During the period from <time-start> to <time-end>, was the use of chainmail, defined as armor made of small metal rings linked together in a pattern to form a mesh, present or absent as a military technology in the warfare practices of '<polity>'?"
https://seshat-db.com/api/sc/polity-territories/,328,"During the period from <time-start> to <time-end>, was the use of chainmail, defined as armor made of small metal rings linked together in a pattern to form a mesh, present or absent as a military technology in the warfare practices of the Orokaiva, a tribe found in the Northern Division of Papua, which is part of the island of New Guinea?"
https://seshat-db.com/api/sc/polity-territories/,329,"During the period from <time-start> to <time-end>, was the Orokaiva, a people occupying the major part of the Northern Division of Papua, present or absent as a polity in the region of New Guinea, which is the second largest island in the world and is administratively divided into two parts: its western half comprises the Indonesian propinsi (or provinsi; provinces) of Papua and West Papua (collectively, formerly called Irian Jaya); and its eastern half comprises the major part of Papua New Guinea, an independent country since 1975?"
https://seshat-db.com/api/sc/polity-territories/,330,"During the period from <time-start> to <time-end>, was the use of chainmail, defined as armor made of small metal rings linked together in a pattern to form a mesh, present or absent as a military technology in the warfare practices of '<polity>'?"
https://seshat-db.com/api/sc/polity-territories/,331,"During the period from <time-start> to <time-end>, what was the territory of the Sind polity, defined as the squared kilometers of the modern area of the Pakistan province of Sindh, but given that the Sind also control the Kachi plain this is most likely an underestimate?"
https://seshat-db.com/api/sc/polity-territories/,332,"During the period from <time-start> to <time-end>, what was the territory of '<polity>', defined as the squared kilometers of the modern area of the Pakistan province of Sindh, but given that the Sind also controlled portions of Balochistan and territory to the north this is most likely an underestimate?"
https://seshat-db.com/api/sc/polity-territories/,333,"During the period from <time-start> to <time-end>, was the territory of '<polity>' defined by Harappan cities, each serving a domain of between 100,000 and 170,000 square kilometers, present or absent as a military technology in the warfare practices of '<polity>'?"
https://seshat-db.com/api/sc/polity-territories/,334,"During the period from <time-start> to <time-end>, was the territory of '<polity>' defined by Harappan cities, each serving a domain of between 100,000 and 170,000 square kilometers, present or absent as a military technology in the warfare practices of '<polity>'?"
https://seshat-db.com/api/sc/polity-territories/,335,"During the period from <time-start> to <time-end>, was the presence of the Polity_territory, defined as the campaigns of Peye c720 BCE, present or absent in the warfare practices of '<polity>'?"
https://seshat-db.com/api/sc/polity-territories/,336,"During the period from <time-start> to <time-end>, was the territory of '<polity>' estimated to be approximately 6,700,000, 7,850,000, 9,000,000, or 11,100,000 square kilometers?"
https://seshat-db.com/api/sc/polity-territories/,337,"During the period from <time-start> to <time-end>, what was the approximate size of the territory governed by Rattanakosin, tributary states included, in squared kilometers?"
https://seshat-db.com/api/sc/polity-territories/,338,"During the period from <time-start> to <time-end>, was the use of ditches as a military technology present or absent in the warfare strategies of '<polity>'?"
https://seshat-db.com/api/sc/polity-territories/,339,"During the period from <time-start> to <time-end>, was the use of ditches as a military technology present or absent in the warfare strategies of '<polity>'?"
https://seshat-db.com/api/sc/polity-territories/,340,"During the period from <time-start> to <time-end>, was the territory of '<polity>' present or absent as a military technology in the warfare practices of '<polity>'?"
https://seshat-db.com/api/sc/polity-territories/,341,"During the period from <time-start> to <time-end>, what was the approximate size of the polity, defined as a territory of 25,000 people, that could undertake a 157km long journey from Kaniš to Açemhöyük?"
https://seshat-db.com/api/sc/polity-territories/,342,"During the period from <time-start> to <time-end>, what was the territorial extent of '<polity>' in terms of square kilometers?"
https://seshat-db.com/api/sc/polity-territories/,343,"During the period from <time-start> to <time-end>, what was the territorial extent of '<polity>' in terms of square kilometers?"
https://seshat-db.com/api/sc/polity-territories/,344,"During the period from <time-start> to <time-end>, what was the territorial extent of '<polity>' in terms of square kilometers?"
https://seshat-db.com/api/sc/polity-territories/,345,"During the period from <time-start> to <time-end>, was the territory of '<polity>' defined by the variable 'Polity_territory' in squared kilometers, present or absent as a military technology in the warfare practices of '<polity>'?"
https://seshat-db.com/api/sc/polity-territories/,346,"During the period from <time-start> to <time-end>, was the territory of '<polity>' defined by the variable 'Polity_territory' in squared kilometers, present or absent as a military technology in the warfare practices of '<polity>'?"
https://seshat-db.com/api/sc/polity-territories/,347,"During the period from <time-start> to <time-end>, was the territory of '<polity>' defined by the variable 'Polity_territory' in squared kilometers, present or absent as a military technology in the warfare practices of '<polity>'?"
https://seshat-db.com/api/sc/polity-territories/,348,"During the period from <time-start> to <time-end>, was the territory of '<polity>' defined by the variable 'Polity_territory' in squared kilometers, present or absent as a military technology in the warfare practices of '<polity>'?"
https://seshat-db.com/api/sc/polity-territories/,349,"During the period from <time-start> to <time-end>, was the territory of '<polity>' defined by the variable 'Polity_territory' in squared kilometers, present or absent?"
https://seshat-db.com/api/sc/polity-territories/,350,"During the period from <time-start> to <time-end>, was the territory of '<polity>' defined by the variable 'Polity_territory' in squared kilometers, present or absent?"
https://seshat-db.com/api/sc/polity-territories/,351,"During the period from <time-start> to <time-end>, was the territory of '<polity>' defined by the variable 'Polity_territory' in squared kilometers, present or absent?"
https://seshat-db.com/api/sc/polity-territories/,352,"During the period from <time-start> to <time-end>, what was the territory of '<polity>', defined as the area in square kilometers, in the year 130,000 BCE?"
https://seshat-db.com/api/sc/polity-territories/,353,"During the period from <time-start> to <time-end>, was the use of chainmail, defined as armor made of small metal rings linked together in a pattern to form a mesh, present or absent as a military technology in the warfare practices of '<polity>'?"
https://seshat-db.com/api/sc/polity-territories/,354,"During the period from <time-start> to <time-end>, what was the territorial extent of '<polity>' in terms of square kilometers (KM2)?"
https://seshat-db.com/api/sc/polity-territories/,355,"During the period from <time-start> to <time-end>, what was the territorial extent of '<polity>' in terms of square kilometers (KM2)?"
https://seshat-db.com/api/sc/polity-territories/,356,"During the period from <time-start> to <time-end>, what was the territorial extent of '<polity>' in terms of square kilometers (KM2)?"
https://seshat-db.com/api/sc/polity-territories/,357,"During the period from <time-start> to <time-end>, what was the extent of the Polity's territory, which included core territory (Hittite capital Hattusa and regional administrative centers), peripheral territories under direct control of the king or officials, vassal states subject to the king but under local rulers, and from the reign of Suppiluliuma I onwards, two viceregal kingdoms in northern Syria?"
https://seshat-db.com/api/sc/polity-territories/,358,"During the period from <time-start> to <time-end>, what was the extent of the Polity's territory, which included core territory (Hittite capital Hattusa and regional administrative centers), peripheral territories under direct control of the king or officials, vassal states subject to the king but under local rulers, and from the reign of Suppiluliuma I onwards, two viceregal kingdoms in northern Syria?"
https://seshat-db.com/api/sc/polity-territories/,359,"During the period from <time-start> to <time-end>, was the territory of '<polity>' present or absent as a military technology in the warfare practices of '<polity>'?"
https://seshat-db.com/api/sc/polity-territories/,360,"During the period from <time-start> to <time-end>, was the territory of '<polity>' present or absent as a military technology in the warfare practices of '<polity>'?"
https://seshat-db.com/api/sc/polity-territories/,361,""
https://seshat-db.com/api/sc/polity-territories/,362,"During the period from <time-start> to <time-end>, what was the estimated territory of '<polity>' in squared kilometers, as calculated using Google Area Calculator and the territory shown on the map of Lysimachus' kingdom around 300 BCE?"
https://seshat-db.com/api/sc/polity-territories/,363,"During the period from <time-start> to <time-end>, was the use of chainmail, defined as armor made of small metal rings linked together in a pattern to form a mesh, present or absent as a military technology in the warfare practices of the Neo-Hittite state of Tabal, which was located in the region of Tabal 'Proper' and contained sub-regions, and may have had some control over the Konya Plain region after the fall of the Hittite Empire?"
https://seshat-db.com/api/sc/polity-territories/,364,"Consider the period from <time-start> to <time-end> in the context of '<polity>'. What was the size of the territory controlled by '<polity>' during this time, as measured in square kilometers (KM2)?"
https://seshat-db.com/api/sc/polity-territories/,365,"Consider the period from <time-start> to <time-end> in the context of '<polity>'. What was the size of the territory controlled by '<polity>' during this time, as measured in square kilometers (KM2)?"
https://seshat-db.com/api/sc/polity-territories/,366,"Consider the period from <time-start> to <time-end> in the context of '<polity>'. What was the size of the territory controlled by '<polity>' during this time, as measured in square kilometers (KM2)?"
https://seshat-db.com/api/sc/polity-territories/,367,"Consider the period from <time-start> to <time-end> in the context of '<polity>'. What was the size of the territory controlled by '<polity>' during this time, as measured in square kilometers (KM2)?"
https://seshat-db.com/api/sc/polity-territories/,368,"Consider the period from <time-start> to <time-end> in the context of '<polity>'. What was the size of the territory controlled by '<polity>' during this time, as measured in square kilometers (KM2)?"
https://seshat-db.com/api/sc/polity-territories/,369,"During the period from <time-start> to <time-end>, what was the territorial extent of '<polity>', measured in square kilometers, as defined by the Chase Dunn Spreadsheet?"
https://seshat-db.com/api/sc/polity-territories/,370,"During the period from <time-start> to <time-end>, what was the territorial extent of '<polity>', measured in square kilometers, as defined by the Chase Dunn Spreadsheet?"
https://seshat-db.com/api/sc/polity-territories/,371,"During the period from <time-start> to <time-end>, what was the territorial extent of '<polity>', measured in square kilometers, as defined by the Chase Dunn Spreadsheet?"
https://seshat-db.com/api/sc/polity-territories/,372,"During the period from <time-start> to <time-end>, what was the territorial extent of '<polity>', measured in square kilometers, as defined by the Chase Dunn Spreadsheet?"
https://seshat-db.com/api/sc/polity-territories/,373,"During the period from <time-start> to <time-end>, what was the territorial extent of '<polity>', measured in square kilometers, as defined by the Chase Dunn Spreadsheet?"
https://seshat-db.com/api/sc/polity-territories/,374,"During the period from <time-start> to <time-end>, what was the territorial extent of '<polity>' in squared kilometers?"
https://seshat-db.com/api/sc/polity-territories/,375,"During the period from <time-start> to <time-end>, was the territory of '<polity>', as defined by its squared kilometers, present or absent as a military technology in the warfare practices of '<polity>'?"
https://seshat-db.com/api/sc/polity-territories/,376,"During the period from <time-start> to <time-end>, was the territory of '<polity>', as defined by its squared kilometers, present or absent as a military technology in the warfare practices of '<polity>'?"
https://seshat-db.com/api/sc/polity-territories/,377,"During the period from <time-start> to <time-end>, was the territory of '<polity>', defined as the area of land controlled or claimed by a polity, present or absent as a military technology in the warfare practices of '<polity>'?"
https://seshat-db.com/api/sc/polity-territories/,378,"During the period from <time-start> to <time-end>, was the territory of '<polity>' defined as the area over which a polity exercises sovereignty, control, or jurisdiction, present or absent as a military technology in the warfare practices of '<polity>'?"
https://seshat-db.com/api/sc/polity-territories/,379,"During the period from <time-start> to <time-end>, was the territory of '<polity>' present or absent as a military technology in the warfare practices of '<polity>'?"
https://seshat-db.com/api/sc/polity-territories/,380,"During the period from <time-start> to <time-end>, was the territory of '<polity>' defined as the area controlled by a polity, in squared kilometers, present or absent as a military technology in the warfare practices of '<polity>'?"
https://seshat-db.com/api/sc/polity-territories/,381,"During the period from <time-start> to <time-end>, was the territory of '<polity>' within the possible land area available in the American Bottom, as calculated by Eric Rupley, which was 625 square kilometers, or within the Cahokia heartland, which was about 2000 to 3000 square kilometers?"
https://seshat-db.com/api/sc/polity-territories/,382,"During the period from <time-start> to <time-end>, was the territory of '<polity>' within the possible land area available in the American Bottom, as calculated by Eric Rupley, which was 625 square kilometers, or was it larger than the 2000 to 3000 square kilometers of the Cahokia heartland?"
https://seshat-db.com/api/sc/polity-territories/,383,"During the period from <time-start> to <time-end>, what was the size of the territory controlled by '<polity>' in squared kilometers?"
https://seshat-db.com/api/sc/polity-territories/,384,"During the period from <time-start> to <time-end>, was the use of chainmail, defined as armor made of small metal rings linked together in a pattern to form a mesh, present or absent as a military technology in the warfare practices of the Iroquois, who inhabited the Great Lakes Area and had a territory of around 100,000 km squared?"
https://seshat-db.com/api/sc/polity-territories/,385,"During the period from <time-start> to <time-end>, was the territory of the Iroquois, defined as the area they inhabited, present or absent as a military technology in the warfare practices of '<polity>'?"
https://seshat-db.com/api/sc/polity-territories/,386,"During the period from <time-start> to <time-end>, what was the territorial extent of the '<polity>' in squared kilometers, as described by Bruce William Wright in his 1979 work, and calculated into kilometers squared?"
https://seshat-db.com/api/sc/polity-territories/,387,"During the period from <time-start> to <time-end>, was the territory of '<polity>' present or absent as a military technology in the warfare practices of '<polity>'?"
https://seshat-db.com/api/sc/polity-territories/,388,"During the period from <time-start> to <time-end>, what was the approximate size of the territory controlled by '<polity>' in squared kilometers, considering that quasi-polities of the American Bottom might cover 100-200 KM2?"
https://seshat-db.com/api/sc/polity-territories/,389,"During the period from <time-start> to <time-end>, was the territory of '<polity>' present or absent as a military technology in the warfare practices of '<polity>'?"
https://seshat-db.com/api/sc/polity-territories/,390,"During the period from <time-start> to <time-end>, what was the approximate size of the territory controlled by '<polity>' in squared kilometers, considering that quasi-polities of the American Bottom might cover 100-200 KM2?"
https://seshat-db.com/api/sc/polity-territories/,391,"During the period from <time-start> to <time-end>, what was the territorial extent of '<polity>' in squared kilometers?"
https://seshat-db.com/api/sc/polity-territories/,392,Consider the period from <time-start> to <time-end> in the context of '<polity>'. What was the territory of '<polity>' in squared kilometers during this time?
https://seshat-db.com/api/sc/polity-territories/,393,Consider the period from <time-start> to <time-end> in the context of '<polity>'. What was the territory of '<polity>' in squared kilometers during this time?
https://seshat-db.com/api/sc/polity-territories/,394,"During the period from <time-start> to <time-end>, what was the territory of '<polity>' in squared kilometers?"
https://seshat-db.com/api/sc/polity-territories/,395,"During the period from <time-start> to <time-end>, what was the territory of '<polity>' in squared kilometers?"
https://seshat-db.com/api/sc/polity-territories/,396,"During the period from <time-start> to <time-end>, what was the territorial extent of '<polity>'?"
https://seshat-db.com/api/sc/polity-territories/,397,"During the period from <time-start> to <time-end>, what was the estimated territory of '<polity>' in squared kilometers, as calculated using Google area calculator and a map?"
https://seshat-db.com/api/sc/polity-territories/,398,"During the period from <time-start> to <time-end>, was the use of atlatl, defined as a spear-throwing device used to increase the range and force of a projectile, present or absent in the warfare strategies of '<polity>'?"
https://seshat-db.com/api/sc/polity-territories/,399,"During the period from <time-start> to <time-end>, was the use of atlatl, defined as a spear-throwing device used to increase the range and force of a projectile, present or absent in the warfare strategies of '<polity>'?"
https://seshat-db.com/api/sc/polity-territories/,400,"During the period from <time-start> to <time-end>, what was the estimated Polity territory, defined as the area in squared kilometers, in the context of '<polity>'?"
https://seshat-db.com/api/sc/polity-territories/,401,"During the period from <time-start> to <time-end>, what was the estimated Polity territory, defined as the area in squared kilometers, in the context of '<polity>'?"
https://seshat-db.com/api/sc/polity-territories/,402,"During the period from <time-start> to <time-end>, was the territory of '<polity>' present or absent as a military technology in the warfare practices of '<polity>'?"
https://seshat-db.com/api/sc/polity-territories/,403,"During the period from <time-start> to <time-end>, was the Sulayhids, a Yemeni polity that unified Yemen and extended its rule to Hadramaut, Dhofar, and Hijaz, present or absent as a military technology in the warfare practices of '<polity>'?"
https://seshat-db.com/api/sc/polity-territories/,404,""
https://seshat-db.com/api/sc/polity-territories/,405,"During the period from <time-start> to <time-end>, was the total size of the Spanish Empire’s territories across the globe, defined as 13.7 million km2, present or absent as a military technology in the warfare practices of '<polity>'?"
https://seshat-db.com/api/sc/polity-territories/,406,"During the period from <time-start> to <time-end>, was the use of atlatl, defined as a spear-throwing device used to increase the range and force of a projectile, present or absent as a military technology in the warfare practices of '<polity>'?"
https://seshat-db.com/api/sc/polity-territories/,407,"Consider the period from <time-start> to <time-end> in the context of '<polity>'. Was the territory of '<polity>' measured in squared kilometers, and if so, what was the average size of Nok sites in this territory?"
https://seshat-db.com/api/sc/polity-territories/,408,"During the period from <time-start> to <time-end>, what was the territory of '<polity>', defined as the area in square kilometers, and how did its boundaries change over time?"
https://seshat-db.com/api/sc/polity-territories/,409,"Consider the period from <time-start> to <time-end> in the context of '<polity>'. Was the territory of '<polity>' measured in squared kilometers, and if so, what was the average size of Nok sites in this territory?"
https://seshat-db.com/api/sc/polity-territories/,410,"During the period from <time-start> to <time-end>, was the Polity_territory, defined as the area occupied by known Toutswe sites in squared kilometers, present or absent in the territory of '<polity>'?"
https://seshat-db.com/api/sc/polity-territories/,411,"During the period from <time-start> to <time-end>, was the territory of the polity '<polity>' estimated to be at least 50,000 km2 in size, as suggested by the general assessment that Great Zimbabwe was the capital of a polity of at least this size?"
https://seshat-db.com/api/sc/polity-territories/,412,"During the period from <time-start> to <time-end>, was the territory of '<polity>' estimated to be in squared kilometers, as per the researcher's estimate from a general map of the largest extent provided in Hannaford, and other general and more qualitative estimates of Mutapan territory, which encompassed the area of the Zambezi Valley from Tete to Victoria Falls, and the southern tributaries thereof, and was also inhabited by sub-polities and/or disputed territories by the Portuguese colonial establishment for much of the 16th century?"
https://seshat-db.com/api/sc/polity-territories/,413,"During the period from <time-start> to <time-end>, was the polity territory of '<polity>' defined as the area of the kingdom at its height (in 1875) of about 5,000 square miles, present or absent as a military technology in the warfare practices of '<polity>'?"
https://seshat-db.com/api/sc/polity-territories/,414,"During the period from <time-start> to <time-end>, was the use of atlatl, defined as a spear-throwing device used to increase the range and force of a projectile, present or absent as a military technology in the warfare practices of '<polity>'?"
https://seshat-db.com/api/sc/polity-territories/,415,"During the period from <time-start> to <time-end>, was the territory of '<polity>' estimated to be approximately 18,000 square miles in size, as per the calculations made by R. Law in his work ""The Oyo Empire c. 1600 – c. 1836: A West African Imperialism in the Era of the Atlantic Slave Trade""?"
https://seshat-db.com/api/sc/polity-territories/,416,"During the period from <time-start> to <time-end>, what was the territory of '<polity>' in squared kilometers, as calculated using a sketch-map provided in the following reference for political boundaries of the various kingdoms in approximately 1700 CE: §REF§Norman, Neil L. “Hueda (Whydah) Country and Town: Archaeological Perspectives on the Rise and Collapse of an African Atlantic Kingdom.” The International Journal of African Historical Studies, vol. 42, no. 3, 2009, pp. 387–410: 388. https://www.zotero.org/groups/1051264/seshat_d?"
https://seshat-db.com/api/sc/polity-territories/,417,"During the period from <time-start> to <time-end>, was the territory of the Sokoto Caliphate, as described in the provided text, present or absent as a polity in the region of '<polity>'?"
https://seshat-db.com/api/sc/polity-territories/,418,"During the period from <time-start> to <time-end>, was the territory of the Igala polity, defined as an area of approximately 5,000 square miles located between the confluence of the Niger and Benue rivers, present or absent as a military technology in the warfare practices of '<polity>'?"
https://seshat-db.com/api/sc/polity-territories/,419,"During the period from <time-start> to <time-end>, what was the approximate territorial size of '<polity>' in squared kilometers, as calculated from the map on page 183 of the reference ""Towards a Less Orthodox History of Hausaland"" by J. E. G. Sutton, published in The Journal of African History, vol. 20, no. 2, 1979?"
https://seshat-db.com/api/sc/polity-territories/,420,"During the period from <time-start> to <time-end>, was the territory of '<polity>', defined as an area of more than 300,000 square miles, present or absent as a military technology in the warfare practices of '<polity>'?"
https://seshat-db.com/api/sc/polity-territories/,421,"During the period from <time-start> to <time-end>, was the territory of the Edo polity, defined as the area in which the Oba's writ ran most strongly and consistently, present or absent as a military technology in the warfare practices of '<polity>'?"
https://seshat-db.com/api/sc/polity-territories/,422,"During the period from <time-start> to <time-end>, was the use of atlatl, defined as a spear-throwing device used to increase the range and force of a projectile, present or absent as a military technology in the warfare strategies of '<polity>'?"
https://seshat-db.com/api/sc/polity-territories/,423,"During the period from <time-start> to <time-end>, was the use of atlatl, defined as a spear-throwing device used to increase the range and force of a projectile, present or absent as a military technology in the warfare strategies of '<polity>'?"
https://seshat-db.com/api/sc/polity-territories/,424,"During the period from <time-start> to <time-end>, was the use of atlatl, defined as a spear-throwing device used to increase the range and force of a projectile, present or absent as a military technology in the warfare strategies of '<polity>'?"
https://seshat-db.com/api/sc/polity-territories/,425,"During the period from <time-start> to <time-end>, was the territory of '<polity>' defined by a specific number of squared kilometers, as described by the variable ""Polity_territory""?"
https://seshat-db.com/api/sc/polity-territories/,426,"Consider the period from <time-start> to <time-end> in the context of '<polity>'. Was the Polity territory, defined as the squared kilometers of land controlled by a polity, present or absent as a military technology during this time?"
https://seshat-db.com/api/sc/polity-territories/,427,"During the period from <time-start> to <time-end>, was the territory of '<polity>', defined as the land area under the control of the polity, present or absent as a military technology in the warfare practices of '<polity>'?"
https://seshat-db.com/api/sc/polity-territories/,428,"During the period from <time-start> to <time-end>, was the territory of '<polity>' defined as an index of the successful governance of the two first Luxemburgs on the Bohemian throne, present or absent?"
https://seshat-db.com/api/sc/polity-territories/,429,"During the period from <time-start> to <time-end>, what was the extent of the Lombard territory, defined as the square kilometres of land they controlled, in the context of '<polity>'?"
https://seshat-db.com/api/sc/polity-territories/,430,"During the period from <time-start> to <time-end>, what was the territory size, in squared kilometers, of '<polity>'?"
https://seshat-db.com/api/sc/polity-territories/,431,"During the period from <time-start> to <time-end>, what was the territory size, in squared kilometers, of '<polity>'?"
https://seshat-db.com/api/sc/polity-territories/,432,"During the period from <time-start> to <time-end>, was the Tiwanaku State, defined as a complex, multiethnic society that held power over a large part of present-day eastern and southern Bolivia, northwestern Argentina, northern Chile, and southern Peru, present or absent as a polity in the warfare practices of '<polity>'?"
https://seshat-db.com/api/sc/polity-territories/,433,"During the period from <time-start> to <time-end>, was the Polity territory, defined as the area controlled by a polity in squared kilometers, present or absent as a military technology in the warfare practices of '<polity>'?"
https://seshat-db.com/api/sc/polity-territories/,434,"During the period from <time-start> to <time-end>, what was the territory of '<polity>' in squared kilometers?"
https://seshat-db.com/api/sc/polity-territories/,435,"During the period from <time-start> to <time-end>, what was the territory of '<polity>' in squared kilometers?"
https://seshat-db.com/api/sc/polity-territories/,436,"During the period from <time-start> to <time-end>, what was the territory of '<polity>' in squared kilometers?"
https://seshat-db.com/api/sc/polity-territories/,437,"During the period from <time-start> to <time-end>, was the territory of '<polity>' measured in squared kilometers, present or absent as a military technology in the warfare practices of '<polity>'?"
https://seshat-db.com/api/sc/polity-territories/,438,"During the period from <time-start> to <time-end>, was the territory of '<polity>', defined as the Kingdom of England, Kingdom of Ireland, Principality of Wales, and a small amount of land in Calais, France, present or absent as a military technology in the warfare practices of '<polity>'?"
https://seshat-db.com/api/sc/polity-territories/,439,"During the period from <time-start> to <time-end>, what was the approximate territorial size of '<polity>' in squared kilometers, based on the united lands within England prior to the Norman invasion of 1066?"
https://seshat-db.com/api/sc/polity-territories/,440,"During the period from <time-start> to <time-end>, was the Habsburg Monarchy, defined as a large continental European power covering more than 260,000 square miles, present or absent as a polity in the historical context of '<polity>'?"
https://seshat-db.com/api/sc/polity-territories/,441,"During the period from <time-start> to <time-end>, was the territory of '<polity>' estimated to be between 2.3 - 3.6 million squared kilometres, as described in the work of Turchin, Adams and Hall 2006, and Taagepera 1997, and did it stretch from India to Antolia, as mentioned by Bosworth 2012?"
https://seshat-db.com/api/sc/polity-territories/,442,"During the period from <time-start> to <time-end>, was the territory of '<polity>' estimated to be between 2.3 - 3.6 million squared kilometres, as described in the work of Turchin, Adams and Hall 2006, and Taagepera 1997, and did it stretch from India to Antolia, as mentioned by Bosworth 2012?"
https://seshat-db.com/api/sc/polity-territories/,443,"During the period from <time-start> to <time-end>, was the territory of '<polity>', defined as the area of land controlled by a polity, present or absent in the warfare strategies of '<polity>'?"
https://seshat-db.com/api/sc/polity-territories/,444,"During the period from <time-start> to <time-end>, was the territory of '<polity>' less than 1 million square kilometers, as defined by the earlier size of the HRE during Charlemagne’s rule as the first Holy Roman Emperor (r. 800-823)?"
https://seshat-db.com/api/sc/polity-territories/,445,"During the period from <time-start> to <time-end>, was the territory of the Holy Roman Empire, defined as the territory of the Austrian Habsburgs, present or absent as a polity in the warfare practices of '<polity>'?"
https://seshat-db.com/api/sc/polity-territories/,446,"During the period from <time-start> to <time-end>, was the territory of the Oirats, defined as the grassy plains of western Inner Asia, between Lake Balkhash in present-day eastern Kazakhstan and Lake Baikal in present-day Russia, north of central Mongolia, present or absent as a polity?"
https://seshat-db.com/api/sc/polity-territories/,447,"During the period from <time-start> to <time-end>, what was the peak territorial expanse of the Golden Horde, defined as the maximum area of land they held, in squared kilometers?"
https://seshat-db.com/api/sc/polity-territories/,448,"During the period from <time-start> to <time-end>, was the territory of '<polity>', defined as consisting of eight main islands and numerous smaller islets of coral and volcanic origin, situated in the central Pacific Ocean, 2400 miles from San Francisco, with an area of 6,450 sq. mi., present or absent as a military technology in the warfare practices of '<polity>'?"
https://seshat-db.com/api/sc/polity-territories/,449,"During the period from <time-start> to <time-end>, what was the size of the territory controlled by '<polity>' in squared kilometers, considering the expansion of its overseas territories to include huge areas of West Africa following the start of the French conquest of Algeria, and later in Indochina and parts of the Pacific?"
https://seshat-db.com/api/sc/polity-territories/,450,"During the period from <time-start> to <time-end>, what was the size of the territory controlled by '<polity>' in squared kilometers, considering the expansion of its overseas territories to include huge areas of West Africa following the start of the French conquest of Algeria, and later in Indochina and parts of the Pacific?"
https://seshat-db.com/api/sc/polity-territories/,451,"During the period from <time-start> to <time-end>, what was the territorial extent of '<polity>' in squared kilometers?"
https://seshat-db.com/api/sc/polity-territories/,452,"During the period from <time-start> to <time-end>, was the territory of '<polity>' defined by the Polity_territory variable, which represents the area in square kilometers, present or absent as a military technology in the warfare practices of '<polity>'?"
https://seshat-db.com/api/sc/polity-territories/,453,""
https://seshat-db.com/api/sc/polity-territories/,454,"during the period from <time-start> to <time-end>, was the U.S.S.R., defined as the successor to the Russian Empire of the tsars and comprising the Russian and Transcaucasian Soviet Federated Socialist Republics, the Ukrainian and Belorussian Soviet Socialist Republics, the Turkmen and Uzbek S.S.R.’s, and the Tadzhik S.S.R., present or absent as a polity in the political landscape of '<polity>'?"
https://seshat-db.com/api/sc/polity-territories/,455,"During the period from <time-start> to <time-end>, was the territory of '<polity>' present or absent as a military technology in the warfare practices of '<polity>'?"
https://seshat-db.com/api/sc/polity-territories/,456,"During the period from <time-start> to <time-end>, was the territory of '<polity>' present or absent as a military technology in the warfare practices of '<polity>'?"
https://seshat-db.com/api/sc/polity-territories/,457,""
https://seshat-db.com/api/sc/polity-territories/,458,"During the period from <time-start> to <time-end>, was the territory of '<polity>' present or absent as a military technology in the warfare practices of '<polity>'?"
https://seshat-db.com/api/sc/polity-territories/,459,"Consider the period from <time-start> to <time-end> in the context of '<polity>'. Was the use of atlatl, defined as a spear-throwing device used to increase the range and force of a projectile, present or absent as a military technology during this time?"
https://seshat-db.com/api/sc/polity-territories/,460,"During the period from <time-start> to <time-end>, was the territory of '<polity>' present or absent as a military technology in the warfare practices of '<polity>'?"
https://seshat-db.com/api/sc/polity-territories/,461,"During the period from <time-start> to <time-end>, was the territory of '<polity>' present or absent as a military technology in the warfare practices of '<polity>'?"
https://seshat-db.com/api/sc/polity-territories/,462,"During the period from <time-start> to <time-end>, was the territory of '<polity>' defined by a specific area in squared kilometers, as described in the historical sources, present or absent as a military technology in the warfare practices of '<polity>'?"
https://seshat-db.com/api/sc/polity-territories/,463,"During the period from <time-start> to <time-end>, was the territory of '<polity>' present or absent as a military technology in the warfare practices of '<polity>'?"
https://seshat-db.com/api/sc/polity-territories/,464,"During the period from <time-start> to <time-end>, was the territory of '<polity>' present or absent as a military technology in the warfare practices of '<polity>'?"
https://seshat-db.com/api/sc/polity-territories/,465,""
https://seshat-db.com/api/sc/polity-territories/,466,"During the period from <time-start> to <time-end>, was the territory of '<polity>' defined by a territory of <polity_territory> square kilometers, and did it double after a conquest over Shu in 316 BCE, as described in the source (Keay 2009, 83)?"
https://seshat-db.com/api/sc/polity-territories/,467,"During the period from <time-start> to <time-end>, was the territory of '<polity>' defined by a territory of <polity_territory> square kilometers, and did it double after a conquest over Shu in 316 BCE, as described in the source (Keay 2009, 83)?"
https://seshat-db.com/api/sc/polity-territories/,468,"During the period from <time-start> to <time-end>, was the territory of '<polity>' defined by a territory of <polity_territory> square kilometers, and did it double after a conquest over Shu in 316 BCE, as described in the source (Keay 2009, 83)?"
https://seshat-db.com/api/sc/polity-territories/,469,"During the period from <time-start> to <time-end>, was the territory of '<polity>' defined by a territory of <polity_territory> square kilometers, and did it double after a conquest over Shu in 316 BCE, as described in the source (Keay 2009, 83)?"
https://seshat-db.com/api/sc/polity-territories/,470,"During the period from <time-start> to <time-end>, was the territory of '<polity>' defined by a territory of <polity_territory> square kilometers, and did it double after a conquest over Shu in 316 BCE, as described in the source (Keay 2009, 83)?"
https://seshat-db.com/api/sc/polity-territories/,471,"During the period from <time-start> to <time-end>, was the territory of '<polity>' defined by the variable 'Polity_territory' (in KM2) present or absent as a military technology in the warfare practices of '<polity>'?"
https://seshat-db.com/api/sc/polity-territories/,472,"During the period from <time-start> to <time-end>, was the territory of '<polity>' defined by the variable 'Polity_territory' (in KM2) present or absent as a military technology in the warfare practices of '<polity>'?"
https://seshat-db.com/api/sc/polity-territories/,473,"During the period from <time-start> to <time-end>, was the territory of '<polity>' defined by the variable 'Polity_territory' (in KM2) present or absent as a military technology in the warfare practices of '<polity>'?"
https://seshat-db.com/api/sc/polity-territories/,474,"During the period from <time-start> to <time-end>, was the territory of '<polity>' present or absent as a military technology in the warfare practices of '<polity>'?"
https://seshat-db.com/api/sc/polity-territories/,475,"During the period from <time-start> to <time-end>, what was the territorial extent of '<polity>' in squared kilometers, as defined by the work of Taagepera in 1997?"
https://seshat-db.com/api/sc/polity-territories/,476,"During the period from <time-start> to <time-end>, what was the territorial extent of '<polity>' in squared kilometers, as defined by the work of Taagepera in 1997?"
https://seshat-db.com/api/sc/polity-territories/,477,"During the period from <time-start> to <time-end>, what was the territorial extent of '<polity>' in squared kilometers, as defined by the work of Taagepera in 1997?"
https://seshat-db.com/api/sc/polity-territories/,478,"During the period from <time-start> to <time-end>, what was the territorial extent of '<polity>' in squared kilometers, as defined by the work of Taagepera in 1997?"
https://seshat-db.com/api/sc/polity-territories/,479,"During the period from <time-start> to <time-end>, was the territory of '<polity>' present or absent as a military technology in the warfare practices of '<polity>'?"
https://seshat-db.com/api/sc/polity-territories/,480,"In the second half of the seventh century AD, in the region of Bengal, which is now part of <polity>, two new lines of kings emerged: the later Guptas in Gauda and Magadha (western Bengal and southern Bihar) and the Khadgas in Vanga and Samatata (southern and southeastern Bengal). During this period, was the presence of the later Guptas and Khadgas as rulers of Bengal present or absent?"
https://seshat-db.com/api/sc/polity-territories/,481,"During the period from <time-start> to <time-end>, was the territory of '<polity>' expanded to include Vaṅga and a part of Varendra in the reign of Vijayasena, who ruled between 1096 and 1159 AD?"
https://seshat-db.com/api/sc/polity-territories/,482,"During the period from <time-start> to <time-end>, was the territory of '<polity>' present or absent as a military technology in the warfare practices of '<polity>'?"
https://seshat-db.com/api/sc/polity-territories/,483,"During the period from <time-start> to <time-end>, was the territory of '<polity>' present or absent as a military technology in the warfare practices of '<polity>'?"
https://seshat-db.com/api/sc/polity-territories/,484,"During the period from <time-start> to <time-end>, was the use of the Avar kingdom, defined as a polity that extended from the Volga River to the Baltic Sea and exacted tribute from the Byzantine Empire, present or absent as a military technology in the warfare practices of '<polity>'?"
https://seshat-db.com/api/sc/polity-territories/,485,"During the period from <time-start> to <time-end>, was the use of the Avar kingdom, defined as a polity that extended from the Volga River to the Baltic Sea and exacted tribute from the Byzantine Empire, present or absent as a military technology in the warfare practices of '<polity>'?"
https://seshat-db.com/api/sc/polity-territories/,486,"During the period from <time-start> to <time-end>, was the territory of '<polity>' present or absent as a military technology in the warfare practices of '<polity>'?"
https://seshat-db.com/api/sc/polity-territories/,487,"During the period from <time-start> to <time-end>, was the territory of '<polity>' present or absent as a military technology in the warfare practices of '<polity>'?"
https://seshat-db.com/api/sc/polity-territories/,488,"During the period from <time-start> to <time-end>, was the territory of '<polity>' present or absent as a military technology in the warfare practices of '<polity>'?"
https://seshat-db.com/api/sc/polity-territories/,489,"Consider the period from <time-start> to <time-end> in the context of '<polity>'. Was the territory of '<polity>' defined by the Polity_territory variable, which measures the area in square kilometers, present or absent during this time?"
https://seshat-db.com/api/sc/polity-territories/,490,"During the period from <time-start> to <time-end>, was the use of chainmail, defined as armor made of small metal rings linked together in a pattern to form a mesh, present or absent as a military technology in the warfare practices of '<polity>'?"
https://seshat-db.com/api/sc/polity-territories/,491,"During the period from <time-start> to <time-end>, was the territory of '<polity>' expanding or contracting, as evidenced by changes in its size in squared kilometers, as described in the provided historical context?"
https://seshat-db.com/api/sc/polity-territories/,492,"During the period from <time-start> to <time-end>, was the territory of '<polity>' expanding or contracting, as evidenced by changes in its size in squared kilometers, as described in the provided historical context?"
https://seshat-db.com/api/sc/polity-territories/,493,"During the period from <time-start> to <time-end>, was the territory of '<polity>' defined by the variable ""Polity_territory"" (in squared kilometers) present or absent as a military technology in the warfare practices of '<polity>'?"
https://seshat-db.com/api/sc/polity-territories/,494,"During the period from <time-start> to <time-end>, was the territory of '<polity>' defined by the variable ""Polity_territory"" (in squared kilometers) present or absent as a military technology in the warfare practices of '<polity>'?"
https://seshat-db.com/api/sc/polity-territories/,495,"During the period from <time-start> to <time-end>, was the territory of '<polity>' present or absent as a military technology in the warfare practices of '<polity>'?"
https://seshat-db.com/api/sc/polity-territories/,496,"During the period from <time-start> to <time-end>, was the territory of '<polity>' present or absent as a military technology in the warfare practices of '<polity>'?"
https://seshat-db.com/api/sc/polity-territories/,497,"During the period from <time-start> to <time-end>, was the territory of '<polity>' present or absent as a military technology in the warfare practices of '<polity>'?"
https://seshat-db.com/api/sc/polity-territories/,498,"During the period from <time-start> to <time-end>, was the territory of '<polity>' present or absent as a military technology in the warfare practices of '<polity>'?"
https://seshat-db.com/api/sc/polity-territories/,499,"During the period from <time-start> to <time-end>, was the Chionites, a kingdom formed in the Shahr-i-Sabz valley in northern Baktria, present or absent as a polity in the region?"
https://seshat-db.com/api/sc/polity-territories/,500,"During the period from <time-start> to <time-end>, was the territory of '<polity>' present or absent as a military technology in the warfare practices of '<polity>'?"
https://seshat-db.com/api/sc/polity-territories/,501,"During the period from <time-start> to <time-end>, was the territory of '<polity>' present or absent as a military technology in the warfare practices of '<polity>'?"
https://seshat-db.com/api/sc/polity-territories/,502,"During the period from <time-start> to <time-end>, was the territory of '<polity>' present or absent as a military technology in the warfare practices of '<polity>'?"
https://seshat-db.com/api/sc/polity-territories/,503,"During the period from <time-start> to <time-end>, was the territory of '<polity>' present or absent as a military technology in the warfare practices of '<polity>'?"
https://seshat-db.com/api/sc/polity-territories/,504,"During the period from <time-start> to <time-end>, was the use of chainmail, defined as armor made of small metal rings linked together in a pattern to form a mesh, present or absent as a military technology in the warfare practices of the Crimean Khanate, a polity that controlled a significant portion of the Crimean peninsula and the Pontic steppe, as described in the historical context provided?"
https://seshat-db.com/api/sc/polity-territories/,505,"During the period from <time-start> to <time-end>, was the territory of '<polity>' present or absent as a military technology in the warfare practices of '<polity>'?"
https://seshat-db.com/api/sc/polity-territories/,506,"During the period from <time-start> to <time-end>, was the territory of '<polity>' present or absent as a military technology in the warfare practices of '<polity>'?"
https://seshat-db.com/api/sc/polity-territories/,507,"During the period from <time-start> to <time-end>, was the territory of '<polity>' present or absent as a military technology in the warfare practices of '<polity>'?"
https://seshat-db.com/api/sc/polity-territories/,508,"During the period from <time-start> to <time-end>, what was the estimated territory of the Idrisid Morocco, in squared kilometers, based on the map found on Euratlas§REF§<a rel=""nofollow"" class=""external free"" href=""https://www.euratlas.net/history/europe/900/fr_900_sud-ouest.html"">https://www.euratlas.net/history/europe/900/fr_900_sud-ouest.html</a>§REF§?"
https://seshat-db.com/api/sc/polity-territories/,509,"During the period from <time-start> to <time-end>, was the territory of '<polity>' present or absent as a military technology in the warfare practices of '<polity>'?"
https://seshat-db.com/api/sc/polity-territories/,510,"During the period from <time-start> to <time-end>, was the territory of '<polity>' present or absent as a military technology in the warfare practices of '<polity>'?"
https://seshat-db.com/api/sc/polity-territories/,511,"During the period from <time-start> to <time-end>, was the territory of the Western Chalukya Empire, which roughly corresponds to the combined territory of Goa, Karnataka, Maharashtra, Telangana, and the Andhra Pradesh districts of Kurnool and Anantapur, present or absent as a military technology in the warfare practices of '<polity>'?"
https://seshat-db.com/api/sc/polity-territories/,512,"During the period from <time-start> to <time-end>, was the territory of '<polity>' present or absent as a military technology in the warfare practices of '<polity>'?"
https://seshat-db.com/api/sc/polity-territories/,513,"During the period from <time-start> to <time-end>, was the use of chainmail, defined as armor made of small metal rings linked together in a pattern to form a mesh, present or absent as a military technology in the warfare practices of '<polity>'?"
https://seshat-db.com/api/sc/polity-territories/,514,"During the period from <time-start> to <time-end>, what was the size of the territory of the Khanate of Kazan, defined as the area in squared kilometers, in the context of '<polity>'?"
https://seshat-db.com/api/sc/polity-territories/,515,"During the period from <time-start> to <time-end>, was the territory of '<polity>', defined as the western part of today's Democratic Republic of the Congo and northern Angola, estimated to be 109,321 square kilometers, present or absent as a military technology in the warfare practices of '<polity>'?"
https://seshat-db.com/api/sc/polity-territories/,516,"During the period from <time-start> to <time-end>, was the territory of '<polity>' at its greatest extent, as defined by the territorial extent reached in 1213 CE, present or absent?"
https://seshat-db.com/api/sc/polity-territories/,517,"During the period from <time-start> to <time-end>, what was the territorial extent of '<polity>'?"
https://seshat-db.com/api/sc/polity-territories/,518,"During the period from <time-start> to <time-end>, what was the territorial extent of '<polity>'?"
https://seshat-db.com/api/sc/polity-territories/,519,"During the period from <time-start> to <time-end>, was the Lakhmid confederation, defined as a powerful Arab confederation based on the Sasanian frontier at el-Hira and closely allied to Persia, present or absent as a military technology in the warfare practices of '<polity>'?"
https://seshat-db.com/api/sc/polity-territories/,520,"During the period from <time-start> to <time-end>, was the territory of '<polity>' present or absent as a military technology in the warfare practices of '<polity>'?"
https://seshat-db.com/api/sc/polity-territories/,521,""
https://seshat-db.com/api/sc/polity-territories/,522,"During the period from <time-start> to <time-end>, was the territory of '<polity>' present or absent as a military technology in the warfare practices of '<polity>'?"
https://seshat-db.com/api/sc/polity-territories/,523,"During the period from <time-start> to <time-end>, was the territory of '<polity>' present or absent as a military technology in the warfare practices of '<polity>'?"
https://seshat-db.com/api/sc/polity-territories/,524,"During the period from <time-start> to <time-end>, was the territory of '<polity>' present or absent as a military technology in the warfare practices of '<polity>'?"
https://seshat-db.com/api/sc/polity-territories/,525,"During the period from <time-start> to <time-end>, was the territory of '<polity>' defined as the region occupied by Alwa, which is about 100,000 km2, present or absent as a military technology in the warfare practices of '<polity>'?"
https://seshat-db.com/api/sc/polity-territories/,526,"During the period from <time-start> to <time-end>, was the territory of '<polity>' defined as the region occupied by Alwa, which is about 100,000 km2, present or absent as a military technology in the warfare practices of '<polity>'?"
https://seshat-db.com/api/sc/polity-territories/,527,"During the period from <time-start> to <time-end>, was the territory of '<polity>' defined by a specific, measurable area in squared kilometers, or was it more focused on the control of people and their activities, and the right to take tax and tribute from them, rather than on ownership of land or financial wealth?"
https://seshat-db.com/api/sc/polity-territories/,528,"During the period from <time-start> to <time-end>, was the territory of the Sultanate of Ifat, defined as the area around Adal, Harar, and Zeila, bordering and eventually stretching into the Northwestern Somali region, present or absent as a polity in the political landscape of '<polity>'?"
https://seshat-db.com/api/sc/polity-territories/,529,"During the period from <time-start> to <time-end>, was the territory of '<polity>' present or absent as a military technology in the warfare practices of '<polity>'?"
https://seshat-db.com/api/sc/polity-territories/,530,"During the period from <time-start> to <time-end>, was the territory of '<polity>' present or absent as a military technology in the warfare practices of '<polity>'?"
https://seshat-db.com/api/sc/polity-territories/,531,"During the period from <time-start> to <time-end>, was the territory of '<polity>' defined by its coastline, with no more than 150 km inland, or was it a vast, undefined area stretching from the western limit of Roman territory to the Atlantic, with its eastern portions overlapping both eastern Mauretania and western provincial Africa?"
https://seshat-db.com/api/sc/polity-territories/,532,"During the period from <time-start> to <time-end>, what was the size of the territory controlled by '<polity>' in squared kilometers?"
https://seshat-db.com/api/sc/polity-territories/,533,"During the period from <time-start> to <time-end>, was the territory of '<polity>' present or absent as a military technology in the warfare practices of '<polity>'?"
https://seshat-db.com/api/sc/polity-territories/,534,"During the period from <time-start> to <time-end>, was the territory of '<polity>' present or absent as a military technology in the warfare practices of '<polity>'?"
https://seshat-db.com/api/sc/polity-territories/,535,"During the period from <time-start> to <time-end>, was the territory of '<polity>' present or absent as a military technology in the warfare practices of '<polity>'?"
https://seshat-db.com/api/sc/polity-territories/,536,"During the period from <time-start> to <time-end>, was the territory of Novgorod, defined as an area with a radius of roughly 200-250 km, present or absent?"
https://seshat-db.com/api/sc/polity-territories/,537,"During the period from <time-start> to <time-end>, was the territory of the ancient Numidian kingdom, defined as the land that bordered the Mauretanian kingdom of Tingis to the west, Cyrene and Egypt to the south, and the Gulf of Sirte to the east, present-day Algeria, present-day Tunisia, and present-day Libya, present-day Egypt, present-day Libya, present-day Tunisia, present-day Algeria, present-day Libya, present-day Tunisia, present-day Algeria, present-day Libya, present-day Tunisia, present-day Algeria, present-day Libya, present-day Tunisia, present-day Algeria, present-day Libya, present-day Tunisia, present-day Algeria, present-day Libya, present-day Tunisia, present-day Algeria, present?"
https://seshat-db.com/api/sc/polity-territories/,538,"During the period from <time-start> to <time-end>, was the territory of '<polity>' present or absent as a military technology in the warfare practices of '<polity>'?"
https://seshat-db.com/api/sc/polity-territories/,539,"During the period from <time-start> to <time-end>, was the territory of '<polity>' present or absent as a military technology in the warfare practices of '<polity>'?"
https://seshat-db.com/api/sc/polity-territories/,540,"During the period from <time-start> to <time-end>, what was the territory of '<polity>' in squared miles?"
https://seshat-db.com/api/sc/polity-territories/,541,"During the period from <time-start> to <time-end>, what was the approximate size of the territory controlled by '<polity>', measured in square kilometers, as estimated by Saeed (1972)?"
https://seshat-db.com/api/sc/polity-territories/,542,""
https://seshat-db.com/api/sc/polity-territories/,543,"During the period from <time-start> to <time-end>, was the territory of '<polity>' present or absent as a military technology in the warfare practices of '<polity>'?"
https://seshat-db.com/api/sc/polity-territories/,544,"During the period from <time-start> to <time-end>, was the territory of '<polity>' present or absent as a military technology in the warfare practices of '<polity>'?"
https://seshat-db.com/api/sc/polity-territories/,545,"During the period from <time-start> to <time-end>, was the Sukhothai kingdom, defined as a Thai state that grew in power and area, present or absent as a polity in the region of '<polity>'?"
https://seshat-db.com/api/sc/polity-territories/,546,"During the period from <time-start> to <time-end>, was the territory of '<polity>', as described by Ibn Saghir, which extended all over the Maghreb and as far as the city of Tlemcen, present or absent as a military technology in the warfare practices of '<polity>'?"
https://seshat-db.com/api/sc/polity-territories/,547,"During the period from <time-start> to <time-end>, was the territory of '<polity>', defined as the area between the Danube and Don rivers, containing Scythians and assimilated Cimmerians and other non-Scythian peoples, present or absent as a military technology in the warfare practices of '<polity>'?"
https://seshat-db.com/api/sc/polity-territories/,548,"During the period from <time-start> to <time-end>, was the territory of '<polity>' present or absent as a military technology in the warfare practices of '<polity>'?"
https://seshat-db.com/api/sc/polity-territories/,549,"the Tuyuhun Khanate, defined as a polity situated in an area west of Tao He River (now Tao He River in Gansu Province), east of Bailan (now the area of Dulan and Barun, Qinghai Province), north of Gansong (now Songpan, Sichuan Province) and south of Qinghai Hu Lake (now Qinghai Hu Lake, Qinghai Province), was situated in an area with an area of more than two hundred thousand square kilometers. It had an area of more than two hundred thousand square kilometers. It had an area of more than two hundred thousand square kilometers. It had an area of more than two hundred thousand square kilometers. It had an area of more than two hundred?"
https://seshat-db.com/api/sc/polity-territories/,550,"During the period from <time-start> to <time-end>, was the territory of the <polity>, defined as the area under its control or influence, measured in square kilometers, present or absent as a military technology in the warfare practices of '<polity>'?"
https://seshat-db.com/api/sc/polity-territories/,551,"During the period from <time-start> to <time-end>, was the territory of the Wattasid Kingdom, defined as the core area bordered by the Atlas mountains to the south, east, and north, present or absent as a polity in the region?"
https://seshat-db.com/api/sc/polity-territories/,552,"During the period from <time-start> to <time-end>, was the territory of '<polity>' present or absent as a military technology in the warfare practices of '<polity>'?"
https://seshat-db.com/api/sc/polity-territories/,553,"During the period from <time-start> to <time-end>, what was the territorial extent of '<polity>' in squared kilometers, as depicted on page 92 of 'The New Cultural Atlas Of China' by Tim Cooke, published in 2010 by Marshall Cavendish, New York?"
https://seshat-db.com/api/sc/polity-territories/,554,"During the period from <time-start> to <time-end>, was the territory of Yue, defined as the northern part of the modern province of Zhejiang, in the southern parts of the Hangzhou Bay, present or absent as a military technology in the warfare practices of '<polity>'?"
https://seshat-db.com/api/sc/polity-territories/,555,"During the period from <time-start> to <time-end>, was the use of chainmail, defined as armor made of small metal rings linked together in a pattern to form a mesh, present or absent as a military technology in the warfare practices of the Yueban, a tribe of the Northern Xiongnu who inhabited the upper Hi River during the fourth and fifth centuries, and later occupied the valleys of the Ili and Chu Rivers?"
https://seshat-db.com/api/sc/polity-territories/,556,"During the period from <time-start> to <time-end>, was the territory of '<polity>', as described in the map, present or absent as a military technology in the warfare practices of '<polity>'?"
https://seshat-db.com/api/sc/polity-territories/,557,"During the period from <time-start> to <time-end>, was the territory of '<polity>' present or absent as a military technology in the warfare practices of '<polity>'?"
https://seshat-db.com/api/sc/polity-territories/,558,"During the period from <time-start> to <time-end>, was the territory of '<polity>' present or absent as a military technology in the warfare practices of '<polity>'?"
https://seshat-db.com/api/sc/polity-territories/,559,"During the period from <time-start> to <time-end>, was the territory of '<polity>' present or absent as a military technology in the warfare practices of '<polity>'?"
https://seshat-db.com/api/sc/polity-territories/,560,"During the period from <time-start> to <time-end>, was the territory of '<polity>' present or absent as a military technology in the warfare practices of '<polity>'?"
https://seshat-db.com/api/sc/polity-territories/,561,"During the period from <time-start> to <time-end>, was the territory of '<polity>' present or absent as a military technology in the warfare practices of '<polity>'?"
https://seshat-db.com/api/sc/polity-territories/,562,"During the period from <time-start> to <time-end>, was the territory of '<polity>' present or absent as a military technology in the warfare practices of '<polity>'?"
https://seshat-db.com/api/sc/polity-territories/,563,"During the period from <time-start> to <time-end>, was the territory of '<polity>' present or absent as a military technology in the warfare practices of '<polity>'?"
https://seshat-db.com/api/sc/polity-territories/,564,"During the period from <time-start> to <time-end>, was the territory of '<polity>' present or absent as a military technology in the warfare practices of '<polity>'?"
https://seshat-db.com/api/sc/polity-territories/,565,"During the period from <time-start> to <time-end>, was the territory of '<polity>' present or absent as a military technology in the warfare practices of '<polity>'?"
https://seshat-db.com/api/sc/polity-territories/,566,"During the period from <time-start> to <time-end>, was the Badarian culture, characterized by the identification of the el-Badari region near Sohag, and the presence of small sites near Qau el-Kebir, Hammamiya, Mostagedda, and Matmar, as well as characteristic findings at Mahgar Dendera, Armant, Elkab, and Hierakonpolis, and also to the East in the Wadi Hammamat, present or absent as a polity in the region?"
https://seshat-db.com/api/sc/polity-territories/,567,"During the period from <time-start> to <time-end>, was the territory of '<polity>' present or absent as a military technology in the warfare practices of '<polity>'?"
https://seshat-db.com/api/sc/polity-territories/,568,"During the period from <time-start> to <time-end>, was the territory of '<polity>' present or absent as a military technology in the warfare practices of '<polity>'?"
https://seshat-db.com/api/sc/polity-territories/,569,"During the period from <time-start> to <time-end>, was the territory of '<polity>' present or absent as a military technology in the warfare practices of '<polity>'?"
https://seshat-db.com/api/sc/polity-territories/,570,"During the period from <time-start> to <time-end>, was the territory of '<polity>' present or absent as a military technology in the warfare practices of '<polity>'?"
https://seshat-db.com/api/sc/polity-territories/,571,"During the period from <time-start> to <time-end>, was the territory of '<polity>' present or absent as a military technology in the warfare practices of '<polity>'?"
https://seshat-db.com/api/sc/polity-territories/,572,"During the period from <time-start> to <time-end>, was the territory of '<polity>', defined as a big state reaching 'from Bit Bunaki to Parsuas', present or absent as a military technology in the warfare practices of '<polity>'?"
https://seshat-db.com/api/sc/polity-territories/,573,"During the period from <time-start> to <time-end>, was the territory of '<polity>' present or absent as a military technology in the warfare practices of '<polity>'?"
https://seshat-db.com/api/sc/polity-territories/,574,"During the period from <time-start> to <time-end>, was the territory of '<polity>' defined in terms of squared kilometers, as a measure of its size and extent, present or absent?"
https://seshat-db.com/api/sc/polity-territories/,575,"During the period from <time-start> to <time-end>, was the territory of '<polity>' present or absent as a military technology in the warfare practices of '<polity>'?"
https://seshat-db.com/api/sc/polity-territories/,576,"During the period from <time-start> to <time-end>, was the territory of '<polity>' present or absent as a military technology in the warfare practices of '<polity>'?"
https://seshat-db.com/api/sc/polity-territories/,577,"During the period from <time-start> to <time-end>, was the territory of '<polity>' present or absent as a military technology in the warfare practices of '<polity>'?"
https://seshat-db.com/api/sc/polity-territories/,578,"During the period from <time-start> to <time-end>, was the territory of '<polity>' present or absent as a military technology in the warfare practices of '<polity>'?"
https://seshat-db.com/api/sc/polity-territories/,579,"During the period from <time-start> to <time-end>, was the territory of '<polity>' present or absent as a military technology in the warfare practices of '<polity>'?"
https://seshat-db.com/api/sc/polity-territories/,580,"During the period from <time-start> to <time-end>, was the territory of '<polity>' present or absent as a military technology in the warfare practices of '<polity>'?"
https://seshat-db.com/api/sc/polity-territories/,581,"During the period from <time-start> to <time-end>, was the use of chainmail, defined as armor made of small metal rings linked together in a pattern to form a mesh, present or absent as a military technology in the warfare practices of '<polity>'?"
https://seshat-db.com/api/sc/polity-territories/,582,"During the period from <time-start> to <time-end>, was the use of chainmail, defined as armor made of small metal rings linked together in a pattern to form a mesh, present or absent as a military technology in the warfare practices of '<polity>'?"
https://seshat-db.com/api/sc/polity-territories/,583,"During the period from <time-start> to <time-end>, was the territory of '<polity>' present or absent as a military technology in the warfare practices of '<polity>'?"
https://seshat-db.com/api/sc/polity-territories/,584,"During the period from <time-start> to <time-end>, was the territory of '<polity>' present or absent as a military technology in the warfare practices of '<polity>'?"
https://seshat-db.com/api/sc/polity-territories/,585,"During the period from <time-start> to <time-end>, was the territory of '<polity>' present or absent as a military technology in the warfare practices of '<polity>'?"
https://seshat-db.com/api/sc/polity-territories/,586,"During the period from <time-start> to <time-end>, was the territory of '<polity>', defined as the area including Central Anatolia Plain (including Cappadocia with occasional references to Cilicia) and North-Central Anatolia within the bend of the Kızılırmak River, present or absent as a military technology in the warfare practices of '<polity>'?"
https://seshat-db.com/api/sc/polity-territories/,587,""
https://seshat-db.com/api/sc/polity-territories/,588,"During the period from <time-start> to <time-end>, was the territory of '<polity>' present or absent as a military technology in the warfare practices of '<polity>'?"
https://seshat-db.com/api/sc/polity-territories/,589,"During the period from <time-start> to <time-end>, was the territory of '<polity>' present or absent as a military technology in the warfare practices of '<polity>'?"
https://seshat-db.com/api/sc/polity-territories/,590,"During the period from <time-start> to <time-end>, was the territory of '<polity>' present or absent as a military technology in the warfare practices of '<polity>'?"
https://seshat-db.com/api/sc/polity-territories/,591,"During the period from <time-start> to <time-end>, was the territory of '<polity>' present or absent as a military technology in the warfare practices of '<polity>'?"
https://seshat-db.com/api/sc/polity-territories/,592,"During the period from <time-start> to <time-end>, was the use of chainmail, defined as armor made of small metal rings linked together in a pattern to form a mesh, present or absent as a military technology in the warfare practices of '<polity>'?"
https://seshat-db.com/api/sc/polity-territories/,593,"During the period from <time-start> to <time-end>, was the territory of '<polity>' defined as 'Sakha, also called Yakutiya or Yakut-Sakha, Yakutiya also spelled Yakutia, Udachnaya: diamond mine republic in far northeastern Russia, in northeastern Siberia. The republic occupies the basins of the great rivers flowing to the Arctic Ocean-the Lena, Yana, Indigirka, and Kolyma-and includes the New Siberian Islands between the Laptev and East Siberian seas. Sakha was created an autonomous republic of the Soviet Union in 1922; it is now the largest republic in Russia.' §REF§<a rel=""nofollow?"
https://seshat-db.com/api/sc/polity-territories/,594,"During the period from <time-start> to <time-end>, was the territory of '<polity>' present or absent as a military technology in the warfare practices of '<polity>'?"
https://seshat-db.com/api/sc/polity-territories/,595,"During the period from <time-start> to <time-end>, was the territory of '<polity>' defined in terms of squared kilometers, as described by Brüning and Karsten, present or absent as a military technology in the warfare practices of '<polity>'?"
https://seshat-db.com/api/sc/polity-territories/,596,"During the period from <time-start> to <time-end>, was the territory of '<polity>' present or absent as a military technology in the warfare practices of '<polity>'?"
https://seshat-db.com/api/sc/polity-territories/,597,"During the period from <time-start> to <time-end>, was the territory of '<polity>' present or absent as a military technology in the warfare practices of '<polity>'?"
https://seshat-db.com/api/sc/polity-territories/,598,"During the period from <time-start> to <time-end>, was the territory of '<polity>' present or absent as a military technology in the warfare practices of '<polity>'?"
https://seshat-db.com/api/sc/polity-territories/,599,"During the period from <time-start> to <time-end>, was the size of a typical Akan state, defined as a polity with a population of approximately 10,000 to 50,000 people, present or absent in the political landscape of '<polity>'?"
https://seshat-db.com/api/sc/polity-territories/,600,"During the period from <time-start> to <time-end>, was the territory of '<polity>' present or absent as a military technology in the warfare practices of '<polity>'?"
https://seshat-db.com/api/sc/polity-territories/,601,"During the period from <time-start> to <time-end>, what was the change in the territory of '<polity>' in squared kilometers?"
https://seshat-db.com/api/sc/polity-territories/,602,"During the period from <time-start> to <time-end>, was the territory of '<polity>' defined by the variable 'Polity_territory' in squared kilometers, present or absent as a military technology in the warfare practices of '<polity>'?"
https://seshat-db.com/api/sc/polity-territories/,603,"During the period from <time-start> to <time-end>, how far were satellite villages from regional centers in the polity of '<polity>'?"
https://seshat-db.com/api/sc/polity-territories/,604,"During the period from <time-start> to <time-end>, was the concept of 'Japan' as a unified country, as opposed to a collection of independent polities, present or absent in the political consciousness of '<polity>'?"
https://seshat-db.com/api/sc/polity-territories/,605,"During the period from <time-start> to <time-end>, was the territory of '<polity>' present or absent as a military technology in the warfare practices of '<polity>'?"
https://seshat-db.com/api/sc/polity-territories/,606,"During the period from <time-start> to <time-end>, was the territory of '<polity>' present or absent as a military technology in the warfare practices of '<polity>'?"
https://seshat-db.com/api/sc/polity-territories/,607,"During the period from <time-start> to <time-end>, was the territory of '<polity>' present or absent as a military technology in the warfare practices of '<polity>'?"
