2026-06-30 08:53:32,986 [INFO] Starting question generation for sc/histories.
2026-06-30 08:53:32,986 [INFO] 

Generating questions for dataset at endpoint: histories
2026-06-30 08:53:32,988 [INFO] ... (more hidden) ...
2026-06-30 08:53:32,990 [WARNING] Warning: No endpoint provided for question type remapping.
2026-06-30 08:53:32,990 [WARNING] Skipping QuestionType.RANGE due to filter settings.
2026-06-30 08:53:32,990 [WARNING] Warning: No endpoint provided for question type remapping.
2026-06-30 08:53:32,990 [WARNING] Skipping QuestionType.RANGE due to filter settings.
2026-06-30 08:53:32,991 [WARNING] Warning: No endpoint provided for question type remapping.
2026-06-30 08:53:32,991 [WARNING] Skipping QuestionType.RANGE due to filter settings.
2026-06-30 08:53:32,991 [WARNING] Warning: No endpoint provided for question type remapping.
2026-06-30 08:53:32,991 [WARNING] Skipping QuestionType.RANGE due to filter settings.
2026-06-30 08:53:32,991 [WARNING] Warning: No endpoint provided for question type remapping.
2026-06-30 08:53:32,992 [WARNING] Skipping QuestionType.RANGE due to filter settings.
2026-06-30 08:53:32,992 [WARNING] Warning: No endpoint provided for question type remapping.
2026-06-30 08:53:32,992 [WARNING] Skipping QuestionType.RANGE due to filter settings.
2026-06-30 08:53:32,992 [WARNING] Warning: No endpoint provided for question type remapping.
2026-06-30 08:53:32,993 [WARNING] Skipping QuestionType.RANGE due to filter settings.
2026-06-30 08:53:32,993 [WARNING] Warning: No endpoint provided for question type remapping.
2026-06-30 08:53:32,993 [WARNING] Skipping QuestionType.RANGE due to filter settings.
2026-06-30 08:53:32,994 [WARNING] Warning: No endpoint provided for question type remapping.
2026-06-30 08:53:32,994 [WARNING] Skipping QuestionType.RANGE due to filter settings.
2026-06-30 08:53:32,995 [WARNING] Warning: No endpoint provided for question type remapping.
2026-06-30 08:53:32,996 [WARNING] Skipping QuestionType.RANGE due to filter settings.
2026-06-30 08:53:32,996 [WARNING] Warning: No endpoint provided for question type remapping.
2026-06-30 08:53:32,997 [WARNING] Skipping QuestionType.RANGE due to filter settings.
2026-06-30 08:53:32,997 [WARNING] Warning: No endpoint provided for question type remapping.
2026-06-30 08:53:32,997 [WARNING] Skipping QuestionType.RANGE due to filter settings.
2026-06-30 08:53:32,998 [WARNING] Warning: No endpoint provided for question type remapping.
2026-06-30 08:53:32,998 [WARNING] Skipping QuestionType.RANGE due to filter settings.
2026-06-30 08:53:32,998 [WARNING] Warning: No endpoint provided for question type remapping.
2026-06-30 08:53:32,998 [WARNING] Skipping QuestionType.RANGE due to filter settings.
2026-06-30 08:53:32,999 [WARNING] Warning: No endpoint provided for question type remapping.
2026-06-30 08:53:32,999 [WARNING] Skipping QuestionType.RANGE due to filter settings.
2026-06-30 08:53:32,999 [WARNING] Warning: No endpoint provided for question type remapping.
2026-06-30 08:53:33,000 [WARNING] Skipping QuestionType.RANGE due to filter settings.
2026-06-30 08:53:33,000 [WARNING] Warning: No endpoint provided for question type remapping.
2026-06-30 08:53:33,000 [WARNING] Skipping QuestionType.RANGE due to filter settings.
2026-06-30 08:53:33,000 [WARNING] Warning: No endpoint provided for question type remapping.
2026-06-30 08:53:33,001 [WARNING] Skipping QuestionType.RANGE due to filter settings.
2026-06-30 08:53:33,001 [WARNING] Warning: No endpoint provided for question type remapping.
2026-06-30 08:53:33,001 [WARNING] Skipping QuestionType.RANGE due to filter settings.
2026-06-30 08:53:33,002 [WARNING] Warning: No endpoint provided for question type remapping.
2026-06-30 08:53:33,002 [WARNING] Skipping QuestionType.RANGE due to filter settings.
2026-06-30 08:53:33,002 [WARNING] Warning: No endpoint provided for question type remapping.
2026-06-30 08:53:33,003 [WARNING] Skipping QuestionType.RANGE due to filter settings.
2026-06-30 08:53:33,003 [WARNING] Warning: No endpoint provided for question type remapping.
2026-06-30 08:53:33,003 [WARNING] Skipping QuestionType.RANGE due to filter settings.
2026-06-30 08:53:33,003 [WARNING] Warning: No endpoint provided for question type remapping.
2026-06-30 08:53:33,005 [WARNING] Skipping QuestionType.RANGE due to filter settings.
2026-06-30 08:53:33,005 [WARNING] Warning: No endpoint provided for question type remapping.
2026-06-30 08:53:33,006 [WARNING] Skipping QuestionType.RANGE due to filter settings.
2026-06-30 08:53:33,007 [WARNING] Warning: No endpoint provided for question type remapping.
2026-06-30 08:53:33,007 [WARNING] Skipping QuestionType.RANGE due to filter settings.
2026-06-30 08:53:33,007 [WARNING] Warning: No endpoint provided for question type remapping.
2026-06-30 08:53:33,007 [WARNING] Skipping QuestionType.RANGE due to filter settings.
2026-06-30 08:53:33,008 [WARNING] Warning: No endpoint provided for question type remapping.
2026-06-30 08:53:33,008 [WARNING] Skipping QuestionType.RANGE due to filter settings.
2026-06-30 08:53:33,009 [WARNING] Warning: No endpoint provided for question type remapping.
2026-06-30 08:53:33,009 [WARNING] Skipping QuestionType.RANGE due to filter settings.
2026-06-30 08:53:33,010 [WARNING] Warning: No endpoint provided for question type remapping.
2026-06-30 08:53:33,011 [WARNING] Skipping QuestionType.RANGE due to filter settings.
2026-06-30 08:53:33,012 [WARNING] Warning: No endpoint provided for question type remapping.
2026-06-30 08:53:33,012 [WARNING] Skipping QuestionType.RANGE due to filter settings.
2026-06-30 08:53:33,013 [WARNING] Warning: No endpoint provided for question type remapping.
2026-06-30 08:53:33,013 [WARNING] Skipping QuestionType.RANGE due to filter settings.
2026-06-30 08:53:33,015 [WARNING] Warning: No endpoint provided for question type remapping.
2026-06-30 08:53:33,015 [WARNING] Skipping QuestionType.RANGE due to filter settings.
2026-06-30 08:53:33,016 [WARNING] Warning: No endpoint provided for question type remapping.
2026-06-30 08:53:33,016 [WARNING] Skipping QuestionType.RANGE due to filter settings.
2026-06-30 08:53:33,016 [WARNING] Warning: No endpoint provided for question type remapping.
2026-06-30 08:53:33,017 [WARNING] Skipping QuestionType.RANGE due to filter settings.
2026-06-30 08:53:33,017 [WARNING] Warning: No endpoint provided for question type remapping.
2026-06-30 08:53:33,018 [WARNING] Skipping QuestionType.RANGE due to filter settings.
2026-06-30 08:53:33,018 [WARNING] Warning: No endpoint provided for question type remapping.
2026-06-30 08:53:33,018 [WARNING] Skipping QuestionType.RANGE due to filter settings.
2026-06-30 08:53:33,020 [WARNING] Warning: No endpoint provided for question type remapping.
2026-06-30 08:53:33,020 [WARNING] Skipping QuestionType.RANGE due to filter settings.
2026-06-30 08:53:33,020 [WARNING] Warning: No endpoint provided for question type remapping.
2026-06-30 08:53:33,021 [WARNING] Skipping QuestionType.RANGE due to filter settings.
2026-06-30 08:53:33,022 [WARNING] Warning: No endpoint provided for question type remapping.
2026-06-30 08:53:33,022 [WARNING] Skipping QuestionType.RANGE due to filter settings.
2026-06-30 08:53:33,022 [WARNING] Warning: No endpoint provided for question type remapping.
2026-06-30 08:53:33,023 [WARNING] Skipping QuestionType.RANGE due to filter settings.
2026-06-30 08:53:33,025 [WARNING] Warning: No endpoint provided for question type remapping.
2026-06-30 08:53:33,026 [WARNING] Skipping QuestionType.RANGE due to filter settings.
2026-06-30 08:53:33,027 [WARNING] Warning: No endpoint provided for question type remapping.
2026-06-30 08:53:33,027 [WARNING] Skipping QuestionType.RANGE due to filter settings.
2026-06-30 08:53:33,027 [WARNING] Warning: No endpoint provided for question type remapping.
2026-06-30 08:53:33,028 [WARNING] Skipping QuestionType.RANGE due to filter settings.
2026-06-30 08:53:33,029 [WARNING] Warning: No endpoint provided for question type remapping.
2026-06-30 08:53:33,029 [WARNING] Skipping QuestionType.RANGE due to filter settings.
2026-06-30 08:53:33,029 [WARNING] Warning: No endpoint provided for question type remapping.
2026-06-30 08:53:33,029 [WARNING] Skipping QuestionType.RANGE due to filter settings.
2026-06-30 08:53:33,029 [WARNING] Warning: No endpoint provided for question type remapping.
2026-06-30 08:53:33,030 [WARNING] Skipping QuestionType.RANGE due to filter settings.
2026-06-30 08:53:33,030 [WARNING] Warning: No endpoint provided for question type remapping.
2026-06-30 08:53:33,030 [WARNING] Skipping QuestionType.RANGE due to filter settings.
2026-06-30 08:53:33,030 [WARNING] Warning: No endpoint provided for question type remapping.
2026-06-30 08:53:33,031 [WARNING] Skipping QuestionType.RANGE due to filter settings.
2026-06-30 08:53:33,031 [WARNING] Warning: No endpoint provided for question type remapping.
2026-06-30 08:53:33,031 [WARNING] Skipping QuestionType.RANGE due to filter settings.
2026-06-30 08:53:33,031 [WARNING] Warning: No endpoint provided for question type remapping.
2026-06-30 08:53:33,032 [WARNING] Skipping QuestionType.RANGE due to filter settings.
2026-06-30 08:53:33,032 [WARNING] Warning: No endpoint provided for question type remapping.
2026-06-30 08:53:33,035 [WARNING] Skipping QuestionType.RANGE due to filter settings.
2026-06-30 08:53:33,035 [WARNING] Warning: No endpoint provided for question type remapping.
2026-06-30 08:53:33,035 [WARNING] Skipping QuestionType.RANGE due to filter settings.
2026-06-30 08:53:33,036 [WARNING] Warning: No endpoint provided for question type remapping.
2026-06-30 08:53:33,036 [WARNING] Skipping QuestionType.RANGE due to filter settings.
2026-06-30 08:53:33,036 [WARNING] Warning: No endpoint provided for question type remapping.
2026-06-30 08:53:33,036 [WARNING] Skipping QuestionType.RANGE due to filter settings.
2026-06-30 08:53:33,036 [WARNING] Warning: No endpoint provided for question type remapping.
2026-06-30 08:53:33,036 [WARNING] Skipping QuestionType.RANGE due to filter settings.
2026-06-30 08:53:33,037 [WARNING] Warning: No endpoint provided for question type remapping.
2026-06-30 08:53:33,037 [WARNING] Skipping QuestionType.RANGE due to filter settings.
2026-06-30 08:53:33,037 [WARNING] Warning: No endpoint provided for question type remapping.
2026-06-30 08:53:33,037 [WARNING] Skipping QuestionType.RANGE due to filter settings.
2026-06-30 08:53:33,037 [WARNING] Warning: No endpoint provided for question type remapping.
2026-06-30 08:53:33,037 [WARNING] Skipping QuestionType.RANGE due to filter settings.
2026-06-30 08:53:33,037 [WARNING] Warning: No endpoint provided for question type remapping.
2026-06-30 08:53:33,037 [WARNING] Skipping QuestionType.RANGE due to filter settings.
2026-06-30 08:53:33,037 [WARNING] Warning: No endpoint provided for question type remapping.
2026-06-30 08:53:33,039 [WARNING] Skipping QuestionType.RANGE due to filter settings.
2026-06-30 08:53:33,039 [WARNING] Warning: No endpoint provided for question type remapping.
2026-06-30 08:53:33,039 [WARNING] Skipping QuestionType.RANGE due to filter settings.
2026-06-30 08:53:33,040 [WARNING] Warning: No endpoint provided for question type remapping.
2026-06-30 08:53:33,041 [WARNING] Skipping QuestionType.RANGE due to filter settings.
2026-06-30 08:53:33,041 [WARNING] Warning: No endpoint provided for question type remapping.
2026-06-30 08:53:33,041 [WARNING] Skipping QuestionType.RANGE due to filter settings.
2026-06-30 08:53:33,041 [WARNING] Warning: No endpoint provided for question type remapping.
2026-06-30 08:53:33,041 [WARNING] Skipping QuestionType.RANGE due to filter settings.
2026-06-30 08:53:33,041 [WARNING] Warning: No endpoint provided for question type remapping.
2026-06-30 08:53:33,041 [WARNING] Skipping QuestionType.RANGE due to filter settings.
2026-06-30 08:53:33,041 [WARNING] Warning: No endpoint provided for question type remapping.
2026-06-30 08:53:33,041 [WARNING] Skipping QuestionType.RANGE due to filter settings.
2026-06-30 08:53:33,042 [WARNING] Warning: No endpoint provided for question type remapping.
2026-06-30 08:53:33,042 [WARNING] Skipping QuestionType.RANGE due to filter settings.
2026-06-30 08:53:33,044 [WARNING] Warning: No endpoint provided for question type remapping.
2026-06-30 08:53:33,045 [WARNING] Skipping QuestionType.RANGE due to filter settings.
2026-06-30 08:53:33,045 [WARNING] Warning: No endpoint provided for question type remapping.
2026-06-30 08:53:33,045 [WARNING] Skipping QuestionType.RANGE due to filter settings.
2026-06-30 08:53:33,046 [WARNING] Warning: No endpoint provided for question type remapping.
2026-06-30 08:53:33,046 [WARNING] Skipping QuestionType.RANGE due to filter settings.
2026-06-30 08:53:33,046 [WARNING] Warning: No endpoint provided for question type remapping.
2026-06-30 08:53:33,047 [WARNING] Skipping QuestionType.RANGE due to filter settings.
2026-06-30 08:53:33,048 [WARNING] Warning: No endpoint provided for question type remapping.
2026-06-30 08:53:33,048 [WARNING] Skipping QuestionType.RANGE due to filter settings.
2026-06-30 08:53:33,050 [WARNING] Warning: No endpoint provided for question type remapping.
2026-06-30 08:53:33,050 [WARNING] Skipping QuestionType.RANGE due to filter settings.
2026-06-30 08:53:33,051 [WARNING] Warning: No endpoint provided for question type remapping.
2026-06-30 08:53:33,051 [WARNING] Skipping QuestionType.RANGE due to filter settings.
2026-06-30 08:53:33,051 [WARNING] Warning: No endpoint provided for question type remapping.
2026-06-30 08:53:33,052 [WARNING] Skipping QuestionType.RANGE due to filter settings.
2026-06-30 08:53:33,052 [WARNING] Warning: No endpoint provided for question type remapping.
2026-06-30 08:53:33,053 [WARNING] Skipping QuestionType.RANGE due to filter settings.
2026-06-30 08:53:33,053 [WARNING] Warning: No endpoint provided for question type remapping.
2026-06-30 08:53:33,053 [WARNING] Skipping QuestionType.RANGE due to filter settings.
2026-06-30 08:53:33,053 [WARNING] Warning: No endpoint provided for question type remapping.
2026-06-30 08:53:33,053 [WARNING] Skipping QuestionType.RANGE due to filter settings.
2026-06-30 08:53:33,053 [WARNING] Warning: No endpoint provided for question type remapping.
2026-06-30 08:53:33,053 [WARNING] Skipping QuestionType.RANGE due to filter settings.
2026-06-30 08:53:33,053 [WARNING] Warning: No endpoint provided for question type remapping.
2026-06-30 08:53:33,054 [WARNING] Skipping QuestionType.RANGE due to filter settings.
2026-06-30 08:53:33,054 [WARNING] Warning: No endpoint provided for question type remapping.
2026-06-30 08:53:33,054 [WARNING] Skipping QuestionType.RANGE due to filter settings.
2026-06-30 08:53:33,055 [WARNING] Warning: No endpoint provided for question type remapping.
2026-06-30 08:53:33,056 [WARNING] Skipping QuestionType.RANGE due to filter settings.
2026-06-30 08:53:33,056 [WARNING] Warning: No endpoint provided for question type remapping.
2026-06-30 08:53:33,056 [WARNING] Skipping QuestionType.RANGE due to filter settings.
2026-06-30 08:53:33,057 [WARNING] Warning: No endpoint provided for question type remapping.
2026-06-30 08:53:33,057 [WARNING] Skipping QuestionType.RANGE due to filter settings.
2026-06-30 08:53:33,057 [WARNING] Warning: No endpoint provided for question type remapping.
2026-06-30 08:53:33,058 [WARNING] Skipping QuestionType.RANGE due to filter settings.
2026-06-30 08:53:33,058 [WARNING] Warning: No endpoint provided for question type remapping.
2026-06-30 08:53:33,058 [WARNING] Skipping QuestionType.RANGE due to filter settings.
2026-06-30 08:53:33,059 [WARNING] Warning: No endpoint provided for question type remapping.
2026-06-30 08:53:33,060 [WARNING] Skipping QuestionType.RANGE due to filter settings.
2026-06-30 08:53:33,060 [WARNING] Warning: No endpoint provided for question type remapping.
2026-06-30 08:53:33,060 [WARNING] Skipping QuestionType.RANGE due to filter settings.
2026-06-30 08:53:33,060 [WARNING] Warning: No endpoint provided for question type remapping.
2026-06-30 08:53:33,060 [WARNING] Skipping QuestionType.RANGE due to filter settings.
2026-06-30 08:53:33,060 [WARNING] Warning: No endpoint provided for question type remapping.
2026-06-30 08:53:33,060 [WARNING] Skipping QuestionType.RANGE due to filter settings.
2026-06-30 08:53:33,060 [WARNING] Warning: No endpoint provided for question type remapping.
2026-06-30 08:53:33,061 [WARNING] Skipping QuestionType.RANGE due to filter settings.
2026-06-30 08:53:33,061 [WARNING] Warning: No endpoint provided for question type remapping.
2026-06-30 08:53:33,062 [WARNING] Skipping QuestionType.RANGE due to filter settings.
2026-06-30 08:53:33,062 [WARNING] Warning: No endpoint provided for question type remapping.
2026-06-30 08:53:33,062 [WARNING] Skipping QuestionType.RANGE due to filter settings.
2026-06-30 08:53:33,062 [WARNING] Warning: No endpoint provided for question type remapping.
2026-06-30 08:53:33,062 [WARNING] Skipping QuestionType.RANGE due to filter settings.
2026-06-30 08:53:33,062 [WARNING] Warning: No endpoint provided for question type remapping.
2026-06-30 08:53:33,062 [WARNING] Skipping QuestionType.RANGE due to filter settings.
2026-06-30 08:53:33,062 [WARNING] Warning: No endpoint provided for question type remapping.
2026-06-30 08:53:33,062 [WARNING] Skipping QuestionType.RANGE due to filter settings.
2026-06-30 08:53:33,062 [WARNING] Warning: No endpoint provided for question type remapping.
2026-06-30 08:53:33,062 [WARNING] Skipping QuestionType.RANGE due to filter settings.
2026-06-30 08:53:33,062 [WARNING] Warning: No endpoint provided for question type remapping.
2026-06-30 08:53:33,062 [WARNING] Skipping QuestionType.RANGE due to filter settings.
2026-06-30 08:53:33,062 [WARNING] Warning: No endpoint provided for question type remapping.
2026-06-30 08:53:33,063 [WARNING] Skipping QuestionType.RANGE due to filter settings.
2026-06-30 08:53:33,063 [WARNING] Warning: No endpoint provided for question type remapping.
2026-06-30 08:53:33,063 [WARNING] Skipping QuestionType.RANGE due to filter settings.
2026-06-30 08:53:33,063 [WARNING] Warning: No endpoint provided for question type remapping.
2026-06-30 08:53:33,063 [WARNING] Skipping QuestionType.RANGE due to filter settings.
2026-06-30 08:53:33,063 [WARNING] Warning: No endpoint provided for question type remapping.
2026-06-30 08:53:33,063 [WARNING] Skipping QuestionType.RANGE due to filter settings.
2026-06-30 08:53:33,063 [WARNING] Warning: No endpoint provided for question type remapping.
2026-06-30 08:53:33,063 [WARNING] Skipping QuestionType.RANGE due to filter settings.
2026-06-30 08:53:33,063 [WARNING] Warning: No endpoint provided for question type remapping.
2026-06-30 08:53:33,063 [WARNING] Skipping QuestionType.RANGE due to filter settings.
2026-06-30 08:53:33,063 [WARNING] Warning: No endpoint provided for question type remapping.
2026-06-30 08:53:33,063 [WARNING] Skipping QuestionType.RANGE due to filter settings.
2026-06-30 08:53:33,063 [WARNING] Warning: No endpoint provided for question type remapping.
2026-06-30 08:53:33,063 [WARNING] Skipping QuestionType.RANGE due to filter settings.
2026-06-30 08:53:33,063 [WARNING] Warning: No endpoint provided for question type remapping.
2026-06-30 08:53:33,063 [WARNING] Skipping QuestionType.RANGE due to filter settings.
2026-06-30 08:53:33,063 [WARNING] Warning: No endpoint provided for question type remapping.
2026-06-30 08:53:33,063 [WARNING] Skipping QuestionType.RANGE due to filter settings.
2026-06-30 08:53:33,063 [WARNING] Warning: No endpoint provided for question type remapping.
2026-06-30 08:53:33,063 [WARNING] Skipping QuestionType.RANGE due to filter settings.
2026-06-30 08:53:33,063 [WARNING] Warning: No endpoint provided for question type remapping.
2026-06-30 08:53:33,063 [WARNING] Skipping QuestionType.RANGE due to filter settings.
2026-06-30 08:53:33,063 [WARNING] Warning: No endpoint provided for question type remapping.
2026-06-30 08:53:33,063 [WARNING] Skipping QuestionType.RANGE due to filter settings.
2026-06-30 08:53:33,063 [WARNING] Warning: No endpoint provided for question type remapping.
2026-06-30 08:53:33,063 [WARNING] Skipping QuestionType.RANGE due to filter settings.
2026-06-30 08:53:33,063 [WARNING] Warning: No endpoint provided for question type remapping.
2026-06-30 08:53:33,063 [WARNING] Skipping QuestionType.RANGE due to filter settings.
2026-06-30 08:53:33,063 [WARNING] Warning: No endpoint provided for question type remapping.
2026-06-30 08:53:33,063 [WARNING] Skipping QuestionType.RANGE due to filter settings.
2026-06-30 08:53:33,064 [WARNING] Warning: No endpoint provided for question type remapping.
2026-06-30 08:53:33,065 [WARNING] Skipping QuestionType.RANGE due to filter settings.
2026-06-30 08:53:33,065 [WARNING] Warning: No endpoint provided for question type remapping.
2026-06-30 08:53:33,065 [WARNING] Skipping QuestionType.RANGE due to filter settings.
2026-06-30 08:53:33,066 [WARNING] Warning: No endpoint provided for question type remapping.
2026-06-30 08:53:33,066 [WARNING] Skipping QuestionType.RANGE due to filter settings.
2026-06-30 08:53:33,066 [WARNING] Warning: No endpoint provided for question type remapping.
2026-06-30 08:53:33,066 [WARNING] Skipping QuestionType.RANGE due to filter settings.
2026-06-30 08:53:33,066 [WARNING] Warning: No endpoint provided for question type remapping.
2026-06-30 08:53:33,067 [WARNING] Skipping QuestionType.RANGE due to filter settings.
2026-06-30 08:53:33,067 [WARNING] Warning: No endpoint provided for question type remapping.
2026-06-30 08:53:33,067 [WARNING] Skipping QuestionType.RANGE due to filter settings.
2026-06-30 08:53:33,068 [WARNING] Warning: No endpoint provided for question type remapping.
2026-06-30 08:53:33,068 [WARNING] Skipping QuestionType.RANGE due to filter settings.
2026-06-30 08:53:33,068 [WARNING] Warning: No endpoint provided for question type remapping.
2026-06-30 08:53:33,069 [WARNING] Skipping QuestionType.RANGE due to filter settings.
2026-06-30 08:53:33,069 [WARNING] Warning: No endpoint provided for question type remapping.
2026-06-30 08:53:33,070 [WARNING] Skipping QuestionType.RANGE due to filter settings.
2026-06-30 08:53:33,070 [WARNING] Warning: No endpoint provided for question type remapping.
2026-06-30 08:53:33,070 [WARNING] Skipping QuestionType.RANGE due to filter settings.
2026-06-30 08:53:33,070 [WARNING] Warning: No endpoint provided for question type remapping.
2026-06-30 08:53:33,070 [WARNING] Skipping QuestionType.RANGE due to filter settings.
2026-06-30 08:53:33,070 [WARNING] Warning: No endpoint provided for question type remapping.
2026-06-30 08:53:33,070 [WARNING] Skipping QuestionType.RANGE due to filter settings.
2026-06-30 08:53:33,070 [WARNING] Warning: No endpoint provided for question type remapping.
2026-06-30 08:53:33,070 [WARNING] Skipping QuestionType.RANGE due to filter settings.
2026-06-30 08:53:33,071 [WARNING] Warning: No endpoint provided for question type remapping.
2026-06-30 08:53:33,071 [WARNING] Skipping QuestionType.RANGE due to filter settings.
2026-06-30 08:53:33,071 [WARNING] Warning: No endpoint provided for question type remapping.
2026-06-30 08:53:33,071 [WARNING] Skipping QuestionType.RANGE due to filter settings.
2026-06-30 08:53:33,071 [WARNING] Warning: No endpoint provided for question type remapping.
2026-06-30 08:53:33,071 [WARNING] Skipping QuestionType.RANGE due to filter settings.
2026-06-30 08:53:33,071 [WARNING] Warning: No endpoint provided for question type remapping.
2026-06-30 08:53:33,073 [WARNING] Skipping QuestionType.RANGE due to filter settings.
2026-06-30 08:53:33,073 [WARNING] Warning: No endpoint provided for question type remapping.
2026-06-30 08:53:33,073 [WARNING] Skipping QuestionType.RANGE due to filter settings.
2026-06-30 08:53:33,073 [WARNING] Warning: No endpoint provided for question type remapping.
2026-06-30 08:53:33,073 [WARNING] Skipping QuestionType.RANGE due to filter settings.
2026-06-30 08:53:33,073 [WARNING] Warning: No endpoint provided for question type remapping.
2026-06-30 08:53:33,073 [WARNING] Skipping QuestionType.RANGE due to filter settings.
2026-06-30 08:53:33,074 [WARNING] Warning: No endpoint provided for question type remapping.
2026-06-30 08:53:33,074 [WARNING] Skipping QuestionType.RANGE due to filter settings.
2026-06-30 08:53:33,075 [WARNING] Warning: No endpoint provided for question type remapping.
2026-06-30 08:53:33,077 [WARNING] Skipping QuestionType.RANGE due to filter settings.
2026-06-30 08:53:33,077 [WARNING] Warning: No endpoint provided for question type remapping.
2026-06-30 08:53:33,078 [WARNING] Skipping QuestionType.RANGE due to filter settings.
2026-06-30 08:53:33,078 [WARNING] Warning: No endpoint provided for question type remapping.
2026-06-30 08:53:33,078 [WARNING] Skipping QuestionType.RANGE due to filter settings.
2026-06-30 08:53:33,079 [WARNING] Warning: No endpoint provided for question type remapping.
2026-06-30 08:53:33,079 [WARNING] Skipping QuestionType.RANGE due to filter settings.
2026-06-30 08:53:33,079 [WARNING] Warning: No endpoint provided for question type remapping.
2026-06-30 08:53:33,079 [WARNING] Skipping QuestionType.RANGE due to filter settings.
2026-06-30 08:53:33,079 [WARNING] Warning: No endpoint provided for question type remapping.
2026-06-30 08:53:33,080 [WARNING] Skipping QuestionType.RANGE due to filter settings.
2026-06-30 08:53:33,080 [WARNING] Warning: No endpoint provided for question type remapping.
2026-06-30 08:53:33,080 [WARNING] Skipping QuestionType.RANGE due to filter settings.
2026-06-30 08:53:33,080 [WARNING] Warning: No endpoint provided for question type remapping.
2026-06-30 08:53:33,082 [WARNING] Skipping QuestionType.RANGE due to filter settings.
2026-06-30 08:53:33,082 [WARNING] Warning: No endpoint provided for question type remapping.
2026-06-30 08:53:33,082 [WARNING] Skipping QuestionType.RANGE due to filter settings.
2026-06-30 08:53:33,082 [WARNING] Warning: No endpoint provided for question type remapping.
2026-06-30 08:53:33,083 [WARNING] Skipping QuestionType.RANGE due to filter settings.
2026-06-30 08:53:33,083 [WARNING] Warning: No endpoint provided for question type remapping.
2026-06-30 08:53:33,083 [WARNING] Skipping QuestionType.RANGE due to filter settings.
2026-06-30 08:53:33,083 [WARNING] Warning: No endpoint provided for question type remapping.
2026-06-30 08:53:33,084 [WARNING] Skipping QuestionType.RANGE due to filter settings.
2026-06-30 08:53:33,084 [WARNING] Warning: No endpoint provided for question type remapping.
2026-06-30 08:53:33,084 [WARNING] Skipping QuestionType.RANGE due to filter settings.
2026-06-30 08:53:33,085 [WARNING] Warning: No endpoint provided for question type remapping.
2026-06-30 08:53:33,085 [WARNING] Skipping QuestionType.RANGE due to filter settings.
2026-06-30 08:53:33,085 [WARNING] Warning: No endpoint provided for question type remapping.
2026-06-30 08:53:33,085 [WARNING] Skipping QuestionType.RANGE due to filter settings.
2026-06-30 08:53:33,085 [WARNING] Warning: No endpoint provided for question type remapping.
2026-06-30 08:53:33,085 [WARNING] Skipping QuestionType.RANGE due to filter settings.
2026-06-30 08:53:33,085 [WARNING] Warning: No endpoint provided for question type remapping.
2026-06-30 08:53:33,087 [WARNING] Skipping QuestionType.RANGE due to filter settings.
2026-06-30 08:53:33,088 [WARNING] Warning: No endpoint provided for question type remapping.
2026-06-30 08:53:33,088 [WARNING] Skipping QuestionType.RANGE due to filter settings.
2026-06-30 08:53:33,088 [WARNING] Warning: No endpoint provided for question type remapping.
2026-06-30 08:53:33,088 [WARNING] Skipping QuestionType.RANGE due to filter settings.
2026-06-30 08:53:33,090 [WARNING] Warning: No endpoint provided for question type remapping.
2026-06-30 08:53:33,090 [WARNING] Skipping QuestionType.RANGE due to filter settings.
2026-06-30 08:53:33,091 [WARNING] Warning: No endpoint provided for question type remapping.
2026-06-30 08:53:33,091 [WARNING] Skipping QuestionType.RANGE due to filter settings.
2026-06-30 08:53:33,091 [WARNING] Warning: No endpoint provided for question type remapping.
2026-06-30 08:53:33,091 [WARNING] Skipping QuestionType.RANGE due to filter settings.
2026-06-30 08:53:33,091 [WARNING] Warning: No endpoint provided for question type remapping.
2026-06-30 08:53:33,091 [WARNING] Skipping QuestionType.RANGE due to filter settings.
2026-06-30 08:53:33,092 [WARNING] Warning: No endpoint provided for question type remapping.
2026-06-30 08:53:33,092 [WARNING] Skipping QuestionType.RANGE due to filter settings.
2026-06-30 08:53:33,093 [WARNING] Warning: No endpoint provided for question type remapping.
2026-06-30 08:53:33,093 [WARNING] Skipping QuestionType.RANGE due to filter settings.
2026-06-30 08:53:33,093 [WARNING] Warning: No endpoint provided for question type remapping.
2026-06-30 08:53:33,093 [WARNING] Skipping QuestionType.RANGE due to filter settings.
2026-06-30 08:53:33,093 [WARNING] Warning: No endpoint provided for question type remapping.
2026-06-30 08:53:33,093 [WARNING] Skipping QuestionType.RANGE due to filter settings.
2026-06-30 08:53:33,093 [WARNING] Warning: No endpoint provided for question type remapping.
2026-06-30 08:53:33,093 [WARNING] Skipping QuestionType.RANGE due to filter settings.
2026-06-30 08:53:33,093 [WARNING] Warning: No endpoint provided for question type remapping.
2026-06-30 08:53:33,093 [WARNING] Skipping QuestionType.RANGE due to filter settings.
2026-06-30 08:53:33,093 [WARNING] Warning: No endpoint provided for question type remapping.
2026-06-30 08:53:33,093 [WARNING] Skipping QuestionType.RANGE due to filter settings.
2026-06-30 08:53:33,093 [WARNING] Warning: No endpoint provided for question type remapping.
2026-06-30 08:53:33,093 [WARNING] Skipping QuestionType.RANGE due to filter settings.
2026-06-30 08:53:33,093 [WARNING] Warning: No endpoint provided for question type remapping.
2026-06-30 08:53:33,093 [WARNING] Skipping QuestionType.RANGE due to filter settings.
2026-06-30 08:53:33,093 [WARNING] Warning: No endpoint provided for question type remapping.
2026-06-30 08:53:33,094 [WARNING] Skipping QuestionType.RANGE due to filter settings.
2026-06-30 08:53:33,094 [WARNING] Warning: No endpoint provided for question type remapping.
2026-06-30 08:53:33,094 [WARNING] Skipping QuestionType.RANGE due to filter settings.
2026-06-30 08:53:33,094 [WARNING] Warning: No endpoint provided for question type remapping.
2026-06-30 08:53:33,094 [WARNING] Skipping QuestionType.RANGE due to filter settings.
2026-06-30 08:53:33,094 [WARNING] Warning: No endpoint provided for question type remapping.
2026-06-30 08:53:33,094 [WARNING] Skipping QuestionType.RANGE due to filter settings.
2026-06-30 08:53:33,094 [WARNING] Warning: No endpoint provided for question type remapping.
2026-06-30 08:53:33,094 [WARNING] Skipping QuestionType.RANGE due to filter settings.
2026-06-30 08:53:33,094 [WARNING] Warning: No endpoint provided for question type remapping.
2026-06-30 08:53:33,094 [WARNING] Skipping QuestionType.RANGE due to filter settings.
2026-06-30 08:53:33,094 [WARNING] Warning: No endpoint provided for question type remapping.
2026-06-30 08:53:33,095 [WARNING] Skipping QuestionType.RANGE due to filter settings.
2026-06-30 08:53:33,095 [WARNING] Warning: No endpoint provided for question type remapping.
2026-06-30 08:53:33,095 [WARNING] Skipping QuestionType.RANGE due to filter settings.
2026-06-30 08:53:33,095 [WARNING] Warning: No endpoint provided for question type remapping.
2026-06-30 08:53:33,097 [WARNING] Skipping QuestionType.RANGE due to filter settings.
2026-06-30 08:53:33,097 [WARNING] Warning: No endpoint provided for question type remapping.
2026-06-30 08:53:33,097 [WARNING] Skipping QuestionType.RANGE due to filter settings.
2026-06-30 08:53:33,098 [WARNING] Warning: No endpoint provided for question type remapping.
2026-06-30 08:53:33,098 [WARNING] Skipping QuestionType.RANGE due to filter settings.
2026-06-30 08:53:33,098 [WARNING] Warning: No endpoint provided for question type remapping.
2026-06-30 08:53:33,098 [WARNING] Skipping QuestionType.RANGE due to filter settings.
2026-06-30 08:53:33,098 [WARNING] Warning: No endpoint provided for question type remapping.
2026-06-30 08:53:33,098 [WARNING] Skipping QuestionType.RANGE due to filter settings.
2026-06-30 08:53:33,098 [WARNING] Warning: No endpoint provided for question type remapping.
2026-06-30 08:53:33,098 [WARNING] Skipping QuestionType.RANGE due to filter settings.
2026-06-30 08:53:33,098 [WARNING] Warning: No endpoint provided for question type remapping.
2026-06-30 08:53:33,098 [WARNING] Skipping QuestionType.RANGE due to filter settings.
2026-06-30 08:53:33,098 [WARNING] Warning: No endpoint provided for question type remapping.
2026-06-30 08:53:33,098 [WARNING] Skipping QuestionType.RANGE due to filter settings.
2026-06-30 08:53:33,098 [WARNING] Warning: No endpoint provided for question type remapping.
2026-06-30 08:53:33,098 [WARNING] Skipping QuestionType.RANGE due to filter settings.
2026-06-30 08:53:33,098 [WARNING] Warning: No endpoint provided for question type remapping.
2026-06-30 08:53:33,099 [WARNING] Skipping QuestionType.RANGE due to filter settings.
2026-06-30 08:53:33,099 [WARNING] Warning: No endpoint provided for question type remapping.
2026-06-30 08:53:33,099 [WARNING] Skipping QuestionType.RANGE due to filter settings.
2026-06-30 08:53:33,099 [WARNING] Warning: No endpoint provided for question type remapping.
2026-06-30 08:53:33,099 [WARNING] Skipping QuestionType.RANGE due to filter settings.
2026-06-30 08:53:33,099 [WARNING] Warning: No endpoint provided for question type remapping.
2026-06-30 08:53:33,099 [WARNING] Skipping QuestionType.RANGE due to filter settings.
2026-06-30 08:53:33,099 [WARNING] Warning: No endpoint provided for question type remapping.
2026-06-30 08:53:33,099 [WARNING] Skipping QuestionType.RANGE due to filter settings.
2026-06-30 08:53:33,099 [WARNING] Warning: No endpoint provided for question type remapping.
2026-06-30 08:53:33,099 [WARNING] Skipping QuestionType.RANGE due to filter settings.
2026-06-30 08:53:33,099 [WARNING] Warning: No endpoint provided for question type remapping.
2026-06-30 08:53:33,100 [WARNING] Skipping QuestionType.RANGE due to filter settings.
2026-06-30 08:53:33,100 [WARNING] Warning: No endpoint provided for question type remapping.
2026-06-30 08:53:33,100 [WARNING] Skipping QuestionType.RANGE due to filter settings.
2026-06-30 08:53:33,100 [WARNING] Warning: No endpoint provided for question type remapping.
2026-06-30 08:53:33,101 [WARNING] Skipping QuestionType.RANGE due to filter settings.
2026-06-30 08:53:33,101 [WARNING] Warning: No endpoint provided for question type remapping.
2026-06-30 08:53:33,101 [WARNING] Skipping QuestionType.RANGE due to filter settings.
2026-06-30 08:53:33,101 [WARNING] Warning: No endpoint provided for question type remapping.
2026-06-30 08:53:33,101 [WARNING] Skipping QuestionType.RANGE due to filter settings.
2026-06-30 08:53:33,101 [WARNING] Warning: No endpoint provided for question type remapping.
2026-06-30 08:53:33,101 [WARNING] Skipping QuestionType.RANGE due to filter settings.
2026-06-30 08:53:33,103 [WARNING] Warning: No endpoint provided for question type remapping.
2026-06-30 08:53:33,103 [WARNING] Skipping QuestionType.RANGE due to filter settings.
2026-06-30 08:53:33,103 [WARNING] Warning: No endpoint provided for question type remapping.
2026-06-30 08:53:33,103 [WARNING] Skipping QuestionType.RANGE due to filter settings.
2026-06-30 08:53:33,103 [WARNING] Warning: No endpoint provided for question type remapping.
2026-06-30 08:53:33,103 [WARNING] Skipping QuestionType.RANGE due to filter settings.
2026-06-30 08:53:33,103 [WARNING] Warning: No endpoint provided for question type remapping.
2026-06-30 08:53:33,103 [WARNING] Skipping QuestionType.RANGE due to filter settings.
2026-06-30 08:53:33,104 [WARNING] Warning: No endpoint provided for question type remapping.
2026-06-30 08:53:33,104 [WARNING] Skipping QuestionType.RANGE due to filter settings.
2026-06-30 08:53:33,105 [WARNING] Warning: No endpoint provided for question type remapping.
2026-06-30 08:53:33,105 [WARNING] Skipping QuestionType.RANGE due to filter settings.
2026-06-30 08:53:33,105 [WARNING] Warning: No endpoint provided for question type remapping.
2026-06-30 08:53:33,105 [WARNING] Skipping QuestionType.RANGE due to filter settings.
2026-06-30 08:53:33,105 [WARNING] Warning: No endpoint provided for question type remapping.
2026-06-30 08:53:33,105 [WARNING] Skipping QuestionType.RANGE due to filter settings.
2026-06-30 08:53:33,106 [WARNING] Warning: No endpoint provided for question type remapping.
2026-06-30 08:53:33,106 [WARNING] Skipping QuestionType.RANGE due to filter settings.
2026-06-30 08:53:33,108 [WARNING] Warning: No endpoint provided for question type remapping.
2026-06-30 08:53:33,108 [WARNING] Skipping QuestionType.RANGE due to filter settings.
2026-06-30 08:53:33,108 [WARNING] Warning: No endpoint provided for question type remapping.
2026-06-30 08:53:33,108 [WARNING] Skipping QuestionType.RANGE due to filter settings.
2026-06-30 08:53:33,108 [WARNING] Warning: No endpoint provided for question type remapping.
2026-06-30 08:53:33,108 [WARNING] Skipping QuestionType.RANGE due to filter settings.
2026-06-30 08:53:33,108 [WARNING] Warning: No endpoint provided for question type remapping.
2026-06-30 08:53:33,108 [WARNING] Skipping QuestionType.RANGE due to filter settings.
2026-06-30 08:53:33,108 [WARNING] Warning: No endpoint provided for question type remapping.
2026-06-30 08:53:33,108 [WARNING] Skipping QuestionType.RANGE due to filter settings.
2026-06-30 08:53:33,108 [WARNING] Warning: No endpoint provided for question type remapping.
2026-06-30 08:53:33,108 [WARNING] Skipping QuestionType.RANGE due to filter settings.
2026-06-30 08:53:33,108 [WARNING] Warning: No endpoint provided for question type remapping.
2026-06-30 08:53:33,108 [WARNING] Skipping QuestionType.RANGE due to filter settings.
2026-06-30 08:53:33,108 [WARNING] Warning: No endpoint provided for question type remapping.
2026-06-30 08:53:33,108 [WARNING] Skipping QuestionType.RANGE due to filter settings.
2026-06-30 08:53:33,108 [WARNING] Warning: No endpoint provided for question type remapping.
2026-06-30 08:53:33,108 [WARNING] Skipping QuestionType.RANGE due to filter settings.
2026-06-30 08:53:33,108 [WARNING] Warning: No endpoint provided for question type remapping.
2026-06-30 08:53:33,108 [WARNING] Skipping QuestionType.RANGE due to filter settings.
2026-06-30 08:53:33,108 [WARNING] Warning: No endpoint provided for question type remapping.
2026-06-30 08:53:33,108 [WARNING] Skipping QuestionType.RANGE due to filter settings.
2026-06-30 08:53:33,108 [WARNING] Warning: No endpoint provided for question type remapping.
2026-06-30 08:53:33,108 [WARNING] Skipping QuestionType.RANGE due to filter settings.
2026-06-30 08:53:33,108 [WARNING] Warning: No endpoint provided for question type remapping.
2026-06-30 08:53:33,108 [WARNING] Skipping QuestionType.RANGE due to filter settings.
2026-06-30 08:53:33,109 [WARNING] Warning: No endpoint provided for question type remapping.
2026-06-30 08:53:33,109 [WARNING] Skipping QuestionType.RANGE due to filter settings.
2026-06-30 08:53:33,109 [WARNING] Warning: No endpoint provided for question type remapping.
2026-06-30 08:53:33,109 [WARNING] Skipping QuestionType.RANGE due to filter settings.
2026-06-30 08:53:33,109 [WARNING] Warning: No endpoint provided for question type remapping.
2026-06-30 08:53:33,109 [WARNING] Skipping QuestionType.RANGE due to filter settings.
2026-06-30 08:53:33,109 [WARNING] Warning: No endpoint provided for question type remapping.
2026-06-30 08:53:33,109 [WARNING] Skipping QuestionType.RANGE due to filter settings.
2026-06-30 08:53:33,109 [WARNING] Warning: No endpoint provided for question type remapping.
2026-06-30 08:53:33,109 [WARNING] Skipping QuestionType.RANGE due to filter settings.
2026-06-30 08:53:33,109 [WARNING] Warning: No endpoint provided for question type remapping.
2026-06-30 08:53:33,109 [WARNING] Skipping QuestionType.RANGE due to filter settings.
2026-06-30 08:53:33,109 [WARNING] Warning: No endpoint provided for question type remapping.
2026-06-30 08:53:33,109 [WARNING] Skipping QuestionType.RANGE due to filter settings.
2026-06-30 08:53:33,109 [WARNING] Warning: No endpoint provided for question type remapping.
2026-06-30 08:53:33,109 [WARNING] Skipping QuestionType.RANGE due to filter settings.
2026-06-30 08:53:33,109 [WARNING] Warning: No endpoint provided for question type remapping.
2026-06-30 08:53:33,109 [WARNING] Skipping QuestionType.RANGE due to filter settings.
2026-06-30 08:53:33,109 [WARNING] Warning: No endpoint provided for question type remapping.
2026-06-30 08:53:33,109 [WARNING] Skipping QuestionType.RANGE due to filter settings.
2026-06-30 08:53:33,109 [WARNING] Warning: No endpoint provided for question type remapping.
2026-06-30 08:53:33,109 [WARNING] Skipping QuestionType.RANGE due to filter settings.
2026-06-30 08:53:33,109 [WARNING] Warning: No endpoint provided for question type remapping.
2026-06-30 08:53:33,109 [WARNING] Skipping QuestionType.RANGE due to filter settings.
2026-06-30 08:53:33,109 [WARNING] Warning: No endpoint provided for question type remapping.
2026-06-30 08:53:33,110 [WARNING] Skipping QuestionType.RANGE due to filter settings.
2026-06-30 08:53:33,110 [WARNING] Warning: No endpoint provided for question type remapping.
2026-06-30 08:53:33,110 [WARNING] Skipping QuestionType.RANGE due to filter settings.
2026-06-30 08:53:33,112 [WARNING] Warning: No endpoint provided for question type remapping.
2026-06-30 08:53:33,112 [WARNING] Skipping QuestionType.RANGE due to filter settings.
2026-06-30 08:53:33,112 [WARNING] Warning: No endpoint provided for question type remapping.
2026-06-30 08:53:33,112 [WARNING] Skipping QuestionType.RANGE due to filter settings.
2026-06-30 08:53:33,112 [WARNING] Warning: No endpoint provided for question type remapping.
2026-06-30 08:53:33,112 [WARNING] Skipping QuestionType.RANGE due to filter settings.
2026-06-30 08:53:33,112 [WARNING] Warning: No endpoint provided for question type remapping.
2026-06-30 08:53:33,114 [WARNING] Skipping QuestionType.RANGE due to filter settings.
2026-06-30 08:53:33,114 [WARNING] Warning: No endpoint provided for question type remapping.
2026-06-30 08:53:33,114 [WARNING] Skipping QuestionType.RANGE due to filter settings.
2026-06-30 08:53:33,114 [WARNING] Warning: No endpoint provided for question type remapping.
2026-06-30 08:53:33,114 [WARNING] Skipping QuestionType.RANGE due to filter settings.
2026-06-30 08:53:33,114 [WARNING] Warning: No endpoint provided for question type remapping.
2026-06-30 08:53:33,114 [WARNING] Skipping QuestionType.RANGE due to filter settings.
2026-06-30 08:53:33,115 [WARNING] Warning: No endpoint provided for question type remapping.
2026-06-30 08:53:33,115 [WARNING] Skipping QuestionType.RANGE due to filter settings.
2026-06-30 08:53:33,115 [WARNING] Warning: No endpoint provided for question type remapping.
2026-06-30 08:53:33,115 [WARNING] Skipping QuestionType.RANGE due to filter settings.
2026-06-30 08:53:33,115 [WARNING] Warning: No endpoint provided for question type remapping.
2026-06-30 08:53:33,119 [WARNING] Skipping QuestionType.RANGE due to filter settings.
2026-06-30 08:53:33,119 [WARNING] Warning: No endpoint provided for question type remapping.
2026-06-30 08:53:33,119 [WARNING] Skipping QuestionType.RANGE due to filter settings.
2026-06-30 08:53:33,119 [WARNING] Warning: No endpoint provided for question type remapping.
2026-06-30 08:53:33,119 [WARNING] Skipping QuestionType.RANGE due to filter settings.
2026-06-30 08:53:33,119 [WARNING] Warning: No endpoint provided for question type remapping.
2026-06-30 08:53:33,119 [WARNING] Skipping QuestionType.RANGE due to filter settings.
2026-06-30 08:53:33,119 [WARNING] Warning: No endpoint provided for question type remapping.
2026-06-30 08:53:33,119 [WARNING] Skipping QuestionType.RANGE due to filter settings.
2026-06-30 08:53:33,119 [WARNING] Warning: No endpoint provided for question type remapping.
2026-06-30 08:53:33,119 [WARNING] Skipping QuestionType.RANGE due to filter settings.
2026-06-30 08:53:33,120 [WARNING] Warning: No endpoint provided for question type remapping.
2026-06-30 08:53:33,120 [WARNING] Skipping QuestionType.RANGE due to filter settings.
2026-06-30 08:53:33,120 [WARNING] Warning: No endpoint provided for question type remapping.
2026-06-30 08:53:33,120 [WARNING] Skipping QuestionType.RANGE due to filter settings.
2026-06-30 08:53:33,120 [WARNING] Warning: No endpoint provided for question type remapping.
2026-06-30 08:53:33,120 [WARNING] Skipping QuestionType.RANGE due to filter settings.
2026-06-30 08:53:33,120 [WARNING] Warning: No endpoint provided for question type remapping.
2026-06-30 08:53:33,120 [WARNING] Skipping QuestionType.RANGE due to filter settings.
2026-06-30 08:53:33,120 [WARNING] Warning: No endpoint provided for question type remapping.
2026-06-30 08:53:33,120 [WARNING] Skipping QuestionType.RANGE due to filter settings.
2026-06-30 08:53:33,122 [WARNING] Warning: No endpoint provided for question type remapping.
2026-06-30 08:53:33,122 [WARNING] Skipping QuestionType.RANGE due to filter settings.
2026-06-30 08:53:33,122 [WARNING] Warning: No endpoint provided for question type remapping.
2026-06-30 08:53:33,122 [WARNING] Skipping QuestionType.RANGE due to filter settings.
2026-06-30 08:53:33,122 [WARNING] Warning: No endpoint provided for question type remapping.
2026-06-30 08:53:33,122 [WARNING] Skipping QuestionType.RANGE due to filter settings.
2026-06-30 08:53:33,122 [WARNING] Warning: No endpoint provided for question type remapping.
2026-06-30 08:53:33,122 [WARNING] Skipping QuestionType.RANGE due to filter settings.
2026-06-30 08:53:33,122 [WARNING] Warning: No endpoint provided for question type remapping.
2026-06-30 08:53:33,122 [WARNING] Skipping QuestionType.RANGE due to filter settings.
2026-06-30 08:53:33,123 [WARNING] Warning: No endpoint provided for question type remapping.
2026-06-30 08:53:33,123 [WARNING] Skipping QuestionType.RANGE due to filter settings.
2026-06-30 08:53:33,123 [WARNING] Warning: No endpoint provided for question type remapping.
2026-06-30 08:53:33,129 [WARNING] Skipping QuestionType.RANGE due to filter settings.
2026-06-30 08:53:33,129 [WARNING] Warning: No endpoint provided for question type remapping.
2026-06-30 08:53:33,129 [WARNING] Skipping QuestionType.RANGE due to filter settings.
2026-06-30 08:53:33,129 [WARNING] Warning: No endpoint provided for question type remapping.
2026-06-30 08:53:33,130 [WARNING] Skipping QuestionType.RANGE due to filter settings.
2026-06-30 08:53:33,130 [WARNING] Warning: No endpoint provided for question type remapping.
2026-06-30 08:53:33,130 [WARNING] Skipping QuestionType.RANGE due to filter settings.
2026-06-30 08:53:33,130 [WARNING] Warning: No endpoint provided for question type remapping.
2026-06-30 08:53:33,130 [WARNING] Skipping QuestionType.RANGE due to filter settings.
2026-06-30 08:53:33,130 [WARNING] Warning: No endpoint provided for question type remapping.
2026-06-30 08:53:33,130 [WARNING] Skipping QuestionType.RANGE due to filter settings.
2026-06-30 08:53:33,130 [WARNING] Warning: No endpoint provided for question type remapping.
2026-06-30 08:53:33,130 [WARNING] Skipping QuestionType.RANGE due to filter settings.
2026-06-30 08:53:33,130 [WARNING] Warning: No endpoint provided for question type remapping.
2026-06-30 08:53:33,132 [WARNING] Skipping QuestionType.RANGE due to filter settings.
2026-06-30 08:53:33,132 [WARNING] Warning: No endpoint provided for question type remapping.
2026-06-30 08:53:33,132 [WARNING] Skipping QuestionType.RANGE due to filter settings.
2026-06-30 08:53:33,132 [WARNING] Warning: No endpoint provided for question type remapping.
2026-06-30 08:53:33,132 [WARNING] Skipping QuestionType.RANGE due to filter settings.
2026-06-30 08:53:33,132 [WARNING] Warning: No endpoint provided for question type remapping.
2026-06-30 08:53:33,132 [WARNING] Skipping QuestionType.RANGE due to filter settings.
2026-06-30 08:53:33,132 [WARNING] Warning: No endpoint provided for question type remapping.
2026-06-30 08:53:33,132 [WARNING] Skipping QuestionType.RANGE due to filter settings.
2026-06-30 08:53:33,133 [WARNING] Warning: No endpoint provided for question type remapping.
2026-06-30 08:53:33,133 [WARNING] Skipping QuestionType.RANGE due to filter settings.
2026-06-30 08:53:33,133 [WARNING] Warning: No endpoint provided for question type remapping.
2026-06-30 08:53:33,135 [WARNING] Skipping QuestionType.RANGE due to filter settings.
2026-06-30 08:53:33,135 [WARNING] Warning: No endpoint provided for question type remapping.
2026-06-30 08:53:33,135 [WARNING] Skipping QuestionType.RANGE due to filter settings.
2026-06-30 08:53:33,135 [WARNING] Warning: No endpoint provided for question type remapping.
2026-06-30 08:53:33,136 [WARNING] Skipping QuestionType.RANGE due to filter settings.
2026-06-30 08:53:33,137 [WARNING] Warning: No endpoint provided for question type remapping.
2026-06-30 08:53:33,137 [WARNING] Skipping QuestionType.RANGE due to filter settings.
2026-06-30 08:53:33,137 [WARNING] Warning: No endpoint provided for question type remapping.
2026-06-30 08:53:33,137 [WARNING] Skipping QuestionType.RANGE due to filter settings.
2026-06-30 08:53:33,138 [WARNING] Warning: No endpoint provided for question type remapping.
2026-06-30 08:53:33,138 [WARNING] Skipping QuestionType.RANGE due to filter settings.
2026-06-30 08:53:33,138 [WARNING] Warning: No endpoint provided for question type remapping.
2026-06-30 08:53:33,138 [WARNING] Skipping QuestionType.RANGE due to filter settings.
2026-06-30 08:53:33,139 [WARNING] Warning: No endpoint provided for question type remapping.
2026-06-30 08:53:33,139 [WARNING] Skipping QuestionType.RANGE due to filter settings.
2026-06-30 08:53:33,139 [WARNING] Warning: No endpoint provided for question type remapping.
2026-06-30 08:53:33,139 [WARNING] Skipping QuestionType.RANGE due to filter settings.
2026-06-30 08:53:33,139 [WARNING] Warning: No endpoint provided for question type remapping.
2026-06-30 08:53:33,139 [WARNING] Skipping QuestionType.RANGE due to filter settings.
2026-06-30 08:53:33,139 [WARNING] Warning: No endpoint provided for question type remapping.
2026-06-30 08:53:33,139 [WARNING] Skipping QuestionType.RANGE due to filter settings.
2026-06-30 08:53:33,141 [WARNING] Warning: No endpoint provided for question type remapping.
2026-06-30 08:53:33,141 [WARNING] Skipping QuestionType.RANGE due to filter settings.
2026-06-30 08:53:33,141 [WARNING] Warning: No endpoint provided for question type remapping.
2026-06-30 08:53:33,141 [WARNING] Skipping QuestionType.RANGE due to filter settings.
2026-06-30 08:53:33,141 [WARNING] Warning: No endpoint provided for question type remapping.
2026-06-30 08:53:33,141 [WARNING] Skipping QuestionType.RANGE due to filter settings.
2026-06-30 08:53:33,141 [WARNING] Warning: No endpoint provided for question type remapping.
2026-06-30 08:53:33,141 [WARNING] Skipping QuestionType.RANGE due to filter settings.
2026-06-30 08:53:33,142 [WARNING] Warning: No endpoint provided for question type remapping.
2026-06-30 08:53:33,142 [WARNING] Skipping QuestionType.RANGE due to filter settings.
2026-06-30 08:53:33,142 [WARNING] Warning: No endpoint provided for question type remapping.
2026-06-30 08:53:33,142 [WARNING] Skipping QuestionType.RANGE due to filter settings.
2026-06-30 08:53:33,143 [WARNING] Warning: No endpoint provided for question type remapping.
2026-06-30 08:53:33,143 [WARNING] Skipping QuestionType.RANGE due to filter settings.
2026-06-30 08:53:33,143 [WARNING] Warning: No endpoint provided for question type remapping.
2026-06-30 08:53:33,143 [WARNING] Skipping QuestionType.RANGE due to filter settings.
2026-06-30 08:53:33,145 [WARNING] Warning: No endpoint provided for question type remapping.
2026-06-30 08:53:33,145 [WARNING] Skipping QuestionType.RANGE due to filter settings.
2026-06-30 08:53:33,145 [WARNING] Warning: No endpoint provided for question type remapping.
2026-06-30 08:53:33,146 [WARNING] Skipping QuestionType.RANGE due to filter settings.
2026-06-30 08:53:33,146 [WARNING] Warning: No endpoint provided for question type remapping.
2026-06-30 08:53:33,146 [WARNING] Skipping QuestionType.RANGE due to filter settings.
2026-06-30 08:53:33,149 [WARNING] Warning: No endpoint provided for question type remapping.
2026-06-30 08:53:33,149 [WARNING] Skipping QuestionType.RANGE due to filter settings.
2026-06-30 08:53:33,149 [WARNING] Warning: No endpoint provided for question type remapping.
2026-06-30 08:53:33,149 [WARNING] Skipping QuestionType.RANGE due to filter settings.
2026-06-30 08:53:33,149 [WARNING] Warning: No endpoint provided for question type remapping.
2026-06-30 08:53:33,149 [WARNING] Skipping QuestionType.RANGE due to filter settings.
2026-06-30 08:53:33,149 [WARNING] Warning: No endpoint provided for question type remapping.
2026-06-30 08:53:33,149 [WARNING] Skipping QuestionType.RANGE due to filter settings.
2026-06-30 08:53:33,150 [WARNING] Warning: No endpoint provided for question type remapping.
2026-06-30 08:53:33,150 [WARNING] Skipping QuestionType.RANGE due to filter settings.
2026-06-30 08:53:33,150 [WARNING] Warning: No endpoint provided for question type remapping.
2026-06-30 08:53:33,150 [WARNING] Skipping QuestionType.RANGE due to filter settings.
2026-06-30 08:53:33,150 [WARNING] Warning: No endpoint provided for question type remapping.
2026-06-30 08:53:33,150 [WARNING] Skipping QuestionType.RANGE due to filter settings.
2026-06-30 08:53:33,150 [WARNING] Warning: No endpoint provided for question type remapping.
2026-06-30 08:53:33,150 [WARNING] Skipping QuestionType.RANGE due to filter settings.
2026-06-30 08:53:33,150 [WARNING] Warning: No endpoint provided for question type remapping.
2026-06-30 08:53:33,150 [WARNING] Skipping QuestionType.RANGE due to filter settings.
2026-06-30 08:53:33,150 [WARNING] Warning: No endpoint provided for question type remapping.
2026-06-30 08:53:33,150 [WARNING] Skipping QuestionType.RANGE due to filter settings.
2026-06-30 08:53:33,152 [WARNING] Warning: No endpoint provided for question type remapping.
2026-06-30 08:53:33,152 [WARNING] Skipping QuestionType.RANGE due to filter settings.
2026-06-30 08:53:33,152 [WARNING] Warning: No endpoint provided for question type remapping.
2026-06-30 08:53:33,152 [WARNING] Skipping QuestionType.RANGE due to filter settings.
2026-06-30 08:53:33,152 [WARNING] Warning: No endpoint provided for question type remapping.
2026-06-30 08:53:33,152 [WARNING] Skipping QuestionType.RANGE due to filter settings.
2026-06-30 08:53:33,152 [WARNING] Warning: No endpoint provided for question type remapping.
2026-06-30 08:53:33,152 [WARNING] Skipping QuestionType.RANGE due to filter settings.
2026-06-30 08:53:33,152 [WARNING] Warning: No endpoint provided for question type remapping.
2026-06-30 08:53:33,152 [WARNING] Skipping QuestionType.RANGE due to filter settings.
2026-06-30 08:53:33,152 [WARNING] Warning: No endpoint provided for question type remapping.
2026-06-30 08:53:33,152 [WARNING] Skipping QuestionType.RANGE due to filter settings.
2026-06-30 08:53:33,154 [WARNING] Warning: No endpoint provided for question type remapping.
2026-06-30 08:53:33,154 [WARNING] Skipping QuestionType.RANGE due to filter settings.
2026-06-30 08:53:33,154 [WARNING] Warning: No endpoint provided for question type remapping.
2026-06-30 08:53:33,155 [WARNING] Skipping QuestionType.RANGE due to filter settings.
2026-06-30 08:53:33,155 [WARNING] Warning: No endpoint provided for question type remapping.
2026-06-30 08:53:33,155 [WARNING] Skipping QuestionType.RANGE due to filter settings.
2026-06-30 08:53:33,156 [WARNING] Warning: No endpoint provided for question type remapping.
2026-06-30 08:53:33,156 [WARNING] Skipping QuestionType.RANGE due to filter settings.
2026-06-30 08:53:33,156 [WARNING] Warning: No endpoint provided for question type remapping.
2026-06-30 08:53:33,156 [WARNING] Skipping QuestionType.RANGE due to filter settings.
2026-06-30 08:53:33,156 [WARNING] Warning: No endpoint provided for question type remapping.
2026-06-30 08:53:33,156 [WARNING] Skipping QuestionType.RANGE due to filter settings.
2026-06-30 08:53:33,156 [WARNING] Warning: No endpoint provided for question type remapping.
2026-06-30 08:53:33,156 [WARNING] Skipping QuestionType.RANGE due to filter settings.
2026-06-30 08:53:33,156 [WARNING] Warning: No endpoint provided for question type remapping.
2026-06-30 08:53:33,156 [WARNING] Skipping QuestionType.RANGE due to filter settings.
2026-06-30 08:53:33,156 [WARNING] Warning: No endpoint provided for question type remapping.
2026-06-30 08:53:33,156 [WARNING] Skipping QuestionType.RANGE due to filter settings.
2026-06-30 08:53:33,156 [WARNING] Warning: No endpoint provided for question type remapping.
2026-06-30 08:53:33,156 [WARNING] Skipping QuestionType.RANGE due to filter settings.
2026-06-30 08:53:33,156 [WARNING] Warning: No endpoint provided for question type remapping.
2026-06-30 08:53:33,160 [WARNING] Skipping QuestionType.RANGE due to filter settings.
2026-06-30 08:53:33,160 [WARNING] Warning: No endpoint provided for question type remapping.
2026-06-30 08:53:33,160 [WARNING] Skipping QuestionType.RANGE due to filter settings.
2026-06-30 08:53:33,160 [WARNING] Warning: No endpoint provided for question type remapping.
2026-06-30 08:53:33,163 [WARNING] Skipping QuestionType.RANGE due to filter settings.
2026-06-30 08:53:33,163 [WARNING] Warning: No endpoint provided for question type remapping.
2026-06-30 08:53:33,163 [WARNING] Skipping QuestionType.RANGE due to filter settings.
2026-06-30 08:53:33,163 [WARNING] Warning: No endpoint provided for question type remapping.
2026-06-30 08:53:33,164 [WARNING] Skipping QuestionType.RANGE due to filter settings.
2026-06-30 08:53:33,164 [WARNING] Warning: No endpoint provided for question type remapping.
2026-06-30 08:53:33,164 [WARNING] Skipping QuestionType.RANGE due to filter settings.
2026-06-30 08:53:33,164 [WARNING] Warning: No endpoint provided for question type remapping.
2026-06-30 08:53:33,165 [WARNING] Skipping QuestionType.RANGE due to filter settings.
2026-06-30 08:53:33,165 [WARNING] Warning: No endpoint provided for question type remapping.
2026-06-30 08:53:33,165 [WARNING] Skipping QuestionType.RANGE due to filter settings.
2026-06-30 08:53:33,166 [WARNING] Warning: No endpoint provided for question type remapping.
2026-06-30 08:53:33,166 [WARNING] Skipping QuestionType.RANGE due to filter settings.
2026-06-30 08:53:33,166 [WARNING] Warning: No endpoint provided for question type remapping.
2026-06-30 08:53:33,168 [WARNING] Skipping QuestionType.RANGE due to filter settings.
2026-06-30 08:53:33,168 [WARNING] Warning: No endpoint provided for question type remapping.
2026-06-30 08:53:33,168 [WARNING] Skipping QuestionType.RANGE due to filter settings.
2026-06-30 08:53:33,168 [WARNING] Warning: No endpoint provided for question type remapping.
2026-06-30 08:53:33,169 [WARNING] Skipping QuestionType.RANGE due to filter settings.
2026-06-30 08:53:33,169 [WARNING] Warning: No endpoint provided for question type remapping.
2026-06-30 08:53:33,169 [WARNING] Skipping QuestionType.RANGE due to filter settings.
2026-06-30 08:53:33,170 [WARNING] Warning: No endpoint provided for question type remapping.
2026-06-30 08:53:33,170 [WARNING] Skipping QuestionType.RANGE due to filter settings.
2026-06-30 08:53:33,170 [WARNING] Warning: No endpoint provided for question type remapping.
2026-06-30 08:53:33,170 [WARNING] Skipping QuestionType.RANGE due to filter settings.
2026-06-30 08:53:33,171 [WARNING] Warning: No endpoint provided for question type remapping.
2026-06-30 08:53:33,171 [WARNING] Skipping QuestionType.RANGE due to filter settings.
2026-06-30 08:53:33,171 [WARNING] Warning: No endpoint provided for question type remapping.
2026-06-30 08:53:33,171 [WARNING] Skipping QuestionType.RANGE due to filter settings.
2026-06-30 08:53:33,172 [WARNING] Warning: No endpoint provided for question type remapping.
2026-06-30 08:53:33,172 [WARNING] Skipping QuestionType.RANGE due to filter settings.
2026-06-30 08:53:33,172 [WARNING] Warning: No endpoint provided for question type remapping.
2026-06-30 08:53:33,172 [WARNING] Skipping QuestionType.RANGE due to filter settings.
2026-06-30 08:53:33,172 [WARNING] Warning: No endpoint provided for question type remapping.
2026-06-30 08:53:33,172 [WARNING] Skipping QuestionType.RANGE due to filter settings.
2026-06-30 08:53:33,172 [WARNING] Warning: No endpoint provided for question type remapping.
2026-06-30 08:53:33,172 [WARNING] Skipping QuestionType.RANGE due to filter settings.
2026-06-30 08:53:33,172 [WARNING] Warning: No endpoint provided for question type remapping.
2026-06-30 08:53:33,172 [WARNING] Skipping QuestionType.RANGE due to filter settings.
2026-06-30 08:53:33,173 [WARNING] Warning: No endpoint provided for question type remapping.
2026-06-30 08:53:33,173 [WARNING] Skipping QuestionType.RANGE due to filter settings.
2026-06-30 08:53:33,173 [WARNING] Warning: No endpoint provided for question type remapping.
2026-06-30 08:53:33,175 [WARNING] Skipping QuestionType.RANGE due to filter settings.
2026-06-30 08:53:33,175 [WARNING] Warning: No endpoint provided for question type remapping.
2026-06-30 08:53:33,175 [WARNING] Skipping QuestionType.RANGE due to filter settings.
2026-06-30 08:53:33,177 [WARNING] Warning: No endpoint provided for question type remapping.
2026-06-30 08:53:33,177 [WARNING] Skipping QuestionType.RANGE due to filter settings.
2026-06-30 08:53:33,177 [WARNING] Warning: No endpoint provided for question type remapping.
2026-06-30 08:53:33,177 [WARNING] Skipping QuestionType.RANGE due to filter settings.
2026-06-30 08:53:33,178 [WARNING] Warning: No endpoint provided for question type remapping.
2026-06-30 08:53:33,178 [WARNING] Skipping QuestionType.RANGE due to filter settings.
2026-06-30 08:53:33,178 [WARNING] Warning: No endpoint provided for question type remapping.
2026-06-30 08:53:33,178 [WARNING] Skipping QuestionType.RANGE due to filter settings.
2026-06-30 08:53:33,178 [WARNING] Warning: No endpoint provided for question type remapping.
2026-06-30 08:53:33,178 [WARNING] Skipping QuestionType.RANGE due to filter settings.
2026-06-30 08:53:33,178 [WARNING] Warning: No endpoint provided for question type remapping.
2026-06-30 08:53:33,181 [WARNING] Skipping QuestionType.RANGE due to filter settings.
2026-06-30 08:53:33,181 [WARNING] Warning: No endpoint provided for question type remapping.
2026-06-30 08:53:33,181 [WARNING] Skipping QuestionType.RANGE due to filter settings.
2026-06-30 08:53:33,181 [WARNING] Warning: No endpoint provided for question type remapping.
2026-06-30 08:53:33,181 [WARNING] Skipping QuestionType.RANGE due to filter settings.
2026-06-30 08:53:33,181 [WARNING] Warning: No endpoint provided for question type remapping.
2026-06-30 08:53:33,181 [WARNING] Skipping QuestionType.RANGE due to filter settings.
2026-06-30 08:53:33,181 [WARNING] Warning: No endpoint provided for question type remapping.
2026-06-30 08:53:33,181 [WARNING] Skipping QuestionType.RANGE due to filter settings.
2026-06-30 08:53:33,181 [WARNING] Warning: No endpoint provided for question type remapping.
2026-06-30 08:53:33,181 [WARNING] Skipping QuestionType.RANGE due to filter settings.
2026-06-30 08:53:33,183 [WARNING] Warning: No endpoint provided for question type remapping.
2026-06-30 08:53:33,183 [WARNING] Skipping QuestionType.RANGE due to filter settings.
2026-06-30 08:53:33,183 [WARNING] Warning: No endpoint provided for question type remapping.
2026-06-30 08:53:33,183 [WARNING] Skipping QuestionType.RANGE due to filter settings.
2026-06-30 08:53:33,186 [WARNING] Warning: No endpoint provided for question type remapping.
2026-06-30 08:53:33,186 [WARNING] Skipping QuestionType.RANGE due to filter settings.
2026-06-30 08:53:33,186 [WARNING] Warning: No endpoint provided for question type remapping.
2026-06-30 08:53:33,186 [WARNING] Skipping QuestionType.RANGE due to filter settings.
2026-06-30 08:53:33,187 [WARNING] Warning: No endpoint provided for question type remapping.
2026-06-30 08:53:33,187 [WARNING] Skipping QuestionType.RANGE due to filter settings.
2026-06-30 08:53:33,187 [WARNING] Warning: No endpoint provided for question type remapping.
2026-06-30 08:53:33,187 [WARNING] Skipping QuestionType.RANGE due to filter settings.
2026-06-30 08:53:33,187 [WARNING] Warning: No endpoint provided for question type remapping.
2026-06-30 08:53:33,187 [WARNING] Skipping QuestionType.RANGE due to filter settings.
2026-06-30 08:53:33,187 [WARNING] Warning: No endpoint provided for question type remapping.
2026-06-30 08:53:33,187 [WARNING] Skipping QuestionType.RANGE due to filter settings.
2026-06-30 08:53:33,187 [WARNING] Warning: No endpoint provided for question type remapping.
2026-06-30 08:53:33,187 [WARNING] Skipping QuestionType.RANGE due to filter settings.
2026-06-30 08:53:33,187 [WARNING] Warning: No endpoint provided for question type remapping.
2026-06-30 08:53:33,187 [WARNING] Skipping QuestionType.RANGE due to filter settings.
2026-06-30 08:53:33,187 [WARNING] Warning: No endpoint provided for question type remapping.
2026-06-30 08:53:33,187 [WARNING] Skipping QuestionType.RANGE due to filter settings.
2026-06-30 08:53:33,187 [WARNING] Warning: No endpoint provided for question type remapping.
2026-06-30 08:53:33,187 [WARNING] Skipping QuestionType.RANGE due to filter settings.
2026-06-30 08:53:33,187 [WARNING] Warning: No endpoint provided for question type remapping.
2026-06-30 08:53:33,187 [WARNING] Skipping QuestionType.RANGE due to filter settings.
2026-06-30 08:53:33,189 [WARNING] Warning: No endpoint provided for question type remapping.
2026-06-30 08:53:33,189 [WARNING] Skipping QuestionType.RANGE due to filter settings.
2026-06-30 08:53:33,189 [WARNING] Warning: No endpoint provided for question type remapping.
2026-06-30 08:53:33,189 [WARNING] Skipping QuestionType.RANGE due to filter settings.
2026-06-30 08:53:33,189 [WARNING] Warning: No endpoint provided for question type remapping.
2026-06-30 08:53:33,189 [WARNING] Skipping QuestionType.RANGE due to filter settings.
2026-06-30 08:53:33,189 [WARNING] Warning: No endpoint provided for question type remapping.
2026-06-30 08:53:33,189 [WARNING] Skipping QuestionType.RANGE due to filter settings.
2026-06-30 08:53:33,191 [WARNING] Warning: No endpoint provided for question type remapping.
2026-06-30 08:53:33,191 [WARNING] Skipping QuestionType.RANGE due to filter settings.
2026-06-30 08:53:33,193 [WARNING] Warning: No endpoint provided for question type remapping.
2026-06-30 08:53:33,193 [WARNING] Skipping QuestionType.RANGE due to filter settings.
2026-06-30 08:53:33,193 [WARNING] Warning: No endpoint provided for question type remapping.
2026-06-30 08:53:33,193 [WARNING] Skipping QuestionType.RANGE due to filter settings.
2026-06-30 08:53:33,195 [WARNING] Warning: No endpoint provided for question type remapping.
2026-06-30 08:53:33,195 [WARNING] Skipping QuestionType.RANGE due to filter settings.
2026-06-30 08:53:33,195 [WARNING] Warning: No endpoint provided for question type remapping.
2026-06-30 08:53:33,195 [WARNING] Skipping QuestionType.RANGE due to filter settings.
2026-06-30 08:53:33,195 [WARNING] Warning: No endpoint provided for question type remapping.
2026-06-30 08:53:33,197 [WARNING] Skipping QuestionType.RANGE due to filter settings.
2026-06-30 08:53:33,197 [WARNING] Warning: No endpoint provided for question type remapping.
2026-06-30 08:53:33,197 [WARNING] Skipping QuestionType.RANGE due to filter settings.
2026-06-30 08:53:33,197 [WARNING] Warning: No endpoint provided for question type remapping.
2026-06-30 08:53:33,199 [WARNING] Skipping QuestionType.RANGE due to filter settings.
2026-06-30 08:53:33,199 [WARNING] Warning: No endpoint provided for question type remapping.
2026-06-30 08:53:33,199 [WARNING] Skipping QuestionType.RANGE due to filter settings.
2026-06-30 08:53:33,199 [WARNING] Warning: No endpoint provided for question type remapping.
2026-06-30 08:53:33,199 [WARNING] Skipping QuestionType.RANGE due to filter settings.
2026-06-30 08:53:33,199 [WARNING] Warning: No endpoint provided for question type remapping.
2026-06-30 08:53:33,199 [WARNING] Skipping QuestionType.RANGE due to filter settings.
2026-06-30 08:53:33,199 [WARNING] Warning: No endpoint provided for question type remapping.
2026-06-30 08:53:33,199 [WARNING] Skipping QuestionType.RANGE due to filter settings.
2026-06-30 08:53:33,201 [WARNING] Warning: No endpoint provided for question type remapping.
2026-06-30 08:53:33,201 [WARNING] Skipping QuestionType.RANGE due to filter settings.
2026-06-30 08:53:33,201 [WARNING] Warning: No endpoint provided for question type remapping.
2026-06-30 08:53:33,201 [WARNING] Skipping QuestionType.RANGE due to filter settings.
2026-06-30 08:53:33,203 [WARNING] Warning: No endpoint provided for question type remapping.
2026-06-30 08:53:33,203 [WARNING] Skipping QuestionType.RANGE due to filter settings.
2026-06-30 08:53:33,203 [WARNING] Warning: No endpoint provided for question type remapping.
2026-06-30 08:53:33,208 [WARNING] Skipping QuestionType.RANGE due to filter settings.
2026-06-30 08:53:33,208 [WARNING] Warning: No endpoint provided for question type remapping.
2026-06-30 08:53:33,208 [WARNING] Skipping QuestionType.RANGE due to filter settings.
2026-06-30 08:53:33,208 [WARNING] Warning: No endpoint provided for question type remapping.
2026-06-30 08:53:33,208 [WARNING] Skipping QuestionType.RANGE due to filter settings.
2026-06-30 08:53:33,208 [WARNING] Warning: No endpoint provided for question type remapping.
2026-06-30 08:53:33,208 [WARNING] Skipping QuestionType.RANGE due to filter settings.
2026-06-30 08:53:33,209 [WARNING] Warning: No endpoint provided for question type remapping.
2026-06-30 08:53:33,209 [WARNING] Skipping QuestionType.RANGE due to filter settings.
2026-06-30 08:53:33,209 [WARNING] Warning: No endpoint provided for question type remapping.
2026-06-30 08:53:33,209 [WARNING] Skipping QuestionType.RANGE due to filter settings.
2026-06-30 08:53:33,210 [WARNING] Warning: No endpoint provided for question type remapping.
2026-06-30 08:53:33,211 [WARNING] Skipping QuestionType.RANGE due to filter settings.
2026-06-30 08:53:33,211 [WARNING] Warning: No endpoint provided for question type remapping.
2026-06-30 08:53:33,211 [WARNING] Skipping QuestionType.RANGE due to filter settings.
2026-06-30 08:53:33,214 [WARNING] Warning: No endpoint provided for question type remapping.
2026-06-30 08:53:33,214 [WARNING] Skipping QuestionType.RANGE due to filter settings.
2026-06-30 08:53:33,214 [WARNING] Warning: No endpoint provided for question type remapping.
2026-06-30 08:53:33,214 [WARNING] Skipping QuestionType.RANGE due to filter settings.
2026-06-30 08:53:33,214 [WARNING] Warning: No endpoint provided for question type remapping.
2026-06-30 08:53:33,215 [WARNING] Skipping QuestionType.RANGE due to filter settings.
2026-06-30 08:53:33,215 [WARNING] Warning: No endpoint provided for question type remapping.
2026-06-30 08:53:33,215 [WARNING] Skipping QuestionType.RANGE due to filter settings.
2026-06-30 08:53:33,216 [WARNING] Warning: No endpoint provided for question type remapping.
2026-06-30 08:53:33,216 [WARNING] Skipping QuestionType.RANGE due to filter settings.
2026-06-30 08:53:33,216 [WARNING] Warning: No endpoint provided for question type remapping.
2026-06-30 08:53:33,216 [WARNING] Skipping QuestionType.RANGE due to filter settings.
2026-06-30 08:53:33,216 [WARNING] Warning: No endpoint provided for question type remapping.
2026-06-30 08:53:33,216 [WARNING] Skipping QuestionType.RANGE due to filter settings.
2026-06-30 08:53:33,216 [WARNING] Warning: No endpoint provided for question type remapping.
2026-06-30 08:53:33,216 [WARNING] Skipping QuestionType.RANGE due to filter settings.
2026-06-30 08:53:33,217 [WARNING] Warning: No endpoint provided for question type remapping.
2026-06-30 08:53:33,217 [WARNING] Skipping QuestionType.RANGE due to filter settings.
2026-06-30 08:53:33,217 [WARNING] Warning: No endpoint provided for question type remapping.
2026-06-30 08:53:33,217 [WARNING] Skipping QuestionType.RANGE due to filter settings.
2026-06-30 08:53:33,217 [WARNING] Warning: No endpoint provided for question type remapping.
2026-06-30 08:53:33,217 [WARNING] Skipping QuestionType.RANGE due to filter settings.
2026-06-30 08:53:33,217 [WARNING] Warning: No endpoint provided for question type remapping.
2026-06-30 08:53:33,217 [WARNING] Skipping QuestionType.RANGE due to filter settings.
2026-06-30 08:53:33,217 [WARNING] Warning: No endpoint provided for question type remapping.
2026-06-30 08:53:33,217 [WARNING] Skipping QuestionType.RANGE due to filter settings.
2026-06-30 08:53:33,217 [WARNING] Warning: No endpoint provided for question type remapping.
2026-06-30 08:53:33,217 [WARNING] Skipping QuestionType.RANGE due to filter settings.
2026-06-30 08:53:33,217 [WARNING] Warning: No endpoint provided for question type remapping.
2026-06-30 08:53:33,217 [WARNING] Skipping QuestionType.RANGE due to filter settings.
2026-06-30 08:53:33,218 [WARNING] Warning: No endpoint provided for question type remapping.
2026-06-30 08:53:33,218 [WARNING] Skipping QuestionType.RANGE due to filter settings.
2026-06-30 08:53:33,219 [WARNING] Warning: No endpoint provided for question type remapping.
2026-06-30 08:53:33,219 [WARNING] Skipping QuestionType.RANGE due to filter settings.
2026-06-30 08:53:33,219 [WARNING] Warning: No endpoint provided for question type remapping.
2026-06-30 08:53:33,220 [WARNING] Skipping QuestionType.RANGE due to filter settings.
2026-06-30 08:53:33,220 [WARNING] Warning: No endpoint provided for question type remapping.
2026-06-30 08:53:33,220 [WARNING] Skipping QuestionType.RANGE due to filter settings.
2026-06-30 08:53:33,220 [WARNING] Warning: No endpoint provided for question type remapping.
2026-06-30 08:53:33,221 [WARNING] Skipping QuestionType.RANGE due to filter settings.
2026-06-30 08:53:33,221 [WARNING] Warning: No endpoint provided for question type remapping.
2026-06-30 08:53:33,222 [WARNING] Skipping QuestionType.RANGE due to filter settings.
2026-06-30 08:53:33,222 [WARNING] Warning: No endpoint provided for question type remapping.
2026-06-30 08:53:33,222 [WARNING] Skipping QuestionType.RANGE due to filter settings.
2026-06-30 08:53:33,223 [WARNING] Warning: No endpoint provided for question type remapping.
2026-06-30 08:53:33,223 [WARNING] Skipping QuestionType.RANGE due to filter settings.
2026-06-30 08:53:33,223 [WARNING] Warning: No endpoint provided for question type remapping.
2026-06-30 08:53:33,223 [WARNING] Skipping QuestionType.RANGE due to filter settings.
2026-06-30 08:53:33,224 [WARNING] Warning: No endpoint provided for question type remapping.
2026-06-30 08:53:33,224 [WARNING] Skipping QuestionType.RANGE due to filter settings.
2026-06-30 08:53:33,224 [WARNING] Warning: No endpoint provided for question type remapping.
2026-06-30 08:53:33,224 [WARNING] Skipping QuestionType.RANGE due to filter settings.
2026-06-30 08:53:33,224 [WARNING] Warning: No endpoint provided for question type remapping.
2026-06-30 08:53:33,225 [WARNING] Skipping QuestionType.RANGE due to filter settings.
2026-06-30 08:53:33,225 [WARNING] Warning: No endpoint provided for question type remapping.
2026-06-30 08:53:33,225 [WARNING] Skipping QuestionType.RANGE due to filter settings.
2026-06-30 08:53:33,225 [WARNING] Warning: No endpoint provided for question type remapping.
2026-06-30 08:53:33,226 [WARNING] Skipping QuestionType.RANGE due to filter settings.
2026-06-30 08:53:33,226 [WARNING] Warning: No endpoint provided for question type remapping.
2026-06-30 08:53:33,226 [WARNING] Skipping QuestionType.RANGE due to filter settings.
2026-06-30 08:53:33,226 [WARNING] Warning: No endpoint provided for question type remapping.
2026-06-30 08:53:33,227 [WARNING] Skipping QuestionType.RANGE due to filter settings.
2026-06-30 08:53:33,227 [WARNING] Warning: No endpoint provided for question type remapping.
2026-06-30 08:53:33,227 [WARNING] Skipping QuestionType.RANGE due to filter settings.
2026-06-30 08:53:33,227 [WARNING] Warning: No endpoint provided for question type remapping.
2026-06-30 08:53:33,227 [WARNING] Skipping QuestionType.RANGE due to filter settings.
2026-06-30 08:53:33,227 [WARNING] Warning: No endpoint provided for question type remapping.
2026-06-30 08:53:33,227 [WARNING] Skipping QuestionType.RANGE due to filter settings.
2026-06-30 08:53:33,228 [WARNING] Warning: No endpoint provided for question type remapping.
2026-06-30 08:53:33,228 [WARNING] Skipping QuestionType.RANGE due to filter settings.
2026-06-30 08:53:33,228 [WARNING] Warning: No endpoint provided for question type remapping.
2026-06-30 08:53:33,228 [WARNING] Skipping QuestionType.RANGE due to filter settings.
2026-06-30 08:53:33,228 [WARNING] Warning: No endpoint provided for question type remapping.
2026-06-30 08:53:33,231 [WARNING] Skipping QuestionType.RANGE due to filter settings.
2026-06-30 08:53:33,231 [WARNING] Warning: No endpoint provided for question type remapping.
2026-06-30 08:53:33,231 [WARNING] Skipping QuestionType.RANGE due to filter settings.
2026-06-30 08:53:33,231 [WARNING] Warning: No endpoint provided for question type remapping.
2026-06-30 08:53:33,232 [WARNING] Skipping QuestionType.RANGE due to filter settings.
2026-06-30 08:53:33,232 [WARNING] Warning: No endpoint provided for question type remapping.
2026-06-30 08:53:33,232 [WARNING] Skipping QuestionType.RANGE due to filter settings.
2026-06-30 08:53:33,232 [WARNING] Warning: No endpoint provided for question type remapping.
2026-06-30 08:53:33,232 [WARNING] Skipping QuestionType.RANGE due to filter settings.
2026-06-30 08:53:33,232 [WARNING] Warning: No endpoint provided for question type remapping.
2026-06-30 08:53:33,232 [WARNING] Skipping QuestionType.RANGE due to filter settings.
2026-06-30 08:53:33,232 [WARNING] Warning: No endpoint provided for question type remapping.
2026-06-30 08:53:33,233 [WARNING] Skipping QuestionType.RANGE due to filter settings.
2026-06-30 08:53:33,234 [WARNING] Warning: No endpoint provided for question type remapping.
2026-06-30 08:53:33,234 [WARNING] Skipping QuestionType.RANGE due to filter settings.
2026-06-30 08:53:33,234 [WARNING] Warning: No endpoint provided for question type remapping.
2026-06-30 08:53:33,234 [WARNING] Skipping QuestionType.RANGE due to filter settings.
2026-06-30 08:53:33,234 [WARNING] Warning: No endpoint provided for question type remapping.
2026-06-30 08:53:33,234 [WARNING] Skipping QuestionType.RANGE due to filter settings.
2026-06-30 08:53:33,234 [WARNING] Warning: No endpoint provided for question type remapping.
2026-06-30 08:53:33,236 [WARNING] Skipping QuestionType.RANGE due to filter settings.
2026-06-30 08:53:33,236 [WARNING] Warning: No endpoint provided for question type remapping.
2026-06-30 08:53:33,236 [WARNING] Skipping QuestionType.RANGE due to filter settings.
2026-06-30 08:53:33,236 [WARNING] Warning: No endpoint provided for question type remapping.
2026-06-30 08:53:33,236 [WARNING] Skipping QuestionType.RANGE due to filter settings.
2026-06-30 08:53:33,236 [WARNING] Warning: No endpoint provided for question type remapping.
2026-06-30 08:53:33,237 [WARNING] Skipping QuestionType.RANGE due to filter settings.
2026-06-30 08:53:33,237 [WARNING] Warning: No endpoint provided for question type remapping.
2026-06-30 08:53:33,237 [WARNING] Skipping QuestionType.RANGE due to filter settings.
2026-06-30 08:53:33,240 [WARNING] Warning: No endpoint provided for question type remapping.
2026-06-30 08:53:33,240 [WARNING] Skipping QuestionType.RANGE due to filter settings.
2026-06-30 08:53:33,240 [WARNING] Warning: No endpoint provided for question type remapping.
2026-06-30 08:53:33,240 [WARNING] Skipping QuestionType.RANGE due to filter settings.
2026-06-30 08:53:33,240 [WARNING] Warning: No endpoint provided for question type remapping.
2026-06-30 08:53:33,246 [WARNING] Skipping QuestionType.RANGE due to filter settings.
2026-06-30 08:53:33,246 [WARNING] Warning: No endpoint provided for question type remapping.
2026-06-30 08:53:33,246 [WARNING] Skipping QuestionType.RANGE due to filter settings.
2026-06-30 08:53:33,246 [WARNING] Warning: No endpoint provided for question type remapping.
2026-06-30 08:53:33,247 [WARNING] Skipping QuestionType.RANGE due to filter settings.
2026-06-30 08:53:33,247 [WARNING] Warning: No endpoint provided for question type remapping.
2026-06-30 08:53:33,247 [WARNING] Skipping QuestionType.RANGE due to filter settings.
2026-06-30 08:53:33,247 [WARNING] Warning: No endpoint provided for question type remapping.
2026-06-30 08:53:33,247 [WARNING] Skipping QuestionType.RANGE due to filter settings.
2026-06-30 08:53:33,247 [WARNING] Warning: No endpoint provided for question type remapping.
2026-06-30 08:53:33,247 [WARNING] Skipping QuestionType.RANGE due to filter settings.
2026-06-30 08:53:33,247 [WARNING] Warning: No endpoint provided for question type remapping.
2026-06-30 08:53:33,247 [WARNING] Skipping QuestionType.RANGE due to filter settings.
2026-06-30 08:53:33,249 [WARNING] Warning: No endpoint provided for question type remapping.
2026-06-30 08:53:33,249 [WARNING] Skipping QuestionType.RANGE due to filter settings.
2026-06-30 08:53:33,249 [WARNING] Warning: No endpoint provided for question type remapping.
2026-06-30 08:53:33,251 [WARNING] Skipping QuestionType.RANGE due to filter settings.
2026-06-30 08:53:33,251 [WARNING] Warning: No endpoint provided for question type remapping.
2026-06-30 08:53:33,251 [WARNING] Skipping QuestionType.RANGE due to filter settings.
2026-06-30 08:53:33,251 [WARNING] Warning: No endpoint provided for question type remapping.
2026-06-30 08:53:33,251 [WARNING] Skipping QuestionType.RANGE due to filter settings.
2026-06-30 08:53:33,251 [WARNING] Warning: No endpoint provided for question type remapping.
2026-06-30 08:53:33,251 [WARNING] Skipping QuestionType.RANGE due to filter settings.
2026-06-30 08:53:33,251 [WARNING] Warning: No endpoint provided for question type remapping.
2026-06-30 08:53:33,251 [WARNING] Skipping QuestionType.RANGE due to filter settings.
2026-06-30 08:53:33,252 [WARNING] Warning: No endpoint provided for question type remapping.
2026-06-30 08:53:33,252 [WARNING] Skipping QuestionType.RANGE due to filter settings.
2026-06-30 08:53:33,252 [WARNING] Warning: No endpoint provided for question type remapping.
2026-06-30 08:53:33,252 [WARNING] Skipping QuestionType.RANGE due to filter settings.
2026-06-30 08:53:33,254 [WARNING] Warning: No endpoint provided for question type remapping.
2026-06-30 08:53:33,254 [WARNING] Skipping QuestionType.RANGE due to filter settings.
2026-06-30 08:53:33,255 [WARNING] Warning: No endpoint provided for question type remapping.
2026-06-30 08:53:33,255 [WARNING] Skipping QuestionType.RANGE due to filter settings.
2026-06-30 08:53:33,255 [WARNING] Warning: No endpoint provided for question type remapping.
2026-06-30 08:53:33,255 [WARNING] Skipping QuestionType.RANGE due to filter settings.
2026-06-30 08:53:33,257 [WARNING] Warning: No endpoint provided for question type remapping.
2026-06-30 08:53:33,257 [WARNING] Skipping QuestionType.RANGE due to filter settings.
2026-06-30 08:53:33,257 [WARNING] Warning: No endpoint provided for question type remapping.
2026-06-30 08:53:33,257 [WARNING] Skipping QuestionType.RANGE due to filter settings.
2026-06-30 08:53:33,257 [WARNING] Warning: No endpoint provided for question type remapping.
2026-06-30 08:53:33,257 [WARNING] Skipping QuestionType.RANGE due to filter settings.
2026-06-30 08:53:33,257 [WARNING] Warning: No endpoint provided for question type remapping.
2026-06-30 08:53:33,257 [WARNING] Skipping QuestionType.RANGE due to filter settings.
2026-06-30 08:53:33,259 [WARNING] Warning: No endpoint provided for question type remapping.
2026-06-30 08:53:33,259 [WARNING] Skipping QuestionType.RANGE due to filter settings.
2026-06-30 08:53:33,259 [WARNING] Warning: No endpoint provided for question type remapping.
2026-06-30 08:53:33,259 [WARNING] Skipping QuestionType.RANGE due to filter settings.
2026-06-30 08:53:33,259 [WARNING] Warning: No endpoint provided for question type remapping.
2026-06-30 08:53:33,260 [WARNING] Skipping QuestionType.RANGE due to filter settings.
2026-06-30 08:53:33,260 [WARNING] Warning: No endpoint provided for question type remapping.
2026-06-30 08:53:33,260 [WARNING] Skipping QuestionType.RANGE due to filter settings.
2026-06-30 08:53:33,260 [WARNING] Warning: No endpoint provided for question type remapping.
2026-06-30 08:53:33,260 [WARNING] Skipping QuestionType.RANGE due to filter settings.
2026-06-30 08:53:33,260 [WARNING] Warning: No endpoint provided for question type remapping.
2026-06-30 08:53:33,260 [WARNING] Skipping QuestionType.RANGE due to filter settings.
2026-06-30 08:53:33,260 [WARNING] Warning: No endpoint provided for question type remapping.
2026-06-30 08:53:33,260 [WARNING] Skipping QuestionType.RANGE due to filter settings.
2026-06-30 08:53:33,260 [WARNING] Warning: No endpoint provided for question type remapping.
2026-06-30 08:53:33,260 [WARNING] Skipping QuestionType.RANGE due to filter settings.
2026-06-30 08:53:33,262 [WARNING] Warning: No endpoint provided for question type remapping.
2026-06-30 08:53:33,262 [WARNING] Skipping QuestionType.RANGE due to filter settings.
2026-06-30 08:53:33,262 [WARNING] Warning: No endpoint provided for question type remapping.
2026-06-30 08:53:33,265 [WARNING] Skipping QuestionType.RANGE due to filter settings.
2026-06-30 08:53:33,265 [WARNING] Warning: No endpoint provided for question type remapping.
2026-06-30 08:53:33,266 [WARNING] Skipping QuestionType.RANGE due to filter settings.
2026-06-30 08:53:33,266 [WARNING] Warning: No endpoint provided for question type remapping.
2026-06-30 08:53:33,266 [WARNING] Skipping QuestionType.RANGE due to filter settings.
2026-06-30 08:53:33,267 [WARNING] Warning: No endpoint provided for question type remapping.
2026-06-30 08:53:33,267 [WARNING] Skipping QuestionType.RANGE due to filter settings.
2026-06-30 08:53:33,267 [WARNING] Warning: No endpoint provided for question type remapping.
2026-06-30 08:53:33,267 [WARNING] Skipping QuestionType.RANGE due to filter settings.
2026-06-30 08:53:33,267 [WARNING] Warning: No endpoint provided for question type remapping.
2026-06-30 08:53:33,267 [WARNING] Skipping QuestionType.RANGE due to filter settings.
2026-06-30 08:53:33,271 [WARNING] Warning: No endpoint provided for question type remapping.
2026-06-30 08:53:33,271 [WARNING] Skipping QuestionType.RANGE due to filter settings.
2026-06-30 08:53:33,271 [WARNING] Warning: No endpoint provided for question type remapping.
2026-06-30 08:53:33,271 [WARNING] Skipping QuestionType.RANGE due to filter settings.
2026-06-30 08:53:33,271 [WARNING] Warning: No endpoint provided for question type remapping.
2026-06-30 08:53:33,271 [WARNING] Skipping QuestionType.RANGE due to filter settings.
2026-06-30 08:53:33,274 [WARNING] Warning: No endpoint provided for question type remapping.
2026-06-30 08:53:33,276 [WARNING] Skipping QuestionType.RANGE due to filter settings.
2026-06-30 08:53:33,276 [WARNING] Warning: No endpoint provided for question type remapping.
2026-06-30 08:53:33,276 [WARNING] Skipping QuestionType.RANGE due to filter settings.
2026-06-30 08:53:33,276 [WARNING] Warning: No endpoint provided for question type remapping.
2026-06-30 08:53:33,276 [WARNING] Skipping QuestionType.RANGE due to filter settings.
2026-06-30 08:53:33,276 [INFO]     Querying model gemini-2.5-flash with 491 message(s), temperature: 0.2
2026-06-30 08:53:33,276 [WARNING] Message is empty, skipping.
2026-06-30 08:53:33,276 [INFO] ('', None, [{}], {'error': 'Message is empty'})
2026-06-30 08:53:33,276 [WARNING] Message is empty, skipping.
2026-06-30 08:53:33,277 [INFO] ('', None, [{}], {'error': 'Message is empty'})
2026-06-30 08:53:33,277 [WARNING] Message is empty, skipping.
2026-06-30 08:53:33,279 [INFO] ('', None, [{}], {'error': 'Message is empty'})
2026-06-30 08:53:33,280 [WARNING] Message is empty, skipping.
2026-06-30 08:53:33,280 [INFO] ('', None, [{}], {'error': 'Message is empty'})
2026-06-30 08:53:33,280 [WARNING] Message is empty, skipping.
2026-06-30 08:53:33,280 [INFO] ('', None, [{}], {'error': 'Message is empty'})
2026-06-30 08:53:33,280 [WARNING] Message is empty, skipping.
2026-06-30 08:53:33,280 [INFO] ('', None, [{}], {'error': 'Message is empty'})
2026-06-30 08:53:33,280 [WARNING] Message is empty, skipping.
2026-06-30 08:53:33,283 [INFO] ('', None, [{}], {'error': 'Message is empty'})
2026-06-30 08:53:33,283 [WARNING] Message is empty, skipping.
2026-06-30 08:53:33,283 [INFO] ('', None, [{}], {'error': 'Message is empty'})
2026-06-30 08:53:33,283 [WARNING] Message is empty, skipping.
2026-06-30 08:53:33,283 [INFO] ('', None, [{}], {'error': 'Message is empty'})
2026-06-30 08:53:33,283 [WARNING] Message is empty, skipping.
2026-06-30 08:53:33,285 [INFO] ('', None, [{}], {'error': 'Message is empty'})
2026-06-30 08:53:33,285 [WARNING] Message is empty, skipping.
2026-06-30 08:53:33,285 [INFO] ('', None, [{}], {'error': 'Message is empty'})
2026-06-30 08:53:33,285 [WARNING] Message is empty, skipping.
2026-06-30 08:53:33,285 [INFO] ('', None, [{}], {'error': 'Message is empty'})
2026-06-30 08:53:33,285 [WARNING] Message is empty, skipping.
2026-06-30 08:53:33,285 [INFO] ('', None, [{}], {'error': 'Message is empty'})
2026-06-30 08:53:33,285 [WARNING] Message is empty, skipping.
2026-06-30 08:53:33,285 [INFO] ('', None, [{}], {'error': 'Message is empty'})
2026-06-30 08:53:33,285 [WARNING] Message is empty, skipping.
2026-06-30 08:53:33,285 [INFO] ('', None, [{}], {'error': 'Message is empty'})
2026-06-30 08:53:33,285 [WARNING] Message is empty, skipping.
2026-06-30 08:53:33,285 [INFO] ('', None, [{}], {'error': 'Message is empty'})
2026-06-30 08:53:33,285 [WARNING] Message is empty, skipping.
2026-06-30 08:53:33,290 [INFO] ('', None, [{}], {'error': 'Message is empty'})
2026-06-30 08:53:33,290 [WARNING] Message is empty, skipping.
2026-06-30 08:53:33,290 [INFO] ('', None, [{}], {'error': 'Message is empty'})
2026-06-30 08:53:33,290 [WARNING] Message is empty, skipping.
2026-06-30 08:53:33,290 [INFO] ('', None, [{}], {'error': 'Message is empty'})
2026-06-30 08:53:33,290 [WARNING] Message is empty, skipping.
2026-06-30 08:53:33,292 [INFO] ('', None, [{}], {'error': 'Message is empty'})
2026-06-30 08:53:33,292 [WARNING] Message is empty, skipping.
2026-06-30 08:53:33,292 [INFO] ('', None, [{}], {'error': 'Message is empty'})
2026-06-30 08:53:33,292 [WARNING] Message is empty, skipping.
2026-06-30 08:53:33,292 [INFO] ('', None, [{}], {'error': 'Message is empty'})
2026-06-30 08:53:33,292 [WARNING] Message is empty, skipping.
2026-06-30 08:53:33,292 [INFO] ('', None, [{}], {'error': 'Message is empty'})
2026-06-30 08:53:33,292 [WARNING] Message is empty, skipping.
2026-06-30 08:53:33,292 [INFO] ('', None, [{}], {'error': 'Message is empty'})
2026-06-30 08:53:33,293 [WARNING] Message is empty, skipping.
2026-06-30 08:53:33,293 [INFO] ('', None, [{}], {'error': 'Message is empty'})
2026-06-30 08:53:33,293 [WARNING] Message is empty, skipping.
2026-06-30 08:53:33,293 [INFO] ('', None, [{}], {'error': 'Message is empty'})
2026-06-30 08:53:33,293 [WARNING] Message is empty, skipping.
2026-06-30 08:53:33,293 [INFO] ('', None, [{}], {'error': 'Message is empty'})
2026-06-30 08:53:33,293 [WARNING] Message is empty, skipping.
2026-06-30 08:53:33,293 [INFO] ('', None, [{}], {'error': 'Message is empty'})
2026-06-30 08:53:33,293 [WARNING] Message is empty, skipping.
2026-06-30 08:53:33,295 [INFO] ('', None, [{}], {'error': 'Message is empty'})
2026-06-30 08:53:33,295 [WARNING] Message is empty, skipping.
2026-06-30 08:53:33,295 [INFO] ('', None, [{}], {'error': 'Message is empty'})
2026-06-30 08:53:33,295 [WARNING] Message is empty, skipping.
2026-06-30 08:53:33,295 [INFO] ('', None, [{}], {'error': 'Message is empty'})
2026-06-30 08:53:33,295 [WARNING] Message is empty, skipping.
2026-06-30 08:53:33,295 [INFO] ('', None, [{}], {'error': 'Message is empty'})
2026-06-30 08:53:33,295 [WARNING] Message is empty, skipping.
2026-06-30 08:53:33,296 [INFO] ('', None, [{}], {'error': 'Message is empty'})
2026-06-30 08:53:33,299 [WARNING] Message is empty, skipping.
2026-06-30 08:53:33,299 [INFO] ('', None, [{}], {'error': 'Message is empty'})
2026-06-30 08:53:33,299 [WARNING] Message is empty, skipping.
2026-06-30 08:53:33,299 [INFO] ('', None, [{}], {'error': 'Message is empty'})
2026-06-30 08:53:33,299 [WARNING] Message is empty, skipping.
2026-06-30 08:53:33,300 [INFO] ('', None, [{}], {'error': 'Message is empty'})
2026-06-30 08:53:33,302 [WARNING] Message is empty, skipping.
2026-06-30 08:53:33,302 [INFO] ('', None, [{}], {'error': 'Message is empty'})
2026-06-30 08:53:33,302 [WARNING] Message is empty, skipping.
2026-06-30 08:53:33,302 [INFO] ('', None, [{}], {'error': 'Message is empty'})
2026-06-30 08:53:33,302 [WARNING] Message is empty, skipping.
2026-06-30 08:53:33,305 [INFO] ('', None, [{}], {'error': 'Message is empty'})
2026-06-30 08:53:33,309 [WARNING] Message is empty, skipping.
2026-06-30 08:53:33,309 [INFO] ('', None, [{}], {'error': 'Message is empty'})
2026-06-30 08:53:33,309 [WARNING] Message is empty, skipping.
2026-06-30 08:53:33,309 [INFO] ('', None, [{}], {'error': 'Message is empty'})
2026-06-30 08:53:33,310 [WARNING] Message is empty, skipping.
2026-06-30 08:53:33,311 [INFO] ('', None, [{}], {'error': 'Message is empty'})
2026-06-30 08:53:33,311 [WARNING] Message is empty, skipping.
2026-06-30 08:53:33,312 [INFO] ('', None, [{}], {'error': 'Message is empty'})
2026-06-30 08:53:33,313 [WARNING] Message is empty, skipping.
2026-06-30 08:53:33,313 [INFO] ('', None, [{}], {'error': 'Message is empty'})
2026-06-30 08:53:33,313 [WARNING] Message is empty, skipping.
2026-06-30 08:53:33,313 [INFO] ('', None, [{}], {'error': 'Message is empty'})
2026-06-30 08:53:33,313 [WARNING] Message is empty, skipping.
2026-06-30 08:53:33,313 [INFO] ('', None, [{}], {'error': 'Message is empty'})
2026-06-30 08:53:33,313 [WARNING] Message is empty, skipping.
2026-06-30 08:53:33,313 [INFO] ('', None, [{}], {'error': 'Message is empty'})
2026-06-30 08:53:33,313 [WARNING] Message is empty, skipping.
2026-06-30 08:53:33,313 [INFO] ('', None, [{}], {'error': 'Message is empty'})
2026-06-30 08:53:33,313 [WARNING] Message is empty, skipping.
2026-06-30 08:53:33,313 [INFO] ('', None, [{}], {'error': 'Message is empty'})
2026-06-30 08:53:33,313 [WARNING] Message is empty, skipping.
2026-06-30 08:53:33,313 [INFO] ('', None, [{}], {'error': 'Message is empty'})
2026-06-30 08:53:33,313 [WARNING] Message is empty, skipping.
2026-06-30 08:53:33,313 [INFO] ('', None, [{}], {'error': 'Message is empty'})
2026-06-30 08:53:33,313 [WARNING] Message is empty, skipping.
2026-06-30 08:53:33,313 [INFO] ('', None, [{}], {'error': 'Message is empty'})
2026-06-30 08:53:33,314 [WARNING] Message is empty, skipping.
2026-06-30 08:53:33,314 [INFO] ('', None, [{}], {'error': 'Message is empty'})
2026-06-30 08:53:33,314 [WARNING] Message is empty, skipping.
2026-06-30 08:53:33,315 [INFO] ('', None, [{}], {'error': 'Message is empty'})
2026-06-30 08:53:33,315 [WARNING] Message is empty, skipping.
2026-06-30 08:53:33,315 [INFO] ('', None, [{}], {'error': 'Message is empty'})
2026-06-30 08:53:33,316 [WARNING] Message is empty, skipping.
2026-06-30 08:53:33,316 [INFO] ('', None, [{}], {'error': 'Message is empty'})
2026-06-30 08:53:33,316 [WARNING] Message is empty, skipping.
2026-06-30 08:53:33,316 [INFO] ('', None, [{}], {'error': 'Message is empty'})
2026-06-30 08:53:33,316 [WARNING] Message is empty, skipping.
2026-06-30 08:53:33,316 [INFO] ('', None, [{}], {'error': 'Message is empty'})
2026-06-30 08:53:33,318 [WARNING] Message is empty, skipping.
2026-06-30 08:53:33,318 [INFO] ('', None, [{}], {'error': 'Message is empty'})
2026-06-30 08:53:33,318 [WARNING] Message is empty, skipping.
2026-06-30 08:53:33,318 [INFO] ('', None, [{}], {'error': 'Message is empty'})
2026-06-30 08:53:33,318 [WARNING] Message is empty, skipping.
2026-06-30 08:53:33,318 [INFO] ('', None, [{}], {'error': 'Message is empty'})
2026-06-30 08:53:33,318 [WARNING] Message is empty, skipping.
2026-06-30 08:53:33,318 [INFO] ('', None, [{}], {'error': 'Message is empty'})
2026-06-30 08:53:33,318 [WARNING] Message is empty, skipping.
2026-06-30 08:53:33,318 [INFO] ('', None, [{}], {'error': 'Message is empty'})
2026-06-30 08:53:33,318 [WARNING] Message is empty, skipping.
2026-06-30 08:53:33,318 [INFO] ('', None, [{}], {'error': 'Message is empty'})
2026-06-30 08:53:33,318 [WARNING] Message is empty, skipping.
2026-06-30 08:53:33,319 [INFO] ('', None, [{}], {'error': 'Message is empty'})
2026-06-30 08:53:33,319 [WARNING] Message is empty, skipping.
2026-06-30 08:53:33,319 [INFO] ('', None, [{}], {'error': 'Message is empty'})
2026-06-30 08:53:33,321 [WARNING] Message is empty, skipping.
2026-06-30 08:53:33,321 [INFO] ('', None, [{}], {'error': 'Message is empty'})
2026-06-30 08:53:33,321 [WARNING] Message is empty, skipping.
2026-06-30 08:53:33,321 [INFO] ('', None, [{}], {'error': 'Message is empty'})
2026-06-30 08:53:33,321 [WARNING] Message is empty, skipping.
2026-06-30 08:53:33,321 [INFO] ('', None, [{}], {'error': 'Message is empty'})
2026-06-30 08:53:33,321 [WARNING] Message is empty, skipping.
2026-06-30 08:53:33,325 [INFO] ('', None, [{}], {'error': 'Message is empty'})
2026-06-30 08:53:33,325 [WARNING] Message is empty, skipping.
2026-06-30 08:53:33,325 [INFO] ('', None, [{}], {'error': 'Message is empty'})
2026-06-30 08:53:33,325 [WARNING] Message is empty, skipping.
2026-06-30 08:53:33,325 [INFO] ('', None, [{}], {'error': 'Message is empty'})
2026-06-30 08:53:33,326 [WARNING] Message is empty, skipping.
2026-06-30 08:53:33,326 [INFO] ('', None, [{}], {'error': 'Message is empty'})
2026-06-30 08:53:33,326 [WARNING] Message is empty, skipping.
2026-06-30 08:53:33,332 [INFO] ('', None, [{}], {'error': 'Message is empty'})
2026-06-30 08:53:33,332 [WARNING] Message is empty, skipping.
2026-06-30 08:53:33,332 [INFO] ('', None, [{}], {'error': 'Message is empty'})
2026-06-30 08:53:33,332 [WARNING] Message is empty, skipping.
2026-06-30 08:53:33,333 [INFO] ('', None, [{}], {'error': 'Message is empty'})
2026-06-30 08:53:33,333 [WARNING] Message is empty, skipping.
2026-06-30 08:53:33,333 [INFO] ('', None, [{}], {'error': 'Message is empty'})
2026-06-30 08:53:33,333 [WARNING] Message is empty, skipping.
2026-06-30 08:53:33,333 [INFO] ('', None, [{}], {'error': 'Message is empty'})
2026-06-30 08:53:33,335 [WARNING] Message is empty, skipping.
2026-06-30 08:53:33,336 [INFO] ('', None, [{}], {'error': 'Message is empty'})
2026-06-30 08:53:33,336 [WARNING] Message is empty, skipping.
2026-06-30 08:53:33,336 [INFO] ('', None, [{}], {'error': 'Message is empty'})
2026-06-30 08:53:33,339 [WARNING] Message is empty, skipping.
2026-06-30 08:53:33,342 [INFO] ('', None, [{}], {'error': 'Message is empty'})
2026-06-30 08:53:33,342 [WARNING] Message is empty, skipping.
2026-06-30 08:53:33,342 [INFO] ('', None, [{}], {'error': 'Message is empty'})
2026-06-30 08:53:33,342 [WARNING] Message is empty, skipping.
2026-06-30 08:53:33,344 [INFO] ('', None, [{}], {'error': 'Message is empty'})
2026-06-30 08:53:33,344 [WARNING] Message is empty, skipping.
2026-06-30 08:53:33,344 [INFO] ('', None, [{}], {'error': 'Message is empty'})
2026-06-30 08:53:33,344 [WARNING] Message is empty, skipping.
2026-06-30 08:53:33,345 [INFO] ('', None, [{}], {'error': 'Message is empty'})
2026-06-30 08:53:33,345 [WARNING] Message is empty, skipping.
2026-06-30 08:53:33,345 [INFO] ('', None, [{}], {'error': 'Message is empty'})
2026-06-30 08:53:33,345 [WARNING] Message is empty, skipping.
2026-06-30 08:53:33,347 [INFO] ('', None, [{}], {'error': 'Message is empty'})
2026-06-30 08:53:33,347 [WARNING] Message is empty, skipping.
2026-06-30 08:53:33,348 [INFO] ('', None, [{}], {'error': 'Message is empty'})
2026-06-30 08:53:33,348 [WARNING] Message is empty, skipping.
2026-06-30 08:53:33,349 [INFO] ('', None, [{}], {'error': 'Message is empty'})
2026-06-30 08:53:33,349 [WARNING] Message is empty, skipping.
2026-06-30 08:53:33,349 [INFO] ('', None, [{}], {'error': 'Message is empty'})
2026-06-30 08:53:33,349 [WARNING] Message is empty, skipping.
2026-06-30 08:53:33,350 [INFO] ('', None, [{}], {'error': 'Message is empty'})
2026-06-30 08:53:33,350 [WARNING] Message is empty, skipping.
2026-06-30 08:53:33,350 [INFO] ('', None, [{}], {'error': 'Message is empty'})
2026-06-30 08:53:33,350 [WARNING] Message is empty, skipping.
2026-06-30 08:53:33,351 [INFO] ('', None, [{}], {'error': 'Message is empty'})
2026-06-30 08:53:33,351 [WARNING] Message is empty, skipping.
2026-06-30 08:53:33,351 [INFO] ('', None, [{}], {'error': 'Message is empty'})
2026-06-30 08:53:33,351 [WARNING] Message is empty, skipping.
2026-06-30 08:53:33,352 [INFO] ('', None, [{}], {'error': 'Message is empty'})
2026-06-30 08:53:33,352 [WARNING] Message is empty, skipping.
2026-06-30 08:53:33,352 [INFO] ('', None, [{}], {'error': 'Message is empty'})
2026-06-30 08:53:33,352 [WARNING] Message is empty, skipping.
2026-06-30 08:53:33,353 [INFO] ('', None, [{}], {'error': 'Message is empty'})
2026-06-30 08:53:33,354 [WARNING] Message is empty, skipping.
2026-06-30 08:53:33,354 [INFO] ('', None, [{}], {'error': 'Message is empty'})
2026-06-30 08:53:33,354 [WARNING] Message is empty, skipping.
2026-06-30 08:53:33,354 [INFO] ('', None, [{}], {'error': 'Message is empty'})
2026-06-30 08:53:33,355 [WARNING] Message is empty, skipping.
2026-06-30 08:53:33,355 [INFO] ('', None, [{}], {'error': 'Message is empty'})
2026-06-30 08:53:33,355 [WARNING] Message is empty, skipping.
2026-06-30 08:53:33,356 [INFO] ('', None, [{}], {'error': 'Message is empty'})
2026-06-30 08:53:33,356 [WARNING] Message is empty, skipping.
2026-06-30 08:53:33,356 [INFO] ('', None, [{}], {'error': 'Message is empty'})
2026-06-30 08:53:33,356 [WARNING] Message is empty, skipping.
2026-06-30 08:53:33,357 [INFO] ('', None, [{}], {'error': 'Message is empty'})
2026-06-30 08:53:33,357 [WARNING] Message is empty, skipping.
2026-06-30 08:53:33,357 [INFO] ('', None, [{}], {'error': 'Message is empty'})
2026-06-30 08:53:33,358 [WARNING] Message is empty, skipping.
2026-06-30 08:53:33,358 [INFO] ('', None, [{}], {'error': 'Message is empty'})
2026-06-30 08:53:33,358 [WARNING] Message is empty, skipping.
2026-06-30 08:53:33,359 [INFO] ('', None, [{}], {'error': 'Message is empty'})
2026-06-30 08:53:33,359 [WARNING] Message is empty, skipping.
2026-06-30 08:53:33,359 [INFO] ('', None, [{}], {'error': 'Message is empty'})
2026-06-30 08:53:33,359 [WARNING] Message is empty, skipping.
2026-06-30 08:53:33,359 [INFO] ('', None, [{}], {'error': 'Message is empty'})
2026-06-30 08:53:33,359 [WARNING] Message is empty, skipping.
2026-06-30 08:53:33,359 [INFO] ('', None, [{}], {'error': 'Message is empty'})
2026-06-30 08:53:33,359 [WARNING] Message is empty, skipping.
2026-06-30 08:53:33,359 [INFO] ('', None, [{}], {'error': 'Message is empty'})
2026-06-30 08:53:33,359 [WARNING] Message is empty, skipping.
2026-06-30 08:53:33,361 [INFO] ('', None, [{}], {'error': 'Message is empty'})
2026-06-30 08:53:33,361 [WARNING] Message is empty, skipping.
2026-06-30 08:53:33,361 [INFO] ('', None, [{}], {'error': 'Message is empty'})
2026-06-30 08:53:33,362 [WARNING] Message is empty, skipping.
2026-06-30 08:53:33,362 [INFO] ('', None, [{}], {'error': 'Message is empty'})
2026-06-30 08:53:33,362 [WARNING] Message is empty, skipping.
2026-06-30 08:53:33,362 [INFO] ('', None, [{}], {'error': 'Message is empty'})
2026-06-30 08:53:33,363 [WARNING] Message is empty, skipping.
2026-06-30 08:53:33,363 [INFO] ('', None, [{}], {'error': 'Message is empty'})
2026-06-30 08:53:33,363 [WARNING] Message is empty, skipping.
2026-06-30 08:53:33,363 [INFO] ('', None, [{}], {'error': 'Message is empty'})
2026-06-30 08:53:33,364 [WARNING] Message is empty, skipping.
2026-06-30 08:53:33,364 [INFO] ('', None, [{}], {'error': 'Message is empty'})
2026-06-30 08:53:33,364 [WARNING] Message is empty, skipping.
2026-06-30 08:53:33,364 [INFO] ('', None, [{}], {'error': 'Message is empty'})
2026-06-30 08:53:33,365 [WARNING] Message is empty, skipping.
2026-06-30 08:53:33,365 [INFO] ('', None, [{}], {'error': 'Message is empty'})
2026-06-30 08:53:33,365 [WARNING] Message is empty, skipping.
2026-06-30 08:53:33,366 [INFO] ('', None, [{}], {'error': 'Message is empty'})
2026-06-30 08:53:33,366 [WARNING] Message is empty, skipping.
2026-06-30 08:53:33,366 [INFO] ('', None, [{}], {'error': 'Message is empty'})
2026-06-30 08:53:33,366 [WARNING] Message is empty, skipping.
2026-06-30 08:53:33,366 [INFO] ('', None, [{}], {'error': 'Message is empty'})
2026-06-30 08:53:33,367 [WARNING] Message is empty, skipping.
2026-06-30 08:53:33,367 [INFO] ('', None, [{}], {'error': 'Message is empty'})
2026-06-30 08:53:33,367 [WARNING] Message is empty, skipping.
2026-06-30 08:53:33,367 [INFO] ('', None, [{}], {'error': 'Message is empty'})
2026-06-30 08:53:33,368 [WARNING] Message is empty, skipping.
2026-06-30 08:53:33,368 [INFO] ('', None, [{}], {'error': 'Message is empty'})
2026-06-30 08:53:33,368 [WARNING] Message is empty, skipping.
2026-06-30 08:53:33,369 [INFO] ('', None, [{}], {'error': 'Message is empty'})
2026-06-30 08:53:33,370 [WARNING] Message is empty, skipping.
2026-06-30 08:53:33,370 [INFO] ('', None, [{}], {'error': 'Message is empty'})
2026-06-30 08:53:33,370 [WARNING] Message is empty, skipping.
2026-06-30 08:53:33,371 [INFO] ('', None, [{}], {'error': 'Message is empty'})
2026-06-30 08:53:33,371 [WARNING] Message is empty, skipping.
2026-06-30 08:53:33,371 [INFO] ('', None, [{}], {'error': 'Message is empty'})
2026-06-30 08:53:33,371 [WARNING] Message is empty, skipping.
2026-06-30 08:53:33,372 [INFO] ('', None, [{}], {'error': 'Message is empty'})
2026-06-30 08:53:33,372 [WARNING] Message is empty, skipping.
2026-06-30 08:53:33,372 [INFO] ('', None, [{}], {'error': 'Message is empty'})
2026-06-30 08:53:33,372 [WARNING] Message is empty, skipping.
2026-06-30 08:53:33,373 [INFO] ('', None, [{}], {'error': 'Message is empty'})
2026-06-30 08:53:33,373 [WARNING] Message is empty, skipping.
2026-06-30 08:53:33,373 [INFO] ('', None, [{}], {'error': 'Message is empty'})
2026-06-30 08:53:33,373 [WARNING] Message is empty, skipping.
2026-06-30 08:53:33,374 [INFO] ('', None, [{}], {'error': 'Message is empty'})
2026-06-30 08:53:33,374 [WARNING] Message is empty, skipping.
2026-06-30 08:53:33,374 [INFO] ('', None, [{}], {'error': 'Message is empty'})
2026-06-30 08:53:33,374 [WARNING] Message is empty, skipping.
2026-06-30 08:53:33,374 [INFO] ('', None, [{}], {'error': 'Message is empty'})
2026-06-30 08:53:33,375 [WARNING] Message is empty, skipping.
2026-06-30 08:53:33,375 [INFO] ('', None, [{}], {'error': 'Message is empty'})
2026-06-30 08:53:33,376 [WARNING] Message is empty, skipping.
2026-06-30 08:53:33,376 [INFO] ('', None, [{}], {'error': 'Message is empty'})
2026-06-30 08:53:33,376 [WARNING] Message is empty, skipping.
2026-06-30 08:53:33,376 [INFO] ('', None, [{}], {'error': 'Message is empty'})
2026-06-30 08:53:33,377 [WARNING] Message is empty, skipping.
2026-06-30 08:53:33,377 [INFO] ('', None, [{}], {'error': 'Message is empty'})
2026-06-30 08:53:33,377 [WARNING] Message is empty, skipping.
2026-06-30 08:53:33,377 [INFO] ('', None, [{}], {'error': 'Message is empty'})
2026-06-30 08:53:33,377 [WARNING] Message is empty, skipping.
2026-06-30 08:53:33,380 [INFO] ('', None, [{}], {'error': 'Message is empty'})
2026-06-30 08:53:33,381 [WARNING] Message is empty, skipping.
2026-06-30 08:53:33,381 [INFO] ('', None, [{}], {'error': 'Message is empty'})
2026-06-30 08:53:33,381 [WARNING] Message is empty, skipping.
2026-06-30 08:53:33,381 [INFO] ('', None, [{}], {'error': 'Message is empty'})
2026-06-30 08:53:33,381 [WARNING] Message is empty, skipping.
2026-06-30 08:53:33,381 [INFO] ('', None, [{}], {'error': 'Message is empty'})
2026-06-30 08:53:33,381 [WARNING] Message is empty, skipping.
2026-06-30 08:53:33,381 [INFO] ('', None, [{}], {'error': 'Message is empty'})
2026-06-30 08:53:33,383 [WARNING] Message is empty, skipping.
2026-06-30 08:53:33,383 [INFO] ('', None, [{}], {'error': 'Message is empty'})
2026-06-30 08:53:33,383 [WARNING] Message is empty, skipping.
2026-06-30 08:53:33,383 [INFO] ('', None, [{}], {'error': 'Message is empty'})
2026-06-30 08:53:33,384 [WARNING] Message is empty, skipping.
2026-06-30 08:53:33,384 [INFO] ('', None, [{}], {'error': 'Message is empty'})
2026-06-30 08:53:33,384 [WARNING] Message is empty, skipping.
2026-06-30 08:53:33,384 [INFO] ('', None, [{}], {'error': 'Message is empty'})
2026-06-30 08:53:33,384 [WARNING] Message is empty, skipping.
2026-06-30 08:53:33,387 [INFO] ('', None, [{}], {'error': 'Message is empty'})
2026-06-30 08:53:33,388 [WARNING] Message is empty, skipping.
2026-06-30 08:53:33,388 [INFO] ('', None, [{}], {'error': 'Message is empty'})
2026-06-30 08:53:33,388 [WARNING] Message is empty, skipping.
2026-06-30 08:53:33,388 [INFO] ('', None, [{}], {'error': 'Message is empty'})
2026-06-30 08:53:33,392 [WARNING] Message is empty, skipping.
2026-06-30 08:53:33,392 [INFO] ('', None, [{}], {'error': 'Message is empty'})
2026-06-30 08:53:33,392 [WARNING] Message is empty, skipping.
2026-06-30 08:53:33,393 [INFO] ('', None, [{}], {'error': 'Message is empty'})
2026-06-30 08:53:33,393 [WARNING] Message is empty, skipping.
2026-06-30 08:53:33,393 [INFO] ('', None, [{}], {'error': 'Message is empty'})
2026-06-30 08:53:33,394 [WARNING] Message is empty, skipping.
2026-06-30 08:53:33,394 [INFO] ('', None, [{}], {'error': 'Message is empty'})
2026-06-30 08:53:33,394 [WARNING] Message is empty, skipping.
2026-06-30 08:53:33,396 [INFO] ('', None, [{}], {'error': 'Message is empty'})
2026-06-30 08:53:33,397 [WARNING] Message is empty, skipping.
2026-06-30 08:53:33,397 [INFO] ('', None, [{}], {'error': 'Message is empty'})
2026-06-30 08:53:33,397 [WARNING] Message is empty, skipping.
2026-06-30 08:53:33,398 [INFO] ('', None, [{}], {'error': 'Message is empty'})
2026-06-30 08:53:33,398 [WARNING] Message is empty, skipping.
2026-06-30 08:53:33,398 [INFO] ('', None, [{}], {'error': 'Message is empty'})
2026-06-30 08:53:33,398 [WARNING] Message is empty, skipping.
2026-06-30 08:53:33,398 [INFO] ('', None, [{}], {'error': 'Message is empty'})
2026-06-30 08:53:33,399 [WARNING] Message is empty, skipping.
2026-06-30 08:53:33,399 [INFO] ('', None, [{}], {'error': 'Message is empty'})
2026-06-30 08:53:33,399 [WARNING] Message is empty, skipping.
2026-06-30 08:53:33,399 [INFO] ('', None, [{}], {'error': 'Message is empty'})
2026-06-30 08:53:33,399 [WARNING] Message is empty, skipping.
2026-06-30 08:53:33,400 [INFO] ('', None, [{}], {'error': 'Message is empty'})
2026-06-30 08:53:33,400 [WARNING] Message is empty, skipping.
2026-06-30 08:53:33,403 [INFO] ('', None, [{}], {'error': 'Message is empty'})
2026-06-30 08:53:33,403 [WARNING] Message is empty, skipping.
2026-06-30 08:53:33,403 [INFO] ('', None, [{}], {'error': 'Message is empty'})
2026-06-30 08:53:33,403 [WARNING] Message is empty, skipping.
2026-06-30 08:53:33,403 [INFO] ('', None, [{}], {'error': 'Message is empty'})
2026-06-30 08:53:33,406 [WARNING] Message is empty, skipping.
2026-06-30 08:53:33,408 [INFO] ('', None, [{}], {'error': 'Message is empty'})
2026-06-30 08:53:33,409 [WARNING] Message is empty, skipping.
2026-06-30 08:53:33,409 [INFO] ('', None, [{}], {'error': 'Message is empty'})
2026-06-30 08:53:33,409 [WARNING] Message is empty, skipping.
2026-06-30 08:53:33,409 [INFO] ('', None, [{}], {'error': 'Message is empty'})
2026-06-30 08:53:33,409 [WARNING] Message is empty, skipping.
2026-06-30 08:53:33,409 [INFO] ('', None, [{}], {'error': 'Message is empty'})
2026-06-30 08:53:33,409 [WARNING] Message is empty, skipping.
2026-06-30 08:53:33,410 [INFO] ('', None, [{}], {'error': 'Message is empty'})
2026-06-30 08:53:33,410 [WARNING] Message is empty, skipping.
2026-06-30 08:53:33,410 [INFO] ('', None, [{}], {'error': 'Message is empty'})
2026-06-30 08:53:33,410 [WARNING] Message is empty, skipping.
2026-06-30 08:53:33,410 [INFO] ('', None, [{}], {'error': 'Message is empty'})
2026-06-30 08:53:33,410 [WARNING] Message is empty, skipping.
2026-06-30 08:53:33,410 [INFO] ('', None, [{}], {'error': 'Message is empty'})
2026-06-30 08:53:33,410 [WARNING] Message is empty, skipping.
2026-06-30 08:53:33,410 [INFO] ('', None, [{}], {'error': 'Message is empty'})
2026-06-30 08:53:33,410 [WARNING] Message is empty, skipping.
2026-06-30 08:53:33,410 [INFO] ('', None, [{}], {'error': 'Message is empty'})
2026-06-30 08:53:33,410 [WARNING] Message is empty, skipping.
2026-06-30 08:53:33,410 [INFO] ('', None, [{}], {'error': 'Message is empty'})
2026-06-30 08:53:33,410 [WARNING] Message is empty, skipping.
2026-06-30 08:53:33,410 [INFO] ('', None, [{}], {'error': 'Message is empty'})
2026-06-30 08:53:33,410 [WARNING] Message is empty, skipping.
2026-06-30 08:53:33,410 [INFO] ('', None, [{}], {'error': 'Message is empty'})
2026-06-30 08:53:33,410 [WARNING] Message is empty, skipping.
2026-06-30 08:53:33,410 [INFO] ('', None, [{}], {'error': 'Message is empty'})
2026-06-30 08:53:33,410 [WARNING] Message is empty, skipping.
2026-06-30 08:53:33,410 [INFO] ('', None, [{}], {'error': 'Message is empty'})
2026-06-30 08:53:33,410 [WARNING] Message is empty, skipping.
2026-06-30 08:53:33,410 [INFO] ('', None, [{}], {'error': 'Message is empty'})
2026-06-30 08:53:33,410 [WARNING] Message is empty, skipping.
2026-06-30 08:53:33,410 [INFO] ('', None, [{}], {'error': 'Message is empty'})
2026-06-30 08:53:33,411 [WARNING] Message is empty, skipping.
2026-06-30 08:53:33,411 [INFO] ('', None, [{}], {'error': 'Message is empty'})
2026-06-30 08:53:33,411 [WARNING] Message is empty, skipping.
2026-06-30 08:53:33,411 [INFO] ('', None, [{}], {'error': 'Message is empty'})
2026-06-30 08:53:33,411 [WARNING] Message is empty, skipping.
2026-06-30 08:53:33,411 [INFO] ('', None, [{}], {'error': 'Message is empty'})
2026-06-30 08:53:33,411 [WARNING] Message is empty, skipping.
2026-06-30 08:53:33,411 [INFO] ('', None, [{}], {'error': 'Message is empty'})
2026-06-30 08:53:33,411 [WARNING] Message is empty, skipping.
2026-06-30 08:53:33,411 [INFO] ('', None, [{}], {'error': 'Message is empty'})
2026-06-30 08:53:33,411 [WARNING] Message is empty, skipping.
2026-06-30 08:53:33,411 [INFO] ('', None, [{}], {'error': 'Message is empty'})
2026-06-30 08:53:33,411 [WARNING] Message is empty, skipping.
2026-06-30 08:53:33,411 [INFO] ('', None, [{}], {'error': 'Message is empty'})
2026-06-30 08:53:33,411 [WARNING] Message is empty, skipping.
2026-06-30 08:53:33,411 [INFO] ('', None, [{}], {'error': 'Message is empty'})
2026-06-30 08:53:33,411 [WARNING] Message is empty, skipping.
2026-06-30 08:53:33,411 [INFO] ('', None, [{}], {'error': 'Message is empty'})
2026-06-30 08:53:33,412 [WARNING] Message is empty, skipping.
2026-06-30 08:53:33,412 [INFO] ('', None, [{}], {'error': 'Message is empty'})
2026-06-30 08:53:33,412 [WARNING] Message is empty, skipping.
2026-06-30 08:53:33,412 [INFO] ('', None, [{}], {'error': 'Message is empty'})
2026-06-30 08:53:33,412 [WARNING] Message is empty, skipping.
2026-06-30 08:53:33,412 [INFO] ('', None, [{}], {'error': 'Message is empty'})
2026-06-30 08:53:33,412 [WARNING] Message is empty, skipping.
2026-06-30 08:53:33,412 [INFO] ('', None, [{}], {'error': 'Message is empty'})
2026-06-30 08:53:33,413 [WARNING] Message is empty, skipping.
2026-06-30 08:53:33,413 [INFO] ('', None, [{}], {'error': 'Message is empty'})
2026-06-30 08:53:33,413 [WARNING] Message is empty, skipping.
2026-06-30 08:53:33,413 [INFO] ('', None, [{}], {'error': 'Message is empty'})
2026-06-30 08:53:33,413 [WARNING] Message is empty, skipping.
2026-06-30 08:53:33,413 [INFO] ('', None, [{}], {'error': 'Message is empty'})
2026-06-30 08:53:33,413 [WARNING] Message is empty, skipping.
2026-06-30 08:53:33,413 [INFO] ('', None, [{}], {'error': 'Message is empty'})
2026-06-30 08:53:33,413 [WARNING] Message is empty, skipping.
2026-06-30 08:53:33,414 [INFO] ('', None, [{}], {'error': 'Message is empty'})
2026-06-30 08:53:33,414 [WARNING] Message is empty, skipping.
2026-06-30 08:53:33,414 [INFO] ('', None, [{}], {'error': 'Message is empty'})
2026-06-30 08:53:33,414 [WARNING] Message is empty, skipping.
2026-06-30 08:53:33,414 [INFO] ('', None, [{}], {'error': 'Message is empty'})
2026-06-30 08:53:33,414 [WARNING] Message is empty, skipping.
2026-06-30 08:53:33,414 [INFO] ('', None, [{}], {'error': 'Message is empty'})
2026-06-30 08:53:33,414 [WARNING] Message is empty, skipping.
2026-06-30 08:53:33,414 [INFO] ('', None, [{}], {'error': 'Message is empty'})
2026-06-30 08:53:33,414 [WARNING] Message is empty, skipping.
2026-06-30 08:53:33,414 [INFO] ('', None, [{}], {'error': 'Message is empty'})
2026-06-30 08:53:33,414 [WARNING] Message is empty, skipping.
2026-06-30 08:53:33,414 [INFO] ('', None, [{}], {'error': 'Message is empty'})
2026-06-30 08:53:33,414 [WARNING] Message is empty, skipping.
2026-06-30 08:53:33,416 [INFO] ('', None, [{}], {'error': 'Message is empty'})
2026-06-30 08:53:33,416 [WARNING] Message is empty, skipping.
2026-06-30 08:53:33,416 [INFO] ('', None, [{}], {'error': 'Message is empty'})
2026-06-30 08:53:33,416 [WARNING] Message is empty, skipping.
2026-06-30 08:53:33,416 [INFO] ('', None, [{}], {'error': 'Message is empty'})
2026-06-30 08:53:33,416 [WARNING] Message is empty, skipping.
2026-06-30 08:53:33,416 [INFO] ('', None, [{}], {'error': 'Message is empty'})
2026-06-30 08:53:33,416 [WARNING] Message is empty, skipping.
2026-06-30 08:53:33,417 [INFO] ('', None, [{}], {'error': 'Message is empty'})
2026-06-30 08:53:33,417 [WARNING] Message is empty, skipping.
2026-06-30 08:53:33,417 [INFO] ('', None, [{}], {'error': 'Message is empty'})
2026-06-30 08:53:33,418 [WARNING] Message is empty, skipping.
2026-06-30 08:53:33,418 [INFO] ('', None, [{}], {'error': 'Message is empty'})
2026-06-30 08:53:33,418 [WARNING] Message is empty, skipping.
2026-06-30 08:53:33,418 [INFO] ('', None, [{}], {'error': 'Message is empty'})
2026-06-30 08:53:33,420 [WARNING] Message is empty, skipping.
2026-06-30 08:53:33,420 [INFO] ('', None, [{}], {'error': 'Message is empty'})
2026-06-30 08:53:33,420 [WARNING] Message is empty, skipping.
2026-06-30 08:53:33,421 [INFO] ('', None, [{}], {'error': 'Message is empty'})
2026-06-30 08:53:33,421 [WARNING] Message is empty, skipping.
2026-06-30 08:53:33,421 [INFO] ('', None, [{}], {'error': 'Message is empty'})
2026-06-30 08:53:33,423 [WARNING] Message is empty, skipping.
2026-06-30 08:53:33,426 [INFO] ('', None, [{}], {'error': 'Message is empty'})
2026-06-30 08:53:33,426 [WARNING] Message is empty, skipping.
2026-06-30 08:53:33,426 [INFO] ('', None, [{}], {'error': 'Message is empty'})
2026-06-30 08:53:33,426 [WARNING] Message is empty, skipping.
2026-06-30 08:53:33,426 [INFO] ('', None, [{}], {'error': 'Message is empty'})
2026-06-30 08:53:33,426 [WARNING] Message is empty, skipping.
2026-06-30 08:53:33,426 [INFO] ('', None, [{}], {'error': 'Message is empty'})
2026-06-30 08:53:33,426 [WARNING] Message is empty, skipping.
2026-06-30 08:53:33,426 [INFO] ('', None, [{}], {'error': 'Message is empty'})
2026-06-30 08:53:33,426 [WARNING] Message is empty, skipping.
2026-06-30 08:53:33,426 [INFO] ('', None, [{}], {'error': 'Message is empty'})
2026-06-30 08:53:33,427 [WARNING] Message is empty, skipping.
2026-06-30 08:53:33,427 [INFO] ('', None, [{}], {'error': 'Message is empty'})
2026-06-30 08:53:33,427 [WARNING] Message is empty, skipping.
2026-06-30 08:53:33,427 [INFO] ('', None, [{}], {'error': 'Message is empty'})
2026-06-30 08:53:33,427 [WARNING] Message is empty, skipping.
2026-06-30 08:53:33,427 [INFO] ('', None, [{}], {'error': 'Message is empty'})
2026-06-30 08:53:33,428 [WARNING] Message is empty, skipping.
2026-06-30 08:53:33,428 [INFO] ('', None, [{}], {'error': 'Message is empty'})
2026-06-30 08:53:33,428 [WARNING] Message is empty, skipping.
2026-06-30 08:53:33,428 [INFO] ('', None, [{}], {'error': 'Message is empty'})
2026-06-30 08:53:33,428 [WARNING] Message is empty, skipping.
2026-06-30 08:53:33,428 [INFO] ('', None, [{}], {'error': 'Message is empty'})
2026-06-30 08:53:33,428 [WARNING] Message is empty, skipping.
2026-06-30 08:53:33,433 [INFO] ('', None, [{}], {'error': 'Message is empty'})
2026-06-30 08:53:33,433 [WARNING] Message is empty, skipping.
2026-06-30 08:53:33,433 [INFO] ('', None, [{}], {'error': 'Message is empty'})
2026-06-30 08:53:33,433 [WARNING] Message is empty, skipping.
2026-06-30 08:53:33,433 [INFO] ('', None, [{}], {'error': 'Message is empty'})
2026-06-30 08:53:33,433 [WARNING] Message is empty, skipping.
2026-06-30 08:53:33,433 [INFO] ('', None, [{}], {'error': 'Message is empty'})
2026-06-30 08:53:33,433 [WARNING] Message is empty, skipping.
2026-06-30 08:53:33,433 [INFO] ('', None, [{}], {'error': 'Message is empty'})
2026-06-30 08:53:33,433 [WARNING] Message is empty, skipping.
2026-06-30 08:53:33,433 [INFO] ('', None, [{}], {'error': 'Message is empty'})
2026-06-30 08:53:33,433 [WARNING] Message is empty, skipping.
2026-06-30 08:53:33,434 [INFO] ('', None, [{}], {'error': 'Message is empty'})
2026-06-30 08:53:33,434 [WARNING] Message is empty, skipping.
2026-06-30 08:53:33,434 [INFO] ('', None, [{}], {'error': 'Message is empty'})
2026-06-30 08:53:33,435 [WARNING] Message is empty, skipping.
2026-06-30 08:53:33,436 [INFO] ('', None, [{}], {'error': 'Message is empty'})
2026-06-30 08:53:33,436 [WARNING] Message is empty, skipping.
2026-06-30 08:53:33,436 [INFO] ('', None, [{}], {'error': 'Message is empty'})
2026-06-30 08:53:33,436 [WARNING] Message is empty, skipping.
2026-06-30 08:53:33,437 [INFO] ('', None, [{}], {'error': 'Message is empty'})
2026-06-30 08:53:33,437 [WARNING] Message is empty, skipping.
2026-06-30 08:53:33,437 [INFO] ('', None, [{}], {'error': 'Message is empty'})
2026-06-30 08:53:33,437 [WARNING] Message is empty, skipping.
2026-06-30 08:53:33,437 [INFO] ('', None, [{}], {'error': 'Message is empty'})
2026-06-30 08:53:33,437 [WARNING] Message is empty, skipping.
2026-06-30 08:53:33,437 [INFO] ('', None, [{}], {'error': 'Message is empty'})
2026-06-30 08:53:33,437 [WARNING] Message is empty, skipping.
2026-06-30 08:53:33,438 [INFO] ('', None, [{}], {'error': 'Message is empty'})
2026-06-30 08:53:33,438 [WARNING] Message is empty, skipping.
2026-06-30 08:53:33,438 [INFO] ('', None, [{}], {'error': 'Message is empty'})
2026-06-30 08:53:33,438 [WARNING] Message is empty, skipping.
2026-06-30 08:53:33,440 [INFO] ('', None, [{}], {'error': 'Message is empty'})
2026-06-30 08:53:33,440 [WARNING] Message is empty, skipping.
2026-06-30 08:53:33,440 [INFO] ('', None, [{}], {'error': 'Message is empty'})
2026-06-30 08:53:33,440 [WARNING] Message is empty, skipping.
2026-06-30 08:53:33,440 [INFO] ('', None, [{}], {'error': 'Message is empty'})
2026-06-30 08:53:33,440 [WARNING] Message is empty, skipping.
2026-06-30 08:53:33,448 [INFO] ('', None, [{}], {'error': 'Message is empty'})
2026-06-30 08:53:33,448 [WARNING] Message is empty, skipping.
2026-06-30 08:53:33,448 [INFO] ('', None, [{}], {'error': 'Message is empty'})
2026-06-30 08:53:33,448 [WARNING] Message is empty, skipping.
2026-06-30 08:53:33,448 [INFO] ('', None, [{}], {'error': 'Message is empty'})
2026-06-30 08:53:33,448 [WARNING] Message is empty, skipping.
2026-06-30 08:53:33,448 [INFO] ('', None, [{}], {'error': 'Message is empty'})
2026-06-30 08:53:33,448 [WARNING] Message is empty, skipping.
2026-06-30 08:53:33,448 [INFO] ('', None, [{}], {'error': 'Message is empty'})
2026-06-30 08:53:33,448 [WARNING] Message is empty, skipping.
2026-06-30 08:53:33,448 [INFO] ('', None, [{}], {'error': 'Message is empty'})
2026-06-30 08:53:33,448 [WARNING] Message is empty, skipping.
2026-06-30 08:53:33,450 [INFO] ('', None, [{}], {'error': 'Message is empty'})
2026-06-30 08:53:33,450 [WARNING] Message is empty, skipping.
2026-06-30 08:53:33,451 [INFO] ('', None, [{}], {'error': 'Message is empty'})
2026-06-30 08:53:33,451 [WARNING] Message is empty, skipping.
2026-06-30 08:53:33,451 [INFO] ('', None, [{}], {'error': 'Message is empty'})
2026-06-30 08:53:33,451 [WARNING] Message is empty, skipping.
2026-06-30 08:53:33,451 [INFO] ('', None, [{}], {'error': 'Message is empty'})
2026-06-30 08:53:33,451 [WARNING] Message is empty, skipping.
2026-06-30 08:53:33,451 [INFO] ('', None, [{}], {'error': 'Message is empty'})
2026-06-30 08:53:33,451 [WARNING] Message is empty, skipping.
2026-06-30 08:53:33,454 [INFO] ('', None, [{}], {'error': 'Message is empty'})
2026-06-30 08:53:33,454 [WARNING] Message is empty, skipping.
2026-06-30 08:53:33,455 [INFO] ('', None, [{}], {'error': 'Message is empty'})
2026-06-30 08:53:33,455 [WARNING] Message is empty, skipping.
2026-06-30 08:53:33,455 [INFO] ('', None, [{}], {'error': 'Message is empty'})
2026-06-30 08:53:33,455 [WARNING] Message is empty, skipping.
2026-06-30 08:53:33,456 [INFO] ('', None, [{}], {'error': 'Message is empty'})
2026-06-30 08:53:33,456 [WARNING] Message is empty, skipping.
2026-06-30 08:53:33,456 [INFO] ('', None, [{}], {'error': 'Message is empty'})
2026-06-30 08:53:33,456 [WARNING] Message is empty, skipping.
2026-06-30 08:53:33,457 [INFO] ('', None, [{}], {'error': 'Message is empty'})
2026-06-30 08:53:33,457 [WARNING] Message is empty, skipping.
2026-06-30 08:53:33,457 [INFO] ('', None, [{}], {'error': 'Message is empty'})
2026-06-30 08:53:33,458 [WARNING] Message is empty, skipping.
2026-06-30 08:53:33,458 [INFO] ('', None, [{}], {'error': 'Message is empty'})
2026-06-30 08:53:33,458 [WARNING] Message is empty, skipping.
2026-06-30 08:53:33,458 [INFO] ('', None, [{}], {'error': 'Message is empty'})
2026-06-30 08:53:33,459 [WARNING] Message is empty, skipping.
2026-06-30 08:53:33,459 [INFO] ('', None, [{}], {'error': 'Message is empty'})
2026-06-30 08:53:33,460 [WARNING] Message is empty, skipping.
2026-06-30 08:53:33,460 [INFO] ('', None, [{}], {'error': 'Message is empty'})
2026-06-30 08:53:33,460 [WARNING] Message is empty, skipping.
2026-06-30 08:53:33,460 [INFO] ('', None, [{}], {'error': 'Message is empty'})
2026-06-30 08:53:33,461 [WARNING] Message is empty, skipping.
2026-06-30 08:53:33,461 [INFO] ('', None, [{}], {'error': 'Message is empty'})
2026-06-30 08:53:33,461 [WARNING] Message is empty, skipping.
2026-06-30 08:53:33,461 [INFO] ('', None, [{}], {'error': 'Message is empty'})
2026-06-30 08:53:33,462 [WARNING] Message is empty, skipping.
2026-06-30 08:53:33,462 [INFO] ('', None, [{}], {'error': 'Message is empty'})
2026-06-30 08:53:33,463 [WARNING] Message is empty, skipping.
2026-06-30 08:53:33,463 [INFO] ('', None, [{}], {'error': 'Message is empty'})
2026-06-30 08:53:33,463 [WARNING] Message is empty, skipping.
2026-06-30 08:53:33,463 [INFO] ('', None, [{}], {'error': 'Message is empty'})
2026-06-30 08:53:33,463 [WARNING] Message is empty, skipping.
2026-06-30 08:53:33,464 [INFO] ('', None, [{}], {'error': 'Message is empty'})
2026-06-30 08:53:33,465 [WARNING] Message is empty, skipping.
2026-06-30 08:53:33,466 [INFO] ('', None, [{}], {'error': 'Message is empty'})
2026-06-30 08:53:33,467 [WARNING] Message is empty, skipping.
2026-06-30 08:53:33,467 [INFO] ('', None, [{}], {'error': 'Message is empty'})
2026-06-30 08:53:33,472 [WARNING] Message is empty, skipping.
2026-06-30 08:53:33,472 [INFO] ('', None, [{}], {'error': 'Message is empty'})
2026-06-30 08:53:33,472 [WARNING] Message is empty, skipping.
2026-06-30 08:53:33,472 [INFO] ('', None, [{}], {'error': 'Message is empty'})
2026-06-30 08:53:33,472 [WARNING] Message is empty, skipping.
2026-06-30 08:53:33,472 [INFO] ('', None, [{}], {'error': 'Message is empty'})
2026-06-30 08:53:33,472 [WARNING] Message is empty, skipping.
2026-06-30 08:53:33,472 [INFO] ('', None, [{}], {'error': 'Message is empty'})
2026-06-30 08:53:33,472 [WARNING] Message is empty, skipping.
2026-06-30 08:53:33,472 [INFO] ('', None, [{}], {'error': 'Message is empty'})
2026-06-30 08:53:33,472 [WARNING] Message is empty, skipping.
2026-06-30 08:53:33,472 [INFO] ('', None, [{}], {'error': 'Message is empty'})
2026-06-30 08:53:33,472 [WARNING] Message is empty, skipping.
2026-06-30 08:53:33,475 [INFO] ('', None, [{}], {'error': 'Message is empty'})
2026-06-30 08:53:33,476 [WARNING] Message is empty, skipping.
2026-06-30 08:53:33,476 [INFO] ('', None, [{}], {'error': 'Message is empty'})
2026-06-30 08:53:33,476 [WARNING] Message is empty, skipping.
2026-06-30 08:53:33,476 [INFO] ('', None, [{}], {'error': 'Message is empty'})
2026-06-30 08:53:33,478 [WARNING] Message is empty, skipping.
2026-06-30 08:53:33,478 [INFO] ('', None, [{}], {'error': 'Message is empty'})
2026-06-30 08:53:33,478 [WARNING] Message is empty, skipping.
2026-06-30 08:53:33,478 [INFO] ('', None, [{}], {'error': 'Message is empty'})
2026-06-30 08:53:33,478 [WARNING] Message is empty, skipping.
2026-06-30 08:53:33,478 [INFO] ('', None, [{}], {'error': 'Message is empty'})
2026-06-30 08:53:33,478 [WARNING] Message is empty, skipping.
2026-06-30 08:53:33,478 [INFO] ('', None, [{}], {'error': 'Message is empty'})
2026-06-30 08:53:33,478 [WARNING] Message is empty, skipping.
2026-06-30 08:53:33,478 [INFO] ('', None, [{}], {'error': 'Message is empty'})
2026-06-30 08:53:33,478 [WARNING] Message is empty, skipping.
2026-06-30 08:53:33,478 [INFO] ('', None, [{}], {'error': 'Message is empty'})
2026-06-30 08:53:33,478 [WARNING] Message is empty, skipping.
2026-06-30 08:53:33,478 [INFO] ('', None, [{}], {'error': 'Message is empty'})
2026-06-30 08:53:33,478 [WARNING] Message is empty, skipping.
2026-06-30 08:53:33,478 [INFO] ('', None, [{}], {'error': 'Message is empty'})
2026-06-30 08:53:33,478 [WARNING] Message is empty, skipping.
2026-06-30 08:53:33,478 [INFO] ('', None, [{}], {'error': 'Message is empty'})
2026-06-30 08:53:33,478 [WARNING] Message is empty, skipping.
2026-06-30 08:53:33,478 [INFO] ('', None, [{}], {'error': 'Message is empty'})
2026-06-30 08:53:33,478 [WARNING] Message is empty, skipping.
2026-06-30 08:53:33,479 [INFO] ('', None, [{}], {'error': 'Message is empty'})
2026-06-30 08:53:33,479 [WARNING] Message is empty, skipping.
2026-06-30 08:53:33,479 [INFO] ('', None, [{}], {'error': 'Message is empty'})
2026-06-30 08:53:33,479 [WARNING] Message is empty, skipping.
2026-06-30 08:53:33,479 [INFO] ('', None, [{}], {'error': 'Message is empty'})
2026-06-30 08:53:33,479 [WARNING] Message is empty, skipping.
2026-06-30 08:53:33,480 [INFO] ('', None, [{}], {'error': 'Message is empty'})
2026-06-30 08:53:33,480 [WARNING] Message is empty, skipping.
2026-06-30 08:53:33,480 [INFO] ('', None, [{}], {'error': 'Message is empty'})
2026-06-30 08:53:33,480 [WARNING] Message is empty, skipping.
2026-06-30 08:53:33,481 [INFO] ('', None, [{}], {'error': 'Message is empty'})
2026-06-30 08:53:33,481 [WARNING] Message is empty, skipping.
2026-06-30 08:53:33,481 [INFO] ('', None, [{}], {'error': 'Message is empty'})
2026-06-30 08:53:33,485 [WARNING] Message is empty, skipping.
2026-06-30 08:53:33,485 [INFO] ('', None, [{}], {'error': 'Message is empty'})
2026-06-30 08:53:33,485 [WARNING] Message is empty, skipping.
2026-06-30 08:53:33,485 [INFO] ('', None, [{}], {'error': 'Message is empty'})
2026-06-30 08:53:33,485 [WARNING] Message is empty, skipping.
2026-06-30 08:53:33,485 [INFO] ('', None, [{}], {'error': 'Message is empty'})
2026-06-30 08:53:33,485 [WARNING] Message is empty, skipping.
2026-06-30 08:53:33,485 [INFO] ('', None, [{}], {'error': 'Message is empty'})
2026-06-30 08:53:33,485 [WARNING] Message is empty, skipping.
2026-06-30 08:53:33,485 [INFO] ('', None, [{}], {'error': 'Message is empty'})
2026-06-30 08:53:33,485 [WARNING] Message is empty, skipping.
2026-06-30 08:53:33,485 [INFO] ('', None, [{}], {'error': 'Message is empty'})
2026-06-30 08:53:33,487 [WARNING] Message is empty, skipping.
2026-06-30 08:53:33,488 [INFO] ('', None, [{}], {'error': 'Message is empty'})
2026-06-30 08:53:33,488 [WARNING] Message is empty, skipping.
2026-06-30 08:53:33,488 [INFO] ('', None, [{}], {'error': 'Message is empty'})
2026-06-30 08:53:33,488 [WARNING] Message is empty, skipping.
2026-06-30 08:53:33,488 [INFO] ('', None, [{}], {'error': 'Message is empty'})
2026-06-30 08:53:33,490 [WARNING] Message is empty, skipping.
2026-06-30 08:53:33,490 [INFO] ('', None, [{}], {'error': 'Message is empty'})
2026-06-30 08:53:33,490 [WARNING] Message is empty, skipping.
2026-06-30 08:53:33,490 [INFO] ('', None, [{}], {'error': 'Message is empty'})
2026-06-30 08:53:33,490 [WARNING] Message is empty, skipping.
2026-06-30 08:53:33,490 [INFO] ('', None, [{}], {'error': 'Message is empty'})
2026-06-30 08:53:33,490 [WARNING] Message is empty, skipping.
2026-06-30 08:53:33,490 [INFO] ('', None, [{}], {'error': 'Message is empty'})
2026-06-30 08:53:33,490 [WARNING] Message is empty, skipping.
2026-06-30 08:53:33,490 [INFO] ('', None, [{}], {'error': 'Message is empty'})
2026-06-30 08:53:33,490 [WARNING] Message is empty, skipping.
2026-06-30 08:53:33,490 [INFO] ('', None, [{}], {'error': 'Message is empty'})
2026-06-30 08:53:33,490 [WARNING] Message is empty, skipping.
2026-06-30 08:53:33,491 [INFO] ('', None, [{}], {'error': 'Message is empty'})
2026-06-30 08:53:33,491 [WARNING] Message is empty, skipping.
2026-06-30 08:53:33,491 [INFO] ('', None, [{}], {'error': 'Message is empty'})
2026-06-30 08:53:33,491 [WARNING] Message is empty, skipping.
2026-06-30 08:53:33,491 [INFO] ('', None, [{}], {'error': 'Message is empty'})
2026-06-30 08:53:33,491 [WARNING] Message is empty, skipping.
2026-06-30 08:53:33,492 [INFO] ('', None, [{}], {'error': 'Message is empty'})
2026-06-30 08:53:33,492 [WARNING] Message is empty, skipping.
2026-06-30 08:53:33,492 [INFO] ('', None, [{}], {'error': 'Message is empty'})
2026-06-30 08:53:33,492 [WARNING] Message is empty, skipping.
2026-06-30 08:53:33,492 [INFO] ('', None, [{}], {'error': 'Message is empty'})
2026-06-30 08:53:33,493 [WARNING] Message is empty, skipping.
2026-06-30 08:53:33,493 [INFO] ('', None, [{}], {'error': 'Message is empty'})
2026-06-30 08:53:33,493 [WARNING] Message is empty, skipping.
2026-06-30 08:53:33,493 [INFO] ('', None, [{}], {'error': 'Message is empty'})
2026-06-30 08:53:33,493 [WARNING] Message is empty, skipping.
2026-06-30 08:53:33,494 [INFO] ('', None, [{}], {'error': 'Message is empty'})
2026-06-30 08:53:33,494 [WARNING] Message is empty, skipping.
2026-06-30 08:53:33,494 [INFO] ('', None, [{}], {'error': 'Message is empty'})
2026-06-30 08:53:33,494 [WARNING] Message is empty, skipping.
2026-06-30 08:53:33,495 [INFO] ('', None, [{}], {'error': 'Message is empty'})
2026-06-30 08:53:33,495 [WARNING] Message is empty, skipping.
2026-06-30 08:53:33,495 [INFO] ('', None, [{}], {'error': 'Message is empty'})
2026-06-30 08:53:33,495 [WARNING] Message is empty, skipping.
2026-06-30 08:53:33,496 [INFO] ('', None, [{}], {'error': 'Message is empty'})
2026-06-30 08:53:33,496 [WARNING] Message is empty, skipping.
2026-06-30 08:53:33,496 [INFO] ('', None, [{}], {'error': 'Message is empty'})
2026-06-30 08:53:33,496 [WARNING] Message is empty, skipping.
2026-06-30 08:53:33,496 [INFO] ('', None, [{}], {'error': 'Message is empty'})
2026-06-30 08:53:33,497 [WARNING] Message is empty, skipping.
2026-06-30 08:53:33,497 [INFO] ('', None, [{}], {'error': 'Message is empty'})
2026-06-30 08:53:33,497 [WARNING] Message is empty, skipping.
2026-06-30 08:53:33,497 [INFO] ('', None, [{}], {'error': 'Message is empty'})
2026-06-30 08:53:33,498 [WARNING] Message is empty, skipping.
2026-06-30 08:53:33,498 [INFO] ('', None, [{}], {'error': 'Message is empty'})
2026-06-30 08:53:33,498 [WARNING] Message is empty, skipping.
2026-06-30 08:53:33,498 [INFO] ('', None, [{}], {'error': 'Message is empty'})
2026-06-30 08:53:33,498 [WARNING] Message is empty, skipping.
2026-06-30 08:53:33,499 [INFO] ('', None, [{}], {'error': 'Message is empty'})
2026-06-30 08:53:33,499 [WARNING] Message is empty, skipping.
2026-06-30 08:53:33,499 [INFO] ('', None, [{}], {'error': 'Message is empty'})
2026-06-30 08:53:33,499 [WARNING] Message is empty, skipping.
2026-06-30 08:53:33,499 [INFO] ('', None, [{}], {'error': 'Message is empty'})
2026-06-30 08:53:33,499 [WARNING] Message is empty, skipping.
2026-06-30 08:53:33,499 [INFO] ('', None, [{}], {'error': 'Message is empty'})
2026-06-30 08:53:33,499 [WARNING] Message is empty, skipping.
2026-06-30 08:53:33,501 [INFO] ('', None, [{}], {'error': 'Message is empty'})
2026-06-30 08:53:33,501 [WARNING] Message is empty, skipping.
2026-06-30 08:53:33,501 [INFO] ('', None, [{}], {'error': 'Message is empty'})
2026-06-30 08:53:33,501 [WARNING] Message is empty, skipping.
2026-06-30 08:53:33,501 [INFO] ('', None, [{}], {'error': 'Message is empty'})
2026-06-30 08:53:33,501 [WARNING] Message is empty, skipping.
2026-06-30 08:53:33,501 [INFO] ('', None, [{}], {'error': 'Message is empty'})
2026-06-30 08:53:33,501 [WARNING] Message is empty, skipping.
2026-06-30 08:53:33,503 [INFO] ('', None, [{}], {'error': 'Message is empty'})
2026-06-30 08:53:33,503 [WARNING] Message is empty, skipping.
2026-06-30 08:53:33,503 [INFO] ('', None, [{}], {'error': 'Message is empty'})
2026-06-30 08:53:33,503 [WARNING] Message is empty, skipping.
2026-06-30 08:53:33,504 [INFO] ('', None, [{}], {'error': 'Message is empty'})
2026-06-30 08:53:33,504 [WARNING] Message is empty, skipping.
2026-06-30 08:53:33,506 [INFO] ('', None, [{}], {'error': 'Message is empty'})
2026-06-30 08:53:33,506 [WARNING] Message is empty, skipping.
2026-06-30 08:53:33,506 [INFO] ('', None, [{}], {'error': 'Message is empty'})
2026-06-30 08:53:33,506 [WARNING] Message is empty, skipping.
2026-06-30 08:53:33,506 [INFO] ('', None, [{}], {'error': 'Message is empty'})
2026-06-30 08:53:33,506 [WARNING] Message is empty, skipping.
2026-06-30 08:53:33,507 [INFO] ('', None, [{}], {'error': 'Message is empty'})
2026-06-30 08:53:33,507 [WARNING] Message is empty, skipping.
2026-06-30 08:53:33,509 [INFO] ('', None, [{}], {'error': 'Message is empty'})
2026-06-30 08:53:33,509 [WARNING] Message is empty, skipping.
2026-06-30 08:53:33,511 [INFO] ('', None, [{}], {'error': 'Message is empty'})
2026-06-30 08:53:33,511 [WARNING] Message is empty, skipping.
2026-06-30 08:53:33,511 [INFO] ('', None, [{}], {'error': 'Message is empty'})
2026-06-30 08:53:33,511 [WARNING] Message is empty, skipping.
2026-06-30 08:53:33,511 [INFO] ('', None, [{}], {'error': 'Message is empty'})
2026-06-30 08:53:33,511 [WARNING] Message is empty, skipping.
2026-06-30 08:53:33,511 [INFO] ('', None, [{}], {'error': 'Message is empty'})
2026-06-30 08:53:33,511 [WARNING] Message is empty, skipping.
2026-06-30 08:53:33,511 [INFO] ('', None, [{}], {'error': 'Message is empty'})
2026-06-30 08:53:33,511 [WARNING] Message is empty, skipping.
2026-06-30 08:53:33,514 [INFO] ('', None, [{}], {'error': 'Message is empty'})
2026-06-30 08:53:33,514 [WARNING] Message is empty, skipping.
2026-06-30 08:53:33,514 [INFO] ('', None, [{}], {'error': 'Message is empty'})
2026-06-30 08:53:33,514 [WARNING] Message is empty, skipping.
2026-06-30 08:53:33,517 [INFO] ('', None, [{}], {'error': 'Message is empty'})
2026-06-30 08:53:33,517 [WARNING] Message is empty, skipping.
2026-06-30 08:53:33,517 [INFO] ('', None, [{}], {'error': 'Message is empty'})
2026-06-30 08:53:33,517 [WARNING] Message is empty, skipping.
2026-06-30 08:53:33,517 [INFO] ('', None, [{}], {'error': 'Message is empty'})
2026-06-30 08:53:33,517 [WARNING] Message is empty, skipping.
2026-06-30 08:53:33,517 [INFO] ('', None, [{}], {'error': 'Message is empty'})
2026-06-30 08:53:33,517 [WARNING] Message is empty, skipping.
2026-06-30 08:53:33,517 [INFO] ('', None, [{}], {'error': 'Message is empty'})
2026-06-30 08:53:33,517 [WARNING] Message is empty, skipping.
2026-06-30 08:53:33,517 [INFO] ('', None, [{}], {'error': 'Message is empty'})
2026-06-30 08:53:33,517 [WARNING] Message is empty, skipping.
2026-06-30 08:53:33,517 [INFO] ('', None, [{}], {'error': 'Message is empty'})
2026-06-30 08:53:33,517 [WARNING] Message is empty, skipping.
2026-06-30 08:53:33,521 [INFO] ('', None, [{}], {'error': 'Message is empty'})
2026-06-30 08:53:33,521 [WARNING] Message is empty, skipping.
2026-06-30 08:53:33,521 [INFO] ('', None, [{}], {'error': 'Message is empty'})
2026-06-30 08:53:33,521 [WARNING] Message is empty, skipping.
2026-06-30 08:53:33,521 [INFO] ('', None, [{}], {'error': 'Message is empty'})
2026-06-30 08:53:33,522 [WARNING] Message is empty, skipping.
2026-06-30 08:53:33,522 [INFO] ('', None, [{}], {'error': 'Message is empty'})
2026-06-30 08:53:33,522 [WARNING] Message is empty, skipping.
2026-06-30 08:53:33,524 [INFO] ('', None, [{}], {'error': 'Message is empty'})
2026-06-30 08:53:33,526 [WARNING] Message is empty, skipping.
2026-06-30 08:53:33,528 [INFO] ('', None, [{}], {'error': 'Message is empty'})
2026-06-30 08:53:33,528 [WARNING] Message is empty, skipping.
2026-06-30 08:53:33,528 [INFO] ('', None, [{}], {'error': 'Message is empty'})
2026-06-30 08:53:33,528 [WARNING] Message is empty, skipping.
2026-06-30 08:53:33,528 [INFO] ('', None, [{}], {'error': 'Message is empty'})
2026-06-30 08:53:33,528 [WARNING] Message is empty, skipping.
2026-06-30 08:53:33,528 [INFO] ('', None, [{}], {'error': 'Message is empty'})
2026-06-30 08:53:33,528 [WARNING] Message is empty, skipping.
2026-06-30 08:53:33,529 [INFO] ('', None, [{}], {'error': 'Message is empty'})
2026-06-30 08:53:33,529 [WARNING] Message is empty, skipping.
2026-06-30 08:53:33,529 [INFO] ('', None, [{}], {'error': 'Message is empty'})
2026-06-30 08:53:33,532 [WARNING] Message is empty, skipping.
2026-06-30 08:53:33,532 [INFO] ('', None, [{}], {'error': 'Message is empty'})
2026-06-30 08:53:33,532 [WARNING] Message is empty, skipping.
2026-06-30 08:53:33,532 [INFO] ('', None, [{}], {'error': 'Message is empty'})
2026-06-30 08:53:33,532 [WARNING] Message is empty, skipping.
2026-06-30 08:53:33,534 [INFO] ('', None, [{}], {'error': 'Message is empty'})
2026-06-30 08:53:33,534 [WARNING] Message is empty, skipping.
2026-06-30 08:53:33,535 [INFO] ('', None, [{}], {'error': 'Message is empty'})
2026-06-30 08:53:33,535 [WARNING] Message is empty, skipping.
2026-06-30 08:53:33,535 [INFO] ('', None, [{}], {'error': 'Message is empty'})
2026-06-30 08:53:33,535 [WARNING] Message is empty, skipping.
2026-06-30 08:53:33,535 [INFO] ('', None, [{}], {'error': 'Message is empty'})
2026-06-30 08:53:33,535 [WARNING] Message is empty, skipping.
2026-06-30 08:53:33,538 [INFO] ('', None, [{}], {'error': 'Message is empty'})
2026-06-30 08:53:33,539 [WARNING] Message is empty, skipping.
2026-06-30 08:53:33,539 [INFO] ('', None, [{}], {'error': 'Message is empty'})
2026-06-30 08:53:33,539 [WARNING] Message is empty, skipping.
2026-06-30 08:53:33,541 [INFO] ('', None, [{}], {'error': 'Message is empty'})
2026-06-30 08:53:33,541 [WARNING] Message is empty, skipping.
2026-06-30 08:53:33,541 [INFO] ('', None, [{}], {'error': 'Message is empty'})
2026-06-30 08:53:33,541 [WARNING] Message is empty, skipping.
2026-06-30 08:53:33,545 [INFO] ('', None, [{}], {'error': 'Message is empty'})
2026-06-30 08:53:33,545 [WARNING] Message is empty, skipping.
2026-06-30 08:53:33,545 [INFO] ('', None, [{}], {'error': 'Message is empty'})
2026-06-30 08:53:33,545 [WARNING] Message is empty, skipping.
2026-06-30 08:53:33,551 [INFO] ('', None, [{}], {'error': 'Message is empty'})
2026-06-30 08:53:33,551 [WARNING] Message is empty, skipping.
2026-06-30 08:53:33,551 [INFO] ('', None, [{}], {'error': 'Message is empty'})
2026-06-30 08:53:33,551 [WARNING] Message is empty, skipping.
2026-06-30 08:53:33,552 [INFO] ('', None, [{}], {'error': 'Message is empty'})
2026-06-30 08:53:33,554 [WARNING] Message is empty, skipping.
2026-06-30 08:53:33,554 [INFO] ('', None, [{}], {'error': 'Message is empty'})
2026-06-30 08:53:33,554 [WARNING] Message is empty, skipping.
2026-06-30 08:53:33,554 [INFO] ('', None, [{}], {'error': 'Message is empty'})
2026-06-30 08:53:33,554 [WARNING] Message is empty, skipping.
2026-06-30 08:53:33,554 [INFO] ('', None, [{}], {'error': 'Message is empty'})
2026-06-30 08:53:33,554 [WARNING] Message is empty, skipping.
2026-06-30 08:53:33,555 [INFO] ('', None, [{}], {'error': 'Message is empty'})
2026-06-30 08:53:33,555 [WARNING] Message is empty, skipping.
2026-06-30 08:53:33,555 [INFO] ('', None, [{}], {'error': 'Message is empty'})
2026-06-30 08:53:33,555 [WARNING] Message is empty, skipping.
2026-06-30 08:53:33,555 [INFO] ('', None, [{}], {'error': 'Message is empty'})
2026-06-30 08:53:33,556 [WARNING] Message is empty, skipping.
2026-06-30 08:53:33,556 [INFO] ('', None, [{}], {'error': 'Message is empty'})
2026-06-30 08:53:33,557 [WARNING] Message is empty, skipping.
2026-06-30 08:53:33,557 [INFO] ('', None, [{}], {'error': 'Message is empty'})
2026-06-30 08:53:33,557 [WARNING] Message is empty, skipping.
2026-06-30 08:53:33,557 [INFO] ('', None, [{}], {'error': 'Message is empty'})
2026-06-30 08:53:33,558 [WARNING] Message is empty, skipping.
2026-06-30 08:53:33,559 [INFO] ('', None, [{}], {'error': 'Message is empty'})
2026-06-30 08:53:33,559 [WARNING] Message is empty, skipping.
2026-06-30 08:53:33,559 [INFO] ('', None, [{}], {'error': 'Message is empty'})
2026-06-30 08:53:33,559 [WARNING] Message is empty, skipping.
2026-06-30 08:53:33,560 [INFO] ('', None, [{}], {'error': 'Message is empty'})
2026-06-30 08:53:33,560 [WARNING] Message is empty, skipping.
2026-06-30 08:53:33,560 [INFO] ('', None, [{}], {'error': 'Message is empty'})
2026-06-30 08:53:33,560 [WARNING] Message is empty, skipping.
2026-06-30 08:53:33,561 [INFO] ('', None, [{}], {'error': 'Message is empty'})
2026-06-30 08:53:33,561 [WARNING] Message is empty, skipping.
2026-06-30 08:53:33,561 [INFO] ('', None, [{}], {'error': 'Message is empty'})
2026-06-30 08:53:33,561 [WARNING] Message is empty, skipping.
2026-06-30 08:53:33,562 [INFO] ('', None, [{}], {'error': 'Message is empty'})
2026-06-30 08:53:33,562 [WARNING] Message is empty, skipping.
2026-06-30 08:53:33,562 [INFO] ('', None, [{}], {'error': 'Message is empty'})
2026-06-30 08:53:33,563 [WARNING] Message is empty, skipping.
2026-06-30 08:53:33,563 [INFO] ('', None, [{}], {'error': 'Message is empty'})
2026-06-30 08:53:33,563 [WARNING] Message is empty, skipping.
2026-06-30 08:53:33,563 [INFO] ('', None, [{}], {'error': 'Message is empty'})
2026-06-30 08:53:33,563 [WARNING] Message is empty, skipping.
2026-06-30 08:53:33,563 [INFO] ('', None, [{}], {'error': 'Message is empty'})
2026-06-30 08:53:33,563 [WARNING] Message is empty, skipping.
2026-06-30 08:53:33,563 [INFO] ('', None, [{}], {'error': 'Message is empty'})
2026-06-30 08:53:33,563 [WARNING] Message is empty, skipping.
2026-06-30 08:53:33,564 [INFO] ('', None, [{}], {'error': 'Message is empty'})
2026-06-30 08:53:33,564 [WARNING] Message is empty, skipping.
2026-06-30 08:53:33,564 [INFO] ('', None, [{}], {'error': 'Message is empty'})
2026-06-30 08:53:33,564 [WARNING] Message is empty, skipping.
2026-06-30 08:53:33,564 [INFO] ('', None, [{}], {'error': 'Message is empty'})
2026-06-30 08:53:33,566 [WARNING] Message is empty, skipping.
2026-06-30 08:53:33,567 [INFO] ('', None, [{}], {'error': 'Message is empty'})
2026-06-30 08:53:33,567 [WARNING] Message is empty, skipping.
2026-06-30 08:53:33,567 [INFO] ('', None, [{}], {'error': 'Message is empty'})
2026-06-30 08:53:33,567 [WARNING] Message is empty, skipping.
2026-06-30 08:53:33,568 [INFO] ('', None, [{}], {'error': 'Message is empty'})
2026-06-30 08:53:33,568 [WARNING] Message is empty, skipping.
2026-06-30 08:53:33,568 [INFO] ('', None, [{}], {'error': 'Message is empty'})
2026-06-30 08:53:33,568 [WARNING] Message is empty, skipping.
2026-06-30 08:53:33,569 [INFO] ('', None, [{}], {'error': 'Message is empty'})
2026-06-30 08:53:33,569 [WARNING] Message is empty, skipping.
2026-06-30 08:53:33,569 [INFO] ('', None, [{}], {'error': 'Message is empty'})
2026-06-30 08:53:33,569 [WARNING] Message is empty, skipping.
2026-06-30 08:53:33,570 [INFO] ('', None, [{}], {'error': 'Message is empty'})
2026-06-30 08:53:33,570 [WARNING] Message is empty, skipping.
2026-06-30 08:53:33,570 [INFO] ('', None, [{}], {'error': 'Message is empty'})
2026-06-30 08:53:33,570 [WARNING] Message is empty, skipping.
2026-06-30 08:53:33,570 [INFO] ('', None, [{}], {'error': 'Message is empty'})
2026-06-30 08:53:33,573 [WARNING] Message is empty, skipping.
2026-06-30 08:53:33,573 [INFO] ('', None, [{}], {'error': 'Message is empty'})
2026-06-30 08:53:33,573 [WARNING] Message is empty, skipping.
2026-06-30 08:53:33,573 [INFO] ('', None, [{}], {'error': 'Message is empty'})
2026-06-30 08:53:33,573 [WARNING] Message is empty, skipping.
2026-06-30 08:53:33,573 [INFO] ('', None, [{}], {'error': 'Message is empty'})
2026-06-30 08:53:33,573 [WARNING] Message is empty, skipping.
2026-06-30 08:53:33,573 [INFO] ('', None, [{}], {'error': 'Message is empty'})
2026-06-30 08:53:33,573 [WARNING] Message is empty, skipping.
2026-06-30 08:53:33,574 [INFO] ('', None, [{}], {'error': 'Message is empty'})
2026-06-30 08:53:33,574 [WARNING] Message is empty, skipping.
2026-06-30 08:53:33,574 [INFO] ('', None, [{}], {'error': 'Message is empty'})
2026-06-30 08:53:33,574 [WARNING] Message is empty, skipping.
2026-06-30 08:53:33,574 [INFO] ('', None, [{}], {'error': 'Message is empty'})
2026-06-30 08:53:33,574 [WARNING] Message is empty, skipping.
2026-06-30 08:53:33,575 [INFO] ('', None, [{}], {'error': 'Message is empty'})
2026-06-30 08:53:33,575 [WARNING] Message is empty, skipping.
2026-06-30 08:53:33,575 [INFO] ('', None, [{}], {'error': 'Message is empty'})
2026-06-30 08:53:33,575 [WARNING] Message is empty, skipping.
2026-06-30 08:53:33,575 [INFO] ('', None, [{}], {'error': 'Message is empty'})
2026-06-30 08:53:33,575 [WARNING] Message is empty, skipping.
2026-06-30 08:53:33,575 [INFO] ('', None, [{}], {'error': 'Message is empty'})
2026-06-30 08:53:33,575 [WARNING] Message is empty, skipping.
2026-06-30 08:53:33,575 [INFO] ('', None, [{}], {'error': 'Message is empty'})
2026-06-30 08:53:33,576 [WARNING] Message is empty, skipping.
2026-06-30 08:53:33,576 [INFO] ('', None, [{}], {'error': 'Message is empty'})
2026-06-30 08:53:33,576 [WARNING] Message is empty, skipping.
2026-06-30 08:53:33,576 [INFO] ('', None, [{}], {'error': 'Message is empty'})
2026-06-30 08:53:33,576 [WARNING] Message is empty, skipping.
2026-06-30 08:53:33,576 [INFO] ('', None, [{}], {'error': 'Message is empty'})
2026-06-30 08:53:33,576 [WARNING] Message is empty, skipping.
2026-06-30 08:53:33,576 [INFO] ('', None, [{}], {'error': 'Message is empty'})
2026-06-30 08:53:33,576 [WARNING] Message is empty, skipping.
2026-06-30 08:53:33,576 [INFO] ('', None, [{}], {'error': 'Message is empty'})
2026-06-30 08:53:33,576 [WARNING] Message is empty, skipping.
2026-06-30 08:53:33,576 [INFO] ('', None, [{}], {'error': 'Message is empty'})
2026-06-30 08:53:33,576 [WARNING] Message is empty, skipping.
2026-06-30 08:53:33,576 [INFO] ('', None, [{}], {'error': 'Message is empty'})
2026-06-30 08:53:33,576 [WARNING] Message is empty, skipping.
2026-06-30 08:53:33,576 [INFO] ('', None, [{}], {'error': 'Message is empty'})
2026-06-30 08:53:33,576 [WARNING] Message is empty, skipping.
2026-06-30 08:53:33,576 [INFO] ('', None, [{}], {'error': 'Message is empty'})
2026-06-30 08:53:33,576 [WARNING] Message is empty, skipping.
2026-06-30 08:53:33,576 [INFO] ('', None, [{}], {'error': 'Message is empty'})
2026-06-30 08:53:33,577 [WARNING] Message is empty, skipping.
2026-06-30 08:53:33,577 [INFO] ('', None, [{}], {'error': 'Message is empty'})
2026-06-30 08:53:33,577 [WARNING] Message is empty, skipping.
2026-06-30 08:53:33,577 [INFO] ('', None, [{}], {'error': 'Message is empty'})
2026-06-30 08:53:33,579 [WARNING] Message is empty, skipping.
2026-06-30 08:53:33,579 [INFO] ('', None, [{}], {'error': 'Message is empty'})
2026-06-30 08:53:33,579 [WARNING] Message is empty, skipping.
2026-06-30 08:53:33,579 [INFO] ('', None, [{}], {'error': 'Message is empty'})
2026-06-30 08:53:33,579 [WARNING] Message is empty, skipping.
2026-06-30 08:53:33,579 [INFO] ('', None, [{}], {'error': 'Message is empty'})
2026-06-30 08:53:33,580 [WARNING] Message is empty, skipping.
2026-06-30 08:53:33,580 [INFO] ('', None, [{}], {'error': 'Message is empty'})
2026-06-30 08:53:33,585 [WARNING] Message is empty, skipping.
2026-06-30 08:53:33,585 [INFO] ('', None, [{}], {'error': 'Message is empty'})
2026-06-30 08:53:33,585 [WARNING] Message is empty, skipping.
2026-06-30 08:53:33,585 [INFO] ('', None, [{}], {'error': 'Message is empty'})
2026-06-30 08:53:33,585 [WARNING] Message is empty, skipping.
2026-06-30 08:53:33,585 [INFO] ('', None, [{}], {'error': 'Message is empty'})
2026-06-30 08:53:33,585 [WARNING] Message is empty, skipping.
2026-06-30 08:53:33,585 [INFO] ('', None, [{}], {'error': 'Message is empty'})
2026-06-30 08:53:33,586 [WARNING] Message is empty, skipping.
2026-06-30 08:53:33,586 [INFO] ('', None, [{}], {'error': 'Message is empty'})
2026-06-30 08:53:33,586 [WARNING] Message is empty, skipping.
2026-06-30 08:53:33,586 [INFO] ('', None, [{}], {'error': 'Message is empty'})
2026-06-30 08:53:33,587 [WARNING] Message is empty, skipping.
2026-06-30 08:53:33,587 [INFO] ('', None, [{}], {'error': 'Message is empty'})
2026-06-30 08:53:33,587 [WARNING] Message is empty, skipping.
2026-06-30 08:53:33,587 [INFO] ('', None, [{}], {'error': 'Message is empty'})
2026-06-30 08:53:33,587 [WARNING] Message is empty, skipping.
2026-06-30 08:53:33,587 [INFO] ('', None, [{}], {'error': 'Message is empty'})
2026-06-30 08:53:33,587 [WARNING] Message is empty, skipping.
2026-06-30 08:53:33,587 [INFO] ('', None, [{}], {'error': 'Message is empty'})
2026-06-30 08:53:33,589 [WARNING] Message is empty, skipping.
2026-06-30 08:53:33,591 [INFO] ('', None, [{}], {'error': 'Message is empty'})
2026-06-30 08:53:33,591 [WARNING] Message is empty, skipping.
2026-06-30 08:53:33,591 [INFO] ('', None, [{}], {'error': 'Message is empty'})
2026-06-30 08:53:33,591 [WARNING] Message is empty, skipping.
2026-06-30 08:53:33,591 [INFO] ('', None, [{}], {'error': 'Message is empty'})
2026-06-30 08:53:33,591 [WARNING] Message is empty, skipping.
2026-06-30 08:53:33,591 [INFO] ('', None, [{}], {'error': 'Message is empty'})
2026-06-30 08:53:33,591 [WARNING] Message is empty, skipping.
2026-06-30 08:53:33,592 [INFO] ('', None, [{}], {'error': 'Message is empty'})
2026-06-30 08:53:33,592 [WARNING] Message is empty, skipping.
2026-06-30 08:53:33,592 [INFO] ('', None, [{}], {'error': 'Message is empty'})
2026-06-30 08:53:33,592 [WARNING] Message is empty, skipping.
2026-06-30 08:53:33,592 [INFO] ('', None, [{}], {'error': 'Message is empty'})
2026-06-30 08:53:33,592 [WARNING] Message is empty, skipping.
2026-06-30 08:53:33,592 [INFO] ('', None, [{}], {'error': 'Message is empty'})
2026-06-30 08:53:33,592 [WARNING] Message is empty, skipping.
2026-06-30 08:53:33,592 [INFO] ('', None, [{}], {'error': 'Message is empty'})
2026-06-30 08:53:33,592 [WARNING] Message is empty, skipping.
2026-06-30 08:53:33,595 [INFO] ('', None, [{}], {'error': 'Message is empty'})
2026-06-30 08:53:33,595 [WARNING] Message is empty, skipping.
2026-06-30 08:53:33,595 [INFO] ('', None, [{}], {'error': 'Message is empty'})
2026-06-30 08:53:33,595 [WARNING] Message is empty, skipping.
2026-06-30 08:53:33,600 [INFO] ('', None, [{}], {'error': 'Message is empty'})
2026-06-30 08:53:33,600 [WARNING] Message is empty, skipping.
2026-06-30 08:53:33,602 [INFO] ('', None, [{}], {'error': 'Message is empty'})
2026-06-30 08:53:33,602 [WARNING] Message is empty, skipping.
2026-06-30 08:53:33,603 [INFO] ('', None, [{}], {'error': 'Message is empty'})
2026-06-30 08:53:33,603 [WARNING] Message is empty, skipping.
2026-06-30 08:53:33,603 [INFO] ('', None, [{}], {'error': 'Message is empty'})
2026-06-30 08:53:33,603 [WARNING] Message is empty, skipping.
2026-06-30 08:53:33,604 [INFO] ('', None, [{}], {'error': 'Message is empty'})
2026-06-30 08:53:33,604 [WARNING] Message is empty, skipping.
2026-06-30 08:53:33,605 [INFO] ('', None, [{}], {'error': 'Message is empty'})
2026-06-30 08:53:33,606 [WARNING] Message is empty, skipping.
2026-06-30 08:53:33,606 [INFO] ('', None, [{}], {'error': 'Message is empty'})
2026-06-30 08:53:33,607 [WARNING] Message is empty, skipping.
2026-06-30 08:53:33,607 [INFO] ('', None, [{}], {'error': 'Message is empty'})
2026-06-30 08:53:33,607 [WARNING] Message is empty, skipping.
2026-06-30 08:53:33,607 [INFO] ('', None, [{}], {'error': 'Message is empty'})
2026-06-30 08:53:33,608 [WARNING] Message is empty, skipping.
2026-06-30 08:53:33,608 [INFO] ('', None, [{}], {'error': 'Message is empty'})
2026-06-30 08:53:33,608 [WARNING] Message is empty, skipping.
2026-06-30 08:53:33,608 [INFO] ('', None, [{}], {'error': 'Message is empty'})
2026-06-30 08:53:33,610 [INFO] Processing batch queries for gemini-2.5-flash, batch size: 2048: 100%|##########| 1/1 [00:00<00:00,  1.61it/s]
2026-06-30 08:53:33,614 [INFO] Processing batch queries for gemini-2.5-flash, batch size: 2048: 100%|##########| 1/1 [00:00<00:00,  1.60it/s]
2026-06-30 08:53:33,619 [INFO] Formatting items for endpoint: https://seshat-db.com/api/sc/histories/:   0%|          | 0/491 [00:00<?, ?it/s]
2026-06-30 08:53:33,623 [INFO] Formatting items for endpoint: https://seshat-db.com/api/sc/histories/: 100%|##########| 491/491 [00:00<00:00, 123985.75it/s]
2026-06-30 08:53:33,623 [INFO] {'endpoint_identifier': 'https://seshat-db.com/api/sc/histories/', 'model': 'gemini-2.5-flash', 'entry_idx': 0, 'output': '', 'reasoning': '', 'message': '[{}]', 'others': '{"error": "Message is empty"}'}
2026-06-30 08:53:33,625 [INFO] Questions generated and saved to /Users/apple/Documents/github/neurips_llms/llm-bechmark/db/gen/30_06_2026/run_2_gemini-2.5-flash/sc/range/sc_histories_questions.csv
2026-06-30 08:53:33,626 [INFO] Successfully completed question generation for sc/histories.
