endpoint_identifier,entry_idx,output
wf/atlatls,0,"During the period from 1747 CE to 1826 CE, was the atlatl, a new world weapon that functions as a spear-throwing device used to increase the range and force of a projectile, present or absent as a military technology in the warfare practices of 'Durrani Empire'? Strictly choose the correct label from an unordered set: {C, B, A}. C = unsure (cannot determine from current evidence), B = absent, A = present"
wf/atlatls,1,"During the period from 1025 CE to 1215 CE, was the atlatl, defined as a spear-throwing device used to increase the range and force of a projectile, present or absent as a military technology in the warfare practices of 'Ghur Principality'? Strictly choose the correct label from an unordered set: {B, C, A}. B = absent, C = unsure (cannot determine from current evidence), A = present"
wf/atlatls,2,"During the period from 256 BCE to 125 BCE, was the atlatl, a weapon of the Americas and extremely unlikely to be present here, present or absent as a military technology in the warfare practices of 'Greco-Bactrian Kingdom'? Strictly choose the correct label from an unordered set: {B, A, C}. B = absent, A = present, C = unsure (cannot determine from current evidence)"
wf/atlatls,3,"During the period from 408 CE to 561 CE, was the atlatl, a weapon of the Americas and extremely unlikely to have been present here, present or absent as a military technology in the warfare practices of 'Hephthalite Empire'? Strictly choose the correct label from an unordered set: {C, A, B}. C = unsure (cannot determine from current evidence), A = present, B = absent"
wf/atlatls,4,"During the period from 388 CE to 477 CE, was the atlatl, defined as a spear-throwing device used to increase the range and force of a projectile, present or absent as a military technology in the warfare practices of 'Kidarite Kingdom'? Strictly choose the correct label from an unordered set: {B, C, A}. B = absent, C = unsure (cannot determine from current evidence), A = present"
wf/atlatls,5,"During the period from 35 CE to 319 CE, was the atlatl, a weapon of the Americas and extremely unlikely to have been present here, present or absent as a military technology in the warfare practices of 'Kushan Empire'? Strictly choose the correct label from an unordered set: {B, C, A}. B = absent, C = unsure (cannot determine from current evidence), A = present"
wf/atlatls,6,"During the period from 129 BCE to 29 CE, was the atlatl, a weapon of the Americas and extremely unlikely to have been in use here, present or absent as a military technology in the warfare practices of 'Tocharians'? Strictly choose the correct label from an unordered set: {A, C, B}. A = present, C = unsure (cannot determine from current evidence), B = absent"
wf/atlatls,7,"During the period from 25 CE to 220 CE, was the atlatl, a spear-throwing device used to increase the range and force of a projectile, present or absent as a military technology in the warfare practices of 'Eastern Han Empire'? Strictly choose the correct label from an unordered set: {B, C, A}. B = absent, C = unsure (cannot determine from current evidence), A = present"
wf/atlatls,8,"During the period from 265 CE to 317 CE, was the atlatl, a spear-throwing device used to increase the range and force of a projectile, present or absent as a military technology in the warfare practices of 'Western Jin'? Strictly choose the correct label from an unordered set: {A, C, B}. A = present, C = unsure (cannot determine from current evidence), B = absent"
wf/atlatls,9,"During the period from 1650 BCE to 1250 BCE, was the atlatl, a technology used in the New World, present or absent as a military technology in the warfare practices of 'Erligang'? Strictly choose the correct label from an unordered set: {B, C, A}. B = absent, C = unsure (cannot determine from current evidence), A = present"
wf/atlatls,10,"During the period from 1850 BCE to 1600 BCE, was the atlatl, a technology used in the New World, present or absent as a military technology in the warfare practices of 'Erlitou'? Strictly choose the correct label from an unordered set: {B, C, A}. B = absent, C = unsure (cannot determine from current evidence), A = present"
wf/atlatls,11,"During the period from 1895 CE to 1941 CE, was the atlatl, a spear-throwing device used to increase the range and force of a projectile, present or absent as a military technology in the warfare practices of 'Hmong - Early Chinese'? Strictly choose the correct label from an unordered set: {A, C, B}. A = present, C = unsure (cannot determine from current evidence), B = absent"
wf/atlatls,12,"During the period from 1701 CE to 1895 CE, was the atlatl, a spear-throwing device used to increase the range and force of a projectile, present or absent as a military technology in the warfare practices of 'Hmong - Late Qing'? Strictly choose the correct label from an unordered set: {B, C, A}. B = absent, C = unsure (cannot determine from current evidence), A = present"
wf/atlatls,13,"During the period from 780 BCE to 404 BCE, was the atlatl, an unlikely New World weapon, present or absent as a military technology in the warfare practices of 'Jin'? Strictly choose the correct label from an unordered set: {C, A, B}. C = unsure (cannot determine from current evidence), A = present, B = absent"
wf/atlatls,14,"During the period from 3000 BCE to 1900 BCE, was the atlatl, a technology used in the New World, present or absent as a military technology in the warfare practices of 'Longshan'? Strictly choose the correct label from an unordered set: {B, A, C}. B = absent, A = present, C = unsure (cannot determine from current evidence)"
wf/atlatls,15,"During the period from 1115 CE to 1234 CE, was the atlatl, defined as a spear-throwing device used to increase the range and force of a projectile, present or absent as a military technology in the warfare practices of 'Jin Dynasty'? Strictly choose the correct label from an unordered set: {B, A, C}. B = absent, A = present, C = unsure (cannot determine from current evidence)"
wf/atlatls,16,"During the period from 1368 CE to 1644 CE, was the atlatl, a spear-throwing device used to increase the range and force of a projectile, present or absent as a military technology in the warfare practices of 'Great Ming'? Strictly choose the correct label from an unordered set: {C, A, B}. C = unsure (cannot determine from current evidence), A = present, B = absent"
wf/atlatls,17,"During the period from 960 CE to 1127 CE, was the atlatl, an unlikely New World weapon, present or absent as a military technology in the warfare practices of 'Northern Song'? Strictly choose the correct label from an unordered set: {B, C, A}. B = absent, C = unsure (cannot determine from current evidence), A = present"
wf/atlatls,18,"During the period from 386 CE to 534 CE, was the atlatl, a spear-throwing device used to increase the range and force of a projectile, present or absent as a military technology in the warfare practices of 'Northern Wei'? Strictly choose the correct label from an unordered set: {B, A, C}. B = absent, A = present, C = unsure (cannot determine from current evidence)"
wf/atlatls,19,"During the period from 7000 BCE to 5001 BCE, was the atlatl, defined as a spear-throwing device used to increase the range and force of a projectile, present or absent as a military technology in the warfare practices of 'Peiligang'? Strictly choose the correct label from an unordered set: {B, A, C}. B = absent, A = present, C = unsure (cannot determine from current evidence)"
wf/atlatls,20,"During the period from 1644 CE to 1796 CE, was the atlatl, defined as a spear-throwing device used to increase the range and force of a projectile, present or absent as a military technology in the warfare practices of 'Early Qing'? Strictly choose the correct label from an unordered set: {A, C, B}. A = present, C = unsure (cannot determine from current evidence), B = absent"
wf/atlatls,21,"During the period from 1796 CE to 1912 CE, was the atlatl, defined as a spear-throwing device used to increase the range and force of a projectile, present or absent as a military technology in the warfare practices of 'Late Qing'? Strictly choose the correct label from an unordered set: {B, C, A}. B = absent, C = unsure (cannot determine from current evidence), A = present"
wf/atlatls,22,"During the period from 1250 BCE to 1045 BCE, was the atlatl, a technology used in the New World, present or absent as a military technology in the warfare practices of 'Late Shang'? Strictly choose the correct label from an unordered set: {A, B, C}. A = present, B = absent, C = unsure (cannot determine from current evidence)"
wf/atlatls,23,"During the period from 581 CE to 618 CE, was the atlatl, defined as a spear-throwing device used to increase the range and force of a projectile, present or absent as a military technology in the warfare practices of 'Sui Dynasty'? Strictly choose the correct label from an unordered set: {C, B, A}. C = unsure (cannot determine from current evidence), B = absent, A = present"
wf/atlatls,24,"During the period from 617 CE to 763 CE, was the atlatl, defined as a spear-throwing device used to increase the range and force of a projectile, present or absent as a military technology in the warfare practices of 'Tang Dynasty I'? Strictly choose the correct label from an unordered set: {A, C, B}. A = present, C = unsure (cannot determine from current evidence), B = absent"
wf/atlatls,25,"During the period from 763 CE to 907 CE, was the atlatl, defined as a spear-throwing device used to increase the range and force of a projectile, present or absent as a military technology in the warfare practices of 'Tang Dynasty II'? Strictly choose the correct label from an unordered set: {C, A, B}. C = unsure (cannot determine from current evidence), A = present, B = absent"
wf/atlatls,26,"During the period from 445 BCE to 225 BCE, was the atlatl, defined as a spear-throwing device used to increase the range and force of a projectile, present or absent as a military technology in the warfare practices of 'Early Wei Dynasty'? Strictly choose the correct label from an unordered set: {A, B, C}. A = present, B = absent, C = unsure (cannot determine from current evidence)"
wf/atlatls,27,"During the period from 202 BCE to 9 CE, was the atlatl, a spear-throwing device used to increase the range and force of a projectile, present or absent as a military technology in the warfare practices of 'Western Han Empire'? Strictly choose the correct label from an unordered set: {B, A, C}. B = absent, A = present, C = unsure (cannot determine from current evidence)"
wf/atlatls,28,"During the period from 1122 BCE to 771 BCE, was the atlatl, an unlikely New World weapon, present or absent as a military technology in the warfare practices of 'Western Zhou'? Strictly choose the correct label from an unordered set: {C, B, A}. C = unsure (cannot determine from current evidence), B = absent, A = present"
wf/atlatls,29,"During the period from 5000 BCE to 3000 BCE, was the atlatl, a technology used in the New World, present or absent as a military technology in the warfare practices of 'Yangshao'? Strictly choose the correct label from an unordered set: {A, B, C}. A = present, B = absent, C = unsure (cannot determine from current evidence)"
wf/atlatls,30,"During the period from 1271 CE to 1368 CE, was the atlatl, defined as a spear-throwing device used to increase the range and force of a projectile, present or absent as a military technology in the warfare practices of 'Great Yuan'? Strictly choose the correct label from an unordered set: {A, B, C}. A = present, B = absent, C = unsure (cannot determine from current evidence)"
wf/atlatls,31,"During the period from 250 CE to 1050 CE, was the atlatl, defined as a spear-throwing device used to increase the range and force of a projectile, present or absent as a military technology in the warfare practices of 'Neguanje'? Strictly choose the correct label from an unordered set: {C, A, B}. C = unsure (cannot determine from current evidence), A = present, B = absent"
wf/atlatls,32,"During the period from 1050 CE to 1524 CE, was the atlatl, defined as a spear-throwing device used to increase the range and force of a projectile, present or absent as a military technology in the warfare practices of 'Tairona'? Strictly choose the correct label from an unordered set: {C, A, B}. C = unsure (cannot determine from current evidence), A = present, B = absent"
wf/atlatls,33,"During the period from 1534 CE to 1830 CE, was the atlatl, defined as a spear-throwing device used to increase the range and force of a projectile, present or absent as a military technology in the warfare practices of 'Shuar - Colonial'? Strictly choose the correct label from an unordered set: {A, B, C}. A = present, B = absent, C = unsure (cannot determine from current evidence)"
wf/atlatls,34,"During the period from 1534 CE to 1830 CE, was the atlatl, defined as a spear-throwing device used to increase the range and force of a projectile, present or absent as a military technology in the warfare practices of 'Shuar - Colonial'? Strictly choose the correct label from an unordered set: {B, A, C}. B = absent, A = present, C = unsure (cannot determine from current evidence)"
wf/atlatls,35,"During the period from 1831 CE to 1931 CE, was the use of the spear-thrower, defined as a spear-throwing device used to increase the range and force of a projectile, present or absent as a 'military technology during this time? Strictly choose the correct label from an unordered set: {B, A, C}. B = absent, A = present, C = unsure (cannot determine from current evidence)"
wf/atlatls,36,"During the period from 1171 CE to 1250 CE, was the atlatl, defined as a spear-throwing device used to increase the range and force of a projectile, present or absent as a military technology in the warfare practices of 'Ayyubid Sultanate'? Strictly choose the correct label from an unordered set: {A, B, C}. A = present, B = absent, C = unsure (cannot determine from current evidence)"
wf/atlatls,37,"During the period from 4400 BCE to 3800 BCE, was the atlatl, defined as a spear-throwing device used to increase the range and force of a projectile, present or absent as a military technology in the warfare practices of 'Badarian'? Strictly choose the correct label from an unordered set: {B, A, C}. B = absent, A = present, C = unsure (cannot determine from current evidence)"
wf/atlatls,38,"During the period from 3100 BCE to 2900 BCE, was the atlatl, a new world weapon that functions as a spear-throwing device used to increase the range and force of a projectile, present or absent as a military technology in the warfare practices of 'Egypt - Dynasty I'? Strictly choose the correct label from an unordered set: {B, A, C}. B = absent, A = present, C = unsure (cannot determine from current evidence)"
wf/atlatls,39,"During the period from 2900 BCE to 2687 BCE, was the atlatl, defined as a spear-throwing device used to increase the range and force of a projectile, present or absent as a military technology in the warfare practices of 'Egypt - Dynasty II'? Strictly choose the correct label from an unordered set: {A, B, C}. A = present, B = absent, C = unsure (cannot determine from current evidence)"
wf/atlatls,40,"During the period from 404 BCE to 342 BCE, was the atlatl, a spear-throwing device used to increase the range and force of a projectile, present or absent as a military technology in the warfare practices of 'Egypt - Inter-Occupation Period'? Strictly choose the correct label from an unordered set: {C, B, A}. C = unsure (cannot determine from current evidence), B = absent, A = present"
wf/atlatls,41,"During the period from 1260 CE to 1348 CE, was the atlatl, a new world weapon that functions as a spear-throwing device used to increase the range and force of a projectile, present or absent as a military technology in the warfare practices of 'Egypt - Mamluk Sultanate I'? Strictly choose the correct label from an unordered set: {B, C, A}. B = absent, C = unsure (cannot determine from current evidence), A = present"
wf/atlatls,42,"During the period from 1412 CE to 1517 CE, was the atlatl, a new world weapon that functions as a spear-throwing device used to increase the range and force of a projectile, present or absent as a military technology in the warfare practices of 'Egypt - Mamluk Sultanate III'? Strictly choose the correct label from an unordered set: {B, C, A}. B = absent, C = unsure (cannot determine from current evidence), A = present"
wf/atlatls,43,"During the period from 1348 CE to 1412 CE, was the atlatl, a new world weapon that functions as a spear-throwing device used to increase the range and force of a projectile, present or absent as a military technology in the warfare practices of 'Egypt - Mamluk Sultanate II'? Strictly choose the correct label from an unordered set: {A, B, C}. A = present, B = absent, C = unsure (cannot determine from current evidence)"
wf/atlatls,44,"During the period from 2016 BCE to 1700 BCE, was the atlatl, a spear-throwing device used to increase the range and force of a projectile, present or absent as a military technology in the warfare practices of 'Egypt - Middle Kingdom'? Strictly choose the correct label from an unordered set: {B, C, A}. B = absent, C = unsure (cannot determine from current evidence), A = present"
wf/atlatls,45,"During the period from 3800 BCE to 3550 BCE, was the atlatl, a new world weapon that functions as a spear-throwing device used to increase the range and force of a projectile, present or absent as a military technology in the warfare practices of 'Naqada I'? Strictly choose the correct label from an unordered set: {B, A, C}. B = absent, A = present, C = unsure (cannot determine from current evidence)"
wf/atlatls,46,"During the period from 3550 BCE to 3300 BCE, was the atlatl, defined as a spear-throwing device used to increase the range and force of a projectile, present or absent as a military technology in the warfare practices of 'Naqada II'? Strictly choose the correct label from an unordered set: {C, A, B}. C = unsure (cannot determine from current evidence), A = present, B = absent"
wf/atlatls,47,"Consider the period from 3300 BCE to 3100 BCE in the context of 'Egypt - Dynasty 0'. Was the use of atlatl, defined as a spear-throwing device used to increase the range and force of a projectile, present or absent as a military technology in the warfare practices of 'Egypt - Dynasty 0' during this time? Strictly choose the correct label from an unordered set: {A, B, C}. A = present, B = absent, C = unsure (cannot determine from current evidence)"
wf/atlatls,48,"During the period from 1293 BCE to 1070 BCE, was the atlatl, defined as a spear-throwing device used to increase the range and force of a projectile, present or absent as a military technology in the warfare practices of 'Egypt - New Kingdom Ramesside Period'? Strictly choose the correct label from an unordered set: {C, B, A}. C = unsure (cannot determine from current evidence), B = absent, A = present"
wf/atlatls,49,"During the period from 1550 BCE to 1293 BCE, was the atlatl, a spear-throwing device used to increase the range and force of a projectile, present or absent as a military technology in the warfare practices of 'Egypt - New Kingdom Thutmosid Period'? Strictly choose the correct label from an unordered set: {C, A, B}. C = unsure (cannot determine from current evidence), A = present, B = absent"
wf/atlatls,50,"During the period from 2650 BCE to 2350 BCE, was the atlatl, defined as a spear-throwing device used to increase the range and force of a projectile, present or absent as a military technology in the warfare practices of 'Egypt - Classic Old Kingdom'? Strictly choose the correct label from an unordered set: {A, C, B}. A = present, C = unsure (cannot determine from current evidence), B = absent"
wf/atlatls,51,"During the period from 2350 BCE to 2150 BCE, was the atlatl, defined as a spear-throwing device used to increase the range and force of a projectile, present or absent as a military technology in the warfare practices of 'Egypt - Late Old Kingdom'? Strictly choose the correct label from an unordered set: {C, A, B}. C = unsure (cannot determine from current evidence), A = present, B = absent"
wf/atlatls,52,"During the period from 305 BCE to 217 BCE, was the atlatl, defined as a spear-throwing device used to increase the range and force of a projectile, present or absent as a military technology in the warfare practices of 'Ptolemaic Kingdom I'? Strictly choose the correct label from an unordered set: {A, B, C}. A = present, B = absent, C = unsure (cannot determine from current evidence)"
wf/atlatls,53,"During the period from 217 BCE to 30 BCE, was the atlatl, defined as a spear-throwing device used to increase the range and force of a projectile, present or absent as a military technology in the warfare practices of 'Ptolemaic Kingdom II'? Strictly choose the correct label from an unordered set: {A, C, B}. A = present, C = unsure (cannot determine from current evidence), B = absent"
wf/atlatls,54,"During the period from 2150 BCE to 2016 BCE, was the atlatl, defined as a spear-throwing device used to increase the range and force of a projectile, present or absent as a military technology in the warfare practices of 'Egypt - Period of the Regions'? Strictly choose the correct label from an unordered set: {C, A, B}. C = unsure (cannot determine from current evidence), A = present, B = absent"
wf/atlatls,55,"During the period from 664 BCE to 525 BCE, was the atlatl, a spear-throwing device used to increase the range and force of a projectile, present or absent as a military technology in the warfare practices of 'Egypt - Saite Period'? Strictly choose the correct label from an unordered set: {A, B, C}. A = present, B = absent, C = unsure (cannot determine from current evidence)"
wf/atlatls,56,"During the period from 1720 BCE to 1567 BCE, was the atlatl, a spear-throwing device used to increase the range and force of a projectile, present or absent as a military technology in the warfare practices of 'Egypt - Thebes-Hyksos Period'? Strictly choose the correct label from an unordered set: {B, A, C}. B = absent, A = present, C = unsure (cannot determine from current evidence)"
wf/atlatls,57,"During the period from 1069 BCE to 747 BCE, was the atlatl, a spear-throwing device used to increase the range and force of a projectile, present or absent as a military technology in the warfare practices of 'Egypt - Thebes-Libyan Period'? Strictly choose the correct label from an unordered set: {A, B, C}. A = present, B = absent, C = unsure (cannot determine from current evidence)"
wf/atlatls,58,"During the period from 868 CE to 969 CE, was the atlatl, a spear-throwing device used to increase the range and force of a projectile, present or absent as a military technology in the warfare practices of 'Egypt - Tulunid-Ikhshidid Period'? Strictly choose the correct label from an unordered set: {A, C, B}. A = present, C = unsure (cannot determine from current evidence), B = absent"
wf/atlatls,59,"During the period from 1516 CE to 1715 CE, did Spanish soldiers ever use New World weapons, specifically those used against the Spanish by the Maya, in their military strategies? Strictly choose the correct label from an unordered set: {C, A, B}. C = unsure (cannot determine from current evidence), A = present, B = absent"
wf/atlatls,60,"During the period from 1516 CE to 1715 CE, did Spanish soldiers ever use New World weapons, specifically those used against the Spanish by the Maya, in their military strategies? Strictly choose the correct label from an unordered set: {A, C, B}. A = present, C = unsure (cannot determine from current evidence), B = absent"
wf/atlatls,61,"During the period from 1775 CE to 1886 CE, was the atlatl, a spear-throwing device used to increase the range and force of a projectile, present or absent as a military technology in the warfare practices of 'Chuuk - Early Truk'? Strictly choose the correct label from an unordered set: {A, C, B}. A = present, C = unsure (cannot determine from current evidence), B = absent"
wf/atlatls,62,"During the period from 1886 CE to 1948 CE, was the atlatl, a spear-throwing device used to increase the range and force of a projectile, present or absent as a military technology in the warfare practices of 'Chuuk - Late Truk'? Strictly choose the correct label from an unordered set: {C, A, B}. C = unsure (cannot determine from current evidence), A = present, B = absent"
wf/atlatls,63,"During the period from 2200 BCE to 1000 BCE, was the atlatl, a spear-throwing device used to increase the range and force of a projectile, present or absent as a military technology in the warfare practices of 'Atlantic Complex'? Strictly choose the correct label from an unordered set: {A, B, C}. A = present, B = absent, C = unsure (cannot determine from current evidence)"
wf/atlatls,64,"During the period from 3200 BCE to 2000 BCE, was the atlatl, a spear-throwing device used to increase the range and force of a projectile, present or absent as a military technology in the warfare practices of 'Beaker Culture'? Strictly choose the correct label from an unordered set: {C, A, B}. C = unsure (cannot determine from current evidence), A = present, B = absent"
wf/atlatls,65,"During the period from 1589 CE to 1660 CE, was the atlatl, defined as a spear-throwing device used to increase the range and force of a projectile, present or absent as a military technology in the warfare practices of 'French Kingdom - Early Bourbon'? Strictly choose the correct label from an unordered set: {C, A, B}. C = unsure (cannot determine from current evidence), A = present, B = absent"
wf/atlatls,66,"During the period from 1660 CE to 1815 CE, was the atlatl, defined as a spear-throwing device used to increase the range and force of a projectile, present or absent as a military technology in the warfare practices of 'French Kingdom - Late Bourbon'? Strictly choose the correct label from an unordered set: {C, A, B}. C = unsure (cannot determine from current evidence), A = present, B = absent"
wf/atlatls,67,"During the period from 987 CE to 1150 CE, was the atlatl, defined as a spear-throwing device used to increase the range and force of a projectile, present or absent as a military technology in the warfare practices of 'Proto-French Kingdom'? Strictly choose the correct label from an unordered set: {C, B, A}. C = unsure (cannot determine from current evidence), B = absent, A = present"
wf/atlatls,68,"During the period from 1150 CE to 1328 CE, was the atlatl, defined as a spear-throwing device used to increase the range and force of a projectile, present or absent as a military technology in the warfare practices of 'French Kingdom - Late Capetian'? Strictly choose the correct label from an unordered set: {C, A, B}. C = unsure (cannot determine from current evidence), A = present, B = absent"
wf/atlatls,69,"During the period from 752 CE to 840 CE, was the atlatl, defined as a spear-throwing device used to increase the range and force of a projectile, present or absent as a military technology in the warfare practices of 'Carolingian Empire I'? Strictly choose the correct label from an unordered set: {B, A, C}. B = absent, A = present, C = unsure (cannot determine from current evidence)"
wf/atlatls,70,"During the period from 840 CE to 987 CE, was the atlatl, defined as a spear-throwing device used to increase the range and force of a projectile, present or absent as a military technology in the warfare practices of 'Carolingian Empire II'? Strictly choose the correct label from an unordered set: {C, A, B}. C = unsure (cannot determine from current evidence), A = present, B = absent"
wf/atlatls,71,"During the period from 1000 BCE to 900 BCE, was the atlatl, a spear-throwing device used to increase the range and force of a projectile, present or absent as a military technology in the warfare practices of 'Hallstatt A-B1'? Strictly choose the correct label from an unordered set: {B, A, C}. B = absent, A = present, C = unsure (cannot determine from current evidence)"
wf/atlatls,72,"During the period from 900 BCE to 700 BCE, was the atlatl, a spear-throwing device used to increase the range and force of a projectile, present or absent as a military technology in the warfare practices of 'Hallstatt B2-3'? Strictly choose the correct label from an unordered set: {A, B, C}. A = present, B = absent, C = unsure (cannot determine from current evidence)"
wf/atlatls,73,"During the period from 700 BCE to 600 BCE, was the atlatl, a spear-throwing device used to increase the range and force of a projectile, present or absent as a military technology in the warfare practices of 'Hallstatt C'? Strictly choose the correct label from an unordered set: {A, C, B}. A = present, C = unsure (cannot determine from current evidence), B = absent"
wf/atlatls,74,"During the period from 600 BCE to 475 BCE, was the atlatl, a spear-throwing device used to increase the range and force of a projectile, present or absent as a military technology in the warfare practices of 'Hallstatt D'? Strictly choose the correct label from an unordered set: {A, B, C}. A = present, B = absent, C = unsure (cannot determine from current evidence)"
wf/atlatls,75,"During the period from 481 CE to 543 CE, was the atlatl, a spear-throwing device used to increase the range and force of a projectile, present or absent as a military technology in the warfare practices of 'Early Merovingian'? Strictly choose the correct label from an unordered set: {B, C, A}. B = absent, C = unsure (cannot determine from current evidence), A = present"
wf/atlatls,76,"During the period from 687 CE to 751 CE, was the atlatl, a spear-throwing device used to increase the range and force of a projectile, present or absent as a military technology in the warfare practices of 'Proto-Carolingian'? Strictly choose the correct label from an unordered set: {B, C, A}. B = absent, C = unsure (cannot determine from current evidence), A = present"
wf/atlatls,77,"During the period from 543 CE to 687 CE, was the atlatl, a spear-throwing device used to increase the range and force of a projectile, present or absent as a military technology in the warfare practices of 'Middle Merovingian'? Strictly choose the correct label from an unordered set: {A, B, C}. A = present, B = absent, C = unsure (cannot determine from current evidence)"
wf/atlatls,78,"During the period from 475 BCE to 325 BCE, was the use of spear-throwers, a specific type of spear-throwing device used to increase the range and force of a projectile, present or absent as a military technology in the warfare practices of 'La Tene A-B1'? Strictly choose the correct label from an unordered set: {C, B, A}. C = unsure (cannot determine from current evidence), B = absent, A = present"
wf/atlatls,79,"During the period from 325 BCE to 175 BCE, was the use of spear-throwers, a specific type of spear-throwing device used to increase the range and force of a projectile, present or absent as a military technology in the warfare practices of 'La Tene B2-C1'? Strictly choose the correct label from an unordered set: {A, B, C}. A = present, B = absent, C = unsure (cannot determine from current evidence)"
wf/atlatls,80,"During the period from 175 BCE to 27 BCE, was the use of spear-throwers, a specific type of spear-throwing device used to increase the range and force of a projectile, present or absent as a military technology in the warfare practices of 'La Tene C2-D'? Strictly choose the correct label from an unordered set: {B, C, A}. B = absent, C = unsure (cannot determine from current evidence), A = present"
wf/atlatls,81,"During the period from 1328 CE to 1450 CE, was the atlatl, defined as a spear-throwing device used to increase the range and force of a projectile, present or absent as a military technology in the warfare practices of 'French Kingdom - Early Valois'? Strictly choose the correct label from an unordered set: {C, B, A}. C = unsure (cannot determine from current evidence), B = absent, A = present"
wf/atlatls,82,"During the period from 1450 CE to 1589 CE, was the atlatl, defined as a spear-throwing device used to increase the range and force of a projectile, present or absent as a military technology in the warfare practices of 'French Kingdom - Late Valois'? Strictly choose the correct label from an unordered set: {B, C, A}. B = absent, C = unsure (cannot determine from current evidence), A = present"
wf/atlatls,83,"During the period from 1850 CE to 1968 CE, was the atlatl, defined as a spear-throwing device used to increase the range and force of a projectile, present or absent as a military technology in the warfare practices of 'British Empire II'? Strictly choose the correct label from an unordered set: {C, A, B}. C = unsure (cannot determine from current evidence), A = present, B = absent"
wf/atlatls,84,"During the period from 1501 CE to 1701 CE, was the atlatl, a spear-throwing device used to increase the range and force of a projectile, present or absent as a military technology in the warfare practices of 'Akan - Pre-Ashanti'? Strictly choose the correct label from an unordered set: {A, B, C}. A = present, B = absent, C = unsure (cannot determine from current evidence)"
wf/atlatls,85,"During the period from 1701 CE to 1895 CE, was the atlatl, a weapon of the Americas, present or absent as a military technology in the warfare practices of 'Ashanti Empire'? Strictly choose the correct label from an unordered set: {B, A, C}. B = absent, A = present, C = unsure (cannot determine from current evidence)"
wf/atlatls,86,"During the period from 710 BCE to 500 BCE, was the atlatl, defined as a spear-throwing device used to increase the range and force of a projectile, present or absent as a military technology in the warfare practices of 'Archaic Crete'? Strictly choose the correct label from an unordered set: {A, B, C}. A = present, B = absent, C = unsure (cannot determine from current evidence)"
wf/atlatls,87,"During the period from 500 BCE to 323 BCE, was the atlatl, defined as a spear-throwing device used to increase the range and force of a projectile, present or absent as a military technology in the warfare practices of 'Classical Crete'? Strictly choose the correct label from an unordered set: {A, B, C}. A = present, B = absent, C = unsure (cannot determine from current evidence)"
wf/atlatls,88,"During the period from 824 CE to 961 CE, was the atlatl, defined as a spear-throwing device used to increase the range and force of a projectile, present or absent as a military technology in the warfare practices of 'The Emirate of Crete'? Strictly choose the correct label from an unordered set: {A, C, B}. A = present, C = unsure (cannot determine from current evidence), B = absent"
wf/atlatls,89,"During the period from 1200 BCE to 1000 BCE, was the atlatl, defined as a spear-throwing device used to increase the range and force of a projectile, present or absent as a military technology in the warfare practices of 'Final Postpalatial Crete'? Strictly choose the correct label from an unordered set: {A, B, C}. A = present, B = absent, C = unsure (cannot determine from current evidence)"
wf/atlatls,90,"During the period from 1000 BCE to 710 BCE, was the atlatl, defined as a spear-throwing device used to increase the range and force of a projectile, present or absent as a military technology in the warfare practices of 'Geometric Crete'? Strictly choose the correct label from an unordered set: {C, B, A}. C = unsure (cannot determine from current evidence), B = absent, A = present"
wf/atlatls,91,"During the period from 323 BCE to 69 BCE, was the atlatl, defined as a spear-throwing device used to increase the range and force of a projectile, present or absent as a military technology in the warfare practices of 'Hellenistic Crete'? Strictly choose the correct label from an unordered set: {C, A, B}. C = unsure (cannot determine from current evidence), A = present, B = absent"
wf/atlatls,92,"During the period from 1450 BCE to 1300 BCE, was the atlatl, defined as a spear-throwing device used to increase the range and force of a projectile, present or absent as a military technology in the warfare practices of 'Monopalatial Crete'? Strictly choose the correct label from an unordered set: {A, B, C}. A = present, B = absent, C = unsure (cannot determine from current evidence)"
wf/atlatls,93,"During the period from 7000 BCE to 3000 BCE, was the atlatl, defined as a spear-throwing device used to increase the range and force of a projectile, present or absent as a military technology in the warfare practices of 'Neolithic Crete'? Strictly choose the correct label from an unordered set: {C, A, B}. C = unsure (cannot determine from current evidence), A = present, B = absent"
wf/atlatls,94,"During the period from 1300 BCE to 1200 BCE, was the atlatl, defined as a spear-throwing device used to increase the range and force of a projectile, present or absent as a military technology in the warfare practices of 'Postpalatial Crete'? Strictly choose the correct label from an unordered set: {C, B, A}. C = unsure (cannot determine from current evidence), B = absent, A = present"
wf/atlatls,95,"During the period from 3000 BCE to 1900 BCE, was the atlatl, defined as a spear-throwing device used to increase the range and force of a projectile, present or absent as a military technology in the warfare practices of 'Prepalatial Crete'? Strictly choose the correct label from an unordered set: {C, B, A}. C = unsure (cannot determine from current evidence), B = absent, A = present"
wf/atlatls,96,"During the period from 1000 CE to 1200 CE, was the atlatl, a spear-throwing device used to increase the range and force of a projectile, present or absent as a military technology in the warfare practices of 'Hawaii I'? Strictly choose the correct label from an unordered set: {B, C, A}. B = absent, C = unsure (cannot determine from current evidence), A = present"
wf/atlatls,97,"During the period from 1200 CE to 1580 CE, was the atlatl, a spear-throwing device used to increase the range and force of a projectile, present or absent as a military technology in the warfare practices of 'Hawaii II'? Strictly choose the correct label from an unordered set: {B, A, C}. B = absent, A = present, C = unsure (cannot determine from current evidence)"
wf/atlatls,98,"During the period from 1580 CE to 1778 CE, was the atlatl, defined as a spear-throwing device used to increase the range and force of a projectile, present or absent as a military technology in the warfare practices of 'Hawaii III'? Strictly choose the correct label from an unordered set: {C, B, A}. C = unsure (cannot determine from current evidence), B = absent, A = present"
wf/atlatls,99,"During the period from 1650 CE to 1841 CE, was the atlatl, defined as a spear-throwing device used to increase the range and force of a projectile, present or absent as a military technology in the warfare practices of 'Iban - Pre-Brooke'? Strictly choose the correct label from an unordered set: {A, C, B}. A = present, C = unsure (cannot determine from current evidence), B = absent"
wf/atlatls,100,"During the period from 1841 CE to 1987 CE, was the atlatl, defined as a spear-throwing device used to increase the range and force of a projectile, present or absent as a military technology in the warfare practices of 'Iban - Brooke Raj and Colonial'? Strictly choose the correct label from an unordered set: {A, C, B}. A = present, C = unsure (cannot determine from current evidence), B = absent"
wf/atlatls,101,"During the period from 400 BCE to 500 CE, was the atlatl, a spear-throwing device used to increase the range and force of a projectile, present or absent as a military technology in the warfare practices of 'Java - Buni Culture'? Strictly choose the correct label from an unordered set: {B, A, C}. B = absent, A = present, C = unsure (cannot determine from current evidence)"
wf/atlatls,102,"During the period from 500 CE to 732 CE, was the atlatl, defined as a spear-throwing device used to increase the range and force of a projectile, present or absent as a military technology in the warfare practices of 'Kalingga Kingdom'? Strictly choose the correct label from an unordered set: {B, A, C}. B = absent, A = present, C = unsure (cannot determine from current evidence)"
wf/atlatls,103,"During the period from 1049 CE to 1222 CE, was the atlatl, defined as a spear-throwing device used to increase the range and force of a projectile, present or absent as a military technology in the warfare practices of 'Kediri Kingdom'? Strictly choose the correct label from an unordered set: {B, A, C}. B = absent, A = present, C = unsure (cannot determine from current evidence)"
wf/atlatls,104,"During the period from 1292 CE to 1518 CE, was the atlatl, defined as a spear-throwing device used to increase the range and force of a projectile, present or absent as a military technology in the warfare practices of 'Majapahit Kingdom'? Strictly choose the correct label from an unordered set: {A, C, B}. A = present, C = unsure (cannot determine from current evidence), B = absent"
wf/atlatls,105,"During the period from 1568 CE to 1755 CE, was the atlatl, defined as a spear-throwing device used to increase the range and force of a projectile, present or absent as a military technology in the warfare practices of 'Mataram Sultanate'? Strictly choose the correct label from an unordered set: {C, B, A}. C = unsure (cannot determine from current evidence), B = absent, A = present"
wf/atlatls,106,"During the period from 732 CE to 1019 CE, was the atlatl, defined as a spear-throwing device used to increase the range and force of a projectile, present or absent as a military technology in the warfare practices of 'Medang Kingdom'? Strictly choose the correct label from an unordered set: {B, C, A}. B = absent, C = unsure (cannot determine from current evidence), A = present"
wf/atlatls,107,"During the period from 2000 BCE to 1175 BCE, was the atlatl, defined as a spear-throwing device used to increase the range and force of a projectile, present or absent as a military technology in the warfare practices of 'Canaan'? Strictly choose the correct label from an unordered set: {C, A, B}. C = unsure (cannot determine from current evidence), A = present, B = absent"
wf/atlatls,108,"During the period from 141 BCE to 63 BCE, was the atlatl, defined as a spear-throwing device used to increase the range and force of a projectile, present or absent as a military technology in the warfare practices of 'Yehuda'? Strictly choose the correct label from an unordered set: {C, B, A}. C = unsure (cannot determine from current evidence), B = absent, A = present"
wf/atlatls,109,"During the period from 1030 BCE to 722 BCE, was the atlatl, defined as a spear-throwing device used to increase the range and force of a projectile, present or absent as a military technology in the warfare practices of 'Yisrael'? Strictly choose the correct label from an unordered set: {C, B, A}. C = unsure (cannot determine from current evidence), B = absent, A = present"
wf/atlatls,110,"During the period from 64 BCE to 34 CE, was the atlatl, defined as a spear-throwing device used to increase the range and force of a projectile, present or absent as a military technology in the warfare practices of 'Kingdom of Ayodhya'? Strictly choose the correct label from an unordered set: {B, C, A}. B = absent, C = unsure (cannot determine from current evidence), A = present"
wf/atlatls,111,"During the period from 543 CE to 753 CE, was the atlatl, a weapon found only in the New World, present or absent as a military technology in the warfare practices of 'Chalukyas of Badami'? Strictly choose the correct label from an unordered set: {C, B, A}. C = unsure (cannot determine from current evidence), B = absent, A = present"
wf/atlatls,112,"During the period from 973 CE to 1189 CE, was the atlatl, a weapon found only in the New World, present or absent as a military technology in the warfare practices of 'Chalukyas of Kalyani'? Strictly choose the correct label from an unordered set: {B, A, C}. B = absent, A = present, C = unsure (cannot determine from current evidence)"
wf/atlatls,113,"During the period from 1200 BCE to 300 BCE, was the atlatl, a weapon that has only been found in the New World, present or absent as a military technology in the warfare practices of 'Deccan - Iron Age'? Strictly choose the correct label from an unordered set: {C, B, A}. C = unsure (cannot determine from current evidence), B = absent, A = present"
wf/atlatls,114,"During the period from 205 BCE to 101 BCE, was the atlatl, a weapon that has only been found in the New World, present or absent as a military technology in the warfare practices of 'Post-Mauryan Kingdoms'? Strictly choose the correct label from an unordered set: {A, B, C}. A = present, B = absent, C = unsure (cannot determine from current evidence)"
wf/atlatls,115,"During the period from 2700 BCE to 1200 BCE, was the atlatl, a weapon that has only been found in the New World, present or absent as a military technology in the warfare practices of 'Deccan - Neolithic'? Strictly choose the correct label from an unordered set: {B, C, A}. B = absent, C = unsure (cannot determine from current evidence), A = present"
wf/atlatls,116,"During the period from 1206 CE to 1526 CE, was the atlatl, defined as a spear-throwing device used to increase the range and force of a projectile, present or absent as a military technology in the warfare practices of 'Delhi Sultanate'? Strictly choose the correct label from an unordered set: {C, A, B}. C = unsure (cannot determine from current evidence), A = present, B = absent"
wf/atlatls,117,"During the period from 3000 BCE to 601 BCE, was the atlatl, defined as a spear-throwing device used to increase the range and force of a projectile, present or absent as a military technology in the warfare practices of 'Chalcolithic Middle Ganga'? Strictly choose the correct label from an unordered set: {A, B, C}. A = present, B = absent, C = unsure (cannot determine from current evidence)"
wf/atlatls,118,"During the period from 7000 BCE to 3001 BCE, was the atlatl, defined as a spear-throwing device used to increase the range and force of a projectile, present or absent as a military technology in the warfare practices of 'Neolithic Middle Ganga'? Strictly choose the correct label from an unordered set: {B, C, A}. B = absent, C = unsure (cannot determine from current evidence), A = present"
wf/atlatls,119,"During the period from 1775 CE to 1867 CE, was the atlatl, a new world weapon that functions as a spear-throwing device used to increase the range and force of a projectile, present or absent as a military technology in the warfare practices of 'Early A'chik'? Strictly choose the correct label from an unordered set: {C, B, A}. C = unsure (cannot determine from current evidence), B = absent, A = present"
wf/atlatls,120,"During the period from 1867 CE to 1956 CE, was the atlatl, defined as a spear-throwing device used to increase the range and force of a projectile, present or absent as a military technology in the warfare practices of 'Late A'chik'? Strictly choose the correct label from an unordered set: {A, B, C}. A = present, B = absent, C = unsure (cannot determine from current evidence)"
wf/atlatls,121,"During the period from 1085 CE to 1193 CE, was the atlatl, defined as a spear-throwing device used to increase the range and force of a projectile, present or absent as a military technology in the warfare practices of 'Gahadavala Dynasty'? Strictly choose the correct label from an unordered set: {A, B, C}. A = present, B = absent, C = unsure (cannot determine from current evidence)"
wf/atlatls,122,"During the period from 320 CE to 550 CE, was the atlatl, defined as a spear-throwing device used to increase the range and force of a projectile, present or absent as a military technology in the warfare practices of 'Gupta Empire'? Strictly choose the correct label from an unordered set: {B, C, A}. B = absent, C = unsure (cannot determine from current evidence), A = present"
wf/atlatls,123,"During the period from 730 CE to 1030 CE, was the atlatl, defined as a spear-throwing device used to increase the range and force of a projectile, present or absent as a military technology in the warfare practices of 'Gurjar-Pratihara Dynasty'? Strictly choose the correct label from an unordered set: {A, C, B}. A = present, C = unsure (cannot determine from current evidence), B = absent"
wf/atlatls,124,"During the period from 1108 CE to 1346 CE, was the atlatl, a weapon used only in the New World, present or absent as a military technology in the warfare practices of 'Hoysala Kingdom'? Strictly choose the correct label from an unordered set: {B, A, C}. B = absent, A = present, C = unsure (cannot determine from current evidence)"
wf/atlatls,125,"During the period from 345 CE to 550 CE, was the atlatl, a weapon found only in the New World, present or absent as a military technology in the warfare practices of 'Kadamba Empire'? Strictly choose the correct label from an unordered set: {A, B, C}. A = present, B = absent, C = unsure (cannot determine from current evidence)"
wf/atlatls,126,"During the period from 1280 CE to 1327 CE, was the atlatl, a weapon used only in the New World, present or absent as a military technology in the warfare practices of 'Kampili Kingdom'? Strictly choose the correct label from an unordered set: {A, B, C}. A = present, B = absent, C = unsure (cannot determine from current evidence)"
wf/atlatls,127,"During the period from 650 CE to 780 CE, was the atlatl, defined as a spear-throwing device used to increase the range and force of a projectile, present or absent as a military technology in the warfare practices of 'Kannauj - Varman Dynasty'? Strictly choose the correct label from an unordered set: {A, B, C}. A = present, B = absent, C = unsure (cannot determine from current evidence)"
wf/atlatls,128,"During the period from 450 CE to 605 CE, was the atlatl, defined as a spear-throwing device used to increase the range and force of a projectile, present or absent as a military technology in the warfare practices of 'Magadha'? Strictly choose the correct label from an unordered set: {A, B, C}. A = present, B = absent, C = unsure (cannot determine from current evidence)"
wf/atlatls,129,"During the period from 600 BCE to 324 BCE, was the atlatl, defined as a spear-throwing device used to increase the range and force of a projectile, present or absent as a military technology in the warfare practices of 'Mahajanapada era'? Strictly choose the correct label from an unordered set: {C, A, B}. C = unsure (cannot determine from current evidence), A = present, B = absent"
wf/atlatls,130,"During the period from 324 BCE to 187 BCE, was the atlatl, a spear-throwing device used to increase the range and force of a projectile, present or absent as a military technology in the warfare practices of 'Magadha - Maurya Empire'? Strictly choose the correct label from an unordered set: {B, A, C}. B = absent, A = present, C = unsure (cannot determine from current evidence)"
wf/atlatls,131,"During the period from 1526 CE to 1858 CE, was the atlatl, defined as a spear-throwing device used to increase the range and force of a projectile, present or absent as a military technology in the warfare practices of 'Mughal Empire'? Strictly choose the correct label from an unordered set: {B, C, A}. B = absent, C = unsure (cannot determine from current evidence), A = present"
wf/atlatls,132,"During the period from 753 CE to 973 CE, was the atlatl, a weapon found only in the New World, present or absent as a military technology in the warfare practices of 'Rashtrakuta Empire'? Strictly choose the correct label from an unordered set: {C, B, A}. C = unsure (cannot determine from current evidence), B = absent, A = present"
wf/atlatls,133,"During the period from 100 BCE to 200 CE, was the atlatl, a weapon that has only been found in the New World, present or absent as a military technology in the warfare practices of 'Satavahana Empire'? Strictly choose the correct label from an unordered set: {C, B, A}. C = unsure (cannot determine from current evidence), B = absent, A = present"
wf/atlatls,134,"During the period from 187 BCE to 65 BCE, was the atlatl, defined as a spear-throwing device used to increase the range and force of a projectile, present or absent as a military technology in the warfare practices of 'Magadha - Sunga Empire'? Strictly choose the correct label from an unordered set: {A, B, C}. A = present, B = absent, C = unsure (cannot determine from current evidence)"
wf/atlatls,135,"During the period from 255 CE to 550 CE, was the atlatl, a weapon found only in the New World, present or absent as a military technology in the warfare practices of 'Vakataka Kingdom'? Strictly choose the correct label from an unordered set: {A, C, B}. A = present, C = unsure (cannot determine from current evidence), B = absent"
wf/atlatls,136,"During the period from 1336 CE to 1646 CE, was the atlatl, defined as a spear-throwing device used to increase the range and force of a projectile, present or absent as a military technology in the warfare practices of 'Vijayanagara Empire'? Strictly choose the correct label from an unordered set: {C, A, B}. C = unsure (cannot determine from current evidence), A = present, B = absent"
wf/atlatls,137,"During the period from 750 CE to 946 CE, was the atlatl, a spear-throwing device used to increase the range and force of a projectile, present or absent as a military technology in the warfare practices of 'Abbasid Caliphate I'? Strictly choose the correct label from an unordered set: {B, A, C}. B = absent, A = present, C = unsure (cannot determine from current evidence)"
wf/atlatls,138,"During the period from 1191 CE to 1258 CE, was the atlatl, defined as a spear-throwing device used to increase the range and force of a projectile, present or absent as a military technology in the warfare practices of 'Abbasid Caliphate II'? Strictly choose the correct label from an unordered set: {A, B, C}. A = present, B = absent, C = unsure (cannot determine from current evidence)"
wf/atlatls,139,"During the period from 2270 BCE to 2083 BCE, was the atlatl, defined as a spear-throwing device used to increase the range and force of a projectile, present or absent as a military technology in the warfare practices of 'Akkadian Empire'? Strictly choose the correct label from an unordered set: {C, A, B}. C = unsure (cannot determine from current evidence), A = present, B = absent"
wf/atlatls,140,"During the period from 2900 BCE to 2500 BCE, was the atlatl, defined as a spear-throwing device used to increase the range and force of a projectile, present or absent as a military technology in the warfare practices of 'Early Dynastic'? Strictly choose the correct label from an unordered set: {B, A, C}. B = absent, A = present, C = unsure (cannot determine from current evidence)"
wf/atlatls,141,"During the period from 911 BCE to 612 BCE, was the atlatl, a weapon of the Americas, present or absent as a military technology in the warfare practices of 'Neo-Assyrian Empire'? Strictly choose the correct label from an unordered set: {C, A, B}. C = unsure (cannot determine from current evidence), A = present, B = absent"
wf/atlatls,142,"During the period from 626 BCE to 539 BCE, was the atlatl, defined as a spear-throwing device used to increase the range and force of a projectile, absent or present as a military technology in the warfare practices of 'Neo-Babylonian Empire'? Strictly choose the correct label from an unordered set: {C, A, B}. C = unsure (cannot determine from current evidence), A = present, B = absent"
wf/atlatls,143,"During the period from 9000 BCE to 5501 BCE, was the atlatl, defined as a spear-throwing device used to increase the range and force of a projectile, present or absent as a military technology in the warfare practices of 'Southern Mesopotamia Neolithic'? Strictly choose the correct label from an unordered set: {A, C, B}. A = present, C = unsure (cannot determine from current evidence), B = absent"
wf/atlatls,144,"During the period from 5500 BCE to 4000 BCE, was the atlatl, defined as a spear-throwing device used to increase the range and force of a projectile, present or absent as a military technology in the warfare practices of 'Ubaid'? Strictly choose the correct label from an unordered set: {C, B, A}. C = unsure (cannot determine from current evidence), B = absent, A = present"
wf/atlatls,145,"During the period from 2112 BCE to 2004 BCE, was the atlatl, defined as a spear-throwing device used to increase the range and force of a projectile, present or absent as a military technology in the warfare practices of 'Ur - Dynasty III'? Strictly choose the correct label from an unordered set: {C, B, A}. C = unsure (cannot determine from current evidence), B = absent, A = present"
wf/atlatls,146,"During the period from 4000 BCE to 2900 BCE, was the atlatl, a weapon of the Americas, present or absent as a military technology in the warfare practices of 'Uruk'? Strictly choose the correct label from an unordered set: {C, A, B}. C = unsure (cannot determine from current evidence), A = present, B = absent"
wf/atlatls,147,"During the period from 550 BCE to 331 BCE, was the atlatl, defined as a spear-throwing device used to increase the range and force of a projectile, present or absent as a military technology in the warfare practices of 'Achaemenid Empire'? Strictly choose the correct label from an unordered set: {B, C, A}. B = absent, C = unsure (cannot determine from current evidence), A = present"
wf/atlatls,148,"During the period from 1339 CE to 1501 CE, was the atlatl, a spear-throwing device used to increase the range and force of a projectile, present or absent as a military technology in the warfare practices of 'Ak Koyunlu'? Strictly choose the correct label from an unordered set: {B, C, A}. B = absent, C = unsure (cannot determine from current evidence), A = present"
wf/atlatls,149,"During the period from 7000 BCE to 6000 BCE, was the atlatl, a spear-throwing device used to increase the range and force of a projectile, present or absent as a military technology in the warfare practices of 'Susiana - Muhammad Jaffar'? Strictly choose the correct label from an unordered set: {C, B, A}. C = unsure (cannot determine from current evidence), B = absent, A = present"
wf/atlatls,150,"During the period from 2675 BCE to 2100 BCE, was the atlatl, a spear-throwing device used to increase the range and force of a projectile, present or absent as a military technology in the warfare practices of 'Elam - Awan Dynasty I'? Strictly choose the correct label from an unordered set: {C, B, A}. C = unsure (cannot determine from current evidence), B = absent, A = present"
wf/atlatls,151,"During the period from 932 CE to 1062 CE, was the atlatl, a weapon of the Americas, present or absent as a military technology in the warfare practices of 'Buyid Confederation'? Strictly choose the correct label from an unordered set: {C, B, A}. C = unsure (cannot determine from current evidence), B = absent, A = present"
wf/atlatls,152,"During the period from 1100 BCE to 900 BCE, was the atlatl, defined as a spear-throwing device used to increase the range and force of a projectile, present or absent as a military technology in the warfare practices of 'Elam - Crisis Period'? Strictly choose the correct label from an unordered set: {B, C, A}. B = absent, C = unsure (cannot determine from current evidence), A = present"
wf/atlatls,153,"During the period from 25 CE to 215 CE, was the atlatl, defined as a spear-throwing device used to increase the range and force of a projectile, present or absent as a military technology in the warfare practices of 'Elymais II'? Strictly choose the correct label from an unordered set: {C, A, B}. C = unsure (cannot determine from current evidence), A = present, B = absent"
wf/atlatls,154,"During the period from 7200 BCE to 7000 BCE, was the atlatl, a spear-throwing device used to increase the range and force of a projectile, present or absent as a military technology in the warfare practices of 'Formative Period'? Strictly choose the correct label from an unordered set: {A, C, B}. A = present, C = unsure (cannot determine from current evidence), B = absent"
wf/atlatls,155,"During the period from 1256 CE to 1339 CE, was the atlatl, a new world weapon that functions as a spear-throwing device used to increase the range and force of a projectile, present or absent as a military technology in the warfare practices of 'Ilkhanate'? Strictly choose the correct label from an unordered set: {C, B, A}. C = unsure (cannot determine from current evidence), B = absent, A = present"
wf/atlatls,156,"During the period from 6000 BCE to 5700 BCE, was the atlatl, a spear-throwing device used to increase the range and force of a projectile, present or absent as a military technology in the warfare practices of 'Susiana A'? Strictly choose the correct label from an unordered set: {A, B, C}. A = present, B = absent, C = unsure (cannot determine from current evidence)"
wf/atlatls,157,"During the period from 5700 BCE to 5100 BCE, was the atlatl, a spear-throwing device used to increase the range and force of a projectile, present or absent as a military technology in the warfare practices of 'Susiana B'? Strictly choose the correct label from an unordered set: {A, B, C}. A = present, B = absent, C = unsure (cannot determine from current evidence)"
wf/atlatls,158,"During the period from 4700 BCE to 4300 BCE, was the atlatl, a spear-throwing device used to increase the range and force of a projectile, present or absent as a military technology in the warfare practices of 'Susiana - Late Ubaid'? Strictly choose the correct label from an unordered set: {C, A, B}. C = unsure (cannot determine from current evidence), A = present, B = absent"
wf/atlatls,159,"During the period from 5100 BCE to 4700 BCE, was the atlatl, a spear-throwing device used to increase the range and force of a projectile, present or absent as a military technology in the warfare practices of 'Susiana - Early Ubaid'? Strictly choose the correct label from an unordered set: {B, C, A}. B = absent, C = unsure (cannot determine from current evidence), A = present"
wf/atlatls,160,"During the period from 1500 BCE to 1400 BCE, was the atlatl, defined as a spear-throwing device used to increase the range and force of a projectile, present or absent as a military technology in the warfare practices of 'Elam - Kidinuid Period'? Strictly choose the correct label from an unordered set: {C, B, A}. C = unsure (cannot determine from current evidence), B = absent, A = present"
wf/atlatls,161,"During the period from 1399 BCE to 1200 BCE, was the atlatl, defined as a spear-throwing device used to increase the range and force of a projectile, present or absent as a military technology in the warfare practices of 'Elam - Igihalkid Period'? Strictly choose the correct label from an unordered set: {B, C, A}. B = absent, C = unsure (cannot determine from current evidence), A = present"
wf/atlatls,162,"During the period from 1199 BCE to 1100 BCE, was the atlatl, defined as a spear-throwing device used to increase the range and force of a projectile, present or absent as a military technology in the warfare practices of 'Elam - Shutrukid Period'? Strictly choose the correct label from an unordered set: {A, B, C}. A = present, B = absent, C = unsure (cannot determine from current evidence)"
wf/atlatls,163,"During the period from 900 BCE to 744 BCE, was the atlatl, defined as a spear-throwing device used to increase the range and force of a projectile, present or absent as a military technology in the warfare practices of 'Elam I'? Strictly choose the correct label from an unordered set: {B, A, C}. B = absent, A = present, C = unsure (cannot determine from current evidence)"
wf/atlatls,164,"During the period from 743 BCE to 647 BCE, was the atlatl, defined as a spear-throwing device used to increase the range and force of a projectile, present or absent as a military technology in the warfare practices of 'Elam II'? Strictly choose the correct label from an unordered set: {A, C, B}. A = present, C = unsure (cannot determine from current evidence), B = absent"
wf/atlatls,165,"During the period from 612 BCE to 539 BCE, was the atlatl, defined as a spear-throwing device used to increase the range and force of a projectile, present or absent as a military technology in the warfare practices of 'Elam III'? Strictly choose the correct label from an unordered set: {B, C, A}. B = absent, C = unsure (cannot determine from current evidence), A = present"
wf/atlatls,166,"During the period from 247 BCE to 40 CE, was the atlatl, a new world weapon that functions as a spear-throwing device used to increase the range and force of a projectile, present or absent as a military technology in the warfare practices of 'Parthian Empire I'? Strictly choose the correct label from an unordered set: {B, C, A}. B = absent, C = unsure (cannot determine from current evidence), A = present"
wf/atlatls,167,"During the period from 41 CE to 226 CE, was the atlatl, a weapon of the Americas, present or absent as a military technology in the warfare practices of 'Parthian Empire II'? Strictly choose the correct label from an unordered set: {C, A, B}. C = unsure (cannot determine from current evidence), A = present, B = absent"
wf/atlatls,168,"During the period from 7800 BCE to 7200 BCE, was the atlatl, a spear-throwing device used to increase the range and force of a projectile, present or absent as a military technology in the warfare practices of 'Pre-Ceramic Period'? Strictly choose the correct label from an unordered set: {C, A, B}. C = unsure (cannot determine from current evidence), A = present, B = absent"
wf/atlatls,169,"During the period from 1794 CE to 1925 CE, was the atlatl, defined as a spear-throwing device used to increase the range and force of a projectile, present or absent as a military technology in the warfare practices of 'Qajar Dynasty'? Strictly choose the correct label from an unordered set: {A, C, B}. A = present, C = unsure (cannot determine from current evidence), B = absent"
wf/atlatls,170,"During the period from 1501 CE to 1722 CE, was the atlatl, a weapon of the Americas, present or absent as a military technology in the warfare practices of 'Safavid Empire'? Strictly choose the correct label from an unordered set: {A, B, C}. A = present, B = absent, C = unsure (cannot determine from current evidence)"
wf/atlatls,171,"During the period from 205 CE to 487 CE, was the atlatl, a new world weapon that functions as a spear-throwing device used to increase the range and force of a projectile, present or absent as a military technology in the warfare practices of 'Sasanid Empire I'? Strictly choose the correct label from an unordered set: {C, A, B}. C = unsure (cannot determine from current evidence), A = present, B = absent"
wf/atlatls,172,"During the period from 488 CE to 642 CE, was the atlatl, a new world weapon that functions as a spear-throwing device used to increase the range and force of a projectile, present or absent as a military technology in the warfare practices of 'Sasanid Empire II'? Strictly choose the correct label from an unordered set: {A, B, C}. A = present, B = absent, C = unsure (cannot determine from current evidence)"
wf/atlatls,173,"During the period from 312 BCE to 63 BCE, was the atlatl, a weapon of the Americas, present or absent as a military technology in the warfare practices of 'Seleucid Empire'? Strictly choose the correct label from an unordered set: {B, A, C}. B = absent, A = present, C = unsure (cannot determine from current evidence)"
wf/atlatls,174,"During the period from 1037 CE to 1157 CE, was the atlatl, a weapon of the Americas, present or absent as a military technology in the warfare practices of 'Seljuk Sultanate'? Strictly choose the correct label from an unordered set: {C, B, A}. C = unsure (cannot determine from current evidence), B = absent, A = present"
wf/atlatls,175,"During the period from 2028 BCE to 1940 BCE, was the atlatl, defined as a spear-throwing device used to increase the range and force of a projectile, present or absent as a military technology in the warfare practices of 'Elam - Shimashki Period'? Strictly choose the correct label from an unordered set: {C, B, A}. C = unsure (cannot determine from current evidence), B = absent, A = present"
wf/atlatls,176,"During the period from 1900 BCE to 1701 BCE, was the atlatl, defined as a spear-throwing device used to increase the range and force of a projectile, present or absent as a military technology in the warfare practices of 'Elam - Early Sukkalmah'? Strictly choose the correct label from an unordered set: {C, B, A}. C = unsure (cannot determine from current evidence), B = absent, A = present"
wf/atlatls,177,"During the period from 1700 BCE to 1500 BCE, was the atlatl, defined as a spear-throwing device used to increase the range and force of a projectile, present or absent as a military technology in the warfare practices of 'Elam - Late Sukkalmah'? Strictly choose the correct label from an unordered set: {C, B, A}. C = unsure (cannot determine from current evidence), B = absent, A = present"
wf/atlatls,178,"During the period from 4300 BCE to 3800 BCE, was the atlatl, a spear-throwing device used to increase the range and force of a projectile, present or absent as a military technology in the warfare practices of 'Susa I'? Strictly choose the correct label from an unordered set: {A, B, C}. A = present, B = absent, C = unsure (cannot determine from current evidence)"
wf/atlatls,179,"During the period from 3800 BCE to 3100 BCE, was the atlatl, a spear-throwing device used to increase the range and force of a projectile, present or absent as a military technology in the warfare practices of 'Susa II'? Strictly choose the correct label from an unordered set: {C, B, A}. C = unsure (cannot determine from current evidence), B = absent, A = present"
wf/atlatls,180,"During the period from 3100 BCE to 2675 BCE, was the atlatl, a spear-throwing device used to increase the range and force of a projectile, present or absent as a military technology in the warfare practices of 'Susa III'? Strictly choose the correct label from an unordered set: {B, C, A}. B = absent, C = unsure (cannot determine from current evidence), A = present"
wf/atlatls,181,"During the period from 930 CE to 1262 CE, was the use of the atlatl, a spear-throwing device used to increase the range and force of a projectile, present or absent as a military technology in the warfare practices of 'Icelandic Commonwealth'? Strictly choose the correct label from an unordered set: {C, B, A}. C = unsure (cannot determine from current evidence), B = absent, A = present"
wf/atlatls,182,"During the period from 1800 BCE to 900 BCE, was the atlatl, defined as a spear-throwing device used to increase the range and force of a projectile, present or absent as a military technology in the warfare practices of 'Latium - Bronze Age'? Strictly choose the correct label from an unordered set: {C, B, A}. C = unsure (cannot determine from current evidence), B = absent, A = present"
wf/atlatls,183,"During the period from 3600 BCE to 1800 BCE, was the atlatl, defined as a spear-throwing device used to increase the range and force of a projectile, present or absent as a military technology in the warfare practices of 'Latium - Copper Age'? Strictly choose the correct label from an unordered set: {B, C, A}. B = absent, C = unsure (cannot determine from current evidence), A = present"
wf/atlatls,184,"During the period from 1000 BCE to 580 BCE, was the atlatl, defined as a spear-throwing device used to increase the range and force of a projectile, present or absent as a military technology in the warfare practices of 'Latium - Iron Age'? Strictly choose the correct label from an unordered set: {C, A, B}. C = unsure (cannot determine from current evidence), A = present, B = absent"
wf/atlatls,185,"During the period from 489 CE to 554 CE, was the atlatl, defined as a spear-throwing device used to increase the range and force of a projectile, present or absent as a military technology in the warfare practices of 'Ostrogothic Kingdom'? Strictly choose the correct label from an unordered set: {B, C, A}. B = absent, C = unsure (cannot determine from current evidence), A = present"
wf/atlatls,186,"During the period from 904 CE to 1198 CE, was the atlatl, defined as a spear-throwing device used to increase the range and force of a projectile, present or absent as a military technology in the warfare practices of 'Rome - Republic of St Peter II'? Strictly choose the correct label from an unordered set: {C, A, B}. C = unsure (cannot determine from current evidence), A = present, B = absent"
wf/atlatls,187,"During the period from 1198 CE to 1309 CE, was the atlatl, defined as a spear-throwing device used to increase the range and force of a projectile, present or absent as a military technology in the warfare practices of 'Papal States - High Medieval Period'? Strictly choose the correct label from an unordered set: {A, B, C}. A = present, B = absent, C = unsure (cannot determine from current evidence)"
wf/atlatls,188,"During the period from 1527 CE to 1648 CE, was the atlatl, defined as a spear-throwing device used to increase the range and force of a projectile, present or absent as a military technology in the warfare practices of 'Papal States - Early Modern Period I'? Strictly choose the correct label from an unordered set: {A, B, C}. A = present, B = absent, C = unsure (cannot determine from current evidence)"
wf/atlatls,189,"During the period from 1648 CE to 1809 CE, was the atlatl, defined as a spear-throwing device used to increase the range and force of a projectile, present or absent as a military technology in the warfare practices of 'Papal States - Early Modern Period II'? Strictly choose the correct label from an unordered set: {A, B, C}. A = present, B = absent, C = unsure (cannot determine from current evidence)"
wf/atlatls,190,"During the period from 1378 CE to 1527 CE, was the atlatl, defined as a spear-throwing device used to increase the range and force of a projectile, present or absent as a military technology in the warfare practices of 'Papal States - Renaissance Period'? Strictly choose the correct label from an unordered set: {B, A, C}. B = absent, A = present, C = unsure (cannot determine from current evidence)"
wf/atlatls,191,"During the period from 568 CE to 751 CE, was the atlatl, defined as a spear-throwing device used to increase the range and force of a projectile, present or absent as a military technology in the warfare practices of 'Exarchate of Ravenna'? Strictly choose the correct label from an unordered set: {B, C, A}. B = absent, C = unsure (cannot determine from current evidence), A = present"
wf/atlatls,192,"During the period from 509 BCE to 264 BCE, was the atlatl, defined as a spear-throwing device used to increase the range and force of a projectile, present or absent as a military technology in the warfare practices of 'Early Roman Republic'? Strictly choose the correct label from an unordered set: {B, A, C}. B = absent, A = present, C = unsure (cannot determine from current evidence)"
wf/atlatls,193,"During the period from 133 BCE to 31 BCE, was the atlatl, defined as a spear-throwing device used to increase the range and force of a projectile, present or absent as a military technology in the warfare practices of 'Late Roman Republic'? Strictly choose the correct label from an unordered set: {C, A, B}. C = unsure (cannot determine from current evidence), A = present, B = absent"
wf/atlatls,194,"During the period from 264 BCE to 133 BCE, was the atlatl, defined as a spear-throwing device used to increase the range and force of a projectile, present or absent as a military technology in the warfare practices of 'Middle Roman Republic'? Strictly choose the correct label from an unordered set: {C, A, B}. C = unsure (cannot determine from current evidence), A = present, B = absent"
wf/atlatls,195,"During the period from 31 BCE to 284 CE, was the atlatl, defined as a spear-throwing device used to increase the range and force of a projectile, present or absent as a military technology in the warfare practices of 'Roman Empire - Principate'? Strictly choose the correct label from an unordered set: {B, C, A}. B = absent, C = unsure (cannot determine from current evidence), A = present"
wf/atlatls,196,"Question: During the period from 716 BCE to 509 BCE, was the atlatl, defined as a spear-throwing device used to increase the range and force of a projectile, present or absent as a military technology in the warfare practices of 'Roman Kingdom'? Strictly choose the correct label from an unordered set: {A, B, C}. A = present, B = absent, C = unsure (cannot determine from current evidence)"
wf/atlatls,197,"During the period from 395 CE to 476 CE, was the atlatl, defined as a spear-throwing device used to increase the range and force of a projectile, present or absent as a military technology in the warfare practices of 'Western Roman Empire - Late Antiquity'? Strictly choose the correct label from an unordered set: {B, A, C}. B = absent, A = present, C = unsure (cannot determine from current evidence)"
wf/atlatls,198,"During the period from 752 CE to 904 CE, was the atlatl, defined as a spear-throwing device used to increase the range and force of a projectile, present or absent as a military technology in the warfare practices of 'Republic of St Peter I'? Strictly choose the correct label from an unordered set: {B, C, A}. B = absent, C = unsure (cannot determine from current evidence), A = present"
wf/atlatls,199,"During the period from 1336 CE to 1467 CE, was there any evidence of the use of atlatl, a weapon of the Americas, in the warfare practices of 'Ashikaga Shogunate'? Strictly choose the correct label from an unordered set: {A, B, C}. A = present, B = absent, C = unsure (cannot determine from current evidence)"
wf/atlatls,200,"During the period from 538 CE to 710 CE, was the atlatl, a weapon of the Americas, present or absent as a military technology in the warfare practices of 'Asuka'? Strictly choose the correct label from an unordered set: {A, B, C}. A = present, B = absent, C = unsure (cannot determine from current evidence)"
wf/atlatls,201,"During the period from 1568 CE to 1603 CE, was the atlatl, a spear-throwing device used to increase the range and force of a projectile, present or absent as a military technology in the warfare practices of 'Japan - Azuchi-Momoyama'? Strictly choose the correct label from an unordered set: {C, A, B}. C = unsure (cannot determine from current evidence), A = present, B = absent"
wf/atlatls,202,"During the period from 794 CE to 1185 CE, was the atlatl, a spear-throwing device used to increase the range and force of a projectile, present or absent as a military technology in the warfare practices of 'Heian'? Strictly choose the correct label from an unordered set: {B, A, C}. B = absent, A = present, C = unsure (cannot determine from current evidence)"
wf/atlatls,203,"During the period from 13600 BCE to 9200 BCE, was the atlatl, a spear-throwing device used to increase the range and force of a projectile, present or absent as a military technology in the warfare practices of 'Japan - Incipient Jomon'? Strictly choose the correct label from an unordered set: {A, C, B}. A = present, C = unsure (cannot determine from current evidence), B = absent"
wf/atlatls,204,"During the period from 9200 BCE to 5300 BCE, was the atlatl, a spear-throwing device used to increase the range and force of a projectile, present or absent as a military technology in the warfare practices of 'Japan - Initial Jomon'? Strictly choose the correct label from an unordered set: {A, B, C}. A = present, B = absent, C = unsure (cannot determine from current evidence)"
wf/atlatls,205,"During the period from 5300 BCE to 3500 BCE, was the atlatl, a spear-throwing device used to increase the range and force of a projectile, present or absent as a military technology in the warfare practices of 'Japan - Early Jomon'? Strictly choose the correct label from an unordered set: {C, B, A}. C = unsure (cannot determine from current evidence), B = absent, A = present"
wf/atlatls,206,"During the period from 3500 BCE to 2500 BCE, was the atlatl, a spear-throwing device used to increase the range and force of a projectile, present or absent as a military technology in the warfare practices of 'Japan - Middle Jomon'? Strictly choose the correct label from an unordered set: {B, A, C}. B = absent, A = present, C = unsure (cannot determine from current evidence)"
wf/atlatls,207,"During the period from 2500 BCE to 1200 BCE, was the atlatl, a spear-throwing device used to increase the range and force of a projectile, present or absent as a military technology in the warfare practices of 'Japan - Late Jomon'? Strictly choose the correct label from an unordered set: {C, A, B}. C = unsure (cannot determine from current evidence), A = present, B = absent"
wf/atlatls,208,"During the period from 1200 BCE to 300 BCE, was the atlatl, a spear-throwing device used to increase the range and force of a projectile, present or absent as a military technology in the warfare practices of 'Japan - Final Jomon'? Strictly choose the correct label from an unordered set: {C, B, A}. C = unsure (cannot determine from current evidence), B = absent, A = present"
wf/atlatls,209,"During the period from 1185 CE to 1333 CE, was the atlatl, a spear-throwing device used to increase the range and force of a projectile, present or absent as a military technology in the warfare practices of 'Kamakura Shogunate'? Strictly choose the correct label from an unordered set: {A, B, C}. A = present, B = absent, C = unsure (cannot determine from current evidence)"
wf/atlatls,210,"During the period from 250 CE to 537 CE, was the atlatl, a weapon of the Americas, present or absent as a military technology in the warfare practices of 'Kansai - Kofun Period'? Strictly choose the correct label from an unordered set: {C, B, A}. C = unsure (cannot determine from current evidence), B = absent, A = present"
wf/atlatls,211,"During the period from 710 CE to 794 CE, was the atlatl, a spear-throwing device used to increase the range and force of a projectile, present or absent as a military technology in the warfare practices of 'Nara'? Strictly choose the correct label from an unordered set: {A, B, C}. A = present, B = absent, C = unsure (cannot determine from current evidence)"
wf/atlatls,212,"During the period from 1467 CE to 1568 CE, was the atlatl, a spear-throwing device used to increase the range and force of a projectile, present or absent as a military technology in the warfare practices of 'Warring States Japan'? Strictly choose the correct label from an unordered set: {A, B, C}. A = present, B = absent, C = unsure (cannot determine from current evidence)"
wf/atlatls,213,"During the period from 1603 CE to 1868 CE, was the atlatl, a spear-throwing device used to increase the range and force of a projectile, present or absent as a military technology in the warfare practices of 'Tokugawa Shogunate'? Strictly choose the correct label from an unordered set: {C, A, B}. C = unsure (cannot determine from current evidence), A = present, B = absent"
wf/atlatls,214,"During the period from 300 BCE to 250 CE, was the atlatl, a weapon of the Americas, present or absent as a military technology in the warfare practices of 'Kansai - Yayoi Period'? Strictly choose the correct label from an unordered set: {A, C, B}. A = present, C = unsure (cannot determine from current evidence), B = absent"
wf/atlatls,215,"During the period from 950 CE to 1212 CE, was the atlatl, a weapon of the Americas and extremely unlikely to be present here, present or absent as a military technology in the warfare practices of 'Kara-Khanids'? Strictly choose the correct label from an unordered set: {C, A, B}. C = unsure (cannot determine from current evidence), A = present, B = absent"
wf/atlatls,216,"During the period from 582 CE to 630 CE, was the atlatl, a weapon of the Americas and extremely unlikely to be in use here, present or absent as a military technology in the warfare practices of 'Western Turk Khaganate'? Strictly choose the correct label from an unordered set: {B, A, C}. B = absent, A = present, C = unsure (cannot determine from current evidence)"
wf/atlatls,217,"During the period from 1100 CE to 1220 CE, was the atlatl, a spear-throwing device used to increase the range and force of a projectile, present or absent as a military technology in the warfare practices of 'Classical Angkor'? Strictly choose the correct label from an unordered set: {A, B, C}. A = present, B = absent, C = unsure (cannot determine from current evidence)"
wf/atlatls,218,"During the period from 802 CE to 1100 CE, was the atlatl, a spear-throwing device used to increase the range and force of a projectile, present or absent as a military technology in the warfare practices of 'Early Angkor'? Strictly choose the correct label from an unordered set: {C, B, A}. C = unsure (cannot determine from current evidence), B = absent, A = present"
wf/atlatls,219,"During the period from 1220 CE to 1432 CE, was the atlatl, a spear-throwing device used to increase the range and force of a projectile, present or absent as a military technology in the warfare practices of 'Late Angkor'? Strictly choose the correct label from an unordered set: {C, B, A}. C = unsure (cannot determine from current evidence), B = absent, A = present"
wf/atlatls,220,"During the period from 1432 CE to 1594 CE, was the atlatl, a spear-throwing device used to increase the range and force of a projectile, present or absent as a military technology in the warfare practices of 'Khmer Kingdom'? Strictly choose the correct label from an unordered set: {C, B, A}. C = unsure (cannot determine from current evidence), B = absent, A = present"
wf/atlatls,221,"During the period from 550 CE to 825 CE, was the atlatl, defined as a spear-throwing device used to increase the range and force of a projectile, present or absent as a military technology in the warfare practices of 'Chenla'? Strictly choose the correct label from an unordered set: {B, C, A}. B = absent, C = unsure (cannot determine from current evidence), A = present"
wf/atlatls,222,"During the period from 225 CE to 540 CE, was the atlatl, defined as a spear-throwing device used to increase the range and force of a projectile, present or absent as a military technology in the warfare practices of 'Funan I'? Strictly choose the correct label from an unordered set: {C, B, A}. C = unsure (cannot determine from current evidence), B = absent, A = present"
wf/atlatls,223,"During the period from 540 CE to 640 CE, was the atlatl, defined as a spear-throwing device used to increase the range and force of a projectile, present or absent as a military technology in the warfare practices of 'Funan II'? Strictly choose the correct label from an unordered set: {A, C, B}. A = present, C = unsure (cannot determine from current evidence), B = absent"
wf/atlatls,224,"During the period from 1200 BCE to 501 BCE, was the atlatl, defined as a spear-throwing device used to increase the range and force of a projectile, present or absent as a military technology in the warfare practices of 'Bronze Age Cambodia'? Strictly choose the correct label from an unordered set: {C, A, B}. C = unsure (cannot determine from current evidence), A = present, B = absent"
wf/atlatls,225,"During the period from 500 BCE to 224 CE, was the atlatl, defined as a spear-throwing device used to increase the range and force of a projectile, present or absent as a military technology in the warfare practices of 'Iron Age Cambodia'? Strictly choose the correct label from an unordered set: {A, B, C}. A = present, B = absent, C = unsure (cannot determine from current evidence)"
wf/atlatls,226,"During the period from 1800 BCE to 1200 BCE, was the atlatl, defined as a spear-throwing device used to increase the range and force of a projectile, present or absent as a military technology in the warfare practices of 'Andronovo'? Strictly choose the correct label from an unordered set: {A, B, C}. A = present, B = absent, C = unsure (cannot determine from current evidence)"
wf/atlatls,227,"During the period from 1200 BCE to 332 BCE, was the atlatl, defined as a spear-throwing device used to increase the range and force of a projectile, present or absent as a military technology in the warfare practices of 'Phoenician Empire'? Strictly choose the correct label from an unordered set: {B, C, A}. B = absent, C = unsure (cannot determine from current evidence), A = present"
wf/atlatls,228,"During the period from 1554 CE to 1659 CE, was the atlatl, defined as a spear-throwing device used to increase the range and force of a projectile, present or absent as a military technology in the warfare practices of 'Saadi Sultanate'? Strictly choose the correct label from an unordered set: {C, A, B}. C = unsure (cannot determine from current evidence), A = present, B = absent"
wf/atlatls,229,"During the period from 1712 CE to 1861 CE, was the atlatl, defined as a spear-throwing device used to increase the range and force of a projectile, present or absent as a military technology in the warfare practices of 'Bamana kingdom'? Strictly choose the correct label from an unordered set: {A, C, B}. A = present, C = unsure (cannot determine from current evidence), B = absent"
wf/atlatls,230,"During the period from 250 BCE to 49 CE, was the atlatl, defined as a spear-throwing device used to increase the range and force of a projectile, present or absent as a military technology in the warfare practices of 'Jenne-jeno I'? Strictly choose the correct label from an unordered set: {A, B, C}. A = present, B = absent, C = unsure (cannot determine from current evidence)"
wf/atlatls,231,"During the period from 50 CE to 399 CE, was the atlatl, defined as a spear-throwing device used to increase the range and force of a projectile, present or absent as a military technology in the warfare practices of 'Jenne-jeno II'? Strictly choose the correct label from an unordered set: {A, B, C}. A = present, B = absent, C = unsure (cannot determine from current evidence)"
wf/atlatls,232,"During the period from 400 CE to 899 CE, was the atlatl, defined as a spear-throwing device used to increase the range and force of a projectile, present or absent as a military technology in the warfare practices of 'Jenne-jeno III'? Strictly choose the correct label from an unordered set: {A, C, B}. A = present, C = unsure (cannot determine from current evidence), B = absent"
wf/atlatls,233,"During the period from 900 CE to 1300 CE, was the atlatl, defined as a spear-throwing device used to increase the range and force of a projectile, present or absent as a military technology in the warfare practices of 'Jenne-jeno IV'? Strictly choose the correct label from an unordered set: {A, C, B}. A = present, C = unsure (cannot determine from current evidence), B = absent"
wf/atlatls,234,"During the period from 1230 CE to 1410 CE, was the atlatl, defined as a spear-throwing device used to increase the range and force of a projectile, present or absent as a military technology in the warfare practices of 'Mali Empire'? Strictly choose the correct label from an unordered set: {C, B, A}. C = unsure (cannot determine from current evidence), B = absent, A = present"
wf/atlatls,235,"During the period from 1650 CE to 1712 CE, was the atlatl, defined as a spear-throwing device used to increase the range and force of a projectile, present or absent as a military technology in the warfare practices of 'Segou Kingdom'? Strictly choose the correct label from an unordered set: {A, B, C}. A = present, B = absent, C = unsure (cannot determine from current evidence)"
wf/atlatls,236,"During the period from 1493 CE to 1591 CE, was the atlatl, a new world weapon that functions as a spear-throwing device used to increase the range and force of a projectile, present or absent as a military technology in the warfare practices of 'Songhai Empire - Askiya Dynasty'? Strictly choose the correct label from an unordered set: {C, A, B}. C = unsure (cannot determine from current evidence), A = present, B = absent"
wf/atlatls,237,"During the period from 583 CE to 630 CE, was the atlatl, a weapon of the Americas and highly unlikely to be present in this context, present or absent as a military technology in the warfare practices of 'Eastern Turk Khaganate'? Strictly choose the correct label from an unordered set: {B, A, C}. B = absent, A = present, C = unsure (cannot determine from current evidence)"
wf/atlatls,238,"During the period from 907 CE to 1125 CE, was the atlatl, defined as a spear-throwing device used to increase the range and force of a projectile, present or absent as a military technology in the warfare practices of 'Khitan I'? Strictly choose the correct label from an unordered set: {B, A, C}. B = absent, A = present, C = unsure (cannot determine from current evidence)"
wf/atlatls,239,"During the period from 1206 CE to 1270 CE, was the atlatl, defined as a spear-throwing device used to increase the range and force of a projectile, present or absent as a military technology in the warfare practices of 'Mongol Empire'? Strictly choose the correct label from an unordered set: {B, A, C}. B = absent, A = present, C = unsure (cannot determine from current evidence)"
wf/atlatls,240,"During the period from 1000 CE to 1206 CE, was the atlatl, defined as a spear-throwing device used to increase the range and force of a projectile, present or absent as a military technology in the warfare practices of 'Early Mongols'? Strictly choose the correct label from an unordered set: {A, C, B}. A = present, C = unsure (cannot determine from current evidence), B = absent"
wf/atlatls,241,"During the period from 1368 CE to 1690 CE, was the atlatl, defined as a spear-throwing device used to increase the range and force of a projectile, present or absent as a military technology in the warfare practices of 'Late Mongols'? Strictly choose the correct label from an unordered set: {A, C, B}. A = present, C = unsure (cannot determine from current evidence), B = absent"
wf/atlatls,242,"During the period from 300 CE to 555 CE, was the atlatl, a weapon of the Americas and extremely unlikely to be present here, present or absent as a military technology in the warfare practices of 'Rouran Khaganate'? Strictly choose the correct label from an unordered set: {A, C, B}. A = present, C = unsure (cannot determine from current evidence), B = absent"
wf/atlatls,243,"During the period from 600 CE to 1000 CE, was the atlatl, defined as a spear-throwing device used to increase the range and force of a projectile, present or absent as a military technology in the warfare practices of 'Shiwei'? Strictly choose the correct label from an unordered set: {A, B, C}. A = present, B = absent, C = unsure (cannot determine from current evidence)"
wf/atlatls,244,"During the period from 682 CE to 744 CE, was the atlatl, defined as a spear-throwing device used to increase the range and force of a projectile, present or absent as a military technology in the warfare practices of 'Second Turk Khaganate'? Strictly choose the correct label from an unordered set: {C, B, A}. C = unsure (cannot determine from current evidence), B = absent, A = present"
wf/atlatls,245,"During the period from 745 CE to 840 CE, was the atlatl, defined as a spear-throwing device used to increase the range and force of a projectile, present or absent as a military technology in the warfare practices of 'Uigur Khaganate'? Strictly choose the correct label from an unordered set: {A, B, C}. A = present, B = absent, C = unsure (cannot determine from current evidence)"
wf/atlatls,246,"During the period from 100 CE to 250 CE, was the atlatl, a weapon of the Americas and extremely unlikely to be found in Europe, present or absent as a military technology in the warfare practices of 'Xianbei Confederation'? Strictly choose the correct label from an unordered set: {A, B, C}. A = present, B = absent, C = unsure (cannot determine from current evidence)"
wf/atlatls,247,"During the period from 1400 BCE to 300 BCE, was the atlatl, a spear-throwing device used to increase the range and force of a projectile, present or absent as a military technology in the warfare practices of 'Early Xiongnu'? Strictly choose the correct label from an unordered set: {A, C, B}. A = present, C = unsure (cannot determine from current evidence), B = absent"
wf/atlatls,248,"During the period from 60 BCE to 100 CE, was the atlatl, a spear-throwing device used to increase the range and force of a projectile, present or absent as a military technology in the warfare practices of 'Late Xiongnu'? Strictly choose the correct label from an unordered set: {C, A, B}. C = unsure (cannot determine from current evidence), A = present, B = absent"
wf/atlatls,249,"During the period from 209 BCE to 60 BCE, was the atlatl, a spear-throwing device used to increase the range and force of a projectile, present or absent as a military technology in the warfare practices of 'Xiongnu Imperial Confederation'? Strictly choose the correct label from an unordered set: {C, A, B}. C = unsure (cannot determine from current evidence), A = present, B = absent"
wf/atlatls,250,"During the period from 1670 CE to 1757 CE, was the atlatl, defined as a spear-throwing device used to increase the range and force of a projectile, present or absent as a military technology in the warfare practices of 'Zungharian Empire'? Strictly choose the correct label from an unordered set: {C, A, B}. C = unsure (cannot determine from current evidence), A = present, B = absent"
wf/atlatls,251,"During the period from 1078 CE to 1203 CE, was the atlatl, defined as a spear-throwing device used to increase the range and force of a projectile, present or absent as a military technology in the warfare practices of 'Later Wagadu Empire'? Strictly choose the correct label from an unordered set: {C, B, A}. C = unsure (cannot determine from current evidence), B = absent, A = present"
wf/atlatls,252,"During the period from 700 CE to 1077 CE, was the atlatl, defined as a spear-throwing device used to increase the range and force of a projectile, present or absent as a military technology in the warfare practices of 'Middle Wagadu Empire'? Strictly choose the correct label from an unordered set: {C, A, B}. C = unsure (cannot determine from current evidence), A = present, B = absent"
wf/atlatls,253,"During the period from 500 BCE to 300 BCE, was the use of atlatl, defined as a spear-throwing device used to increase the range and force of a projectile, present or absent as a 'military technology during this time? Strictly choose the correct label from an unordered set: {B, C, A}. B = absent, C = unsure (cannot determine from current evidence), A = present"
wf/atlatls,254,"During the period from 300 BCE to 100 BCE, was the use of atlatl, defined as a spear-throwing device used to increase the range and force of a projectile, present or absent as a 'military technology during this time? Strictly choose the correct label from an unordered set: {B, C, A}. B = absent, C = unsure (cannot determine from current evidence), A = present"
wf/atlatls,255,"During the period from 100 BCE to 200 CE, was the use of atlatl, defined as a spear-throwing device used to increase the range and force of a projectile, present or absent as a 'military technology during this time? Strictly choose the correct label from an unordered set: {B, C, A}. B = absent, C = unsure (cannot determine from current evidence), A = present"
wf/atlatls,256,"During the period from 200 CE to 500 CE, was the use of atlatl, defined as a spear-throwing device used to increase the range and force of a projectile, present or absent as a 'military technology during this time? Strictly choose the correct label from an unordered set: {B, C, A}. B = absent, C = unsure (cannot determine from current evidence), A = present"
wf/atlatls,257,"During the period from 500 CE to 900 CE, was the use of atlatl, defined as a spear-throwing device used to increase the range and force of a projectile, present or absent as a 'military technology during this time? Strictly choose the correct label from an unordered set: {C, A, B}. C = unsure (cannot determine from current evidence), A = present, B = absent"
wf/atlatls,258,"During the period from 900 CE to 1520 CE, was the atlatl, a spear-throwing device used to increase the range and force of a projectile, present or absent as a military technology in the warfare practices of 'Monte Alban V'? Strictly choose the correct label from an unordered set: {A, C, B}. A = present, C = unsure (cannot determine from current evidence), B = absent"
wf/atlatls,259,"During the period from 6000 BCE to 2001 BCE, was the atlatl, defined as a spear-throwing device used to increase the range and force of a projectile, present or absent as a military technology in the warfare practices of 'Archaic Basin of Mexico'? Strictly choose the correct label from an unordered set: {C, A, B}. C = unsure (cannot determine from current evidence), A = present, B = absent"
wf/atlatls,260,"During the period from 6000 BCE to 2001 BCE, was the atlatl, defined as a spear-throwing device used to increase the range and force of a projectile, present or absent as a military technology in the warfare practices of 'Archaic Basin of Mexico'? Strictly choose the correct label from an unordered set: {B, A, C}. B = absent, A = present, C = unsure (cannot determine from current evidence)"
wf/atlatls,261,"During the period from 1427 CE to 1526 CE, was the atlatl, defined as a spear-throwing device used to increase the range and force of a projectile, present or absent as a 'military technology during this time? Strictly choose the correct label from an unordered set: {B, C, A}. B = absent, C = unsure (cannot determine from current evidence), A = present"
wf/atlatls,262,"During the period from 100 CE to 649 CE, was the atlatl, a spear-throwing device used to increase the range and force of a projectile, present or absent as a military technology in the warfare practices of 'Classic Basin of Mexico'? Strictly choose the correct label from an unordered set: {C, A, B}. C = unsure (cannot determine from current evidence), A = present, B = absent"
wf/atlatls,263,"During the period from 650 CE to 899 CE, was the atlatl, defined as a spear-throwing device used to increase the range and force of a projectile, present or absent as a military technology in the warfare practices of 'Epiclassic Basin of Mexico'? Strictly choose the correct label from an unordered set: {C, B, A}. C = unsure (cannot determine from current evidence), B = absent, A = present"
wf/atlatls,264,"1200 BCE to 801 BCE, was the atlatl, a spear-throwing device used to increase the range and force of a projectile, present or absent as a military technology in the warfare practices of 'Early Formative Basin of Mexico'? Strictly choose the correct label from an unordered set: {B, A, C}. B = absent, A = present, C = unsure (cannot determine from current evidence)"
wf/atlatls,265,"During the period from 400 BCE to 101 BCE, was the atlatl, defined as a spear-throwing device used to increase the range and force of a projectile, present or absent as a military technology in the warfare practices of 'Late Formative Basin of Mexico'? Strictly choose the correct label from an unordered set: {C, A, B}. C = unsure (cannot determine from current evidence), A = present, B = absent"
wf/atlatls,266,"800 BCE to 401 BCE, was the atlatl, a spear-throwing device used to increase the range and force of a projectile, present or absent as a military technology in the warfare practices of 'Middle Formative Basin of Mexico'? Strictly choose the correct label from an unordered set: {B, C, A}. B = absent, C = unsure (cannot determine from current evidence), A = present"
wf/atlatls,267,"During the period from 100 BCE to 99 CE, was the atlatl, defined as a spear-throwing device used to increase the range and force of a projectile, present or absent as a military technology in the warfare practices of 'Terminal Formative Basin of Mexico'? Strictly choose the correct label from an unordered set: {A, C, B}. A = present, C = unsure (cannot determine from current evidence), B = absent"
wf/atlatls,268,"Consider the period from 2000 BCE to 1201 BCE in the context of 'Initial Formative Basin of Mexico'. Was the atlatl, defined as a spear-throwing device used to increase the range and force of a projectile, present or absent as a military technology in the warfare practices of 'Initial Formative Basin of Mexico' during this time? Strictly choose the correct label from an unordered set: {C, A, B}. C = unsure (cannot determine from current evidence), A = present, B = absent"
wf/atlatls,269,"During the Classic period, from 1200 CE to 1426 CE, was the atlatl, defined as a spear-throwing device used to increase the range and force of a projectile, present or absent as a military technology in the warfare practices of 'Middle Postclassic Basin of Mexico'? Strictly choose the correct label from an unordered set: {B, A, C}. B = absent, A = present, C = unsure (cannot determine from current evidence)"
wf/atlatls,270,"Consider the period from 700 BCE to 500 BCE in the context of 'Oaxaca - Rosario'. Was the atlatl, defined as a spear-throwing device used to increase the range and force of a projectile, present or absent as a military technology during this time? Strictly choose the correct label from an unordered set: {C, A, B}. C = unsure (cannot determine from current evidence), A = present, B = absent"
wf/atlatls,271,"During the period from 1150 BCE to 700 BCE, was the atlatl, a spear-throwing device used to increase the range and force of a projectile, present or absent as a military technology in the warfare practices of 'Oaxaca - San Jose'? Strictly choose the correct label from an unordered set: {B, A, C}. B = absent, A = present, C = unsure (cannot determine from current evidence)"
wf/atlatls,272,"During the period from 1400 BCE to 1150 BCE, was the atlatl, a spear-throwing device used to increase the range and force of a projectile, present or absent as a military technology in the warfare practices of 'Oaxaca - Tierras Largas'? Strictly choose the correct label from an unordered set: {A, B, C}. A = present, B = absent, C = unsure (cannot determine from current evidence)"
wf/atlatls,273,"During the period from 900 CE to 1199 CE, was the atlatl, defined as a spear-throwing device used to increase the range and force of a projectile, present or absent as a military technology in the warfare practices of 'Toltecs'? Strictly choose the correct label from an unordered set: {C, B, A}. C = unsure (cannot determine from current evidence), B = absent, A = present"
wf/atlatls,274,"During the period from 1262 CE to 1396 CE, was the use of the atlatl, a spear-throwing device used to increase the range and force of a projectile, present or absent as a military technology in the warfare practices of 'Kingdom of Norway II'? Strictly choose the correct label from an unordered set: {B, A, C}. B = absent, A = present, C = unsure (cannot determine from current evidence)"
wf/atlatls,275,"During the period from 200 CE to 499 CE, was the atlatl, defined as a spear-throwing device used to increase the range and force of a projectile, present or absent as a military technology in the warfare practices of 'Cuzco - Early Intermediate I'? Strictly choose the correct label from an unordered set: {A, B, C}. A = present, B = absent, C = unsure (cannot determine from current evidence)"
wf/atlatls,276,"During the period from 500 CE to 649 CE, was the atlatl, defined as a spear-throwing device used to increase the range and force of a projectile, present or absent as a military technology in the warfare practices of 'Cuzco - Early Intermediate II'? Strictly choose the correct label from an unordered set: {A, B, C}. A = present, B = absent, C = unsure (cannot determine from current evidence)"
wf/atlatls,277,"During the period from 1000 CE to 1250 CE, was the atlatl, defined as a spear-throwing device used to increase the range and force of a projectile, present or absent as a military technology in the warfare practices of 'Cuzco - Late Intermediate I'? Strictly choose the correct label from an unordered set: {C, A, B}. C = unsure (cannot determine from current evidence), A = present, B = absent"
wf/atlatls,278,"During the period from 1250 CE to 1400 CE, was the atlatl, defined as a spear-throwing device used to increase the range and force of a projectile, present or absent as a military technology in the warfare practices of 'Cuzco - Late Intermediate II'? Strictly choose the correct label from an unordered set: {B, A, C}. B = absent, A = present, C = unsure (cannot determine from current evidence)"
wf/atlatls,279,"During the period from 500 BCE to 200 CE, was the atlatl, defined as a spear-throwing device used to increase the range and force of a projectile, present or absent as a military technology in the warfare practices of 'Cuzco - Late Formative'? Strictly choose the correct label from an unordered set: {A, C, B}. A = present, C = unsure (cannot determine from current evidence), B = absent"
wf/atlatls,280,"During the period from 1375 CE to 1532 CE, was the atlatl, defined as a spear-throwing device used to increase the range and force of a projectile, present or absent as a military technology in the warfare practices of 'Inca Empire'? Strictly choose the correct label from an unordered set: {C, B, A}. C = unsure (cannot determine from current evidence), B = absent, A = present"
wf/atlatls,281,"During the period from 650 CE to 999 CE, was the atlatl, a spear-throwing device used to increase the range and force of a projectile, present or absent as a military technology in the warfare practices of 'Wari Empire'? Strictly choose the correct label from an unordered set: {A, B, C}. A = present, B = absent, C = unsure (cannot determine from current evidence)"
wf/atlatls,282,"During the period from 1734 CE to 1883 CE, was the atlatl, defined as a spear-throwing device used to increase the range and force of a projectile, present or absent as a military technology in the warfare practices of 'Orokaiva - Pre-Colonial'? Strictly choose the correct label from an unordered set: {A, B, C}. A = present, B = absent, C = unsure (cannot determine from current evidence)"
wf/atlatls,283,"During the period from 1884 CE to 1942 CE, was the atlatl, defined as a spear-throwing device used to increase the range and force of a projectile, present or absent as a military technology in the warfare practices of 'Orokaiva - Colonial'? Strictly choose the correct label from an unordered set: {A, B, C}. A = present, B = absent, C = unsure (cannot determine from current evidence)"
wf/atlatls,284,""
wf/atlatls,285,""
wf/atlatls,286,""
wf/atlatls,287,"During the period from 180 BCE to 10 BCE, was the atlatl, defined as a spear-throwing device used to increase the range and force of a projectile, present or absent as a military technology in the warfare practices of 'Indo-Greek Kingdom'? Strictly choose the correct label from an unordered set: {B, A, C}. B = absent, A = present, C = unsure (cannot determine from current evidence)"
wf/atlatls,288,"During the period from 1800 BCE to 1300 BCE, was the use of atlatl, a spear-throwing device used to increase the range and force of a projectile, present or absent in the warfare practices of 'Kachi Plain - Post-Urban Period'? Strictly choose the correct label from an unordered set: {B, A, C}. B = absent, A = present, C = unsure (cannot determine from current evidence)"
wf/atlatls,289,"During the period from 3200 BCE to 2500 BCE, was the atlatl, defined as a spear-throwing device used to increase the range and force of a projectile, present or absent as a military technology in the warfare practices of 'Kachi Plain - Pre-Urban Period'? Strictly choose the correct label from an unordered set: {A, B, C}. A = present, B = absent, C = unsure (cannot determine from current evidence)"
wf/atlatls,290,"During the period from 1300 BCE to 500 BCE, was the atlatl, defined as a spear-throwing device used to increase the range and force of a projectile, present or absent as a military technology in the warfare practices of 'Kachi Plain - Proto-Historic Period'? Strictly choose the correct label from an unordered set: {C, B, A}. C = unsure (cannot determine from current evidence), B = absent, A = present"
wf/atlatls,291,"During the period from 854 CE to 1193 CE, was the atlatl, a new world weapon that functions as a spear-throwing device used to increase the range and force of a projectile, present or absent as a military technology in the warfare practices of 'Sind - Abbasid-Fatimid Period'? Strictly choose the correct label from an unordered set: {B, A, C}. B = absent, A = present, C = unsure (cannot determine from current evidence)"
wf/atlatls,292,"During the period from 1335 CE to 1521 CE, was the atlatl, defined as a spear-throwing device used to increase the range and force of a projectile, present or absent as a military technology in the warfare practices of 'Sind - Samma Dynasty'? Strictly choose the correct label from an unordered set: {B, C, A}. B = absent, C = unsure (cannot determine from current evidence), A = present"
wf/atlatls,293,"During the period from 2500 BCE to 2100 BCE, was the atlatl, defined as a spear-throwing device used to increase the range and force of a projectile, present or absent as a military technology in the warfare practices of 'Kachi Plain - Urban Period I'? Strictly choose the correct label from an unordered set: {B, C, A}. B = absent, C = unsure (cannot determine from current evidence), A = present"
wf/atlatls,294,"During the period from 2100 BCE to 1800 BCE, was the atlatl, defined as a spear-throwing device used to increase the range and force of a projectile, present or absent as a military technology in the warfare practices of 'Kachi Plain - Urban Period II'? Strictly choose the correct label from an unordered set: {B, C, A}. B = absent, C = unsure (cannot determine from current evidence), A = present"
wf/atlatls,295,"During the period from 1400 CE to 1632 CE, was the atlatl, a spear-throwing device used to increase the range and force of a projectile, present or absent as a military technology in the warfare practices of 'Sakha - Early'? Strictly choose the correct label from an unordered set: {C, A, B}. C = unsure (cannot determine from current evidence), A = present, B = absent"
wf/atlatls,296,"During the period from 1632 CE to 1900 CE, was the atlatl, a spear-throwing device used to increase the range and force of a projectile, present or absent as a military technology in the warfare practices of 'Sakha - Late'? Strictly choose the correct label from an unordered set: {C, B, A}. C = unsure (cannot determine from current evidence), B = absent, A = present"
wf/atlatls,297,"During the period from 747 BCE to 656 BCE, was the atlatl, a spear-throwing device used to increase the range and force of a projectile, present or absent as a military technology in the warfare practices of 'Egypt - Kushite Period'? Strictly choose the correct label from an unordered set: {A, C, B}. A = present, C = unsure (cannot determine from current evidence), B = absent"
wf/atlatls,298,"During the period from 661 CE to 750 CE, was the atlatl, a spear-throwing device used to increase the range and force of a projectile, present or absent as a military technology in the warfare practices of 'Umayyad Caliphate'? Strictly choose the correct label from an unordered set: {B, A, C}. B = absent, A = present, C = unsure (cannot determine from current evidence)"
wf/atlatls,299,"During the period from 1593 CE to 1767 CE, was the atlatl, a spear-throwing device used to increase the range and force of a projectile, present or absent as a military technology in the warfare practices of 'Ayutthaya'? Strictly choose the correct label from an unordered set: {B, A, C}. B = absent, A = present, C = unsure (cannot determine from current evidence)"
wf/atlatls,300,"During the period from 1782 CE to 1873 CE, was the atlatl, a spear-throwing device used to increase the range and force of a projectile, present or absent as a military technology in the warfare practices of 'Rattanakosin'? Strictly choose the correct label from an unordered set: {B, A, C}. B = absent, A = present, C = unsure (cannot determine from current evidence)"
wf/atlatls,301,"During the period from 3500 BCE to 2000 BCE, was the atlatl, defined as a spear-throwing device used to increase the range and force of a projectile, present or absent as a military technology in the warfare practices of 'Sarazm'? Strictly choose the correct label from an unordered set: {C, A, B}. C = unsure (cannot determine from current evidence), A = present, B = absent"
wf/atlatls,302,"During the period from 909 CE to 1171 CE, was the atlatl, a new world weapon that functions as a spear-throwing device used to increase the range and force of a projectile, present or absent as a military technology in the warfare practices of 'Fatimid Caliphate'? Strictly choose the correct label from an unordered set: {A, C, B}. A = present, C = unsure (cannot determine from current evidence), B = absent"
wf/atlatls,303,"During the period from 3000 BCE to 2000 BCE, was the atlatl, a weapon of the Americas, present or absent as a military technology in the warfare practices of 'Konya Plain - Early Bronze Age'? Strictly choose the correct label from an unordered set: {B, A, C}. B = absent, A = present, C = unsure (cannot determine from current evidence)"
wf/atlatls,304,"During the period from 1500 BCE to 1400 BCE, was the atlatl, a weapon of the Americas, present or absent as a military technology in the warfare practices of 'Konya Plain - Late Bronze Age II'? Strictly choose the correct label from an unordered set: {B, C, A}. B = absent, C = unsure (cannot determine from current evidence), A = present"
wf/atlatls,305,"During the period from 2000 BCE to 1700 BCE, was the atlatl, a weapon of the Americas, present or absent as a military technology in the warfare practices of 'Middle Bronze Age in Central Anatolia'? Strictly choose the correct label from an unordered set: {B, A, C}. B = absent, A = present, C = unsure (cannot determine from current evidence)"
wf/atlatls,306,"During the period from 632 CE to 866 CE, was the atlatl, a weapon of the Americas and generally not found in this region, present or absent as a military technology in the warfare practices of 'Byzantine Empire I'? Strictly choose the correct label from an unordered set: {C, B, A}. C = unsure (cannot determine from current evidence), B = absent, A = present"
wf/atlatls,307,"During the period from 867 CE to 1072 CE, was the atlatl, defined as a spear-throwing device used to increase the range and force of a projectile, present or absent as a military technology in the warfare practices of 'Byzantine Empire II'? Strictly choose the correct label from an unordered set: {C, B, A}. C = unsure (cannot determine from current evidence), B = absent, A = present"
wf/atlatls,308,"During the period from 1073 CE to 1204 CE, was the atlatl, defined as a spear-throwing device used to increase the range and force of a projectile, present or absent as a military technology in the warfare practices of 'Byzantine Empire III'? Strictly choose the correct label from an unordered set: {B, C, A}. B = absent, C = unsure (cannot determine from current evidence), A = present"
wf/atlatls,309,"During the period from 330 BCE to 16 CE, was the atlatl, a spear-throwing device used to increase the range and force of a projectile, present or absent as a military technology in the warfare practices of 'Late Cappadocia'? Strictly choose the correct label from an unordered set: {C, B, A}. C = unsure (cannot determine from current evidence), B = absent, A = present"
wf/atlatls,310,"During the period from 6000 BCE to 5500 BCE, was the atlatl, defined as a spear-throwing device used to increase the range and force of a projectile, present or absent as a military technology in the warfare practices of 'Konya Plain - Early Chalcolithic'? Strictly choose the correct label from an unordered set: {C, B, A}. C = unsure (cannot determine from current evidence), B = absent, A = present"
wf/atlatls,311,"During the period from 5500 BCE to 3000 BCE, was the atlatl, a weapon of the Americas, present or absent as a military technology in the warfare practices of 'Konya Plain - Late Chalcolithic'? Strictly choose the correct label from an unordered set: {B, C, A}. B = absent, C = unsure (cannot determine from current evidence), A = present"
wf/atlatls,312,"During the period from 395 CE to 631 CE, was the atlatl, defined as a spear-throwing device used to increase the range and force of a projectile, present or absent as a military technology in the warfare practices of 'East Roman Empire'? Strictly choose the correct label from an unordered set: {A, B, C}. A = present, B = absent, C = unsure (cannot determine from current evidence)"
wf/atlatls,313,"During the period from 1400 BCE to 1180 BCE, was the atlatl, a weapon of the Americas, present or absent as a military technology in the warfare practices of 'Hatti - New Kingdom'? Strictly choose the correct label from an unordered set: {A, C, B}. A = present, C = unsure (cannot determine from current evidence), B = absent"
wf/atlatls,314,"During the period from 1650 BCE to 1500 BCE, was the atlatl, a weapon from the Americas that functions as a spear-throwing device used to increase the range and force of a projectile, present or absent as a military technology in the warfare practices of 'Hatti - Old Kingdom'? Strictly choose the correct label from an unordered set: {C, B, A}. C = unsure (cannot determine from current evidence), B = absent, A = present"
wf/atlatls,315,"During the period from 670 BCE to 546 BCE, was the atlatl, a weapon of the Americas, present or absent as a military technology in the warfare practices of 'Kingdom of Lydia'? Strictly choose the correct label from an unordered set: {B, C, A}. B = absent, C = unsure (cannot determine from current evidence), A = present"
wf/atlatls,316,"During the period from 323 BCE to 281 BCE, was the atlatl, a spear-throwing device used to increase the range and force of a projectile, present or absent as a military technology in the warfare practices of 'Lysimachus Kingdom'? Strictly choose the correct label from an unordered set: {C, A, B}. C = unsure (cannot determine from current evidence), A = present, B = absent"
wf/atlatls,317,"During the period from 7000 BCE to 6600 BCE, was the atlatl, a spear-throwing device used to increase the range and force of a projectile, present or absent as a military technology in the warfare practices of 'Konya Plain - Ceramic Neolithic'? Strictly choose the correct label from an unordered set: {C, A, B}. C = unsure (cannot determine from current evidence), A = present, B = absent"
wf/atlatls,318,"During the period from 9600 BCE to 7000 BCE, was the atlatl, a spear-throwing device used to increase the range and force of a projectile, present or absent as a military technology in the warfare practices of 'Konya Plain - Early Neolithic'? Strictly choose the correct label from an unordered set: {C, A, B}. C = unsure (cannot determine from current evidence), A = present, B = absent"
wf/atlatls,319,"During the period from 6600 BCE to 6000 BCE, was the atlatl, a spear-throwing device used to increase the range and force of a projectile, present or absent as a military technology in the warfare practices of 'Konya Plain - Late Neolithic'? Strictly choose the correct label from an unordered set: {A, C, B}. A = present, C = unsure (cannot determine from current evidence), B = absent"
wf/atlatls,320,"During the period from 1180 BCE to 900 BCE, was the atlatl, a weapon of the Americas, present or absent as a military technology in the warfare practices of 'Neo-Hittite Kingdoms'? Strictly choose the correct label from an unordered set: {B, C, A}. B = absent, C = unsure (cannot determine from current evidence), A = present"
wf/atlatls,321,"During the period from 1299 CE to 1402 CE, was the atlatl, defined as a spear-throwing device used to increase the range and force of a projectile, present or absent as a military technology in the warfare practices of 'Ottoman Emirate'? Strictly choose the correct label from an unordered set: {A, B, C}. A = present, B = absent, C = unsure (cannot determine from current evidence)"
wf/atlatls,322,"During the period from 1402 CE to 1517 CE, was the atlatl, defined as a spear-throwing device used to increase the range and force of a projectile, present or absent as a military technology in the warfare practices of 'Ottoman Empire I'? Strictly choose the correct label from an unordered set: {A, B, C}. A = present, B = absent, C = unsure (cannot determine from current evidence)"
wf/atlatls,323,"During the period from 1517 CE to 1683 CE, was the atlatl, defined as a spear-throwing device used to increase the range and force of a projectile, present or absent as a military technology in the warfare practices of 'Ottoman Empire II'? Strictly choose the correct label from an unordered set: {A, C, B}. A = present, C = unsure (cannot determine from current evidence), B = absent"
wf/atlatls,324,"During the period from 1683 CE to 1839 CE, was the atlatl, defined as a spear-throwing device used to increase the range and force of a projectile, present or absent as a military technology in the warfare practices of 'Ottoman Empire III'? Strictly choose the correct label from an unordered set: {C, A, B}. C = unsure (cannot determine from current evidence), A = present, B = absent"
wf/atlatls,325,"During the period from 900 BCE to 695 BCE, was the atlatl, a weapon of the Americas, present or absent as a military technology in the warfare practices of 'Phrygian Kingdom'? Strictly choose the correct label from an unordered set: {B, A, C}. B = absent, A = present, C = unsure (cannot determine from current evidence)"
wf/atlatls,326,"During the period from 285 CE to 394 CE, was the atlatl, a spear-throwing device used to increase the range and force of a projectile, present or absent as a military technology in the warfare practices of 'Roman Empire - Dominate'? Strictly choose the correct label from an unordered set: {B, C, A}. B = absent, C = unsure (cannot determine from current evidence), A = present"
wf/atlatls,327,"During the period from 1077 CE to 1307 CE, was the atlatl, defined as a spear-throwing device used to increase the range and force of a projectile, present or absent as a military technology in the warfare practices of 'Rum Sultanate'? Strictly choose the correct label from an unordered set: {A, C, B}. A = present, C = unsure (cannot determine from current evidence), B = absent"
wf/atlatls,328,"During the period from 900 BCE to 730 BCE, was the atlatl, a spear-throwing device used to increase the range and force of a projectile, present or absent as a military technology in the warfare practices of 'Tabal Kingdoms'? Strictly choose the correct label from an unordered set: {A, C, B}. A = present, C = unsure (cannot determine from current evidence), B = absent"
wf/atlatls,329,"During the period from 1050 CE to 1199 CE, was the atlatl, defined as a spear-throwing device used to increase the range and force of a projectile, present or absent as a military technology in the warfare practices of 'Cahokia - Lohman-Stirling'? Strictly choose the correct label from an unordered set: {C, B, A}. C = unsure (cannot determine from current evidence), B = absent, A = present"
wf/atlatls,330,"During the period from 1200 CE to 1275 CE, was the atlatl, defined as a spear-throwing device used to increase the range and force of a projectile, present or absent as a military technology in the warfare practices of 'Cahokia - Moorehead'? Strictly choose the correct label from an unordered set: {A, B, C}. A = present, B = absent, C = unsure (cannot determine from current evidence)"
wf/atlatls,331,"During the period from 1640 CE to 1717 CE, was the atlatl, defined as a spear-throwing device used to increase the range and force of a projectile, present or absent as a military technology in the warfare practices of 'Early Illinois Confederation'? Strictly choose the correct label from an unordered set: {A, B, C}. A = present, B = absent, C = unsure (cannot determine from current evidence)"
wf/atlatls,332,"During the period from 1566 CE to 1713 CE, was the atlatl, a spear-throwing device used to increase the range and force of a projectile, present or absent as a military technology in the warfare practices of 'Haudenosaunee Confederacy - Early'? Strictly choose the correct label from an unordered set: {C, A, B}. C = unsure (cannot determine from current evidence), A = present, B = absent"
wf/atlatls,333,"During the period from 1714 CE to 1848 CE, was the atlatl, a spear-throwing device used to increase the range and force of a projectile, present or absent as a military technology in the warfare practices of 'Haudenosaunee Confederacy - Late'? Strictly choose the correct label from an unordered set: {A, C, B}. A = present, C = unsure (cannot determine from current evidence), B = absent"
wf/atlatls,334,"During the period from 1300 CE to 1565 CE, was the atlatl, a spear-throwing device used to increase the range and force of a projectile, present or absent as a military technology in the warfare practices of 'Proto-Haudenosaunee Confederacy'? Strictly choose the correct label from an unordered set: {C, A, B}. C = unsure (cannot determine from current evidence), A = present, B = absent"
wf/atlatls,335,"During the period from 1778 CE to 1819 CE, was the atlatl, defined as a spear-throwing device used to increase the range and force of a projectile, present or absent as a military technology in the warfare practices of 'Kingdom of Hawaii - Kamehameha Period'? Strictly choose the correct label from an unordered set: {C, A, B}. C = unsure (cannot determine from current evidence), A = present, B = absent"
wf/atlatls,336,"During the period from 600 BCE to 150 BCE, was the atlatl, defined as a spear-throwing device used to increase the range and force of a projectile, present or absent as a 'military technology during this time? Strictly choose the correct label from an unordered set: {B, C, A}. B = absent, C = unsure (cannot determine from current evidence), A = present"
wf/atlatls,337,"During the period from 900 CE to 1049 CE, was the atlatl, defined as a spear-throwing device used to increase the range and force of a projectile, present or absent as a military technology in the warfare practices of 'Cahokia - Emergent Mississippian II'? Strictly choose the correct label from an unordered set: {C, B, A}. C = unsure (cannot determine from current evidence), B = absent, A = present"
wf/atlatls,338,"During the period from 450 CE to 600 CE, was the atlatl, defined as a spear-throwing device used to increase the range and force of a projectile, present or absent as a military technology in the warfare practices of 'Cahokia - Late Woodland II'? Strictly choose the correct label from an unordered set: {A, B, C}. A = present, B = absent, C = unsure (cannot determine from current evidence)"
wf/atlatls,339,"During the period from 150 BCE to 300 CE, was the atlatl, defined as a spear-throwing device used to increase the range and force of a projectile, present or absent as a 'military technology during this time? Strictly choose the correct label from an unordered set: {B, C, A}. B = absent, C = unsure (cannot determine from current evidence), A = present"
wf/atlatls,340,"During the period from 600 CE to 750 CE, was the atlatl, defined as a spear-throwing device used to increase the range and force of a projectile, present or absent as a military technology in the warfare practices of 'Cahokia - Late Woodland III'? Strictly choose the correct label from an unordered set: {B, C, A}. B = absent, C = unsure (cannot determine from current evidence), A = present"
wf/atlatls,341,"During the period from 300 CE to 450 CE, was the atlatl, defined as a spear-throwing device used to increase the range and force of a projectile, present or absent as a military technology in the warfare practices of 'Cahokia - Late Woodland I'? Strictly choose the correct label from an unordered set: {C, A, B}. C = unsure (cannot determine from current evidence), A = present, B = absent"
wf/atlatls,342,"During the period from 1275 CE to 1400 CE, was the atlatl, defined as a spear-throwing device used to increase the range and force of a projectile, present or absent as a military technology in the warfare practices of 'Cahokia - Sand Prairie'? Strictly choose the correct label from an unordered set: {C, A, B}. C = unsure (cannot determine from current evidence), A = present, B = absent"
wf/atlatls,343,"During the period from 750 CE to 900 CE, was the atlatl, a spear-throwing device used to increase the range and force of a projectile, present or absent as a military technology in the warfare practices of 'Cahokia - Emergent Mississippian I'? Strictly choose the correct label from an unordered set: {A, B, C}. A = present, B = absent, C = unsure (cannot determine from current evidence)"
wf/atlatls,344,""
wf/atlatls,345,"During the period from 1227 CE to 1402 CE, was the atlatl, defined as a spear-throwing device used to increase the range and force of a projectile, present or absent as a military technology in the warfare practices of 'Chagatai Khanate'? Strictly choose the correct label from an unordered set: {C, B, A}. C = unsure (cannot determine from current evidence), B = absent, A = present"
wf/atlatls,346,"During the period from 1599 CE to 1747 CE, was the atlatl, defined as a spear-throwing device used to increase the range and force of a projectile, present or absent as a military technology in the warfare practices of 'Khanate of Bukhara'? Strictly choose the correct label from an unordered set: {B, C, A}. B = absent, C = unsure (cannot determine from current evidence), A = present"
wf/atlatls,347,"During the period from 1000 BCE to 521 BCE, was the atlatl, defined as a spear-throwing device used to increase the range and force of a projectile, present or absent as a military technology in the warfare practices of 'Ancient Khwarazm'? Strictly choose the correct label from an unordered set: {A, B, C}. A = present, B = absent, C = unsure (cannot determine from current evidence)"
wf/atlatls,348,"During the period from 1400 BCE to 1000 BCE, was the atlatl, defined as a spear-throwing device used to increase the range and force of a projectile, present or absent as a military technology in the warfare practices of 'Koktepe I'? Strictly choose the correct label from an unordered set: {C, B, A}. C = unsure (cannot determine from current evidence), B = absent, A = present"
wf/atlatls,349,"During the period from 750 BCE to 550 BCE, was the atlatl, a weapon of the Americas and extremely unlikely to be in use here, present or absent as a military technology in the warfare practices of 'Koktepe II'? Strictly choose the correct label from an unordered set: {B, C, A}. B = absent, C = unsure (cannot determine from current evidence), A = present"
wf/atlatls,350,"During the period from 819 CE to 999 CE, was the atlatl, a weapon of the Americas and extremely unlikely to be used in this context, present or absent as a military technology in the warfare practices of 'Samanid Empire'? Strictly choose the correct label from an unordered set: {C, A, B}. C = unsure (cannot determine from current evidence), A = present, B = absent"
wf/atlatls,351,"During the period from 604 CE to 711 CE, was the atlatl, a weapon of the Americas and extremely unlikely to be in use here, present or absent as a military technology in the warfare practices of 'Sogdiana - City-States Period'? Strictly choose the correct label from an unordered set: {A, C, B}. A = present, C = unsure (cannot determine from current evidence), B = absent"
wf/atlatls,352,"During the period from 1370 CE to 1526 CE, was the atlatl, a weapon of the Americas and extremely unlikely to be in use here, present or absent as a military technology in the warfare practices of 'Timurid Empire'? Strictly choose the correct label from an unordered set: {C, B, A}. C = unsure (cannot determine from current evidence), B = absent, A = present"
wf/atlatls,353,"During the period from 270 CE to 340 CE, was the atlatl, a weapon used only in the New World, present or absent as a military technology in the warfare practices of 'Himyar I'? Strictly choose the correct label from an unordered set: {C, A, B}. C = unsure (cannot determine from current evidence), A = present, B = absent"
wf/atlatls,354,"During the period from 378 CE to 525 CE, was the atlatl, a weapon used only in the New World, present or absent as a military technology in the warfare practices of 'Himyar II'? Strictly choose the correct label from an unordered set: {B, C, A}. B = absent, C = unsure (cannot determine from current evidence), A = present"
wf/atlatls,355,"During the period from 1200 BCE to 801 BCE, was the use of atlatl, a spear-throwing device used to increase the range and force of a projectile, present or absent in the warfare practices of 'Yemen - Late Bronze Age'? Strictly choose the correct label from an unordered set: {B, A, C}. B = absent, A = present, C = unsure (cannot determine from current evidence)"
wf/atlatls,356,"During the period from 3500 BCE to 1201 BCE, was the use of atlatl, a spear-throwing device used to increase the range and force of a projectile, present or absent in the warfare practices of 'Neolithic Yemen'? Strictly choose the correct label from an unordered set: {A, C, B}. A = present, C = unsure (cannot determine from current evidence), B = absent"
wf/atlatls,357,"During the period from 1637 CE to 1805 CE, was the atlatl, defined as a spear-throwing device used to increase the range and force of a projectile, present or absent as a military technology in the warfare practices of 'Yemen - Qasimid Dynasty'? Strictly choose the correct label from an unordered set: {A, B, C}. A = present, B = absent, C = unsure (cannot determine from current evidence)"
wf/atlatls,358,"During the period from 450 BCE to 111 BCE, was the atlatl, defined as a spear-throwing device used to increase the range and force of a projectile, present or absent as a military technology in the warfare practices of 'Qatabanian Commonwealth'? Strictly choose the correct label from an unordered set: {A, B, C}. A = present, B = absent, C = unsure (cannot determine from current evidence)"
wf/atlatls,359,"During the period from 1229 CE to 1453 CE, was the atlatl, defined as a spear-throwing device used to increase the range and force of a projectile, present or absent as a military technology in the warfare practices of 'Rasulid Dynasty'? Strictly choose the correct label from an unordered set: {A, B, C}. A = present, B = absent, C = unsure (cannot determine from current evidence)"
wf/atlatls,360,"During the period from 800 BCE to 451 BCE, was the atlatl, defined as a spear-throwing device used to increase the range and force of a projectile, present or absent as a military technology in the warfare practices of 'Sabaean Commonwealth'? Strictly choose the correct label from an unordered set: {B, C, A}. B = absent, C = unsure (cannot determine from current evidence), A = present"
wf/atlatls,361,"During the period from 1454 CE to 1517 CE, was the atlatl, defined as a spear-throwing device used to increase the range and force of a projectile, present or absent as a military technology in the warfare practices of 'Yemen - Tahirid Dynasty'? Strictly choose the correct label from an unordered set: {B, C, A}. B = absent, C = unsure (cannot determine from current evidence), A = present"
wf/atlatls,362,"During the period from 1038 CE to 1174 CE, was the atlatl, defined as a spear-throwing device used to increase the range and force of a projectile, present or absent as a military technology in the warfare practices of 'Yemen - Era of Warlords'? Strictly choose the correct label from an unordered set: {B, C, A}. B = absent, C = unsure (cannot determine from current evidence), A = present"
wf/atlatls,363,"During the period from 822 CE to 1037 CE, was the atlatl, defined as a spear-throwing device used to increase the range and force of a projectile, present or absent as a military technology in the warfare practices of 'Yemen Ziyadid Dynasty'? Strictly choose the correct label from an unordered set: {A, C, B}. A = present, C = unsure (cannot determine from current evidence), B = absent"
wf/atlatls,364,"During the period from 1690 CE to 1849 CE, was the atlatl, defined as a spear-throwing device used to increase the range and force of a projectile, present or absent as a military technology in the warfare practices of 'British Empire I'? Strictly choose the correct label from an unordered set: {A, C, B}. A = present, C = unsure (cannot determine from current evidence), B = absent"
