endpoint_identifier,entry_idx,output
wf/tension-siege-engines,0,"During the period from 1747 CE to 1826 CE, was the use of tension siege engines, defined as a type of siege engine that uses a system of ropes and pulleys to lift and drop heavy objects, present or absent as a military technology in the warfare practices of 'Durrani Empire'? Strictly choose the correct label from an unordered set: {B, A, C}. B = absent, A = present, C = unsure (cannot determine from current evidence)"
wf/tension-siege-engines,1,"During the period from 1025 CE to 1215 CE, was the use of the catapult, a siege engine that throws projectiles, present or absent in the warfare practices of 'Ghur Principality'? Strictly choose the correct label from an unordered set: {C, A, B}. C = unsure (cannot determine from current evidence), A = present, B = absent"
wf/tension-siege-engines,2,"During the period from 256 BCE to 125 BCE, was the use of tension siege engines, which were present in Alexander's army and successor states, present or absent as a military technology in the warfare practices of 'Greco-Bactrian Kingdom'? Strictly choose the correct label from an unordered set: {A, C, B}. A = present, C = unsure (cannot determine from current evidence), B = absent"
wf/tension-siege-engines,3,"During the period from 408 CE to 561 CE, was the use of tension siege engines, which were present in previous and subsequent polities, present or absent as a military technology in the warfare practices of 'Hephthalite Empire'? Strictly choose the correct label from an unordered set: {B, C, A}. B = absent, C = unsure (cannot determine from current evidence), A = present"
wf/tension-siege-engines,4,"During the period from 388 CE to 477 CE, was the use of tension siege engines, defined as a type of siege engine that uses a system of ropes and pulleys to lift and drop heavy objects, present or absent as a military technology in the warfare practices of 'Kidarite Kingdom'? Strictly choose the correct label from an unordered set: {B, A, C}. B = absent, A = present, C = unsure (cannot determine from current evidence)"
wf/tension-siege-engines,5,"During the period from 35 CE to 319 CE, was the use of tension siege engines, defined as a type of siege engine that uses a system of ropes and pulleys to lift and drop heavy objects, present or absent as a military technology in the warfare practices of 'Kushan Empire'? Strictly choose the correct label from an unordered set: {B, A, C}. B = absent, A = present, C = unsure (cannot determine from current evidence)"
wf/tension-siege-engines,6,"During the period from 129 BCE to 29 CE, was the use of tension siege engines, defined as a type of siege engine that uses a system of ropes and pulleys to lift and drop heavy objects, present or absent as a military technology in the warfare practices of 'Tocharians'? Strictly choose the correct label from an unordered set: {B, A, C}. B = absent, A = present, C = unsure (cannot determine from current evidence)"
wf/tension-siege-engines,7,"During the period from 25 CE to 220 CE, was the use of siege crossbows and traction trebuchets, early versions of siege crossbows and traction trebuchets may be noted in the accounts of the wars of the Qin and Han dynasties, and appear in the early military writings associated with the name of Mo Zi, present or absent as a military technology in the warfare practices of 'Eastern Han Empire'? Strictly choose the correct label from an unordered set: {C, A, B}. C = unsure (cannot determine from current evidence), A = present, B = absent"
wf/tension-siege-engines,8,"During the period from 265 CE to 317 CE, was the use of siege equipment, specifically artillery, moveable towers, artificial mounds, and scaling ladders, present or absent in the warfare strategies of 'Western Jin'? Strictly choose the correct label from an unordered set: {B, A, C}. B = absent, A = present, C = unsure (cannot determine from current evidence)"
wf/tension-siege-engines,9,"During the period from 1650 BCE to 1250 BCE, was the use of siege engines, specifically those not present until the Warring States period, present or absent in the warfare strategies of 'Erligang'? Strictly choose the correct label from an unordered set: {C, A, B}. C = unsure (cannot determine from current evidence), A = present, B = absent"
wf/tension-siege-engines,10,"During the period from 1850 BCE to 1600 BCE, was the use of siege engines, specifically those not present until the Warring States period, present or absent in the warfare strategies of 'Erlitou'? Strictly choose the correct label from an unordered set: {C, B, A}. C = unsure (cannot determine from current evidence), B = absent, A = present"
wf/tension-siege-engines,11,"During the period from 1895 CE to 1941 CE, was the use of tension siege engines, which are large, powerful machines designed to break down fortifications and walls, present or absent in the warfare strategies of 'Hmong - Early Chinese'? Strictly choose the correct label from an unordered set: {A, B, C}. A = present, B = absent, C = unsure (cannot determine from current evidence)"
wf/tension-siege-engines,12,"During the period from 1701 CE to 1895 CE, was the use of tension siege engines, which are large, powerful machines designed to break down fortifications and walls, present or absent in the warfare strategies of 'Hmong - Late Qing'? Strictly choose the correct label from an unordered set: {C, A, B}. C = unsure (cannot determine from current evidence), A = present, B = absent"
wf/tension-siege-engines,13,"During the period from 780 BCE to 404 BCE, was the use of siege engines, specifically the Hui catapult, present or absent in the warfare strategies of 'Jin'? Strictly choose the correct label from an unordered set: {A, C, B}. A = present, C = unsure (cannot determine from current evidence), B = absent"
wf/tension-siege-engines,14,"During the period from 3000 BCE to 1900 BCE, was the use of tension siege engines, specifically catapults, present or absent in the warfare strategies of 'Longshan'? Strictly choose the correct label from an unordered set: {B, A, C}. B = absent, A = present, C = unsure (cannot determine from current evidence)"
wf/tension-siege-engines,15,"During the period from 1115 CE to 1234 CE, was the use of trebuchets, a type of siege engine that played an important role in the fighting between the Southern Song and the Jin, present or absent as a military technology in the warfare practices of 'Jin Dynasty'? Strictly choose the correct label from an unordered set: {B, A, C}. B = absent, A = present, C = unsure (cannot determine from current evidence)"
wf/tension-siege-engines,16,"During the period from 1368 CE to 1644 CE, was the use of tension siege engines, specifically the trebuchet, present or absent as a military technology in the warfare practices of 'Great Ming'? Strictly choose the correct label from an unordered set: {B, A, C}. B = absent, A = present, C = unsure (cannot determine from current evidence)"
wf/tension-siege-engines,17,"During the period from 960 CE to 1127 CE, was the use of traction trebuchets, a type of siege engine that uses a long arm and a counterweight to hurl projectiles, present or absent in the warfare strategies of 'Northern Song'? Strictly choose the correct label from an unordered set: {A, B, C}. A = present, B = absent, C = unsure (cannot determine from current evidence)"
wf/tension-siege-engines,18,"During the period from 386 CE to 534 CE, was the use of tension siege engines, which are large, powerful machines designed to break down fortifications and walls, present or absent in the warfare strategies of 'Northern Wei'? Strictly choose the correct label from an unordered set: {B, A, C}. B = absent, A = present, C = unsure (cannot determine from current evidence)"
wf/tension-siege-engines,19,"During the period from 7000 BCE to 5001 BCE, was the use of tension siege engines, which were first seen in the Warring States period, present or absent as a military technology in the warfare practices of 'Peiligang'? Strictly choose the correct label from an unordered set: {A, B, C}. A = present, B = absent, C = unsure (cannot determine from current evidence)"
wf/tension-siege-engines,20,"During the period from 1644 CE to 1796 CE, was the use of catapults, a type of siege engine that was gradually replaced by cannons in the gunpowder age, present or absent in the warfare practices of 'Early Qing'? Strictly choose the correct label from an unordered set: {C, A, B}. C = unsure (cannot determine from current evidence), A = present, B = absent"
wf/tension-siege-engines,21,"During the period from 1796 CE to 1912 CE, was the use of catapults, a type of siege engine that was gradually replaced by cannons in the gunpowder age, present or absent in the warfare practices of 'Late Qing'? Strictly choose the correct label from an unordered set: {A, C, B}. A = present, C = unsure (cannot determine from current evidence), B = absent"
wf/tension-siege-engines,22,"During the period from 1250 BCE to 1045 BCE, was the use of siege engines, specifically those not present until the Warring States period, present or absent in the warfare strategies of 'Late Shang'? Strictly choose the correct label from an unordered set: {C, B, A}. C = unsure (cannot determine from current evidence), B = absent, A = present"
wf/tension-siege-engines,23,"During the period from 581 CE to 618 CE, was the use of sophisticated siege equipment, including artillery, towers, and rams, present or absent in the warfare strategies of 'Sui Dynasty'? Strictly choose the correct label from an unordered set: {A, B, C}. A = present, B = absent, C = unsure (cannot determine from current evidence)"
wf/tension-siege-engines,24,"During the period from 617 CE to 763 CE, was the use of sophisticated siege equipment, including artillery, towers, rams, traction trebuchets, and whirlwind trebuchets, present or absent in the warfare practices of 'Tang Dynasty I'? Strictly choose the correct label from an unordered set: {A, B, C}. A = present, B = absent, C = unsure (cannot determine from current evidence)"
wf/tension-siege-engines,25,"During the period from 763 CE to 907 CE, was the use of sophisticated siege equipment, including artillery, towers, rams, traction trebuchets, and whirlwind trebuchets, present or absent in the warfare practices of 'Tang Dynasty II'? Strictly choose the correct label from an unordered set: {B, A, C}. B = absent, A = present, C = unsure (cannot determine from current evidence)"
wf/tension-siege-engines,26,"During the period from 445 BCE to 225 BCE, was the use of siege engines, specifically the Chinese traction trebuchet, present or absent as a military technology in the warfare practices of 'Early Wei Dynasty'? Strictly choose the correct label from an unordered set: {B, C, A}. B = absent, C = unsure (cannot determine from current evidence), A = present"
wf/tension-siege-engines,27,"During the period from 202 BCE to 9 CE, was the use of siege crossbows and traction trebuchets, early versions of siege crossbows and traction trebuchets may be noted in the accounts of the wars of the Qin and Han dynasties, and appear in the early military writings associated with the name of Mo Zi, present or absent as a military technology in the warfare practices of 'Western Han Empire'? Strictly choose the correct label from an unordered set: {A, C, B}. A = present, C = unsure (cannot determine from current evidence), B = absent"
wf/tension-siege-engines,28,"During the period from 1122 BCE to 771 BCE, was the use of a tension siege engine, defined as a device that was moved or activated by the King of Zhou against the Duke of Zheng in 707 B.C., present or absent in the warfare strategies of 'Western Zhou'? Strictly choose the correct label from an unordered set: {B, A, C}. B = absent, A = present, C = unsure (cannot determine from current evidence)"
wf/tension-siege-engines,29,"During the period from 5000 BCE to 3000 BCE, was the use of tension siege engines, which were first seen in the Warring States period, present or absent as a military technology in the warfare practices of 'Yangshao'? Strictly choose the correct label from an unordered set: {C, A, B}. C = unsure (cannot determine from current evidence), A = present, B = absent"
wf/tension-siege-engines,30,"During the period from 1271 CE to 1368 CE, was the use of tension siege engines, defined as a type of siege engine that uses a system of ropes and pulleys to lift and drop heavy objects, present or absent as a military technology in the warfare practices of 'Great Yuan'? Strictly choose the correct label from an unordered set: {A, B, C}. A = present, B = absent, C = unsure (cannot determine from current evidence)"
wf/tension-siege-engines,31,"During the period from 250 CE to 1050 CE, was the use of tension siege engines, which are large, powerful machines designed to break down fortifications and walls, present or absent as a military technology in the warfare practices of 'Neguanje'? Strictly choose the correct label from an unordered set: {B, A, C}. B = absent, A = present, C = unsure (cannot determine from current evidence)"
wf/tension-siege-engines,32,"During the period from 1050 CE to 1524 CE, was the use of tension siege engines, which are large, powerful machines designed to break down fortifications and walls, present or absent as a military technology in the warfare practices of 'Tairona'? Strictly choose the correct label from an unordered set: {A, C, B}. A = present, C = unsure (cannot determine from current evidence), B = absent"
wf/tension-siege-engines,33,"During the period from 1534 CE to 1830 CE, were the Shuar's defensive traps, which include saplings bent back with strings leading across trails, spear-catapults, deadfalls with pointed chonta sticks, and trenches with chonta points, present or absent as a military technology in the warfare practices of 'Shuar - Colonial'? Strictly choose the correct label from an unordered set: {C, B, A}. C = unsure (cannot determine from current evidence), B = absent, A = present"
wf/tension-siege-engines,34,"During the period from 1831 CE to 1931 CE, was the use of tension-based siege engines, such as catapults or trebuchets, present or absent in the warfare strategies of 'Shuar - Ecuadorian'? Strictly choose the correct label from an unordered set: {A, B, C}. A = present, B = absent, C = unsure (cannot determine from current evidence)"
wf/tension-siege-engines,35,"During the period from 1171 CE to 1250 CE, was the use of mangonels, a type of siege engine that used a counterweight to hurl projectiles, present or absent as a military technology in the warfare practices of 'Ayyubid Sultanate'? Strictly choose the correct label from an unordered set: {B, C, A}. B = absent, C = unsure (cannot determine from current evidence), A = present"
wf/tension-siege-engines,36,"During the period from 4400 BCE to 3800 BCE, was the tension siege engine, a type of siege engine that uses a system of ropes and pulleys to lift and drop heavy objects, present or absent as a military technology in the warfare practices of 'Badarian'? Strictly choose the correct label from an unordered set: {B, A, C}. B = absent, A = present, C = unsure (cannot determine from current evidence)"
wf/tension-siege-engines,37,"During the period from 3100 BCE to 2900 BCE, was the use of tension siege engines, which are large, powerful machines designed to break down fortifications and walls, present or absent as a military technology in the warfare practices of 'Egypt - Dynasty I'? Strictly choose the correct label from an unordered set: {B, A, C}. B = absent, A = present, C = unsure (cannot determine from current evidence)"
wf/tension-siege-engines,38,"During the period from 2900 BCE to 2687 BCE, was the use of tension siege engines, which are large, powerful machines designed to break down fortifications and walls, present or absent as a military technology in the warfare practices of 'Egypt - Dynasty II'? Strictly choose the correct label from an unordered set: {A, C, B}. A = present, C = unsure (cannot determine from current evidence), B = absent"
wf/tension-siege-engines,39,"During the period from 404 BCE to 342 BCE, was the use of tension siege engines, defined as a type of siege engine that uses a system of ropes and pulleys to lift and drop heavy objects, present or absent as a military technology in the warfare practices of 'Egypt - Inter-Occupation Period'? Strictly choose the correct label from an unordered set: {C, B, A}. C = unsure (cannot determine from current evidence), B = absent, A = present"
wf/tension-siege-engines,40,"During the period from 1260 CE to 1348 CE, was the use of traction trebuchets, a type of siege engine that uses a counterweight to launch projectiles, present or absent in the warfare strategies of 'Egypt - Mamluk Sultanate I'? Strictly choose the correct label from an unordered set: {A, B, C}. A = present, B = absent, C = unsure (cannot determine from current evidence)"
wf/tension-siege-engines,41,"During the period from 1412 CE to 1517 CE, was the use of tension siege engines, defined as a type of siege engine that uses a system of ropes and pulleys to lift and drop heavy objects, present or absent as a military technology in the warfare practices of 'Egypt - Mamluk Sultanate III'? Strictly choose the correct label from an unordered set: {A, C, B}. A = present, C = unsure (cannot determine from current evidence), B = absent"
wf/tension-siege-engines,42,"During the period from 1348 CE to 1412 CE, were traction trebuchets, which were a type of siege engine that used a system of ropes and pulleys to launch projectiles, still in use as a military technology in the warfare practices of 'Egypt - Mamluk Sultanate II'? Strictly choose the correct label from an unordered set: {B, C, A}. B = absent, C = unsure (cannot determine from current evidence), A = present"
wf/tension-siege-engines,43,"During the period from 2016 BCE to 1700 BCE, was the use of tension siege engines, which are large, powerful machines designed to break down fortifications and walls, present or absent as a military technology in the warfare practices of 'Egypt - Middle Kingdom'? Strictly choose the correct label from an unordered set: {B, C, A}. B = absent, C = unsure (cannot determine from current evidence), A = present"
wf/tension-siege-engines,44,"During the period from 3800 BCE to 3550 BCE, was the tension siege engine, a type of siege engine that uses a system of ropes and pulleys to lift and drop heavy objects, present or absent as a military technology in the warfare practices of 'Naqada I'? Strictly choose the correct label from an unordered set: {B, A, C}. B = absent, A = present, C = unsure (cannot determine from current evidence)"
wf/tension-siege-engines,45,"During the period from 3550 BCE to 3300 BCE, was the use of tension siege engines, which are large, powerful machines designed to break down fortifications and walls, present or absent as a military technology in the warfare practices of 'Naqada II'? Strictly choose the correct label from an unordered set: {C, A, B}. C = unsure (cannot determine from current evidence), A = present, B = absent"
wf/tension-siege-engines,46,"During the period from 3300 BCE to 3100 BCE, was the use of tension siege engines, which are large, powerful machines designed to break down fortifications and walls, present or absent as a military technology in the warfare practices of 'Egypt - Dynasty 0'? Strictly choose the correct label from an unordered set: {B, C, A}. B = absent, C = unsure (cannot determine from current evidence), A = present"
wf/tension-siege-engines,47,"During the period from 1293 BCE to 1070 BCE, was the use of tension siege engines, which are large, powerful machines designed to break down fortifications and walls, present or absent as a military technology in the warfare practices of 'Egypt - New Kingdom Ramesside Period'? Strictly choose the correct label from an unordered set: {B, A, C}. B = absent, A = present, C = unsure (cannot determine from current evidence)"
wf/tension-siege-engines,48,"During the period from 1550 BCE to 1293 BCE, was the use of tension siege engines, which are large, powerful machines designed to break down fortifications and walls, present or absent as a military technology in the warfare practices of 'Egypt - New Kingdom Thutmosid Period'? Strictly choose the correct label from an unordered set: {B, C, A}. B = absent, C = unsure (cannot determine from current evidence), A = present"
wf/tension-siege-engines,49,"During the period from 2650 BCE to 2350 BCE, was the use of tension siege engines, which are large, powerful machines designed to break down fortifications and walls, present or absent as a military technology in the warfare practices of 'Egypt - Classic Old Kingdom'? Strictly choose the correct label from an unordered set: {C, A, B}. C = unsure (cannot determine from current evidence), A = present, B = absent"
wf/tension-siege-engines,50,"During the period from 2350 BCE to 2150 BCE, was the use of tension siege engines, which are large, powerful machines designed to break down fortifications and walls, present or absent as a military technology in the warfare practices of 'Egypt - Late Old Kingdom'? Strictly choose the correct label from an unordered set: {B, A, C}. B = absent, A = present, C = unsure (cannot determine from current evidence)"
wf/tension-siege-engines,51,"During the period from 305 BCE to 217 BCE, was the use of torsion catapults, a type of siege engine that utilizes torsion springs to launch projectiles, present or absent in the warfare strategies of 'Ptolemaic Kingdom I'? Strictly choose the correct label from an unordered set: {C, B, A}. C = unsure (cannot determine from current evidence), B = absent, A = present"
wf/tension-siege-engines,52,"During the period from 217 BCE to 30 BCE, was the use of torsion catapults, a type of siege engine that utilizes torsion springs to launch projectiles, present or absent in the warfare strategies of 'Ptolemaic Kingdom II'? Strictly choose the correct label from an unordered set: {A, C, B}. A = present, C = unsure (cannot determine from current evidence), B = absent"
wf/tension-siege-engines,53,"During the period from 2150 BCE to 2016 BCE, was the use of tension siege engines, which are large, powerful machines designed to break down fortifications and walls, present or absent as a military technology in the warfare practices of 'Egypt - Period of the Regions'? Strictly choose the correct label from an unordered set: {B, A, C}. B = absent, A = present, C = unsure (cannot determine from current evidence)"
wf/tension-siege-engines,54,"During the period from 664 BCE to 525 BCE, was the use of tension siege engines, which are siege engines that use tension to propel projectiles, present or absent in the warfare strategies of 'Egypt - Saite Period'? Strictly choose the correct label from an unordered set: {C, A, B}. C = unsure (cannot determine from current evidence), A = present, B = absent"
wf/tension-siege-engines,55,"During the period from 1720 BCE to 1567 BCE, was the tension siege engine, a type of siege engine that uses a system of ropes and pulleys to lift and drop heavy objects, present or absent as a military technology in the warfare practices of 'Egypt - Thebes-Hyksos Period'? Strictly choose the correct label from an unordered set: {B, C, A}. B = absent, C = unsure (cannot determine from current evidence), A = present"
wf/tension-siege-engines,56,"During the period from 1069 BCE to 747 BCE, was the use of tension siege engines, which are large, powerful machines designed to break down fortifications and walls, present or absent as a military technology in the warfare practices of 'Egypt - Thebes-Libyan Period'? Strictly choose the correct label from an unordered set: {C, A, B}. C = unsure (cannot determine from current evidence), A = present, B = absent"
wf/tension-siege-engines,57,"During the period from 868 CE to 969 CE, was the use of torsion engines, defined as traction trebuchets and torsion-powered catapults, present or absent as a military technology in the warfare practices of 'Egypt - Tulunid-Ikhshidid Period'? Strictly choose the correct label from an unordered set: {A, B, C}. A = present, B = absent, C = unsure (cannot determine from current evidence)"
wf/tension-siege-engines,58,"During the period from 1516 CE to 1715 CE, was the use of tension siege engines, which are large, mobile, and powerful siege engines that use tension to launch projectiles, absent or present in the warfare strategies of 'Spanish Empire I'? Strictly choose the correct label from an unordered set: {A, C, B}. A = present, C = unsure (cannot determine from current evidence), B = absent"
wf/tension-siege-engines,59,"During the period from 1775 CE to 1886 CE, was the use of tension siege engines, which are large, powerful machines designed to break down fortifications and walls, present or absent as a military technology in the warfare practices of 'Chuuk - Early Truk'? Strictly choose the correct label from an unordered set: {B, C, A}. B = absent, C = unsure (cannot determine from current evidence), A = present"
wf/tension-siege-engines,60,"During the period from 1886 CE to 1948 CE, was the use of tension siege engines, which are large, powerful machines designed to break down fortifications and walls, present or absent as a military technology in the warfare practices of 'Chuuk - Late Truk'? Strictly choose the correct label from an unordered set: {A, B, C}. A = present, B = absent, C = unsure (cannot determine from current evidence)"
wf/tension-siege-engines,61,"During the period from 2200 BCE to 1000 BCE, was the use of tension siege engines, which are large, powerful machines designed to break down fortifications and walls, present or absent as a military technology in the warfare practices of 'Atlantic Complex'? Strictly choose the correct label from an unordered set: {A, B, C}. A = present, B = absent, C = unsure (cannot determine from current evidence)"
wf/tension-siege-engines,62,"During the period from 3200 BCE to 2000 BCE, was the use of tension siege engines, which are large, powerful machines designed to break down or breach fortifications, present or absent as a military technology in the warfare practices of 'Beaker Culture'? Strictly choose the correct label from an unordered set: {B, C, A}. B = absent, C = unsure (cannot determine from current evidence), A = present"
wf/tension-siege-engines,63,"During the period from 1589 CE to 1660 CE, was the use of tension siege engines, which were projectile machines that used tension to launch projectiles, present or absent in the warfare strategies of 'French Kingdom - Early Bourbon'? Strictly choose the correct label from an unordered set: {C, B, A}. C = unsure (cannot determine from current evidence), B = absent, A = present"
wf/tension-siege-engines,64,"During the period from 1589 CE to 1660 CE, was the use of tension siege engines, which were projectile machines that used tension to launch projectiles, present or absent in the warfare strategies of 'French Kingdom - Early Bourbon'? Strictly choose the correct label from an unordered set: {B, A, C}. B = absent, A = present, C = unsure (cannot determine from current evidence)"
wf/tension-siege-engines,65,"During the period from 1660 CE to 1815 CE, did the military technology of 'French Kingdom - Late Bourbon' likely switch to siege artillery, which is a type of artillery used to bombard and breach fortifications, as indicated by the variable 'Tension_siege_engine'? Strictly choose the correct label from an unordered set: {B, A, C}. B = absent, A = present, C = unsure (cannot determine from current evidence)"
wf/tension-siege-engines,66,"During the period from 1660 CE to 1815 CE, did the military technology of 'French Kingdom - Late Bourbon' likely switch to siege artillery, which is a type of artillery used to bombard and breach fortifications, as indicated by the variable 'Tension_siege_engine'? Strictly choose the correct label from an unordered set: {B, C, A}. B = absent, C = unsure (cannot determine from current evidence), A = present"
wf/tension-siege-engines,67,"During the period from 987 CE to 1150 CE, was the use of siege engines, specifically motte and bailey castles, present or absent as a military technology in the warfare practices of 'Proto-French Kingdom'? Strictly choose the correct label from an unordered set: {A, B, C}. A = present, B = absent, C = unsure (cannot determine from current evidence)"
wf/tension-siege-engines,68,"During the period from 1150 CE to 1328 CE, was the use of traction trebuchets, a type of siege engine that was used to hurl heavy projectiles at enemy fortifications, present or absent in the warfare practices of 'French Kingdom - Late Capetian'? Strictly choose the correct label from an unordered set: {C, A, B}. C = unsure (cannot determine from current evidence), A = present, B = absent"
wf/tension-siege-engines,69,"During the period from 752 CE to 840 CE, was the use of torsion catapults, a type of siege engine that uses torsion springs to launch projectiles, present or absent as a military technology in the warfare practices of 'Carolingian Empire I'? Strictly choose the correct label from an unordered set: {A, B, C}. A = present, B = absent, C = unsure (cannot determine from current evidence)"
wf/tension-siege-engines,70,"During the period from 840 CE to 987 CE, was the use of torsion catapults, a type of siege engine that uses torsion springs to launch projectiles, present or absent as a military technology in the warfare practices of 'Carolingian Empire II'? Strictly choose the correct label from an unordered set: {B, A, C}. B = absent, A = present, C = unsure (cannot determine from current evidence)"
wf/tension-siege-engines,71,"During the period from 1000 BCE to 900 BCE, was the use of tension siege engines, which are large, powerful machines designed to break down or breach fortifications, present or absent as a military technology in the warfare practices of 'Hallstatt A-B1'? Strictly choose the correct label from an unordered set: {B, C, A}. B = absent, C = unsure (cannot determine from current evidence), A = present"
wf/tension-siege-engines,72,"During the period from 900 BCE to 700 BCE, was the use of tension siege engines, which are large, powerful machines designed to break down or breach fortifications, present or absent as a military technology in the warfare practices of 'Hallstatt B2-3'? Strictly choose the correct label from an unordered set: {B, A, C}. B = absent, A = present, C = unsure (cannot determine from current evidence)"
wf/tension-siege-engines,73,"During the period from 700 BCE to 600 BCE, was the use of tension siege engines, which are large, powerful machines designed to break down or breach fortifications, present or absent as a military technology in the warfare practices of 'Hallstatt C'? Strictly choose the correct label from an unordered set: {C, A, B}. C = unsure (cannot determine from current evidence), A = present, B = absent"
wf/tension-siege-engines,74,"During the period from 600 BCE to 475 BCE, was the use of tension siege engines, which are large, powerful machines designed to break down or breach fortifications, present or absent as a military technology in the warfare practices of 'Hallstatt D'? Strictly choose the correct label from an unordered set: {B, A, C}. B = absent, A = present, C = unsure (cannot determine from current evidence)"
wf/tension-siege-engines,75,"During the period from 481 CE to 543 CE, was the use of siege engines, such as battering rams, catapults, and trebuchets, present or absent in the warfare strategies of 'Early Merovingian'? Strictly choose the correct label from an unordered set: {C, B, A}. C = unsure (cannot determine from current evidence), B = absent, A = present"
wf/tension-siege-engines,76,"During the period from 687 CE to 751 CE, was the use of siege engines, such as battering rams, catapults, and trebuchets, present or absent in the warfare strategies of 'Proto-Carolingian'? Strictly choose the correct label from an unordered set: {B, A, C}. B = absent, A = present, C = unsure (cannot determine from current evidence)"
wf/tension-siege-engines,77,"During the period from 543 CE to 687 CE, was the use of siege engines, such as battering rams, catapults, and trebuchets, present or absent in the warfare strategies of 'Middle Merovingian'? Strictly choose the correct label from an unordered set: {B, C, A}. B = absent, C = unsure (cannot determine from current evidence), A = present"
wf/tension-siege-engines,78,"During the period from 475 BCE to 325 BCE, was the use of tension siege engines, which are large, powerful machines designed to break down fortifications and walls, present or absent as a military technology in the warfare practices of 'La Tene A-B1'? Strictly choose the correct label from an unordered set: {C, A, B}. C = unsure (cannot determine from current evidence), A = present, B = absent"
wf/tension-siege-engines,79,"During the period from 325 BCE to 175 BCE, was the use of tension siege engines, which are large, powerful machines designed to break down or breach fortifications, present or absent as a military technology in the warfare practices of 'La Tene B2-C1'? Strictly choose the correct label from an unordered set: {C, A, B}. C = unsure (cannot determine from current evidence), A = present, B = absent"
wf/tension-siege-engines,80,"During the period from 175 BCE to 27 BCE, was the use of tension siege engines, which are large, powerful machines designed to break down fortifications and walls, present or absent as a military technology in the warfare practices of 'La Tene C2-D'? Strictly choose the correct label from an unordered set: {B, C, A}. B = absent, C = unsure (cannot determine from current evidence), A = present"
wf/tension-siege-engines,81,"During the period from 1328 CE to 1450 CE, was the use of traction trebuchets, a type of siege engine that preceded counter-weight trebuchets, present or absent in the warfare strategies of 'French Kingdom - Early Valois'? Strictly choose the correct label from an unordered set: {B, A, C}. B = absent, A = present, C = unsure (cannot determine from current evidence)"
wf/tension-siege-engines,82,"During the period from 1450 CE to 1589 CE, was the use of cannons, defined as a type of siege engine that uses gunpowder to launch projectiles, present or absent as a military technology in the warfare practices of 'French Kingdom - Late Valois'? Strictly choose the correct label from an unordered set: {B, A, C}. B = absent, A = present, C = unsure (cannot determine from current evidence)"
wf/tension-siege-engines,83,"During the period from 1850 CE to 1968 CE, was the use of tension siege engines, which were used by indigenous forces under British command, present or absent as a military technology in the warfare practices of 'British Empire II'? Strictly choose the correct label from an unordered set: {C, A, B}. C = unsure (cannot determine from current evidence), A = present, B = absent"
wf/tension-siege-engines,84,"During the period from 1501 CE to 1701 CE, was the use of tension siege engines, defined as a type of siege engine that uses a system of ropes and pulleys to lift and drop heavy objects, present or absent as a military technology in the warfare practices of 'Akan - Pre-Ashanti'? Strictly choose the correct label from an unordered set: {C, A, B}. C = unsure (cannot determine from current evidence), A = present, B = absent"
wf/tension-siege-engines,85,"During the period from 1701 CE to 1895 CE, was the use of tension siege engines, defined as a type of siege engine that uses a system of ropes and pulleys to lift and drop heavy objects, present or absent as a military technology in the warfare practices of 'Ashanti Empire'? Strictly choose the correct label from an unordered set: {B, A, C}. B = absent, A = present, C = unsure (cannot determine from current evidence)"
wf/tension-siege-engines,86,"During the period from 710 BCE to 500 BCE, was the use of tension siege engines, defined as a type of siege engine that uses a system of ropes and pulleys to lift and drop heavy objects, present or absent as a military technology in the warfare practices of 'Archaic Crete'? Strictly choose the correct label from an unordered set: {B, C, A}. B = absent, C = unsure (cannot determine from current evidence), A = present"
wf/tension-siege-engines,87,"During the period from 500 BCE to 323 BCE, was the use of tension siege engines, defined as a type of siege engine that uses a system of ropes and pulleys to lift and drop heavy objects, present or absent as a military technology in the warfare practices of 'Classical Crete'? Strictly choose the correct label from an unordered set: {A, C, B}. A = present, C = unsure (cannot determine from current evidence), B = absent"
wf/tension-siege-engines,88,"During the period from 824 CE to 961 CE, was the use of tension siege engines, defined as a type of siege engine that uses ropes or cables to apply force to a battering ram or other weapon, present or absent as a military technology in the warfare practices of 'The Emirate of Crete'? Strictly choose the correct label from an unordered set: {C, B, A}. C = unsure (cannot determine from current evidence), B = absent, A = present"
wf/tension-siege-engines,89,"During the period from 1200 BCE to 1000 BCE, was the use of tension siege engines, defined as a type of siege engine that uses a system of ropes and pulleys to lift and drop heavy objects, present or absent as a military technology in the warfare practices of 'Final Postpalatial Crete'? Strictly choose the correct label from an unordered set: {A, B, C}. A = present, B = absent, C = unsure (cannot determine from current evidence)"
wf/tension-siege-engines,90,"During the period from 1000 BCE to 710 BCE, was the use of tension siege engines, defined as a type of siege engine that uses a system of ropes and pulleys to lift and drop heavy objects, present or absent as a military technology in the warfare practices of 'Geometric Crete'? Strictly choose the correct label from an unordered set: {B, A, C}. B = absent, A = present, C = unsure (cannot determine from current evidence)"
wf/tension-siege-engines,91,"During the period from 323 BCE to 69 BCE, was the use of torsion catapults, a type of siege engine that utilizes torsion springs to launch projectiles, present or absent in the warfare strategies of 'Hellenistic Crete'? Strictly choose the correct label from an unordered set: {A, B, C}. A = present, B = absent, C = unsure (cannot determine from current evidence)"
wf/tension-siege-engines,92,"During the period from 1450 BCE to 1300 BCE, was the use of tension siege engines, defined as a type of siege engine that uses a system of ropes and pulleys to lift and drop heavy objects, present or absent as a military technology in the warfare practices of 'Monopalatial Crete'? Strictly choose the correct label from an unordered set: {A, C, B}. A = present, C = unsure (cannot determine from current evidence), B = absent"
wf/tension-siege-engines,93,"During the period from 7000 BCE to 3000 BCE, was the use of tension siege engines, defined as a type of siege engine that uses a system of ropes and pulleys to lift and drop heavy objects, present or absent as a military technology in the warfare practices of 'Neolithic Crete'? Strictly choose the correct label from an unordered set: {C, B, A}. C = unsure (cannot determine from current evidence), B = absent, A = present"
wf/tension-siege-engines,94,"During the period from 1700 BCE to 1450 BCE, was the use of tension siege engines, defined as a type of siege engine that uses a system of ropes and pulleys to lift and drop heavy objects, present or absent as a military technology in the warfare practices of 'New Palace Crete'? Strictly choose the correct label from an unordered set: {A, B, C}. A = present, B = absent, C = unsure (cannot determine from current evidence)"
wf/tension-siege-engines,95,"During the period from 1900 BCE to 1700 BCE, was the use of tension siege engines, defined as a type of siege engine that uses a system of ropes and pulleys to lift and drop heavy objects, present or absent as a military technology in the warfare practices of 'Old Palace Crete'? Strictly choose the correct label from an unordered set: {A, C, B}. A = present, C = unsure (cannot determine from current evidence), B = absent"
wf/tension-siege-engines,96,"During the period from 1300 BCE to 1200 BCE, was the use of tension siege engines, defined as a type of siege engine that uses a system of ropes and pulleys to lift and drop heavy objects, present or absent as a military technology in the warfare practices of 'Postpalatial Crete'? Strictly choose the correct label from an unordered set: {A, B, C}. A = present, B = absent, C = unsure (cannot determine from current evidence)"
wf/tension-siege-engines,97,"During the period from 3000 BCE to 1900 BCE, was the use of tension siege engines, defined as a type of siege engine that uses a system of ropes and pulleys to lift and drop heavy objects, present or absent as a military technology in the warfare practices of 'Prepalatial Crete'? Strictly choose the correct label from an unordered set: {B, C, A}. B = absent, C = unsure (cannot determine from current evidence), A = present"
wf/tension-siege-engines,98,"During the period from 1000 CE to 1200 CE, was the use of tension siege engines, which are large, powerful machines designed to break down fortified walls and gates, present or absent in the warfare strategies of 'Hawaii I'? Strictly choose the correct label from an unordered set: {C, B, A}. C = unsure (cannot determine from current evidence), B = absent, A = present"
wf/tension-siege-engines,99,"During the period from 1200 CE to 1580 CE, was the use of tension siege engines, which are large, powerful machines designed to break down fortified walls and gates, present or absent in the warfare strategies of 'Hawaii II'? Strictly choose the correct label from an unordered set: {B, A, C}. B = absent, A = present, C = unsure (cannot determine from current evidence)"
wf/tension-siege-engines,100,"During the period from 1580 CE to 1778 CE, was the use of tension siege engines, which are large, powerful machines designed to break down fortifications and walls, present or absent in the warfare strategies of 'Hawaii III'? Strictly choose the correct label from an unordered set: {A, C, B}. A = present, C = unsure (cannot determine from current evidence), B = absent"
wf/tension-siege-engines,101,"During the period from 1650 CE to 1841 CE, was the use of tension siege engines, defined as a type of siege engine that uses a system of ropes and pulleys to lift and drop heavy objects, present or absent as a military technology in the warfare practices of 'Iban - Pre-Brooke'? Strictly choose the correct label from an unordered set: {B, A, C}. B = absent, A = present, C = unsure (cannot determine from current evidence)"
wf/tension-siege-engines,102,"During the period from 1841 CE to 1987 CE, was the use of tension siege engines, defined as a type of siege engine that uses a system of ropes and pulleys to lift and drop heavy objects, present or absent as a military technology in the warfare practices of 'Iban - Brooke Raj and Colonial'? Strictly choose the correct label from an unordered set: {A, B, C}. A = present, B = absent, C = unsure (cannot determine from current evidence)"
wf/tension-siege-engines,103,"During the period from 400 BCE to 500 CE, was the use of tension siege engines, defined as a type of siege engine that uses a system of ropes and pulleys to lift and drop heavy objects, present or absent as a military technology in the warfare practices of 'Java - Buni Culture'? Strictly choose the correct label from an unordered set: {C, A, B}. C = unsure (cannot determine from current evidence), A = present, B = absent"
wf/tension-siege-engines,104,""
wf/tension-siege-engines,105,""
wf/tension-siege-engines,106,""
wf/tension-siege-engines,107,""
wf/tension-siege-engines,108,"During the period from 2000 BCE to 1175 BCE, was the use of tension siege engines, defined as a type of siege engine that uses a system of ropes and pulleys to lift and drop heavy objects, present or absent as a military technology in the warfare practices of 'Canaan'? Strictly choose the correct label from an unordered set: {C, B, A}. C = unsure (cannot determine from current evidence), B = absent, A = present"
wf/tension-siege-engines,109,"During the period from 141 BCE to 63 BCE, was the use of tension catapults and ballistas, as described in the text, present or absent as a military technology in the warfare practices of 'Yehuda'? Strictly choose the correct label from an unordered set: {B, A, C}. B = absent, A = present, C = unsure (cannot determine from current evidence)"
wf/tension-siege-engines,110,"During the period from 1030 BCE to 722 BCE, was the use of defensive engines, as described in II Chronicles 26:15, present or absent in the warfare practices of 'Yisrael'? Strictly choose the correct label from an unordered set: {C, A, B}. C = unsure (cannot determine from current evidence), A = present, B = absent"
wf/tension-siege-engines,111,"During the period from 64 BCE to 34 CE, was the use of siege engines, such as catapults, present or absent as a military technology in the warfare practices of 'Kingdom of Ayodhya'? Strictly choose the correct label from an unordered set: {B, A, C}. B = absent, A = present, C = unsure (cannot determine from current evidence)"
wf/tension-siege-engines,112,"During the period from 543 CE to 753 CE, was the use of siege engines, specifically those capable of hurling large stones and missiles, present or absent in the warfare practices of 'Chalukyas of Badami'? Strictly choose the correct label from an unordered set: {A, B, C}. A = present, B = absent, C = unsure (cannot determine from current evidence)"
wf/tension-siege-engines,113,"Chalukyas of Kalyani during the period from 973 CE to 1189 CE, was the use of siege engines, defined as machines that could  fling stones and lead balls wrapped up in burning materials , present or absent as a military technology in the warfare practices? Strictly choose the correct label from an unordered set: {C, A, B}. C = unsure (cannot determine from current evidence), A = present, B = absent"
wf/tension-siege-engines,114,"During the period from 1200 BCE to 300 BCE, was the use of tension siege engines, as described in Jaina texts and the Mahabharata, present or absent in the warfare strategies of 'Deccan - Iron Age'? Strictly choose the correct label from an unordered set: {A, B, C}. A = present, B = absent, C = unsure (cannot determine from current evidence)"
wf/tension-siege-engines,115,"During the period from 205 BCE to 101 BCE, was the use of tension siege engines, as described in Jaina texts and the Mahabharata, present or absent in the warfare strategies of 'Post-Mauryan Kingdoms'? Strictly choose the correct label from an unordered set: {B, C, A}. B = absent, C = unsure (cannot determine from current evidence), A = present"
wf/tension-siege-engines,116,""
wf/tension-siege-engines,117,"During the period from 1206 CE to 1526 CE, was the use of tension siege engines, specifically mangonels, present or absent as a military technology in the warfare practices of 'Delhi Sultanate'? Strictly choose the correct label from an unordered set: {C, A, B}. C = unsure (cannot determine from current evidence), A = present, B = absent"
wf/tension-siege-engines,118,"During the period from 1775 CE to 1867 CE, was the use of tension siege engines, defined as a type of siege engine that uses a system of ropes and pulleys to lift and drop heavy objects, present or absent as a military technology in the warfare practices of 'Early A'chik'? Strictly choose the correct label from an unordered set: {B, C, A}. B = absent, C = unsure (cannot determine from current evidence), A = present"
wf/tension-siege-engines,119,"During the period from 1867 CE to 1956 CE, was the use of tension siege engines, defined as a type of siege engine that uses a system of ropes and pulleys to lift and drop heavy objects, present or absent as a military technology in the warfare practices of 'Late A'chik'? Strictly choose the correct label from an unordered set: {B, C, A}. B = absent, C = unsure (cannot determine from current evidence), A = present"
wf/tension-siege-engines,120,"Gahadavala Dynasty during the period from 1085 CE to 1193 CE, was the use of siege engines, defined as machines that could  fling stones and lead balls wrapped up in burning materials , present or absent as a military technology in the warfare practices? Strictly choose the correct label from an unordered set: {A, B, C}. A = present, B = absent, C = unsure (cannot determine from current evidence)"
wf/tension-siege-engines,121,"Gupta Empire during the period from 320 CE to 550 CE, was the use of siege engines, defined as machines that could  fling stones and lead balls wrapped up in burning materials , present or absent as a military technology in the warfare practices? Strictly choose the correct label from an unordered set: {C, A, B}. C = unsure (cannot determine from current evidence), A = present, B = absent"
wf/tension-siege-engines,122,"Gurjar-Pratihara Dynasty during the period from 730 CE to 1030 CE, was the use of siege engines, defined as machines that could  fling stones and lead balls wrapped up in burning materials , present or absent as a military technology in the warfare practices? Strictly choose the correct label from an unordered set: {B, A, C}. B = absent, A = present, C = unsure (cannot determine from current evidence)"
wf/tension-siege-engines,123,"During the period from 1108 CE to 1346 CE, was the use of tension siege engines, which are devices used to attack fortifications, present or absent in the warfare practices of 'Hoysala Kingdom'? Strictly choose the correct label from an unordered set: {B, A, C}. B = absent, A = present, C = unsure (cannot determine from current evidence)"
wf/tension-siege-engines,124,"During the period from 345 CE to 550 CE, was the use of tension siege engines, as described in Jaina texts and the Mahabharata, present or absent in the warfare strategies of 'Kadamba Empire'? Strictly choose the correct label from an unordered set: {B, C, A}. B = absent, C = unsure (cannot determine from current evidence), A = present"
wf/tension-siege-engines,125,"During the period from 1280 CE to 1327 CE, was the use of tension siege engines, defined as a type of siege engine that uses a system of ropes and pulleys to lift and drop heavy objects, present or absent as a military technology in the warfare practices of 'Kampili Kingdom'? Strictly choose the correct label from an unordered set: {C, A, B}. C = unsure (cannot determine from current evidence), A = present, B = absent"
wf/tension-siege-engines,126,"During the period from 650 CE to 780 CE, was the use of yantra, defined as a contrivance of any kind and that it was like catapults and ballistics used by the ancient Hebrews, Greeks and Romans in their warfare, present or absent as a military technology in the warfare practices of 'Kannauj - Varman Dynasty'? Strictly choose the correct label from an unordered set: {C, B, A}. C = unsure (cannot determine from current evidence), B = absent, A = present"
wf/tension-siege-engines,127,"Magadha during the period from 450 CE to 605 CE, was the use of siege engines, defined as machines that could  fling stones and lead balls wrapped up in burning materials , present or absent as a military technology in the warfare practices? Strictly choose the correct label from an unordered set: {A, C, B}. A = present, C = unsure (cannot determine from current evidence), B = absent"
wf/tension-siege-engines,128,"During the period from 600 BCE to 324 BCE, was the use of tension siege engines, defined as siege engines that use tension to propel projectiles, present or absent in the warfare strategies of 'Mahajanapada era'? Strictly choose the correct label from an unordered set: {A, C, B}. A = present, C = unsure (cannot determine from current evidence), B = absent"
wf/tension-siege-engines,129,"During the period from 324 BCE to 187 BCE, was the use of tension siege engines, defined as machines that use tension to launch projectiles, present or absent in the warfare practices of 'Magadha - Maurya Empire'? Strictly choose the correct label from an unordered set: {B, C, A}. B = absent, C = unsure (cannot determine from current evidence), A = present"
wf/tension-siege-engines,130,"During the period from 1526 CE to 1858 CE, was the use of tension siege engines, such as catapults and trebuchets, present or absent in the warfare strategies of 'Mughal Empire'? Strictly choose the correct label from an unordered set: {A, B, C}. A = present, B = absent, C = unsure (cannot determine from current evidence)"
wf/tension-siege-engines,131,"Rashtrakuta Empire during the period from 753 CE to 973 CE, was the use of siege engines, defined as machines that could  fling stones and lead balls wrapped up in burning materials , present or absent as a military technology in the warfare practices? Strictly choose the correct label from an unordered set: {A, B, C}. A = present, B = absent, C = unsure (cannot determine from current evidence)"
wf/tension-siege-engines,132,"During the period from 100 BCE to 200 CE, was the use of siege engines capable of hurling stones and missiles, as described in ancient Indian texts, present or absent in the warfare practices of 'Satavahana Empire'? Strictly choose the correct label from an unordered set: {C, B, A}. C = unsure (cannot determine from current evidence), B = absent, A = present"
wf/tension-siege-engines,133,"During the period from 187 BCE to 65 BCE, was the use of tension siege engines, such as catapults, ballistas, and battering rams, present or absent in the warfare strategies of 'Magadha - Sunga Empire'? Strictly choose the correct label from an unordered set: {B, C, A}. B = absent, C = unsure (cannot determine from current evidence), A = present"
wf/tension-siege-engines,134,"During the period from 255 CE to 550 CE, was the use of tension siege engines, as described in Jaina texts and the Mahabharata, present or absent in the warfare strategies of 'Vakataka Kingdom'? Strictly choose the correct label from an unordered set: {C, B, A}. C = unsure (cannot determine from current evidence), B = absent, A = present"
wf/tension-siege-engines,135,"During the period from 1336 CE to 1646 CE, was the use of tension siege engines, specifically those described in the Ramayana as  pasana-yantras  or catapults that showered stones, clubs, and battle-axes upon the enemy, present or absent in the warfare practices of 'Vijayanagara Empire'? Strictly choose the correct label from an unordered set: {C, A, B}. C = unsure (cannot determine from current evidence), A = present, B = absent"
wf/tension-siege-engines,136,"During the period from 750 CE to 946 CE, was the use of torsion engines, defined as a type of siege engine that uses torsion springs to store energy and then release it to launch projectiles, present or absent in the warfare strategies of 'Abbasid Caliphate I'? Strictly choose the correct label from an unordered set: {B, C, A}. B = absent, C = unsure (cannot determine from current evidence), A = present"
wf/tension-siege-engines,137,"Question: During the period from 1191 CE to 1258 CE, was the manjaniq, a swing beam engine similar to the Western Trebuchet, present or absent as a military technology in the warfare practices of 'Abbasid Caliphate II'? Strictly choose the correct label from an unordered set: {A, B, C}. A = present, B = absent, C = unsure (cannot determine from current evidence)"
wf/tension-siege-engines,138,"During the period from 2270 BCE to 2083 BCE, was the use of tension-powered siege engines, such as catapults or torsion-powered weapons, present or absent in the warfare practices of 'Akkadian Empire'? Strictly choose the correct label from an unordered set: {B, A, C}. B = absent, A = present, C = unsure (cannot determine from current evidence)"
wf/tension-siege-engines,139,"During the period from 2000 BCE to 1600 BCE, was the use of batering rams, defined as siege engines used to break down fortified walls, present or absent in the warfare strategies of 'Amorite Babylonia'? Strictly choose the correct label from an unordered set: {C, A, B}. C = unsure (cannot determine from current evidence), A = present, B = absent"
wf/tension-siege-engines,140,"During the period from 2900 BCE to 2500 BCE, was the tension siege engine, a type of machine that uses tension to launch projectiles, present or absent as a military technology in the warfare practices of 'Early Dynastic'? Strictly choose the correct label from an unordered set: {C, A, B}. C = unsure (cannot determine from current evidence), A = present, B = absent"
wf/tension-siege-engines,141,"During the period from 911 BCE to 612 BCE, was the use of tension-powered siege engines, such as catapults or torsion-powered weapons, present or absent in the warfare practices of 'Neo-Assyrian Empire'? Strictly choose the correct label from an unordered set: {B, A, C}. B = absent, A = present, C = unsure (cannot determine from current evidence)"
wf/tension-siege-engines,142,"During the period from 626 BCE to 539 BCE, was the use of siege engines, specifically those mentioned in the Babylonian Chronicles as being used against the city of Rahilu, present or absent as a military technology in the warfare practices of 'Neo-Babylonian Empire'? Strictly choose the correct label from an unordered set: {B, A, C}. B = absent, A = present, C = unsure (cannot determine from current evidence)"
wf/tension-siege-engines,143,"During the period from 626 BCE to 539 BCE, was the use of siege engines, specifically those mentioned in the Babylonian Chronicles as being used against the city of Rahilu, present or absent as a military technology in the warfare practices of 'Neo-Babylonian Empire'? Strictly choose the correct label from an unordered set: {B, C, A}. B = absent, C = unsure (cannot determine from current evidence), A = present"
wf/tension-siege-engines,144,"During the period from 5500 BCE to 4000 BCE, was the use of the gravity-powered sling siege engine, a type of engine known from ancient times and first evidenced in the 4th century BC, present or absent as a military technology in the warfare practices of 'Ubaid'? Strictly choose the correct label from an unordered set: {B, C, A}. B = absent, C = unsure (cannot determine from current evidence), A = present"
wf/tension-siege-engines,145,"During the period from 2112 BCE to 2004 BCE, was the use of siege engines, specifically those that could throw large stones, present or absent in the warfare practices of 'Ur - Dynasty III'? Strictly choose the correct label from an unordered set: {B, A, C}. B = absent, A = present, C = unsure (cannot determine from current evidence)"
wf/tension-siege-engines,146,"During the period from 4000 BCE to 2900 BCE, was the tension siege engine, a type of machine that uses tension to launch projectiles, present or absent as a military technology in the warfare practices of 'Uruk'? Strictly choose the correct label from an unordered set: {B, C, A}. B = absent, C = unsure (cannot determine from current evidence), A = present"
wf/tension-siege-engines,147,""
wf/tension-siege-engines,148,"the Anatolian Principalities, defined as a military technology used in warfare, present or absent in the warfare practices of 'Ak Koyunlu'? Strictly choose the correct label from an unordered set: {C, A, B}. C = unsure (cannot determine from current evidence), A = present, B = absent"
wf/tension-siege-engines,149,"During the period from 7000 BCE to 6000 BCE, was the use of tension siege engines, which are large, powerful machines designed to hurl projectiles at enemy fortifications, present or absent as a military technology in the warfare practices of 'Susiana - Muhammad Jaffar'? Strictly choose the correct label from an unordered set: {A, C, B}. A = present, C = unsure (cannot determine from current evidence), B = absent"
wf/tension-siege-engines,150,"During the period from 2675 BCE to 2100 BCE, was the use of tension-powered siege engines, such as catapults, present or absent in the warfare practices of 'Elam - Awan Dynasty I'? Strictly choose the correct label from an unordered set: {A, C, B}. A = present, C = unsure (cannot determine from current evidence), B = absent"
wf/tension-siege-engines,151,"During the period from 932 CE to 1062 CE, was the use of tension siege engines, as designed by Ibn al-'Amīd, present or absent in the warfare strategies of 'Buyid Confederation'? Strictly choose the correct label from an unordered set: {A, B, C}. A = present, B = absent, C = unsure (cannot determine from current evidence)"
wf/tension-siege-engines,152,"During the period from 1100 BCE to 900 BCE, was the use of tension-powered siege engines, such as catapults or torsion-powered weapons, present or absent in the warfare practices of 'Elam - Crisis Period'? Strictly choose the correct label from an unordered set: {C, A, B}. C = unsure (cannot determine from current evidence), A = present, B = absent"
wf/tension-siege-engines,153,"During the period from 25 CE to 215 CE, was the use of siege engines, specifically tension-based siege engines, present or absent in the warfare practices of 'Elymais II'? Strictly choose the correct label from an unordered set: {C, B, A}. C = unsure (cannot determine from current evidence), B = absent, A = present"
wf/tension-siege-engines,154,"During the period from 7200 BCE to 7000 BCE, was the use of tension siege engines, which are large, powerful machines designed to hurl projectiles at enemy fortifications, present or absent as a military technology in the warfare practices of 'Formative Period'? Strictly choose the correct label from an unordered set: {A, B, C}. A = present, B = absent, C = unsure (cannot determine from current evidence)"
wf/tension-siege-engines,155,"During the period from 1256 CE to 1339 CE, was the use of tension siege engines, defined as a type of siege engine that uses a system of ropes and pulleys to lift and drop heavy objects, present or absent as a military technology in the warfare practices of 'Ilkhanate'? Strictly choose the correct label from an unordered set: {C, A, B}. C = unsure (cannot determine from current evidence), A = present, B = absent"
wf/tension-siege-engines,156,"During the period from 6000 BCE to 5700 BCE, was the use of tension siege engines, which are large, powerful machines designed to hurl projectiles at enemy fortifications, present or absent as a military technology in the warfare practices of 'Susiana A'? Strictly choose the correct label from an unordered set: {A, B, C}. A = present, B = absent, C = unsure (cannot determine from current evidence)"
wf/tension-siege-engines,157,"During the period from 5700 BCE to 5100 BCE, was the use of tension siege engines, which are large, powerful machines designed to hurl projectiles at enemy fortifications, present or absent as a military technology in the warfare practices of 'Susiana B'? Strictly choose the correct label from an unordered set: {A, B, C}. A = present, B = absent, C = unsure (cannot determine from current evidence)"
wf/tension-siege-engines,158,"During the period from 4700 BCE to 4300 BCE, was the use of tension siege engines, which are large, powerful machines designed to hurl projectiles at enemy fortifications, present or absent as a military technology in the warfare practices of 'Susiana - Late Ubaid'? Strictly choose the correct label from an unordered set: {C, B, A}. C = unsure (cannot determine from current evidence), B = absent, A = present"
wf/tension-siege-engines,159,"During the period from 5100 BCE to 4700 BCE, was the use of tension siege engines, which are large, powerful machines designed to hurl projectiles at enemy fortifications, present or absent as a military technology in the warfare practices of 'Susiana - Early Ubaid'? Strictly choose the correct label from an unordered set: {C, A, B}. C = unsure (cannot determine from current evidence), A = present, B = absent"
wf/tension-siege-engines,160,"During the period from 1500 BCE to 1400 BCE, was the use of tension-powered siege engines, such as catapults or torsion-powered weapons, present or absent in the warfare practices of 'Elam - Kidinuid Period'? Strictly choose the correct label from an unordered set: {C, B, A}. C = unsure (cannot determine from current evidence), B = absent, A = present"
wf/tension-siege-engines,161,"During the period from 1399 BCE to 1200 BCE, was the use of tension-powered siege engines, such as catapults or torsion-powered weapons, present or absent in the warfare practices of 'Elam - Igihalkid Period'? Strictly choose the correct label from an unordered set: {C, A, B}. C = unsure (cannot determine from current evidence), A = present, B = absent"
wf/tension-siege-engines,162,"During the period from 1199 BCE to 1100 BCE, was the use of tension-powered siege engines, such as catapults or torsion-powered weapons, present or absent in the warfare practices of 'Elam - Shutrukid Period'? Strictly choose the correct label from an unordered set: {B, C, A}. B = absent, C = unsure (cannot determine from current evidence), A = present"
wf/tension-siege-engines,163,"During the period from 900 BCE to 744 BCE, was the use of tension-powered siege engines, such as catapults or torsion-powered weapons, present or absent in the warfare practices of 'Elam I'? Strictly choose the correct label from an unordered set: {B, A, C}. B = absent, A = present, C = unsure (cannot determine from current evidence)"
wf/tension-siege-engines,164,"During the period from 743 BCE to 647 BCE, was the use of tension-powered siege engines, such as catapults or torsion-powered weapons, present or absent in the warfare practices of 'Elam II'? Strictly choose the correct label from an unordered set: {C, A, B}. C = unsure (cannot determine from current evidence), A = present, B = absent"
wf/tension-siege-engines,165,"During the period from 612 BCE to 539 BCE, was the use of tension-powered siege engines, such as catapults or torsion-powered weapons, present or absent in the warfare practices of 'Elam III'? Strictly choose the correct label from an unordered set: {C, B, A}. C = unsure (cannot determine from current evidence), B = absent, A = present"
wf/tension-siege-engines,166,"During the period from 247 BCE to 40 CE, was the use of tension siege engines, defined as siege engines that use tension to propel projectiles, present or absent in the warfare practices of 'Parthian Empire I'? Strictly choose the correct label from an unordered set: {A, B, C}. A = present, B = absent, C = unsure (cannot determine from current evidence)"
wf/tension-siege-engines,167,"During the period from 41 CE to 226 CE, was the use of tension siege engines, defined as siege engines that use tension to propel projectiles, present or absent in the warfare practices of 'Parthian Empire II'? Strictly choose the correct label from an unordered set: {A, B, C}. A = present, B = absent, C = unsure (cannot determine from current evidence)"
wf/tension-siege-engines,168,"During the period from 7800 BCE to 7200 BCE, was the use of tension siege engines, which are large, powerful machines designed to hurl projectiles at enemy fortifications, present or absent as a military technology in the warfare practices of 'Pre-Ceramic Period'? Strictly choose the correct label from an unordered set: {C, B, A}. C = unsure (cannot determine from current evidence), B = absent, A = present"
wf/tension-siege-engines,169,"During the period from 1794 CE to 1925 CE, was the use of tension siege engines, defined as a type of siege engine that uses a system of ropes and pulleys to lift and drop heavy objects, present or absent as a military technology in the warfare practices of 'Qajar Dynasty'? Strictly choose the correct label from an unordered set: {A, C, B}. A = present, C = unsure (cannot determine from current evidence), B = absent"
wf/tension-siege-engines,170,"During the period from 1501 CE to 1722 CE, was the use of siege engines, cannon, horses, and pack animals, as described in the context of the siege of Shamakhi in 1606 CE, present or absent as a military technology in the warfare practices of 'Safavid Empire'? Strictly choose the correct label from an unordered set: {A, C, B}. A = present, C = unsure (cannot determine from current evidence), B = absent"
wf/tension-siege-engines,171,"time-start> to 487 CE in the context of 'Sasanid Empire I'. Was the use of siege engines, defined as offensive siege weapons such as scorpions, ballistae, battering rams, and moving towers, present or absent as a military technology during this time? Strictly choose the correct label from an unordered set: {C, A, B}. C = unsure (cannot determine from current evidence), A = present, B = absent"
wf/tension-siege-engines,172,"time-start> to 642 CE in the context of 'Sasanid Empire II'. Was the use of siege engines, defined as offensive siege weapons such as scorpions, ballistae, battering rams, and moving towers, present or absent as a military technology during this time? Strictly choose the correct label from an unordered set: {C, B, A}. C = unsure (cannot determine from current evidence), B = absent, A = present"
wf/tension-siege-engines,173,"During the period from 312 BCE to 63 BCE, was the use of tension siege engines, defined as a type of siege engine that uses tension to propel projectiles, present or absent in the warfare practices of 'Seleucid Empire'? Strictly choose the correct label from an unordered set: {A, B, C}. A = present, B = absent, C = unsure (cannot determine from current evidence)"
wf/tension-siege-engines,174,"During the period from 1037 CE to 1157 CE, was the use of tension siege engines, as described by H. Russell Robinson in his book  Oriental Armour,  present or absent in the warfare practices of 'Seljuk Sultanate'? Strictly choose the correct label from an unordered set: {B, A, C}. B = absent, A = present, C = unsure (cannot determine from current evidence)"
wf/tension-siege-engines,175,"During the period from 2028 BCE to 1940 BCE, was the use of tension-powered siege engines, such as catapults or torsion-powered weapons, present or absent in the warfare practices of 'Elam - Shimashki Period'? Strictly choose the correct label from an unordered set: {C, B, A}. C = unsure (cannot determine from current evidence), B = absent, A = present"
wf/tension-siege-engines,176,"During the period from 1900 BCE to 1701 BCE, was the use of tension-powered siege engines, such as catapults or torsion-powered weapons, present or absent in the warfare practices of 'Elam - Early Sukkalmah'? Strictly choose the correct label from an unordered set: {C, B, A}. C = unsure (cannot determine from current evidence), B = absent, A = present"
wf/tension-siege-engines,177,"During the period from 1700 BCE to 1500 BCE, was the use of tension-powered siege engines, such as catapults or torsion-powered weapons, present or absent in the warfare practices of 'Elam - Late Sukkalmah'? Strictly choose the correct label from an unordered set: {B, C, A}. B = absent, C = unsure (cannot determine from current evidence), A = present"
wf/tension-siege-engines,178,"During the period from 4300 BCE to 3800 BCE, was the use of tension-powered siege engines, such as catapults, present or absent in the warfare practices of 'Susa I'? Strictly choose the correct label from an unordered set: {B, C, A}. B = absent, C = unsure (cannot determine from current evidence), A = present"
wf/tension-siege-engines,179,"During the period from 3800 BCE to 3100 BCE, was the use of tension-powered siege engines, such as catapults, present or absent in the warfare practices of 'Susa II'? Strictly choose the correct label from an unordered set: {B, A, C}. B = absent, A = present, C = unsure (cannot determine from current evidence)"
wf/tension-siege-engines,180,"During the period from 3100 BCE to 2675 BCE, was the use of tension-powered siege engines, such as catapults, present or absent in the warfare practices of 'Susa III'? Strictly choose the correct label from an unordered set: {B, A, C}. B = absent, A = present, C = unsure (cannot determine from current evidence)"
wf/tension-siege-engines,181,"During the period from 930 CE to 1262 CE, was the use of tension siege engines, which are large, powerful machines designed to break down fortified walls and gates, present or absent in the warfare strategies of 'Icelandic Commonwealth'? Strictly choose the correct label from an unordered set: {A, C, B}. A = present, C = unsure (cannot determine from current evidence), B = absent"
wf/tension-siege-engines,182,"During the period from 1800 BCE to 900 BCE, was the use of tension-powered siege engines, such as catapults or torsion-powered weapons, present or absent in the warfare practices of 'Latium - Bronze Age'? Strictly choose the correct label from an unordered set: {B, A, C}. B = absent, A = present, C = unsure (cannot determine from current evidence)"
wf/tension-siege-engines,183,"During the period from 3600 BCE to 1800 BCE, was the use of tension-powered siege engines, such as catapults or torsion-powered weapons, present or absent in the warfare practices of 'Latium - Copper Age'? Strictly choose the correct label from an unordered set: {B, A, C}. B = absent, A = present, C = unsure (cannot determine from current evidence)"
wf/tension-siege-engines,184,"During the period from 1000 BCE to 580 BCE, was the use of tension-powered siege engines, such as catapults and torsion catapults, present or absent in the warfare practices of 'Latium - Iron Age'? Strictly choose the correct label from an unordered set: {B, C, A}. B = absent, C = unsure (cannot determine from current evidence), A = present"
wf/tension-siege-engines,185,"During the period from 489 CE to 554 CE, was the use of siege engines, specifically those that required specialized siege specialists, present or absent in the warfare practices of 'Ostrogothic Kingdom'? Strictly choose the correct label from an unordered set: {C, A, B}. C = unsure (cannot determine from current evidence), A = present, B = absent"
wf/tension-siege-engines,186,"During the period from 904 CE to 1198 CE, was the use of catapults, defined as siege engines capable of throwing fire, diseased men or animals over walls, present or absent as a military technology in the warfare practices of 'Rome - Republic of St Peter II'? Strictly choose the correct label from an unordered set: {C, B, A}. C = unsure (cannot determine from current evidence), B = absent, A = present"
wf/tension-siege-engines,187,"During the period from 1198 CE to 1309 CE, was the use of catapults, a type of siege engine capable of throwing fire, diseased men or animals over walls, present or absent as a military technology in the warfare practices of 'Papal States - High Medieval Period'? Strictly choose the correct label from an unordered set: {A, B, C}. A = present, B = absent, C = unsure (cannot determine from current evidence)"
wf/tension-siege-engines,188,"During the period from 1527 CE to 1648 CE, was the use of tension siege engines, such as catapults, present or absent in the warfare practices of 'Papal States - Early Modern Period I'? Strictly choose the correct label from an unordered set: {B, C, A}. B = absent, C = unsure (cannot determine from current evidence), A = present"
wf/tension-siege-engines,189,"During the period from 1648 CE to 1809 CE, was the use of tension siege engines, such as catapults, present or absent in the warfare practices of 'Papal States - Early Modern Period II'? Strictly choose the correct label from an unordered set: {B, C, A}. B = absent, C = unsure (cannot determine from current evidence), A = present"
wf/tension-siege-engines,190,"During the period from 1378 CE to 1527 CE, was the use of catapults, even if they no longer could bring down walls, but could still be used to throw fire, diseased men or animals over walls, present or absent as a military technology in the warfare practices of 'Papal States - Renaissance Period'? Strictly choose the correct label from an unordered set: {B, A, C}. B = absent, A = present, C = unsure (cannot determine from current evidence)"
wf/tension-siege-engines,191,"During the period from 568 CE to 751 CE, was the use of tension siege engines, such as catapults, present or absent in the warfare practices of 'Exarchate of Ravenna'? Strictly choose the correct label from an unordered set: {C, B, A}. C = unsure (cannot determine from current evidence), B = absent, A = present"
wf/tension-siege-engines,192,"During the period from 509 BCE to 264 BCE, was the use of torsion catapults, a type of siege engine that first became widespread in the Hellenistic period (4th - 1st centuries BCE), present or absent in the warfare strategies of 'Early Roman Republic'? Strictly choose the correct label from an unordered set: {B, A, C}. B = absent, A = present, C = unsure (cannot determine from current evidence)"
wf/tension-siege-engines,193,"During the period from 133 BCE to 31 BCE, was the use of tension siege engines, such as ballistae and catapults, present or absent in the military technology of 'Late Roman Republic'? Strictly choose the correct label from an unordered set: {A, B, C}. A = present, B = absent, C = unsure (cannot determine from current evidence)"
wf/tension-siege-engines,194,"During the period from 264 BCE to 133 BCE, was the use of torsion catapults, a type of siege engine that first became widespread in the Hellenistic period (4th - 1st centuries BCE), present or absent in the warfare strategies of 'Middle Roman Republic'? Strictly choose the correct label from an unordered set: {A, C, B}. A = present, C = unsure (cannot determine from current evidence), B = absent"
wf/tension-siege-engines,195,"During the period from 31 BCE to 284 CE, was the use of onagers, defined as large siege engines used by the Roman legions, present or absent as a military technology in the warfare practices of 'Roman Empire - Principate'? Strictly choose the correct label from an unordered set: {A, C, B}. A = present, C = unsure (cannot determine from current evidence), B = absent"
wf/tension-siege-engines,196,"During the period from 716 BCE to 509 BCE, was the use of tension-powered siege engines, such as catapults and torsion catapults, present or absent in the warfare practices of 'Roman Kingdom'? Strictly choose the correct label from an unordered set: {C, A, B}. C = unsure (cannot determine from current evidence), A = present, B = absent"
wf/tension-siege-engines,197,"During the period from 395 CE to 476 CE, was the use of tension siege engines, defined as a type of siege engine that uses a system of ropes and pulleys to lift and drop heavy objects, present or absent as a military technology in the warfare practices of 'Western Roman Empire - Late Antiquity'? Strictly choose the correct label from an unordered set: {A, B, C}. A = present, B = absent, C = unsure (cannot determine from current evidence)"
wf/tension-siege-engines,198,"During the period from 752 CE to 904 CE, was the use of tension siege engines, such as catapults, present or absent in the warfare practices of 'Republic of St Peter I'? Strictly choose the correct label from an unordered set: {B, C, A}. B = absent, C = unsure (cannot determine from current evidence), A = present"
wf/tension-siege-engines,199,"During the period from 1204 CE to 1563 CE, was the use of tension siege engines, such as catapults and other siege engines, present or absent in the warfare strategies of 'Republic of Venice III'? Strictly choose the correct label from an unordered set: {B, A, C}. B = absent, A = present, C = unsure (cannot determine from current evidence)"
wf/tension-siege-engines,200,"During the period from 1564 CE to 1797 CE, was the use of tension siege engines, such as catapults and other siege engines, present or absent in the warfare strategies of 'Republic of Venice IV'? Strictly choose the correct label from an unordered set: {A, B, C}. A = present, B = absent, C = unsure (cannot determine from current evidence)"
wf/tension-siege-engines,201,"During the period from 1336 CE to 1467 CE, was the use of tension siege engines, specifically traction trebuchets, present or absent as a military technology in the warfare practices of 'Ashikaga Shogunate'? Strictly choose the correct label from an unordered set: {C, A, B}. C = unsure (cannot determine from current evidence), A = present, B = absent"
wf/tension-siege-engines,202,"During the period from 538 CE to 710 CE, was the use of tension siege engines, specifically traction trebuchets, present or absent in the warfare strategies of 'Asuka'? Strictly choose the correct label from an unordered set: {C, B, A}. C = unsure (cannot determine from current evidence), B = absent, A = present"
wf/tension-siege-engines,203,"During the period from 1568 CE to 1603 CE, was the use of traction trebuchets, powered by human muscle not gravity, present or absent as a military technology in the warfare practices of 'Japan - Azuchi-Momoyama'? Strictly choose the correct label from an unordered set: {C, B, A}. C = unsure (cannot determine from current evidence), B = absent, A = present"
wf/tension-siege-engines,204,"During the period from 794 CE to 1185 CE, was the use of tension siege engines, specifically traction trebuchets, present or absent in the warfare strategies of 'Heian'? Strictly choose the correct label from an unordered set: {A, C, B}. A = present, C = unsure (cannot determine from current evidence), B = absent"
wf/tension-siege-engines,205,"During the period from 13600 BCE to 9200 BCE, was the use of tension siege engines, which are large, powerful machines designed to break down or breach fortifications, present or absent as a military technology in the warfare practices of 'Japan - Incipient Jomon'? Strictly choose the correct label from an unordered set: {C, B, A}. C = unsure (cannot determine from current evidence), B = absent, A = present"
wf/tension-siege-engines,206,"During the period from 9200 BCE to 5300 BCE, was the use of tension siege engines, which are large, powerful machines designed to break down or breach fortifications, present or absent as a military technology in the warfare practices of 'Japan - Initial Jomon'? Strictly choose the correct label from an unordered set: {C, B, A}. C = unsure (cannot determine from current evidence), B = absent, A = present"
wf/tension-siege-engines,207,"During the period from 5300 BCE to 3500 BCE, was the use of tension siege engines, which are large, powerful machines designed to break down or breach fortifications, present or absent as a military technology in the warfare practices of 'Japan - Early Jomon'? Strictly choose the correct label from an unordered set: {A, C, B}. A = present, C = unsure (cannot determine from current evidence), B = absent"
wf/tension-siege-engines,208,"During the period from 3500 BCE to 2500 BCE, was the use of tension siege engines, which are large, powerful machines designed to break down or breach fortifications, present or absent as a military technology in the warfare practices of 'Japan - Middle Jomon'? Strictly choose the correct label from an unordered set: {A, C, B}. A = present, C = unsure (cannot determine from current evidence), B = absent"
wf/tension-siege-engines,209,"During the period from 2500 BCE to 1200 BCE, was the use of tension siege engines, which are large, powerful machines designed to break down or breach fortifications, present or absent as a military technology in the warfare practices of 'Japan - Late Jomon'? Strictly choose the correct label from an unordered set: {C, B, A}. C = unsure (cannot determine from current evidence), B = absent, A = present"
wf/tension-siege-engines,210,"During the period from 1200 BCE to 300 BCE, was the use of tension siege engines, which are large, powerful machines designed to break down or breach fortifications, present or absent as a military technology in the warfare practices of 'Japan - Final Jomon'? Strictly choose the correct label from an unordered set: {C, B, A}. C = unsure (cannot determine from current evidence), B = absent, A = present"
wf/tension-siege-engines,211,"During the period from 1185 CE to 1333 CE, was the use of siege engines, specifically trebuchets, present or absent in the warfare practices of 'Kamakura Shogunate'? Strictly choose the correct label from an unordered set: {A, B, C}. A = present, B = absent, C = unsure (cannot determine from current evidence)"
wf/tension-siege-engines,212,"During the period from 250 CE to 537 CE, was the use of tension siege engines, specifically traction trebuchets, present or absent in the warfare strategies of 'Kansai - Kofun Period'? Strictly choose the correct label from an unordered set: {A, C, B}. A = present, C = unsure (cannot determine from current evidence), B = absent"
wf/tension-siege-engines,213,"During the period from 710 CE to 794 CE, was the use of tension siege engines, specifically traction trebuchets, present or absent in the warfare strategies of 'Nara'? Strictly choose the correct label from an unordered set: {B, C, A}. B = absent, C = unsure (cannot determine from current evidence), A = present"
wf/tension-siege-engines,214,"During the period from 1467 CE to 1568 CE, was the use of tension siege engines, specifically traction trebuchets, present or absent as a military technology in the warfare practices of 'Warring States Japan'? Strictly choose the correct label from an unordered set: {C, A, B}. C = unsure (cannot determine from current evidence), A = present, B = absent"
wf/tension-siege-engines,215,"During the period from 1603 CE to 1868 CE, was the traction trebuchet, a type of siege engine that uses a counterweight to hurl projectiles, present or absent as a military technology in the warfare practices of 'Tokugawa Shogunate'? Strictly choose the correct label from an unordered set: {A, B, C}. A = present, B = absent, C = unsure (cannot determine from current evidence)"
wf/tension-siege-engines,216,"During the period from 300 BCE to 250 CE, was the use of tension siege engines, specifically traction trebuchets, present or absent in the warfare strategies of 'Kansai - Yayoi Period'? Strictly choose the correct label from an unordered set: {A, B, C}. A = present, B = absent, C = unsure (cannot determine from current evidence)"
wf/tension-siege-engines,217,"During the period from 950 CE to 1212 CE, was the use of tension siege engines, defined as a type of siege engine that uses a system of ropes and pulleys to lift and drop heavy objects, present or absent as a military technology in the warfare practices of 'Kara-Khanids'? Strictly choose the correct label from an unordered set: {B, A, C}. B = absent, A = present, C = unsure (cannot determine from current evidence)"
wf/tension-siege-engines,218,"During the period from 582 CE to 630 CE, was the use of tension siege engines, which were present in preceding and succeeding polities, present or absent as a military technology in the warfare practices of 'Western Turk Khaganate'? Strictly choose the correct label from an unordered set: {A, B, C}. A = present, B = absent, C = unsure (cannot determine from current evidence)"
wf/tension-siege-engines,219,"During the period from 1100 CE to 1220 CE, was the use of the ballista, a type of siege engine that fires large projectiles, present or absent in the warfare strategies of 'Classical Angkor'? Strictly choose the correct label from an unordered set: {A, B, C}. A = present, B = absent, C = unsure (cannot determine from current evidence)"
wf/tension-siege-engines,220,"During the period from 802 CE to 1100 CE, was the use of 'Tension siege engine', defined as 'Jacq-Hergoualc'h (2007 [1979]) discusses the royal army and its weapons examining the bas-reliefs of three temples: Angkor Wat, the Bayon, and Banteay Chhmar. The bas-reliefs of Agkor Wat depict the conquests of Suryavarman II (1113-c. 1150 CE), while those at the Bayon and Banteay Chhmar depict the conquests of Jayavarman VII (1181-c. 1218 CE). Thus, the detailed bas-rel? Strictly choose the correct label from an unordered set: {C, B, A}. C = unsure (cannot determine from current evidence), B = absent, A = present"
wf/tension-siege-engines,221,"During the period from 1220 CE to 1432 CE, was the use of the ballista, a siege engine that used torsion to launch projectiles, present or absent in the warfare strategies of 'Late Angkor'? Strictly choose the correct label from an unordered set: {B, A, C}. B = absent, A = present, C = unsure (cannot determine from current evidence)"
wf/tension-siege-engines,222,"During the period from 1432 CE to 1594 CE, was the use of the ballista, a siege engine that used torsion to launch projectiles, present or absent in the warfare strategies of 'Khmer Kingdom'? Strictly choose the correct label from an unordered set: {A, C, B}. A = present, C = unsure (cannot determine from current evidence), B = absent"
wf/tension-siege-engines,223,"During the period from 550 CE to 825 CE, was the use of tension siege engines, which are large, powerful machines designed to break down fortifications and walls, present or absent in the warfare strategies of 'Chenla'? Strictly choose the correct label from an unordered set: {B, A, C}. B = absent, A = present, C = unsure (cannot determine from current evidence)"
wf/tension-siege-engines,224,"During the period from 225 CE to 540 CE, was the use of tension siege engines, which are large, powerful machines designed to break down fortifications and walls, present or absent as a military technology in the warfare practices of 'Funan I'? Strictly choose the correct label from an unordered set: {A, B, C}. A = present, B = absent, C = unsure (cannot determine from current evidence)"
wf/tension-siege-engines,225,"During the period from 540 CE to 640 CE, was the use of tension siege engines, which are large, powerful machines designed to break down fortifications and walls, present or absent as a military technology in the warfare practices of 'Funan II'? Strictly choose the correct label from an unordered set: {A, C, B}. A = present, C = unsure (cannot determine from current evidence), B = absent"
wf/tension-siege-engines,226,"During the period from 1800 BCE to 1200 BCE, was the use of tension siege engines, defined as a type of siege engine that uses a system of ropes and pulleys to lift and drop heavy objects, present or absent as a military technology in the warfare practices of 'Andronovo'? Strictly choose the correct label from an unordered set: {B, C, A}. B = absent, C = unsure (cannot determine from current evidence), A = present"
wf/tension-siege-engines,227,"During the period from 1200 BCE to 332 BCE, was the use of tension siege engines, defined as a type of siege engine that uses a system of ropes and pulleys to lift and drop heavy objects, present or absent as a military technology in the warfare practices of 'Phoenician Empire'? Strictly choose the correct label from an unordered set: {C, B, A}. C = unsure (cannot determine from current evidence), B = absent, A = present"
wf/tension-siege-engines,228,"During the period from 1554 CE to 1659 CE, was the use of tension siege engines, defined as a type of siege engine that uses a system of ropes and pulleys to lift and drop heavy objects, present or absent as a military technology in the warfare practices of 'Saadi Sultanate'? Strictly choose the correct label from an unordered set: {A, B, C}. A = present, B = absent, C = unsure (cannot determine from current evidence)"
wf/tension-siege-engines,229,"During the period from 250 BCE to 49 CE, was the use of tension siege engines, defined as a type of siege engine that uses a system of ropes and pulleys to lift and drop heavy objects, present or absent as a military technology in the warfare practices of 'Jenne-jeno I'? Strictly choose the correct label from an unordered set: {A, B, C}. A = present, B = absent, C = unsure (cannot determine from current evidence)"
wf/tension-siege-engines,230,"During the period from 50 CE to 399 CE, was the use of tension siege engines, defined as a type of siege engine that uses a system of ropes and pulleys to lift and drop heavy objects, present or absent as a military technology in the warfare practices of 'Jenne-jeno II'? Strictly choose the correct label from an unordered set: {B, C, A}. B = absent, C = unsure (cannot determine from current evidence), A = present"
wf/tension-siege-engines,231,"During the period from 400 CE to 899 CE, was the use of tension siege engines, defined as a type of siege engine that uses a system of ropes and pulleys to lift and drop heavy objects, present or absent as a military technology in the warfare practices of 'Jenne-jeno III'? Strictly choose the correct label from an unordered set: {B, C, A}. B = absent, C = unsure (cannot determine from current evidence), A = present"
wf/tension-siege-engines,232,"During the period from 900 CE to 1300 CE, was the use of tension siege engines, defined as a type of siege engine that uses a system of ropes and pulleys to lift and drop heavy objects, present or absent as a military technology in the warfare practices of 'Jenne-jeno IV'? Strictly choose the correct label from an unordered set: {C, A, B}. C = unsure (cannot determine from current evidence), A = present, B = absent"
wf/tension-siege-engines,233,"During the period from 1230 CE to 1410 CE, was the use of tension siege engines, defined as a type of siege engine that uses a system of ropes and pulleys to lift and drop heavy objects, present or absent as a military technology in the warfare practices of 'Mali Empire'? Strictly choose the correct label from an unordered set: {C, B, A}. C = unsure (cannot determine from current evidence), B = absent, A = present"
wf/tension-siege-engines,234,"During the period from 1650 CE to 1712 CE, was the use of tension sieges, a type of siege engine that uses a system of ropes and pulleys to lift and drop heavy objects onto enemy fortifications, present or absent in the warfare strategies of 'Segou Kingdom'? Strictly choose the correct label from an unordered set: {A, C, B}. A = present, C = unsure (cannot determine from current evidence), B = absent"
wf/tension-siege-engines,235,"During the period from 1493 CE to 1591 CE, was the use of tension siege engines, defined as a type of siege engine that uses a system of ropes and pulleys to lift and drop heavy objects, present or absent as a military technology in the warfare practices of 'Songhai Empire - Askiya Dynasty'? Strictly choose the correct label from an unordered set: {A, C, B}. A = present, C = unsure (cannot determine from current evidence), B = absent"
wf/tension-siege-engines,236,"During the period from 583 CE to 630 CE, was the use of tension siege engines, defined as a type of siege engine that uses a system of ropes and pulleys to lift and drop heavy objects, present or absent as a military technology in the warfare practices of 'Eastern Turk Khaganate'? Strictly choose the correct label from an unordered set: {A, B, C}. A = present, B = absent, C = unsure (cannot determine from current evidence)"
wf/tension-siege-engines,237,"During the period from 907 CE to 1125 CE, was the use of siege engines, specifically catapults and crossbows, present or absent as a military technology in the warfare practices of 'Khitan I'? Strictly choose the correct label from an unordered set: {B, A, C}. B = absent, A = present, C = unsure (cannot determine from current evidence)"
wf/tension-siege-engines,238,"During the period from 1206 CE to 1270 CE, was the use of tension siege engines, specifically catapults, present or absent in the warfare strategies of 'Mongol Empire'? Strictly choose the correct label from an unordered set: {B, C, A}. B = absent, C = unsure (cannot determine from current evidence), A = present"
wf/tension-siege-engines,239,"During the period from 1000 CE to 1206 CE, was the use of tension siege engines, defined as a type of siege engine that uses a system of ropes and pulleys to lift and drop heavy objects, present or absent as a military technology in the warfare practices of 'Early Mongols'? Strictly choose the correct label from an unordered set: {A, C, B}. A = present, C = unsure (cannot determine from current evidence), B = absent"
wf/tension-siege-engines,240,"During the period from 1368 CE to 1690 CE, was the use of tension siege engines, defined as a type of siege engine that uses a system of ropes and pulleys to launch projectiles, present or absent in the warfare practices of 'Late Mongols'? Strictly choose the correct label from an unordered set: {C, B, A}. C = unsure (cannot determine from current evidence), B = absent, A = present"
wf/tension-siege-engines,241,"During the period from 300 CE to 555 CE, was the use of tension siege engines, defined as a type of siege engine that uses a system of ropes and pulleys to lift and drop heavy objects, present or absent as a military technology in the warfare practices of 'Rouran Khaganate'? Strictly choose the correct label from an unordered set: {C, B, A}. C = unsure (cannot determine from current evidence), B = absent, A = present"
wf/tension-siege-engines,242,"During the period from 600 CE to 1000 CE, was the use of tension siege engines, defined as a type of siege engine that uses a system of ropes and pulleys to lift and drop heavy objects, present or absent as a military technology in the warfare practices of 'Shiwei'? Strictly choose the correct label from an unordered set: {C, B, A}. C = unsure (cannot determine from current evidence), B = absent, A = present"
wf/tension-siege-engines,243,"During the period from 682 CE to 744 CE, was the use of tension siege engines, defined as a type of siege engine that uses a system of ropes and pulleys to lift and drop heavy objects, present or absent as a military technology in the warfare practices of 'Second Turk Khaganate'? Strictly choose the correct label from an unordered set: {C, A, B}. C = unsure (cannot determine from current evidence), A = present, B = absent"
wf/tension-siege-engines,244,"During the period from 745 CE to 840 CE, was the use of tension siege engines, defined as a type of siege engine that uses a system of ropes and pulleys to lift and drop heavy objects, present or absent as a military technology in the warfare practices of 'Uigur Khaganate'? Strictly choose the correct label from an unordered set: {A, C, B}. A = present, C = unsure (cannot determine from current evidence), B = absent"
wf/tension-siege-engines,245,"During the period from 100 CE to 250 CE, did the polity 'Xianbei Confederation' develop or not develop siege engines, which are large, slow, and cumbersome military machines used to breach fortifications, as a military technology? Strictly choose the correct label from an unordered set: {C, B, A}. C = unsure (cannot determine from current evidence), B = absent, A = present"
wf/tension-siege-engines,246,"During the period from 1400 BCE to 300 BCE, was the use of tension siege engines, defined as a type of siege engine that uses a system of ropes and pulleys to lift and drop heavy objects, present or absent as a military technology in the warfare practices of 'Early Xiongnu'? Strictly choose the correct label from an unordered set: {C, B, A}. C = unsure (cannot determine from current evidence), B = absent, A = present"
wf/tension-siege-engines,247,"During the period from 60 BCE to 100 CE, was the use of tension siege engines, defined as a type of siege engine that uses a system of ropes and pulleys to lift and drop heavy objects, present or absent as a military technology in the warfare practices of 'Late Xiongnu'? Strictly choose the correct label from an unordered set: {B, C, A}. B = absent, C = unsure (cannot determine from current evidence), A = present"
wf/tension-siege-engines,248,"During the period from 209 BCE to 60 BCE, was the use of tension siege engines, defined as a type of siege engine that uses a system of ropes and pulleys to lift and drop heavy objects, present or absent as a military technology in the warfare practices of 'Xiongnu Imperial Confederation'? Strictly choose the correct label from an unordered set: {B, C, A}. B = absent, C = unsure (cannot determine from current evidence), A = present"
wf/tension-siege-engines,249,"During the period from 1670 CE to 1757 CE, was the use of tension siege engines, defined as a type of siege engine that uses a system of ropes and pulleys to lift and drop heavy objects, present or absent as a military technology in the warfare practices of 'Zungharian Empire'? Strictly choose the correct label from an unordered set: {A, B, C}. A = present, B = absent, C = unsure (cannot determine from current evidence)"
wf/tension-siege-engines,250,"During the period from 1078 CE to 1203 CE, was the use of tension siege engines, defined as a type of siege engine that uses a system of ropes and pulleys to lift and drop heavy objects, present or absent as a military technology in the warfare practices of 'Later Wagadu Empire'? Strictly choose the correct label from an unordered set: {B, A, C}. B = absent, A = present, C = unsure (cannot determine from current evidence)"
wf/tension-siege-engines,251,"During the period from 700 CE to 1077 CE, was the use of tension siege engines, defined as a type of siege engine that uses a system of ropes and pulleys to lift and drop heavy objects, present or absent as a military technology in the warfare practices of 'Middle Wagadu Empire'? Strictly choose the correct label from an unordered set: {C, B, A}. C = unsure (cannot determine from current evidence), B = absent, A = present"
wf/tension-siege-engines,252,"During the period from 500 BCE to 300 BCE, was the use of tension siege engines, defined as a type of siege engine that uses a system of ropes and pulleys to lift and drop heavy objects, present or absent as a military technology in the warfare practices of 'Early Monte Alban I'? Strictly choose the correct label from an unordered set: {A, B, C}. A = present, B = absent, C = unsure (cannot determine from current evidence)"
wf/tension-siege-engines,253,"During the period from 300 BCE to 100 BCE, was the use of tension siege engines, defined as a type of siege engine that uses a system of ropes and pulleys to lift and drop heavy objects, present or absent as a military technology in the warfare practices of 'Monte Alban Late I'? Strictly choose the correct label from an unordered set: {A, C, B}. A = present, C = unsure (cannot determine from current evidence), B = absent"
wf/tension-siege-engines,254,"During the period from 100 BCE to 200 CE, was the use of tension siege engines, defined as a type of siege engine that uses a system of ropes and pulleys to lift and drop heavy objects, present or absent as a military technology in the warfare practices of 'Monte Alban II'? Strictly choose the correct label from an unordered set: {B, C, A}. B = absent, C = unsure (cannot determine from current evidence), A = present"
wf/tension-siege-engines,255,"During the period from 200 CE to 500 CE, was the use of tension siege engines, defined as a type of siege engine that uses a system of ropes and pulleys to lift and drop heavy objects, present or absent as a military technology in the warfare practices of 'Monte Alban III'? Strictly choose the correct label from an unordered set: {B, A, C}. B = absent, A = present, C = unsure (cannot determine from current evidence)"
wf/tension-siege-engines,256,"During the period from 500 CE to 900 CE, was the use of tension siege engines, defined as a type of siege engine that uses a system of ropes and pulleys to lift and drop heavy objects, present or absent as a military technology in the warfare practices of 'Monte Alban IIIB and IV'? Strictly choose the correct label from an unordered set: {C, B, A}. C = unsure (cannot determine from current evidence), B = absent, A = present"
wf/tension-siege-engines,257,"During the period from 900 CE to 1520 CE, was the use of complex military technology, specifically siege engines, present or absent in the Valley of Oaxaca, a region in Mexico, in the warfare practices of 'Monte Alban V'? Strictly choose the correct label from an unordered set: {A, B, C}. A = present, B = absent, C = unsure (cannot determine from current evidence)"
wf/tension-siege-engines,258,"During the period from 400 BCE to 101 BCE, was the use of tension siege engines, defined as a type of siege engine that uses a system of ropes and pulleys to lift and drop heavy objects, present or absent as a military technology in the warfare practices of 'Late Formative Basin of Mexico'? Strictly choose the correct label from an unordered set: {B, A, C}. B = absent, A = present, C = unsure (cannot determine from current evidence)"
wf/tension-siege-engines,259,"During the period from 100 BCE to 99 CE, was the use of tension siege engines, defined as a type of siege engine that uses a system of ropes and pulleys to lift and drop heavy objects, present or absent as a military technology in the warfare practices of 'Terminal Formative Basin of Mexico'? Strictly choose the correct label from an unordered set: {C, A, B}. C = unsure (cannot determine from current evidence), A = present, B = absent"
wf/tension-siege-engines,260,"During the period from 700 BCE to 500 BCE, was the use of tension siege engines, defined as a type of siege engine that uses a system of ropes and pulleys to lift and drop heavy objects, present or absent as a military technology in the warfare practices of 'Oaxaca - Rosario'? Strictly choose the correct label from an unordered set: {C, B, A}. C = unsure (cannot determine from current evidence), B = absent, A = present"
wf/tension-siege-engines,261,"During the period from 1150 BCE to 700 BCE, was the use of tension siege engines, defined as a type of siege engine that uses a system of ropes and pulleys to lift and drop heavy objects, present or absent as a military technology in the warfare practices of 'Oaxaca - San Jose'? Strictly choose the correct label from an unordered set: {B, C, A}. B = absent, C = unsure (cannot determine from current evidence), A = present"
wf/tension-siege-engines,262,"During the period from 1400 BCE to 1150 BCE, was the use of tension siege engines, defined as a type of siege engine that uses a system of ropes and pulleys to lift and drop heavy objects, present or absent as a military technology in the warfare practices of 'Oaxaca - Tierras Largas'? Strictly choose the correct label from an unordered set: {C, B, A}. C = unsure (cannot determine from current evidence), B = absent, A = present"
wf/tension-siege-engines,263,"During the period from 1262 CE to 1396 CE, was the use of tension siege engines, which are large, powerful machines designed to break down fortifications and walls, present or absent as a military technology in the warfare practices of 'Kingdom of Norway II'? Strictly choose the correct label from an unordered set: {A, B, C}. A = present, B = absent, C = unsure (cannot determine from current evidence)"
wf/tension-siege-engines,264,"During the period from 200 CE to 499 CE, was the use of tension siege engines, which are large, powerful machines designed to break down fortifications and walls, present or absent as a military technology in the warfare practices of 'Cuzco - Early Intermediate I'? Strictly choose the correct label from an unordered set: {A, B, C}. A = present, B = absent, C = unsure (cannot determine from current evidence)"
wf/tension-siege-engines,265,"During the period from 500 CE to 649 CE, was the use of tension siege engines, which are large, powerful machines designed to break down fortifications and walls, present or absent as a military technology in the warfare practices of 'Cuzco - Early Intermediate II'? Strictly choose the correct label from an unordered set: {B, A, C}. B = absent, A = present, C = unsure (cannot determine from current evidence)"
wf/tension-siege-engines,266,"During the period from 1000 CE to 1250 CE, was the use of tension siege engines, which are not known to have been developed in the Americas before European colonization, present or absent in the warfare strategies of 'Cuzco - Late Intermediate I'? Strictly choose the correct label from an unordered set: {C, A, B}. C = unsure (cannot determine from current evidence), A = present, B = absent"
wf/tension-siege-engines,267,"During the period from 1250 CE to 1400 CE, was the use of tension siege engines, which are not known to have been developed in the Americas before European colonization, present or absent in the warfare strategies of 'Cuzco - Late Intermediate II'? Strictly choose the correct label from an unordered set: {B, C, A}. B = absent, C = unsure (cannot determine from current evidence), A = present"
wf/tension-siege-engines,268,"During the period from 500 BCE to 200 CE, was the use of tension siege engines, which are large, powerful machines designed to break down fortifications and walls, present or absent as a military technology in the warfare practices of 'Cuzco - Late Formative'? Strictly choose the correct label from an unordered set: {B, C, A}. B = absent, C = unsure (cannot determine from current evidence), A = present"
wf/tension-siege-engines,269,"During the period from 1375 CE to 1532 CE, was the use of tension siege engines, which are not known to have been developed in the Americas before European colonization, present or absent in the warfare strategies of 'Inca Empire'? Strictly choose the correct label from an unordered set: {A, C, B}. A = present, C = unsure (cannot determine from current evidence), B = absent"
wf/tension-siege-engines,270,"During the period from 650 CE to 999 CE, was the use of tension siege engines, which are not known to have been developed in the Americas before European colonization, present or absent in the warfare strategies of 'Wari Empire'? Strictly choose the correct label from an unordered set: {B, A, C}. B = absent, A = present, C = unsure (cannot determine from current evidence)"
wf/tension-siege-engines,271,"During the period from 1734 CE to 1883 CE, was the use of tension siege engines, defined as a type of siege engine that uses a system of ropes and pulleys to lift and drop heavy objects, present or absent as a military technology in the warfare practices of 'Orokaiva - Pre-Colonial'? Strictly choose the correct label from an unordered set: {C, A, B}. C = unsure (cannot determine from current evidence), A = present, B = absent"
wf/tension-siege-engines,272,"During the period from 1884 CE to 1942 CE, was the use of tension siege engines, defined as a type of siege engine that uses a system of ropes and pulleys to lift and drop heavy objects, present or absent as a military technology in the warfare practices of 'Orokaiva - Colonial'? Strictly choose the correct label from an unordered set: {B, C, A}. B = absent, C = unsure (cannot determine from current evidence), A = present"
wf/tension-siege-engines,273,"During the period from 7500 BCE to 5500 BCE, was the use of siege engines, which are large, powerful weapons used to attack fortifications, present or absent in the warfare strategies of 'Kachi Plain - Aceramic Neolithic'? Strictly choose the correct label from an unordered set: {B, C, A}. B = absent, C = unsure (cannot determine from current evidence), A = present"
wf/tension-siege-engines,274,"During the period from 5500 BCE to 4000 BCE, was the use of siege engines, which are large, powerful weapons used to attack fortifications, present or absent in the warfare strategies of 'Kachi Plain - Ceramic Neolithic'? Strictly choose the correct label from an unordered set: {A, C, B}. A = present, C = unsure (cannot determine from current evidence), B = absent"
wf/tension-siege-engines,275,"During the period from 4000 BCE to 3200 BCE, was the use of siege engines, which are large, powerful weapons used to attack fortifications, present or absent in the warfare strategies of 'Kachi Plain - Chalcolithic'? Strictly choose the correct label from an unordered set: {A, C, B}. A = present, C = unsure (cannot determine from current evidence), B = absent"
wf/tension-siege-engines,276,"During the period from 180 BCE to 10 BCE, was the use of tension siege engines, which were present in Alexander's army and successor states, present or absent in the warfare practices of 'Indo-Greek Kingdom'? Strictly choose the correct label from an unordered set: {A, C, B}. A = present, C = unsure (cannot determine from current evidence), B = absent"
wf/tension-siege-engines,277,"During the period from 1800 BCE to 1300 BCE, was there evidence of the use of tension siege engines, as defined by the absence of such evidence at Pirak, in the warfare practices of 'Kachi Plain - Post-Urban Period'? Strictly choose the correct label from an unordered set: {A, B, C}. A = present, B = absent, C = unsure (cannot determine from current evidence)"
wf/tension-siege-engines,278,"During the period from 3200 BCE to 2500 BCE, was the use of siege engines, which are large, powerful weapons used to attack fortifications, present or absent in the warfare strategies of 'Kachi Plain - Pre-Urban Period'? Strictly choose the correct label from an unordered set: {C, A, B}. C = unsure (cannot determine from current evidence), A = present, B = absent"
wf/tension-siege-engines,279,"During the period from 1300 BCE to 500 BCE, was the use of tension siege engines, defined as a type of siege engine that uses a system of ropes and pulleys to lift and drop heavy objects, present or absent as a military technology in the warfare practices of 'Kachi Plain - Proto-Historic Period'? Strictly choose the correct label from an unordered set: {A, C, B}. A = present, C = unsure (cannot determine from current evidence), B = absent"
wf/tension-siege-engines,280,"During the period from 854 CE to 1193 CE, was the use of tension engines, as described in the works of Kennedy, The Armies of the Caliphs, p. 184, where it is mentioned that  The use of the catapult after the Arab conquest of Sindh became very popular,  present or absent as a military technology in the warfare practices of 'Sind - Abbasid-Fatimid Period'? Strictly choose the correct label from an unordered set: {A, C, B}. A = present, C = unsure (cannot determine from current evidence), B = absent"
wf/tension-siege-engines,281,"During the period from 1335 CE to 1521 CE, was the use of tension engines, as described in the work of Kennedy, The Armies of the Caliphs, p. 184, present or absent in the warfare practices of 'Sind - Samma Dynasty'? Strictly choose the correct label from an unordered set: {A, B, C}. A = present, B = absent, C = unsure (cannot determine from current evidence)"
wf/tension-siege-engines,282,"During the period from 2500 BCE to 2100 BCE, was there evidence of the use of tension siege engines, defined as a type of siege engine that uses a system of ropes and pulleys to lift and lower a heavy object, such as a large stone or a battering ram, in order to breach a fortification, present or absent in the warfare practices of 'Kachi Plain - Urban Period I'? Strictly choose the correct label from an unordered set: {C, B, A}. C = unsure (cannot determine from current evidence), B = absent, A = present"
wf/tension-siege-engines,283,"During the period from 2100 BCE to 1800 BCE, was there evidence for the use of tension siege engines, defined as a type of siege engine that uses a system of ropes and pulleys to lift and lower heavy objects, present or absent in the warfare practices of 'Kachi Plain - Urban Period II'? Strictly choose the correct label from an unordered set: {B, A, C}. B = absent, A = present, C = unsure (cannot determine from current evidence)"
wf/tension-siege-engines,284,"During the period from 1400 CE to 1632 CE, was the use of tension siege engines, which are large, powerful machines designed to break down fortifications and walls, present or absent as a military technology in the warfare practices of 'Sakha - Early'? Strictly choose the correct label from an unordered set: {A, B, C}. A = present, B = absent, C = unsure (cannot determine from current evidence)"
wf/tension-siege-engines,285,"During the period from 1632 CE to 1900 CE, was the use of tension siege engines, which are large, powerful machines designed to break down fortifications and walls, present or absent as a military technology in the warfare practices of 'Sakha - Late'? Strictly choose the correct label from an unordered set: {B, C, A}. B = absent, C = unsure (cannot determine from current evidence), A = present"
wf/tension-siege-engines,286,"During the period from 747 BCE to 656 BCE, was the use of tension siege engines, which are large, powerful machines designed to break down fortifications and walls, present or absent as a military technology in the warfare practices of 'Egypt - Kushite Period'? Strictly choose the correct label from an unordered set: {C, B, A}. C = unsure (cannot determine from current evidence), B = absent, A = present"
wf/tension-siege-engines,287,"During the period from 661 CE to 750 CE, was the use of torsion engines, defined as a type of siege engine that uses torsion springs to store energy and then release it to launch projectiles, present or absent in the warfare strategies of 'Umayyad Caliphate'? Strictly choose the correct label from an unordered set: {A, C, B}. A = present, C = unsure (cannot determine from current evidence), B = absent"
wf/tension-siege-engines,288,"During the period from 1593 CE to 1767 CE, was the use of tension siege engines, which are siege engines that use tension to propel projectiles, present or absent in the warfare strategies of 'Ayutthaya'? Strictly choose the correct label from an unordered set: {B, C, A}. B = absent, C = unsure (cannot determine from current evidence), A = present"
wf/tension-siege-engines,289,"During the period from 1782 CE to 1873 CE, was the use of tension siege engines, which are not mentioned among the  personal weapons  in Charney's comprehensive summary of Southeast Asian military technology and organisation between the early modern period and the nineteenth century, present or absent in the warfare practices of 'Rattanakosin'? Strictly choose the correct label from an unordered set: {B, C, A}. B = absent, C = unsure (cannot determine from current evidence), A = present"
wf/tension-siege-engines,290,"During the period from 3500 BCE to 2000 BCE, was the use of tension siege engines, defined as a type of siege engine that uses a system of ropes and pulleys to lift and drop heavy objects, present or absent as a military technology in the warfare practices of 'Sarazm'? Strictly choose the correct label from an unordered set: {C, B, A}. C = unsure (cannot determine from current evidence), B = absent, A = present"
wf/tension-siege-engines,291,"During the period from 909 CE to 1171 CE, were the Fatimid warships, equipped with war machines such as the dabbabas and manganiqs (catapults), present or absent as a military technology in the warfare practices of 'Fatimid Caliphate'? Strictly choose the correct label from an unordered set: {A, C, B}. A = present, C = unsure (cannot determine from current evidence), B = absent"
wf/tension-siege-engines,292,"During the period from 3000 BCE to 2000 BCE, was the use of tension siege engines, which are large, powerful machines designed to hurl projectiles at enemy fortifications, present or absent as a military technology in the warfare practices of 'Konya Plain - Early Bronze Age'? Strictly choose the correct label from an unordered set: {B, A, C}. B = absent, A = present, C = unsure (cannot determine from current evidence)"
wf/tension-siege-engines,293,"During the period from 1500 BCE to 1400 BCE, was the use of torsion-powered siege engines, such as catapults, present or absent in the warfare practices of 'Konya Plain - Late Bronze Age II'? Strictly choose the correct label from an unordered set: {B, C, A}. B = absent, C = unsure (cannot determine from current evidence), A = present"
wf/tension-siege-engines,294,"During the period from 2000 BCE to 1700 BCE, was the use of tension siege engines, which are large, powerful machines designed to hurl projectiles at enemy fortifications, present or absent as a military technology in the warfare practices of 'Middle Bronze Age in Central Anatolia'? Strictly choose the correct label from an unordered set: {C, B, A}. C = unsure (cannot determine from current evidence), B = absent, A = present"
wf/tension-siege-engines,295,"During the period from 632 CE to 866 CE, was the use of tension siege engines, specifically small traction (rope-pulled) trebuchets, present or absent in the military technology of 'Byzantine Empire I'? Strictly choose the correct label from an unordered set: {B, A, C}. B = absent, A = present, C = unsure (cannot determine from current evidence)"
wf/tension-siege-engines,296,"During the period from 867 CE to 1072 CE, was the use of tension siege engines, as described by Preiser-Kapeller, present or absent in the warfare strategies of 'Byzantine Empire II'? Strictly choose the correct label from an unordered set: {C, B, A}. C = unsure (cannot determine from current evidence), B = absent, A = present"
wf/tension-siege-engines,297,"During the period from 1073 CE to 1204 CE, was the use of tension siege engines, as described by Preiser-Kapeller, present or absent in the warfare strategies of 'Byzantine Empire III'? Strictly choose the correct label from an unordered set: {A, B, C}. A = present, B = absent, C = unsure (cannot determine from current evidence)"
wf/tension-siege-engines,298,"During the period from 330 BCE to 16 CE, was the use of tension siege engines, defined as a type of siege engine that uses a system of ropes and pulleys to lift and drop heavy objects, present or absent as a military technology in the warfare practices of 'Late Cappadocia'? Strictly choose the correct label from an unordered set: {A, C, B}. A = present, C = unsure (cannot determine from current evidence), B = absent"
wf/tension-siege-engines,299,"During the period from 6000 BCE to 5500 BCE, was the use of tension siege engines, which are large, powerful machines designed to hurl projectiles at enemy fortifications, present or absent as a military technology in the warfare practices of 'Konya Plain - Early Chalcolithic'? Strictly choose the correct label from an unordered set: {A, B, C}. A = present, B = absent, C = unsure (cannot determine from current evidence)"
wf/tension-siege-engines,300,"During the period from 5500 BCE to 3000 BCE, was the use of tension siege engines, which are large, powerful machines designed to hurl projectiles at enemy fortifications, present or absent as a military technology in the warfare practices of 'Konya Plain - Late Chalcolithic'? Strictly choose the correct label from an unordered set: {B, C, A}. B = absent, C = unsure (cannot determine from current evidence), A = present"
wf/tension-siege-engines,301,"During the period from 395 CE to 631 CE, was the use of torsion siege engines, defined as more powerful siege engines than tension siege engines, present or absent in the warfare strategies of 'East Roman Empire'? Strictly choose the correct label from an unordered set: {C, A, B}. C = unsure (cannot determine from current evidence), A = present, B = absent"
wf/tension-siege-engines,302,"During the period from 1400 BCE to 1180 BCE, was the use of torsion-powered siege engines, such as catapults, present or absent in the warfare practices of 'Hatti - New Kingdom'? Strictly choose the correct label from an unordered set: {C, A, B}. C = unsure (cannot determine from current evidence), A = present, B = absent"
wf/tension-siege-engines,303,"During the period from 1650 BCE to 1500 BCE, was the use of torsion-powered siege engines, such as catapults, present or absent in the warfare practices of 'Hatti - Old Kingdom'? Strictly choose the correct label from an unordered set: {B, C, A}. B = absent, C = unsure (cannot determine from current evidence), A = present"
wf/tension-siege-engines,304,"During the period from 670 BCE to 546 BCE, was the use of tension-powered siege engines, such as catapults or torsion-powered weapons, present or absent in the warfare practices of 'Kingdom of Lydia'? Strictly choose the correct label from an unordered set: {C, A, B}. C = unsure (cannot determine from current evidence), A = present, B = absent"
wf/tension-siege-engines,305,"During the period from 323 BCE to 281 BCE, was the use of tension siege engines, defined as a type of siege engine that uses a system of ropes and pulleys to lift and drop heavy objects, present or absent as a military technology in the warfare practices of 'Lysimachus Kingdom'? Strictly choose the correct label from an unordered set: {C, B, A}. C = unsure (cannot determine from current evidence), B = absent, A = present"
wf/tension-siege-engines,306,"During the period from 7000 BCE to 6600 BCE, was the use of tension siege engines, which are large, powerful machines designed to hurl projectiles at enemy fortifications, present or absent as a military technology in the warfare practices of 'Konya Plain - Ceramic Neolithic'? Strictly choose the correct label from an unordered set: {C, B, A}. C = unsure (cannot determine from current evidence), B = absent, A = present"
wf/tension-siege-engines,307,"During the period from 9600 BCE to 7000 BCE, was the use of tension siege engines, which are large, powerful machines designed to hurl projectiles at enemy fortifications, present or absent as a military technology in the warfare practices of 'Konya Plain - Early Neolithic'? Strictly choose the correct label from an unordered set: {C, A, B}. C = unsure (cannot determine from current evidence), A = present, B = absent"
wf/tension-siege-engines,308,"During the period from 6600 BCE to 6000 BCE, was the use of tension siege engines, which are large, powerful machines designed to hurl projectiles at enemy fortifications, present or absent as a military technology in the warfare practices of 'Konya Plain - Late Neolithic'? Strictly choose the correct label from an unordered set: {C, B, A}. C = unsure (cannot determine from current evidence), B = absent, A = present"
wf/tension-siege-engines,309,"During the period from 1180 BCE to 900 BCE, was the use of tension-powered siege engines, such as catapults or torsion-powered weapons, present or absent in the warfare practices of 'Neo-Hittite Kingdoms'? Strictly choose the correct label from an unordered set: {C, B, A}. C = unsure (cannot determine from current evidence), B = absent, A = present"
wf/tension-siege-engines,310,"During the period from 1299 CE to 1402 CE, was the use of tension siege engines, which are large, powerful machines designed to break down fortified walls and gates, present or absent in the warfare strategies of 'Ottoman Emirate'? Strictly choose the correct label from an unordered set: {C, A, B}. C = unsure (cannot determine from current evidence), A = present, B = absent"
wf/tension-siege-engines,311,"During the period from 1402 CE to 1517 CE, was the use of tension siege engines, which are large, powerful machines designed to break down fortified walls and gates, present or absent in the warfare strategies of 'Ottoman Empire I'? Strictly choose the correct label from an unordered set: {A, B, C}. A = present, B = absent, C = unsure (cannot determine from current evidence)"
wf/tension-siege-engines,312,"During the period from 1517 CE to 1683 CE, was the use of tension siege engines, defined as a type of siege engine that uses a system of ropes and pulleys to lift and drop heavy objects, present or absent as a military technology in the warfare practices of 'Ottoman Empire II'? Strictly choose the correct label from an unordered set: {B, C, A}. B = absent, C = unsure (cannot determine from current evidence), A = present"
wf/tension-siege-engines,313,"During the period from 900 BCE to 695 BCE, was the use of tension-powered siege engines, such as catapults or torsion-powered weapons, present or absent in the warfare practices of 'Phrygian Kingdom'? Strictly choose the correct label from an unordered set: {B, A, C}. B = absent, A = present, C = unsure (cannot determine from current evidence)"
wf/tension-siege-engines,314,"During the period from 285 CE to 394 CE, was the use of cart-mounted catapults, a type of siege engine, present or absent in the military technology of 'Roman Empire - Dominate'? Strictly choose the correct label from an unordered set: {B, C, A}. B = absent, C = unsure (cannot determine from current evidence), A = present"
wf/tension-siege-engines,315,"During the period from 1077 CE to 1307 CE, was the use of tension siege engines, which were present for the Abbasids, Ayyubids, and Fatimids, but unknown for the Seljuks, present or absent as a military technology in the warfare practices of 'Rum Sultanate'? Strictly choose the correct label from an unordered set: {C, B, A}. C = unsure (cannot determine from current evidence), B = absent, A = present"
wf/tension-siege-engines,316,"During the period from 900 BCE to 730 BCE, was the use of tension-powered siege engines, such as catapults or torsion-powered weapons, present or absent in the warfare practices of 'Tabal Kingdoms'? Strictly choose the correct label from an unordered set: {A, B, C}. A = present, B = absent, C = unsure (cannot determine from current evidence)"
wf/tension-siege-engines,317,"During the period from 1050 CE to 1199 CE, was the use of tension siege engines, defined as a type of siege engine that uses a system of ropes and pulleys to lift and drop heavy objects, present or absent as a military technology in the warfare practices of 'Cahokia - Lohman-Stirling'? Strictly choose the correct label from an unordered set: {A, B, C}. A = present, B = absent, C = unsure (cannot determine from current evidence)"
wf/tension-siege-engines,318,"During the period from 1200 CE to 1275 CE, was the use of tension siege engines, defined as a type of siege engine that uses a system of ropes and pulleys to lift and drop heavy objects, present or absent as a military technology in the warfare practices of 'Cahokia - Moorehead'? Strictly choose the correct label from an unordered set: {B, A, C}. B = absent, A = present, C = unsure (cannot determine from current evidence)"
wf/tension-siege-engines,319,"During the period from 1640 CE to 1717 CE, was the use of tension siege engines, which are large, powerful weapons designed to break down fortifications and walls, present or absent in the warfare strategies of 'Early Illinois Confederation'? Strictly choose the correct label from an unordered set: {B, C, A}. B = absent, C = unsure (cannot determine from current evidence), A = present"
wf/tension-siege-engines,320,"During the period from 1566 CE to 1713 CE, was the use of tension siege engines, defined as a type of siege engine that uses a system of ropes and pulleys to lift and drop heavy objects, present or absent as a military technology in the warfare practices of 'Haudenosaunee Confederacy - Early'? Strictly choose the correct label from an unordered set: {B, C, A}. B = absent, C = unsure (cannot determine from current evidence), A = present"
wf/tension-siege-engines,321,"During the period from 1714 CE to 1848 CE, was the use of tension siege engines, defined as a type of siege engine that uses a system of ropes and pulleys to lift and drop heavy objects, present or absent as a military technology in the warfare practices of 'Haudenosaunee Confederacy - Late'? Strictly choose the correct label from an unordered set: {C, A, B}. C = unsure (cannot determine from current evidence), A = present, B = absent"
wf/tension-siege-engines,322,"During the period from 1778 CE to 1819 CE, was the use of tension siege engines, which are large, powerful machines designed to break down fortifications and walls, present or absent in the warfare strategies of 'Kingdom of Hawaii - Kamehameha Period'? Strictly choose the correct label from an unordered set: {B, A, C}. B = absent, A = present, C = unsure (cannot determine from current evidence)"
wf/tension-siege-engines,323,"During the period from 600 BCE to 150 BCE, was the use of tension siege engines, defined as a type of siege engine that uses a system of ropes and pulleys to lift and drop heavy objects, present or absent as a military technology in the warfare practices of 'Cahokia - Early Woodland'? Strictly choose the correct label from an unordered set: {A, C, B}. A = present, C = unsure (cannot determine from current evidence), B = absent"
wf/tension-siege-engines,324,"During the period from 900 CE to 1049 CE, was the use of tension siege engines, defined as a type of siege engine that uses a system of ropes and pulleys to lift and drop heavy objects, present or absent as a military technology in the warfare practices of 'Cahokia - Emergent Mississippian II'? Strictly choose the correct label from an unordered set: {A, C, B}. A = present, C = unsure (cannot determine from current evidence), B = absent"
wf/tension-siege-engines,325,"During the period from 450 CE to 600 CE, was the use of tension siege engines, defined as a type of siege engine that uses a system of ropes and pulleys to lift and drop heavy objects, present or absent as a military technology in the warfare practices of 'Cahokia - Late Woodland II'? Strictly choose the correct label from an unordered set: {B, C, A}. B = absent, C = unsure (cannot determine from current evidence), A = present"
wf/tension-siege-engines,326,"During the period from 150 BCE to 300 CE, was the use of tension siege engines, defined as a type of siege engine that uses a system of ropes and pulleys to lift and drop heavy objects, present or absent as a military technology in the warfare practices of 'Cahokia - Middle Woodland'? Strictly choose the correct label from an unordered set: {C, B, A}. C = unsure (cannot determine from current evidence), B = absent, A = present"
wf/tension-siege-engines,327,"During the period from 600 CE to 750 CE, was the use of tension siege engines, defined as a type of siege engine that uses a system of ropes and pulleys to lift and drop heavy objects, present or absent as a military technology in the warfare practices of 'Cahokia - Late Woodland III'? Strictly choose the correct label from an unordered set: {B, C, A}. B = absent, C = unsure (cannot determine from current evidence), A = present"
wf/tension-siege-engines,328,"During the period from 300 CE to 450 CE, was the use of tension siege engines, defined as a type of siege engine that uses a system of ropes and pulleys to lift and drop heavy objects, present or absent as a military technology in the warfare practices of 'Cahokia - Late Woodland I'? Strictly choose the correct label from an unordered set: {B, C, A}. B = absent, C = unsure (cannot determine from current evidence), A = present"
wf/tension-siege-engines,329,"During the period from 1275 CE to 1400 CE, was the use of tension siege engines, defined as a type of siege engine that uses a system of ropes and pulleys to lift and drop heavy objects, present or absent as a military technology in the warfare practices of 'Cahokia - Sand Prairie'? Strictly choose the correct label from an unordered set: {B, A, C}. B = absent, A = present, C = unsure (cannot determine from current evidence)"
wf/tension-siege-engines,330,"During the period from 750 CE to 900 CE, was the use of tension siege engines, defined as a type of siege engine that uses a system of ropes and pulleys to lift and drop heavy objects, present or absent as a military technology in the warfare practices of 'Cahokia - Emergent Mississippian I'? Strictly choose the correct label from an unordered set: {A, B, C}. A = present, B = absent, C = unsure (cannot determine from current evidence)"
wf/tension-siege-engines,331,"During the period from 1400 CE to 1650 CE, was the use of tension siege engines, defined as a type of siege engine that uses a system of ropes and pulleys to lift and drop heavy objects, present or absent as a military technology in the warfare practices of 'Oneota'? Strictly choose the correct label from an unordered set: {C, B, A}. C = unsure (cannot determine from current evidence), B = absent, A = present"
wf/tension-siege-engines,332,"During the period from 1227 CE to 1402 CE, was the use of tension siege engines, defined as a type of siege engine that uses a system of ropes and pulleys to lift and drop heavy objects, present or absent as a military technology in the warfare practices of 'Chagatai Khanate'? Strictly choose the correct label from an unordered set: {A, B, C}. A = present, B = absent, C = unsure (cannot determine from current evidence)"
wf/tension-siege-engines,333,"During the period from 1599 CE to 1747 CE, was the use of tension siege engines, defined as a type of siege engine that uses a system of ropes and pulleys to lift and drop heavy objects, present or absent as a military technology in the warfare practices of 'Khanate of Bukhara'? Strictly choose the correct label from an unordered set: {A, C, B}. A = present, C = unsure (cannot determine from current evidence), B = absent"
wf/tension-siege-engines,334,"During the period from 1000 BCE to 521 BCE, was the use of tension siege engines, defined as a type of siege engine that uses a system of ropes and pulleys to lift and drop heavy objects, present or absent as a military technology in the warfare practices of 'Ancient Khwarazm'? Strictly choose the correct label from an unordered set: {A, C, B}. A = present, C = unsure (cannot determine from current evidence), B = absent"
wf/tension-siege-engines,335,"During the period from 1400 BCE to 1000 BCE, was the use of tension siege engines, defined as a type of siege engine that uses a system of ropes and pulleys to lift and drop heavy objects, present or absent as a military technology in the warfare practices of 'Koktepe I'? Strictly choose the correct label from an unordered set: {B, A, C}. B = absent, A = present, C = unsure (cannot determine from current evidence)"
wf/tension-siege-engines,336,"During the period from 750 BCE to 550 BCE, was the use of tension siege engines, defined as a type of siege engine that uses a system of ropes and pulleys to lift and drop heavy objects, present or absent as a military technology in the warfare practices of 'Koktepe II'? Strictly choose the correct label from an unordered set: {A, C, B}. A = present, C = unsure (cannot determine from current evidence), B = absent"
wf/tension-siege-engines,337,"During the period from 819 CE to 999 CE, was the use of a traction trebuchet, a siege engine that uses a long arm and a sling to hurl projectiles, present or absent in the warfare strategies of 'Samanid Empire'? Strictly choose the correct label from an unordered set: {A, B, C}. A = present, B = absent, C = unsure (cannot determine from current evidence)"
wf/tension-siege-engines,338,"During the period from 604 CE to 711 CE, was the use of traction trebuchets, a siege weapon that uses a long arm and a sling to hurl projectiles, present or absent in the warfare practices of 'Sogdiana - City-States Period'? Strictly choose the correct label from an unordered set: {C, B, A}. C = unsure (cannot determine from current evidence), B = absent, A = present"
wf/tension-siege-engines,339,"During the period from 1370 CE to 1526 CE, was the deployment of siege engines, specifically the Tension siege engine, present or absent in the warfare strategies of 'Timurid Empire'? Strictly choose the correct label from an unordered set: {B, A, C}. B = absent, A = present, C = unsure (cannot determine from current evidence)"
wf/tension-siege-engines,340,"During the period from 1229 CE to 1453 CE, was the use of tension siege engines, specifically mangonels, present or absent in the warfare strategies of 'Rasulid Dynasty'? Strictly choose the correct label from an unordered set: {A, B, C}. A = present, B = absent, C = unsure (cannot determine from current evidence)"
wf/tension-siege-engines,341,"During the period from 1454 CE to 1517 CE, was the use of tension siege engines, specifically mangonels, present or absent in the warfare strategies of 'Yemen - Tahirid Dynasty'? Strictly choose the correct label from an unordered set: {B, C, A}. B = absent, C = unsure (cannot determine from current evidence), A = present"
wf/tension-siege-engines,342,"During the period from 1038 CE to 1174 CE, was the use of torsion engines, a type of siege engine that was used in Arabic warfare, present or absent in the military technology of 'Yemen - Era of Warlords'? Strictly choose the correct label from an unordered set: {B, C, A}. B = absent, C = unsure (cannot determine from current evidence), A = present"
wf/tension-siege-engines,343,"During the period from 822 CE to 1037 CE, was the use of torsion engines, a type of siege engine that was used in Arabic warfare, present or absent in the military technology of 'Yemen Ziyadid Dynasty'? Strictly choose the correct label from an unordered set: {C, A, B}. C = unsure (cannot determine from current evidence), A = present, B = absent"
