endpoint_identifier,entry_idx,output
https://seshat-db.com/api/ec/luxury-precious-metal/,0,"Thinking Process:

1.  **Analyze the Request:**
    *   **Role:** History Professor writing challenging questions for PhD students.
    *   **Task:** Create a challenging yet well-defined historical exam question based on a variable definition from a historical dataset.
    *   **Input:** Variable name: `Lux_precious_metal`, Variable description: (Empty/Not provided in the prompt, but I need to infer or use the variable name as basis based on rule 1).
    *   **Rules:**
        1.  Begin with a concise explanation of the variable's definition (strictly adhering to provided description if available, otherwise use variable name). *Correction:* The prompt shows `""Variable description"
https://seshat-db.com/api/ec/luxury-precious-metal/,1,"Thinking Process:

1.  **Analyze the Request:**
    *   **Role:** History Professor writing challenging questions for PhD students.
    *   **Task:** Create a challenging yet well-defined historical exam question based on a variable definition from a historical dataset.
    *   **Input:** Variable name: `Lux_precious_metal`, Variable description: (Empty/Not provided in the prompt, but I need to infer or use the variable name as basis based on rule 1).
    *   **Rules:**
        1.  Begin with a concise explanation of the variable's definition (strictly adhering to provided description if available, otherwise use variable name). *Correction:* The prompt shows `""Variable description"
https://seshat-db.com/api/ec/luxury-precious-metal/,2,"Thinking Process:

1.  **Analyze the Request:**
    *   **Role:** History Professor writing challenging questions for PhD students.
    *   **Task:** Create a challenging yet well-defined historical exam question based on a variable definition from a historical dataset.
    *   **Input:** Variable name: `Lux_precious_metal`, Variable description: (Empty/Not provided in the prompt, but I need to infer or use the variable name as basis based on rule 1).
    *   **Rules:**
        1.  Begin with a concise explanation of the variable's definition (strictly adhering to provided description if available, otherwise use variable name). *Correction:* The prompt shows `""Variable description"
https://seshat-db.com/api/ec/luxury-precious-metal/,3,"Thinking Process:

1.  **Analyze the Request:**
    *   **Role:** History Professor writing challenging questions for PhD students.
    *   **Task:** Create a challenging yet well-defined historical exam question based on a variable definition from a historical dataset.
    *   **Input:** Variable name: `Lux_precious_metal`, Variable description: (Empty/Not provided in the prompt, but I need to infer or use the variable name as basis based on rule 1).
    *   **Rules:**
        1.  Begin with a concise explanation of the variable's definition (strictly adhering to provided description if available, otherwise use variable name). *Correction:* The prompt shows `""Variable description"
https://seshat-db.com/api/ec/luxury-precious-metal/,4,"Thinking Process:

1.  **Analyze the Request:**
    *   **Role:** History Professor writing challenging questions for PhD students.
    *   **Task:** Create a challenging yet well-defined historical exam question based on a variable definition from a historical dataset.
    *   **Input:** Variable name: `Lux_precious_metal`, Variable description: (Empty/Not provided in the prompt, but I need to infer or use the variable name as basis based on rule 1).
    *   **Rules:**
        1.  Begin with a concise explanation of the variable's definition (strictly adhering to provided description if available, otherwise use variable name). *Correction:* The prompt shows `""Variable description"
https://seshat-db.com/api/ec/luxury-precious-metal/,5,"Thinking Process:

1.  **Analyze the Request:**
    *   **Role:** History Professor writing challenging questions for PhD students.
    *   **Task:** Create a challenging yet well-defined historical exam question based on a variable definition from a historical dataset.
    *   **Input:** Variable name: `Lux_precious_metal`, Variable description: (Empty/Not provided in the prompt, but I need to infer or use the variable name as basis based on rule 1).
    *   **Rules:**
        1.  Begin with a concise explanation of the variable's definition (strictly adhering to provided description if available, otherwise use variable name). *Correction:* The prompt shows `""Variable description"
https://seshat-db.com/api/ec/luxury-precious-metal/,6,"Thinking Process:

1.  **Analyze the Request:**
    *   **Role:** History Professor writing challenging questions for PhD students.
    *   **Task:** Create a challenging yet well-defined historical exam question based on a variable definition from a historical dataset.
    *   **Input:** Variable name: `Lux_precious_metal`, Variable description: (Empty/Not provided in the prompt, but I need to infer or use the variable name as basis based on rule 1).
    *   **Rules:**
        1.  Begin with a concise explanation of the variable's definition (strictly adhering to provided description if available, otherwise use variable name). *Correction:* The prompt shows `""Variable description"
https://seshat-db.com/api/ec/luxury-precious-metal/,7,"Thinking Process:

1.  **Analyze the Request:**
    *   **Role:** History Professor writing challenging questions for PhD students.
    *   **Task:** Create a challenging yet well-defined historical exam question based on a variable definition from a historical dataset.
    *   **Input:** Variable name: `Lux_precious_metal`, Variable description: (Empty/Not provided in the prompt, but I need to infer or use the variable name as basis based on rule 1).
    *   **Rules:**
        1.  Begin with a concise explanation of the variable's definition (strictly adhering to provided description if available, otherwise use variable name). *Correction:* The prompt shows `""Variable description"
https://seshat-db.com/api/ec/luxury-precious-metal/,8,"Thinking Process:

1.  **Analyze the Request:**
    *   **Role:** History Professor writing challenging questions for PhD students.
    *   **Task:** Create a challenging yet well-defined historical exam question based on a variable definition from a historical dataset.
    *   **Input:** Variable name: `Lux_precious_metal`, Variable description: (Empty/Not provided in the prompt, but I need to infer or use the variable name as basis based on rule 1).
    *   **Rules:**
        1.  Begin with a concise explanation of the variable's definition (strictly adhering to provided description if available, otherwise use variable name). *Correction:* The prompt shows `""Variable description"
https://seshat-db.com/api/ec/luxury-precious-metal/,9,"Thinking Process:

1.  **Analyze the Request:**
    *   **Role:** History Professor writing challenging questions for PhD students.
    *   **Task:** Create a challenging yet well-defined historical exam question based on a variable definition from a historical dataset.
    *   **Input:** Variable name: `Lux_precious_metal`, Variable description: (Empty/Not provided in the prompt, but I need to infer or use the variable name as basis based on rule 1).
    *   **Rules:**
        1.  Begin with a concise explanation of the variable's definition (strictly adhering to provided description if available, otherwise use variable name). *Correction:* The prompt shows `""Variable description"
https://seshat-db.com/api/ec/luxury-precious-metal/,10,"Thinking Process:

1.  **Analyze the Request:**
    *   **Role:** History Professor writing challenging questions for PhD students.
    *   **Task:** Create a challenging yet well-defined historical exam question based on a variable definition from a historical dataset.
    *   **Input:** Variable name: `Lux_precious_metal`, Variable description: (Empty/Not provided in the prompt, but I need to infer or use the variable name as basis based on rule 1).
    *   **Rules:**
        1.  Begin with a concise explanation of the variable's definition (strictly adhering to provided description if available, otherwise use variable name). *Correction:* The prompt shows `""Variable description"
https://seshat-db.com/api/ec/luxury-precious-metal/,11,"Thinking Process:

1.  **Analyze the Request:**
    *   **Role:** History Professor writing challenging questions for PhD students.
    *   **Task:** Create a challenging yet well-defined historical exam question based on a variable definition from a historical dataset.
    *   **Input:** Variable name: `Lux_precious_metal`, Variable description: (Empty/Not provided in the prompt, but I need to infer or use the variable name as basis based on rule 1).
    *   **Rules:**
        1.  Begin with a concise explanation of the variable's definition (strictly adhering to provided description if available, otherwise use variable name). *Correction:* The prompt shows `""Variable description"
https://seshat-db.com/api/ec/luxury-precious-metal/,12,"Thinking Process:

1.  **Analyze the Request:**
    *   **Role:** History Professor writing challenging questions for PhD students.
    *   **Task:** Create a challenging yet well-defined historical exam question based on a variable definition from a historical dataset.
    *   **Input:** Variable name: `Lux_precious_metal`, Variable description: (Empty/Not provided in the prompt, but I need to infer or use the variable name as basis based on rule 1).
    *   **Rules:**
        1.  Begin with a concise explanation of the variable's definition (strictly adhering to provided description if available, otherwise use variable name). *Correction:* The prompt shows `""Variable description"
https://seshat-db.com/api/ec/luxury-precious-metal/,13,"Thinking Process:

1.  **Analyze the Request:**
    *   **Role:** History Professor writing challenging questions for PhD students.
    *   **Task:** Create a challenging yet well-defined historical exam question based on a variable definition from a historical dataset.
    *   **Input:** Variable name: `Lux_precious_metal`, Variable description: (Empty/Not provided in the prompt, but I need to infer or use the variable name as basis based on rule 1).
    *   **Rules:**
        1.  Begin with a concise explanation of the variable's definition (strictly adhering to provided description if available, otherwise use variable name). *Correction:* The prompt shows `""Variable description"
https://seshat-db.com/api/ec/luxury-precious-metal/,14,"Thinking Process:

1.  **Analyze the Request:**
    *   **Role:** History Professor writing challenging questions for PhD students.
    *   **Task:** Create a challenging yet well-defined historical exam question based on a variable definition from a historical dataset.
    *   **Input:** Variable name: `Lux_precious_metal`, Variable description: (Empty/Not provided in the prompt, but I need to infer or use the variable name as basis based on rule 1).
    *   **Rules:**
        1.  Begin with a concise explanation of the variable's definition (strictly adhering to provided description if available, otherwise use variable name). *Correction:* The prompt shows `""Variable description"
https://seshat-db.com/api/ec/luxury-precious-metal/,15,"Thinking Process:

1.  **Analyze the Request:**
    *   **Role:** History Professor writing challenging questions for PhD students.
    *   **Task:** Create a challenging yet well-defined historical exam question based on a variable definition from a historical dataset.
    *   **Input:** Variable name: `Lux_precious_metal`, Variable description: (Empty/Not provided in the prompt, but I need to infer or use the variable name as basis based on rule 1).
    *   **Rules:**
        1.  Begin with a concise explanation of the variable's definition (strictly adhering to provided description if available, otherwise use variable name). *Correction:* The prompt shows `""Variable description"
https://seshat-db.com/api/ec/luxury-precious-metal/,16,"Thinking Process:

1.  **Analyze the Request:**
    *   **Role:** History Professor writing challenging questions for PhD students.
    *   **Task:** Create a challenging yet well-defined historical exam question based on a variable definition from a historical dataset.
    *   **Input:** Variable name: `Lux_precious_metal`, Variable description: (Empty/Not provided in the prompt, but I need to infer or use the variable name as basis based on rule 1).
    *   **Rules:**
        1.  Begin with a concise explanation of the variable's definition (strictly adhering to provided description if available, otherwise use variable name). *Correction:* The prompt shows `""Variable description"
https://seshat-db.com/api/ec/luxury-precious-metal/,17,"Thinking Process:

1.  **Analyze the Request:**
    *   **Role:** History Professor writing challenging questions for PhD students.
    *   **Task:** Create a challenging yet well-defined historical exam question based on a variable definition from a historical dataset.
    *   **Input:** Variable name: `Lux_precious_metal`, Variable description: (Empty/Not provided in the prompt, but I need to infer or use the variable name as basis based on rule 1).
    *   **Rules:**
        1.  Begin with a concise explanation of the variable's definition (strictly adhering to provided description if available, otherwise use variable name). *Correction:* The prompt shows `""Variable description"
https://seshat-db.com/api/ec/luxury-precious-metal/,18,"Thinking Process:

1.  **Analyze the Request:**
    *   **Role:** History Professor writing challenging questions for PhD students.
    *   **Task:** Create a challenging yet well-defined historical exam question based on a variable definition from a historical dataset.
    *   **Input:** Variable name: `Lux_precious_metal`, Variable description: (Empty/Not provided in the prompt, but I need to infer or use the variable name as basis based on rule 1).
    *   **Rules:**
        1.  Begin with a concise explanation of the variable's definition (strictly adhering to provided description if available, otherwise use variable name). *Correction:* The prompt shows `""Variable description"
https://seshat-db.com/api/ec/luxury-precious-metal/,19,"Thinking Process:

1.  **Analyze the Request:**
    *   **Role:** History Professor writing challenging questions for PhD students.
    *   **Task:** Create a challenging yet well-defined historical exam question based on a variable definition from a historical dataset.
    *   **Input:** Variable name: `Lux_precious_metal`, Variable description: (Empty/Not provided in the prompt, but I need to infer or use the variable name as basis based on rule 1).
    *   **Rules:**
        1.  Begin with a concise explanation of the variable's definition (strictly adhering to provided description if available, otherwise use variable name). *Correction:* The prompt shows `""Variable description"
https://seshat-db.com/api/ec/luxury-precious-metal/,20,"Thinking Process:

1.  **Analyze the Request:**
    *   **Role:** History Professor writing challenging questions for PhD students.
    *   **Task:** Create a challenging yet well-defined historical exam question based on a variable definition from a historical dataset.
    *   **Input:** Variable name: `Lux_precious_metal`, Variable description: (Empty/Not provided in the prompt, but I need to infer or use the variable name as basis based on rule 1).
    *   **Rules:**
        1.  Begin with a concise explanation of the variable's definition (strictly adhering to provided description if available, otherwise use variable name). *Correction:* The prompt shows `""Variable description"
https://seshat-db.com/api/ec/luxury-precious-metal/,21,"Thinking Process:

1.  **Analyze the Request:**
    *   **Role:** History Professor writing challenging questions for PhD students.
    *   **Task:** Create a challenging yet well-defined historical exam question based on a variable definition from a historical dataset.
    *   **Input:** Variable name: `Lux_precious_metal`, Variable description: (Empty/Not provided in the prompt, but I need to infer or use the variable name as basis based on rule 1).
    *   **Rules:**
        1.  Begin with a concise explanation of the variable's definition (strictly adhering to provided description if available, otherwise use variable name). *Correction:* The prompt shows `""Variable description"
https://seshat-db.com/api/ec/luxury-precious-metal/,22,"Thinking Process:

1.  **Analyze the Request:**
    *   **Role:** History Professor writing challenging questions for PhD students.
    *   **Task:** Create a challenging yet well-defined historical exam question based on a variable definition from a historical dataset.
    *   **Input:** Variable name: `Lux_precious_metal`, Variable description: (Empty/Not provided in the prompt, but I need to infer or use the variable name as basis based on rule 1).
    *   **Rules:**
        1.  Begin with a concise explanation of the variable's definition (strictly adhering to provided description if available, otherwise use variable name). *Correction:* The prompt shows `""Variable description"
https://seshat-db.com/api/ec/luxury-precious-metal/,23,"Thinking Process:

1.  **Analyze the Request:**
    *   **Role:** History Professor writing challenging questions for PhD students.
    *   **Task:** Create a challenging yet well-defined historical exam question based on a variable definition from a historical dataset.
    *   **Input:** Variable name: `Lux_precious_metal`, Variable description: (Empty/Not provided in the prompt, but I need to infer or use the variable name as basis based on rule 1).
    *   **Rules:**
        1.  Begin with a concise explanation of the variable's definition (strictly adhering to provided description if available, otherwise use variable name). *Correction:* The prompt shows `""Variable description"
https://seshat-db.com/api/ec/luxury-precious-metal/,24,"Thinking Process:

1.  **Analyze the Request:**
    *   **Role:** History Professor writing challenging questions for PhD students.
    *   **Task:** Create a challenging yet well-defined historical exam question based on a variable definition from a historical dataset.
    *   **Input:** Variable name: `Lux_precious_metal`, Variable description: (Empty/Not provided in the prompt, but I need to infer or use the variable name as basis based on rule 1).
    *   **Rules:**
        1.  Begin with a concise explanation of the variable's definition (strictly adhering to provided description if available, otherwise use variable name). *Correction:* The prompt shows `""Variable description"
https://seshat-db.com/api/ec/luxury-precious-metal/,25,"Thinking Process:

1.  **Analyze the Request:**
    *   **Role:** History Professor writing challenging questions for PhD students.
    *   **Task:** Create a challenging yet well-defined historical exam question based on a variable definition from a historical dataset.
    *   **Input:** Variable name: `Lux_precious_metal`, Variable description: (Empty/Not provided in the prompt, but I need to infer or use the variable name as basis based on rule 1).
    *   **Rules:**
        1.  Begin with a concise explanation of the variable's definition (strictly adhering to provided description if available, otherwise use variable name). *Correction:* The prompt shows `""Variable description"
https://seshat-db.com/api/ec/luxury-precious-metal/,26,"Thinking Process:

1.  **Analyze the Request:**
    *   **Role:** History Professor writing challenging questions for PhD students.
    *   **Task:** Create a challenging yet well-defined historical exam question based on a variable definition from a historical dataset.
    *   **Input:** Variable name: `Lux_precious_metal`, Variable description: (Empty/Not provided in the prompt, but I need to infer or use the variable name as basis based on rule 1).
    *   **Rules:**
        1.  Begin with a concise explanation of the variable's definition (strictly adhering to provided description if available, otherwise use variable name). *Correction:* The prompt shows `""Variable description"
https://seshat-db.com/api/ec/luxury-precious-metal/,27,"Thinking Process:

1.  **Analyze the Request:**
    *   **Role:** History Professor writing challenging questions for PhD students.
    *   **Task:** Create a challenging yet well-defined historical exam question based on a variable definition from a historical dataset.
    *   **Input:** Variable name: `Lux_precious_metal`, Variable description: (Empty/Not provided in the prompt, but I need to infer or use the variable name as basis based on rule 1).
    *   **Rules:**
        1.  Begin with a concise explanation of the variable's definition (strictly adhering to provided description if available, otherwise use variable name). *Correction:* The prompt shows `""Variable description"
https://seshat-db.com/api/ec/luxury-precious-metal/,28,"Thinking Process:

1.  **Analyze the Request:**
    *   **Role:** History Professor writing challenging questions for PhD students.
    *   **Task:** Create a challenging yet well-defined historical exam question based on a variable definition from a historical dataset.
    *   **Input:** Variable name: `Lux_precious_metal`, Variable description: (Empty/Not provided in the prompt, but I need to infer or use the variable name as basis based on rule 1).
    *   **Rules:**
        1.  Begin with a concise explanation of the variable's definition (strictly adhering to provided description if available, otherwise use variable name). *Correction:* The prompt shows `""Variable description"
https://seshat-db.com/api/ec/luxury-precious-metal/,29,"Thinking Process:

1.  **Analyze the Request:**
    *   **Role:** History Professor writing challenging questions for PhD students.
    *   **Task:** Create a challenging yet well-defined historical exam question based on a variable definition from a historical dataset.
    *   **Input:** Variable name: `Lux_precious_metal`, Variable description: (Empty/Not provided in the prompt, but I need to infer or use the variable name as basis based on rule 1).
    *   **Rules:**
        1.  Begin with a concise explanation of the variable's definition (strictly adhering to provided description if available, otherwise use variable name). *Correction:* The prompt shows `""Variable description"
https://seshat-db.com/api/ec/luxury-precious-metal/,30,"Thinking Process:

1.  **Analyze the Request:**
    *   **Role:** History Professor writing challenging questions for PhD students.
    *   **Task:** Create a challenging yet well-defined historical exam question based on a variable definition from a historical dataset.
    *   **Input:** Variable name: `Lux_precious_metal`, Variable description: (Empty/Not provided in the prompt, but I need to infer or use the variable name as basis based on rule 1).
    *   **Rules:**
        1.  Begin with a concise explanation of the variable's definition (strictly adhering to provided description if available, otherwise use variable name). *Correction:* The prompt shows `""Variable description"
https://seshat-db.com/api/ec/luxury-precious-metal/,31,"Thinking Process:

1.  **Analyze the Request:**
    *   **Role:** History Professor writing challenging questions for PhD students.
    *   **Task:** Create a challenging yet well-defined historical exam question based on a variable definition from a historical dataset.
    *   **Input:** Variable name: `Lux_precious_metal`, Variable description: (Empty/Not provided in the prompt, but I need to infer or use the variable name as basis based on rule 1).
    *   **Rules:**
        1.  Begin with a concise explanation of the variable's definition (strictly adhering to provided description if available, otherwise use variable name). *Correction:* The prompt shows `""Variable description"
https://seshat-db.com/api/ec/luxury-precious-metal/,32,"Thinking Process:

1.  **Analyze the Request:**
    *   **Role:** History Professor writing challenging questions for PhD students.
    *   **Task:** Create a challenging yet well-defined historical exam question based on a variable definition from a historical dataset.
    *   **Input:** Variable name: `Lux_precious_metal`, Variable description: (Empty/Not provided in the prompt, but I need to infer or use the variable name as basis based on rule 1).
    *   **Rules:**
        1.  Begin with a concise explanation of the variable's definition (strictly adhering to provided description if available, otherwise use variable name). *Correction:* The prompt shows `""Variable description"
https://seshat-db.com/api/ec/luxury-precious-metal/,33,"Thinking Process:

1.  **Analyze the Request:**
    *   **Role:** History Professor writing challenging questions for PhD students.
    *   **Task:** Create a challenging yet well-defined historical exam question based on a variable definition from a historical dataset.
    *   **Input:** Variable name: `Lux_precious_metal`, Variable description: (Empty/Not provided in the prompt, but I need to infer or use the variable name as basis based on rule 1).
    *   **Rules:**
        1.  Begin with a concise explanation of the variable's definition (strictly adhering to provided description if available, otherwise use variable name). *Correction:* The prompt shows `""Variable description"
https://seshat-db.com/api/ec/luxury-precious-metal/,34,"Thinking Process:

1.  **Analyze the Request:**
    *   **Role:** History Professor writing challenging questions for PhD students.
    *   **Task:** Create a challenging yet well-defined historical exam question based on a variable definition from a historical dataset.
    *   **Input:** Variable name: `Lux_precious_metal`, Variable description: (Empty/Not provided in the prompt, but I need to infer or use the variable name as basis based on rule 1).
    *   **Rules:**
        1.  Begin with a concise explanation of the variable's definition (strictly adhering to provided description if available, otherwise use variable name). *Correction:* The prompt shows `""Variable description"
https://seshat-db.com/api/ec/luxury-precious-metal/,35,"Thinking Process:

1.  **Analyze the Request:**
    *   **Role:** History Professor writing challenging questions for PhD students.
    *   **Task:** Create a challenging yet well-defined historical exam question based on a variable definition from a historical dataset.
    *   **Input:** Variable name: `Lux_precious_metal`, Variable description: (Empty/Not provided in the prompt, but I need to infer or use the variable name as basis based on rule 1).
    *   **Rules:**
        1.  Begin with a concise explanation of the variable's definition (strictly adhering to provided description if available, otherwise use variable name). *Correction:* The prompt shows `""Variable description"
https://seshat-db.com/api/ec/luxury-precious-metal/,36,"Thinking Process:

1.  **Analyze the Request:**
    *   **Role:** History Professor writing challenging questions for PhD students.
    *   **Task:** Create a challenging yet well-defined historical exam question based on a variable definition from a historical dataset.
    *   **Input:** Variable name: `Lux_precious_metal`, Variable description: (Empty/Not provided in the prompt, but I need to infer or use the variable name as basis based on rule 1).
    *   **Rules:**
        1.  Begin with a concise explanation of the variable's definition (strictly adhering to provided description if available, otherwise use variable name). *Correction:* The prompt shows `""Variable description"
https://seshat-db.com/api/ec/luxury-precious-metal/,37,"Thinking Process:

1.  **Analyze the Request:**
    *   **Role:** History Professor writing challenging questions for PhD students.
    *   **Task:** Create a challenging yet well-defined historical exam question based on a variable definition from a historical dataset.
    *   **Input:** Variable name: `Lux_precious_metal`, Variable description: (Empty/Not provided in the prompt, but I need to infer or use the variable name as basis based on rule 1).
    *   **Rules:**
        1.  Begin with a concise explanation of the variable's definition (strictly adhering to provided description if available, otherwise use variable name). *Correction:* The prompt shows `""Variable description"
https://seshat-db.com/api/ec/luxury-precious-metal/,38,"Thinking Process:

1.  **Analyze the Request:**
    *   **Role:** History Professor writing challenging questions for PhD students.
    *   **Task:** Create a challenging yet well-defined historical exam question based on a variable definition from a historical dataset.
    *   **Input:** Variable name: `Lux_precious_metal`, Variable description: (Empty/Not provided in the prompt, but I need to infer or use the variable name as basis based on rule 1).
    *   **Rules:**
        1.  Begin with a concise explanation of the variable's definition (strictly adhering to provided description if available, otherwise use variable name). *Correction:* The prompt shows `""Variable description"
https://seshat-db.com/api/ec/luxury-precious-metal/,39,"Thinking Process:

1.  **Analyze the Request:**
    *   **Role:** History Professor writing challenging questions for PhD students.
    *   **Task:** Create a challenging yet well-defined historical exam question based on a variable definition from a historical dataset.
    *   **Input:** Variable name: `Lux_precious_metal`, Variable description: (Empty/Not provided in the prompt, but I need to infer or use the variable name as basis based on rule 1).
    *   **Rules:**
        1.  Begin with a concise explanation of the variable's definition (strictly adhering to provided description if available, otherwise use variable name). *Correction:* The prompt shows `""Variable description"
https://seshat-db.com/api/ec/luxury-precious-metal/,40,"Thinking Process:

1.  **Analyze the Request:**
    *   **Role:** History Professor writing challenging questions for PhD students.
    *   **Task:** Create a challenging yet well-defined historical exam question based on a variable definition from a historical dataset.
    *   **Input:** Variable name: `Lux_precious_metal`, Variable description: (Empty/Not provided in the prompt, but I need to infer or use the variable name as basis based on rule 1).
    *   **Rules:**
        1.  Begin with a concise explanation of the variable's definition (strictly adhering to provided description if available, otherwise use variable name). *Correction:* The prompt shows `""Variable description"
https://seshat-db.com/api/ec/luxury-precious-metal/,41,"Thinking Process:

1.  **Analyze the Request:**
    *   **Role:** History Professor writing challenging questions for PhD students.
    *   **Task:** Create a challenging yet well-defined historical exam question based on a variable definition from a historical dataset.
    *   **Input:** Variable name: `Lux_precious_metal`, Variable description: (Empty/Not provided in the prompt, but I need to infer or use the variable name as basis based on rule 1).
    *   **Rules:**
        1.  Begin with a concise explanation of the variable's definition (strictly adhering to provided description if available, otherwise use variable name). *Correction:* The prompt shows `""Variable description"
https://seshat-db.com/api/ec/luxury-precious-metal/,42,"Thinking Process:

1.  **Analyze the Request:**
    *   **Role:** History Professor writing challenging questions for PhD students.
    *   **Task:** Create a challenging yet well-defined historical exam question based on a variable definition from a historical dataset.
    *   **Input:** Variable name: `Lux_precious_metal`, Variable description: (Empty/Not provided in the prompt, but I need to infer or use the variable name as basis based on rule 1).
    *   **Rules:**
        1.  Begin with a concise explanation of the variable's definition (strictly adhering to provided description if available, otherwise use variable name). *Correction:* The prompt shows `""Variable description"
https://seshat-db.com/api/ec/luxury-precious-metal/,43,"Thinking Process:

1.  **Analyze the Request:**
    *   **Role:** History Professor writing challenging questions for PhD students.
    *   **Task:** Create a challenging yet well-defined historical exam question based on a variable definition from a historical dataset.
    *   **Input:** Variable name: `Lux_precious_metal`, Variable description: (Empty/Not provided in the prompt, but I need to infer or use the variable name as basis based on rule 1).
    *   **Rules:**
        1.  Begin with a concise explanation of the variable's definition (strictly adhering to provided description if available, otherwise use variable name). *Correction:* The prompt shows `""Variable description"
https://seshat-db.com/api/ec/luxury-precious-metal/,44,"Thinking Process:

1.  **Analyze the Request:**
    *   **Role:** History Professor writing challenging questions for PhD students.
    *   **Task:** Create a challenging yet well-defined historical exam question based on a variable definition from a historical dataset.
    *   **Input:** Variable name: `Lux_precious_metal`, Variable description: (Empty/Not provided in the prompt, but I need to infer or use the variable name as basis based on rule 1).
    *   **Rules:**
        1.  Begin with a concise explanation of the variable's definition (strictly adhering to provided description if available, otherwise use variable name). *Correction:* The prompt shows `""Variable description"
https://seshat-db.com/api/ec/luxury-precious-metal/,45,"Thinking Process:

1.  **Analyze the Request:**
    *   **Role:** History Professor writing challenging questions for PhD students.
    *   **Task:** Create a challenging yet well-defined historical exam question based on a variable definition from a historical dataset.
    *   **Input:** Variable name: `Lux_precious_metal`, Variable description: (Empty/Not provided in the prompt, but I need to infer or use the variable name as basis based on rule 1).
    *   **Rules:**
        1.  Begin with a concise explanation of the variable's definition (strictly adhering to provided description if available, otherwise use variable name). *Correction:* The prompt shows `""Variable description"
https://seshat-db.com/api/ec/luxury-precious-metal/,46,"Thinking Process:

1.  **Analyze the Request:**
    *   **Role:** History Professor writing challenging questions for PhD students.
    *   **Task:** Create a challenging yet well-defined historical exam question based on a variable definition from a historical dataset.
    *   **Input:** Variable name: `Lux_precious_metal`, Variable description: (Empty/Not provided in the prompt, but I need to infer or use the variable name as basis based on rule 1).
    *   **Rules:**
        1.  Begin with a concise explanation of the variable's definition (strictly adhering to provided description if available, otherwise use variable name). *Correction:* The prompt shows `""Variable description"
https://seshat-db.com/api/ec/luxury-precious-metal/,47,"Thinking Process:

1.  **Analyze the Request:**
    *   **Role:** History Professor writing challenging questions for PhD students.
    *   **Task:** Create a challenging yet well-defined historical exam question based on a variable definition from a historical dataset.
    *   **Input:** Variable name: `Lux_precious_metal`, Variable description: (Empty/Not provided in the prompt, but I need to infer or use the variable name as basis based on rule 1).
    *   **Rules:**
        1.  Begin with a concise explanation of the variable's definition (strictly adhering to provided description if available, otherwise use variable name). *Correction:* The prompt shows `""Variable description"
https://seshat-db.com/api/ec/luxury-precious-metal/,48,"Thinking Process:

1.  **Analyze the Request:**
    *   **Role:** History Professor writing challenging questions for PhD students.
    *   **Task:** Create a challenging yet well-defined historical exam question based on a variable definition from a historical dataset.
    *   **Input:** Variable name: `Lux_precious_metal`, Variable description: (Empty/Not provided in the prompt, but I need to infer or use the variable name as basis based on rule 1).
    *   **Rules:**
        1.  Begin with a concise explanation of the variable's definition (strictly adhering to provided description if available, otherwise use variable name). *Correction:* The prompt shows `""Variable description"
https://seshat-db.com/api/ec/luxury-precious-metal/,49,"Thinking Process:

1.  **Analyze the Request:**
    *   **Role:** History Professor writing challenging questions for PhD students.
    *   **Task:** Create a challenging yet well-defined historical exam question based on a variable definition from a historical dataset.
    *   **Input:** Variable name: `Lux_precious_metal`, Variable description: (Empty/Not provided in the prompt, but I need to infer or use the variable name as basis based on rule 1).
    *   **Rules:**
        1.  Begin with a concise explanation of the variable's definition (strictly adhering to provided description if available, otherwise use variable name). *Correction:* The prompt shows `""Variable description"
https://seshat-db.com/api/ec/luxury-precious-metal/,50,"Thinking Process:

1.  **Analyze the Request:**
    *   **Role:** History Professor writing challenging questions for PhD students.
    *   **Task:** Create a challenging yet well-defined historical exam question based on a variable definition from a historical dataset.
    *   **Input:** Variable name: `Lux_precious_metal`, Variable description: (Empty/Not provided in the prompt, but I need to infer or use the variable name as basis based on rule 1).
    *   **Rules:**
        1.  Begin with a concise explanation of the variable's definition (strictly adhering to provided description if available, otherwise use variable name). *Correction:* The prompt shows `""Variable description"
https://seshat-db.com/api/ec/luxury-precious-metal/,51,"Thinking Process:

1.  **Analyze the Request:**
    *   **Role:** History Professor writing challenging questions for PhD students.
    *   **Task:** Create a challenging yet well-defined historical exam question based on a variable definition from a historical dataset.
    *   **Input:** Variable name: `Lux_precious_metal`, Variable description: (Empty/Not provided in the prompt, but I need to infer or use the variable name as basis based on rule 1).
    *   **Rules:**
        1.  Begin with a concise explanation of the variable's definition (strictly adhering to provided description if available, otherwise use variable name). *Correction:* The prompt shows `""Variable description"
https://seshat-db.com/api/ec/luxury-precious-metal/,52,"Thinking Process:

1.  **Analyze the Request:**
    *   **Role:** History Professor writing challenging questions for PhD students.
    *   **Task:** Create a challenging yet well-defined historical exam question based on a variable definition from a historical dataset.
    *   **Input:** Variable name: `Lux_precious_metal`, Variable description: (Empty/Not provided in the prompt, but I need to infer or use the variable name as basis based on rule 1).
    *   **Rules:**
        1.  Begin with a concise explanation of the variable's definition (strictly adhering to provided description if available, otherwise use variable name). *Correction:* The prompt shows `""Variable description"
https://seshat-db.com/api/ec/luxury-precious-metal/,53,"Thinking Process:

1.  **Analyze the Request:**
    *   **Role:** History Professor writing challenging questions for PhD students.
    *   **Task:** Create a challenging yet well-defined historical exam question based on a variable definition from a historical dataset.
    *   **Input:** Variable name: `Lux_precious_metal`, Variable description: (Empty/Not provided in the prompt, but I need to infer or use the variable name as basis based on rule 1).
    *   **Rules:**
        1.  Begin with a concise explanation of the variable's definition (strictly adhering to provided description if available, otherwise use variable name). *Correction:* The prompt shows `""Variable description"
https://seshat-db.com/api/ec/luxury-precious-metal/,54,"Thinking Process:

1.  **Analyze the Request:**
    *   **Role:** History Professor writing challenging questions for PhD students.
    *   **Task:** Create a challenging yet well-defined historical exam question based on a variable definition from a historical dataset.
    *   **Input:** Variable name: `Lux_precious_metal`, Variable description: (Empty/Not provided in the prompt, but I need to infer or use the variable name as basis based on rule 1).
    *   **Rules:**
        1.  Begin with a concise explanation of the variable's definition (strictly adhering to provided description if available, otherwise use variable name). *Correction:* The prompt shows `""Variable description"
https://seshat-db.com/api/ec/luxury-precious-metal/,55,"Thinking Process:

1.  **Analyze the Request:**
    *   **Role:** History Professor writing challenging questions for PhD students.
    *   **Task:** Create a challenging yet well-defined historical exam question based on a variable definition from a historical dataset.
    *   **Input:** Variable name: `Lux_precious_metal`, Variable description: (Empty/Not provided in the prompt, but I need to infer or use the variable name as basis based on rule 1).
    *   **Rules:**
        1.  Begin with a concise explanation of the variable's definition (strictly adhering to provided description if available, otherwise use variable name). *Correction:* The prompt shows `""Variable description"
https://seshat-db.com/api/ec/luxury-precious-metal/,56,"Thinking Process:

1.  **Analyze the Request:**
    *   **Role:** History Professor writing challenging questions for PhD students.
    *   **Task:** Create a challenging yet well-defined historical exam question based on a variable definition from a historical dataset.
    *   **Input:** Variable name: `Lux_precious_metal`, Variable description: (Empty/Not provided in the prompt, but I need to infer or use the variable name as basis based on rule 1).
    *   **Rules:**
        1.  Begin with a concise explanation of the variable's definition (strictly adhering to provided description if available, otherwise use variable name). *Correction:* The prompt shows `""Variable description"
https://seshat-db.com/api/ec/luxury-precious-metal/,57,"Thinking Process:

1.  **Analyze the Request:**
    *   **Role:** History Professor writing challenging questions for PhD students.
    *   **Task:** Create a challenging yet well-defined historical exam question based on a variable definition from a historical dataset.
    *   **Input:** Variable name: `Lux_precious_metal`, Variable description: (Empty/Not provided in the prompt, but I need to infer or use the variable name as basis based on rule 1).
    *   **Rules:**
        1.  Begin with a concise explanation of the variable's definition (strictly adhering to provided description if available, otherwise use variable name). *Correction:* The prompt shows `""Variable description"
https://seshat-db.com/api/ec/luxury-precious-metal/,58,"Thinking Process:

1.  **Analyze the Request:**
    *   **Role:** History Professor writing challenging questions for PhD students.
    *   **Task:** Create a challenging yet well-defined historical exam question based on a variable definition from a historical dataset.
    *   **Input:** Variable name: `Lux_precious_metal`, Variable description: (Empty/Not provided in the prompt, but I need to infer or use the variable name as basis based on rule 1).
    *   **Rules:**
        1.  Begin with a concise explanation of the variable's definition (strictly adhering to provided description if available, otherwise use variable name). *Correction:* The prompt shows `""Variable description"
https://seshat-db.com/api/ec/luxury-precious-metal/,59,"Thinking Process:

1.  **Analyze the Request:**
    *   **Role:** History Professor writing challenging questions for PhD students.
    *   **Task:** Create a challenging yet well-defined historical exam question based on a variable definition from a historical dataset.
    *   **Input:** Variable name: `Lux_precious_metal`, Variable description: (Empty/Not provided in the prompt, but I need to infer or use the variable name as basis based on rule 1).
    *   **Rules:**
        1.  Begin with a concise explanation of the variable's definition (strictly adhering to provided description if available, otherwise use variable name). *Correction:* The prompt shows `""Variable description"
https://seshat-db.com/api/ec/luxury-precious-metal/,60,"Thinking Process:

1.  **Analyze the Request:**
    *   **Role:** History Professor writing challenging questions for PhD students.
    *   **Task:** Create a challenging yet well-defined historical exam question based on a variable definition from a historical dataset.
    *   **Input:** Variable name: `Lux_precious_metal`, Variable description: (Empty/Not provided in the prompt, but I need to infer or use the variable name as basis based on rule 1).
    *   **Rules:**
        1.  Begin with a concise explanation of the variable's definition (strictly adhering to provided description if available, otherwise use variable name). *Correction:* The prompt shows `""Variable description"
https://seshat-db.com/api/ec/luxury-precious-metal/,61,"Thinking Process:

1.  **Analyze the Request:**
    *   **Role:** History Professor writing challenging questions for PhD students.
    *   **Task:** Create a challenging yet well-defined historical exam question based on a variable definition from a historical dataset.
    *   **Input:** Variable name: `Lux_precious_metal`, Variable description: (Empty/Not provided in the prompt, but I need to infer or use the variable name as basis based on rule 1).
    *   **Rules:**
        1.  Begin with a concise explanation of the variable's definition (strictly adhering to provided description if available, otherwise use variable name). *Correction:* The prompt shows `""Variable description"
https://seshat-db.com/api/ec/luxury-precious-metal/,62,"Thinking Process:

1.  **Analyze the Request:**
    *   **Role:** History Professor writing challenging questions for PhD students.
    *   **Task:** Create a challenging yet well-defined historical exam question based on a variable definition from a historical dataset.
    *   **Input:** Variable name: `Lux_precious_metal`, Variable description: (Empty/Not provided in the prompt, but I need to infer or use the variable name as basis based on rule 1).
    *   **Rules:**
        1.  Begin with a concise explanation of the variable's definition (strictly adhering to provided description if available, otherwise use variable name). *Correction:* The prompt shows `""Variable description"
https://seshat-db.com/api/ec/luxury-precious-metal/,63,"Thinking Process:

1.  **Analyze the Request:**
    *   **Role:** History Professor writing challenging questions for PhD students.
    *   **Task:** Create a challenging yet well-defined historical exam question based on a variable definition from a historical dataset.
    *   **Input:** Variable name: `Lux_precious_metal`, Variable description: (Empty/Not provided in the prompt, but I need to infer or use the variable name as basis based on rule 1).
    *   **Rules:**
        1.  Begin with a concise explanation of the variable's definition (strictly adhering to provided description if available, otherwise use variable name). *Correction:* The prompt shows `""Variable description"
https://seshat-db.com/api/ec/luxury-precious-metal/,64,"Thinking Process:

1.  **Analyze the Request:**
    *   **Role:** History Professor writing challenging questions for PhD students.
    *   **Task:** Create a challenging yet well-defined historical exam question based on a variable definition from a historical dataset.
    *   **Input:** Variable name: `Lux_precious_metal`, Variable description: (Empty/Not provided in the prompt, but I need to infer or use the variable name as basis based on rule 1).
    *   **Rules:**
        1.  Begin with a concise explanation of the variable's definition (strictly adhering to provided description if available, otherwise use variable name). *Correction:* The prompt shows `""Variable description"
https://seshat-db.com/api/ec/luxury-precious-metal/,65,"Thinking Process:

1.  **Analyze the Request:**
    *   **Role:** History Professor writing challenging questions for PhD students.
    *   **Task:** Create a challenging yet well-defined historical exam question based on a variable definition from a historical dataset.
    *   **Input:** Variable name: `Lux_precious_metal`, Variable description: (Empty/Not provided in the prompt, but I need to infer or use the variable name as basis based on rule 1).
    *   **Rules:**
        1.  Begin with a concise explanation of the variable's definition (strictly adhering to provided description if available, otherwise use variable name). *Correction:* The prompt shows `""Variable description"
https://seshat-db.com/api/ec/luxury-precious-metal/,66,"Thinking Process:

1.  **Analyze the Request:**
    *   **Role:** History Professor writing challenging questions for PhD students.
    *   **Task:** Create a challenging yet well-defined historical exam question based on a variable definition from a historical dataset.
    *   **Input:** Variable name: `Lux_precious_metal`, Variable description: (Empty/Not provided in the prompt, but I need to infer or use the variable name as basis based on rule 1).
    *   **Rules:**
        1.  Begin with a concise explanation of the variable's definition (strictly adhering to provided description if available, otherwise use variable name). *Correction:* The prompt shows `""Variable description"
https://seshat-db.com/api/ec/luxury-precious-metal/,67,"Thinking Process:

1.  **Analyze the Request:**
    *   **Role:** History Professor writing challenging questions for PhD students.
    *   **Task:** Create a challenging yet well-defined historical exam question based on a variable definition from a historical dataset.
    *   **Input:** Variable name: `Lux_precious_metal`, Variable description: (Empty/Not provided in the prompt, but I need to infer or use the variable name as basis based on rule 1).
    *   **Rules:**
        1.  Begin with a concise explanation of the variable's definition (strictly adhering to provided description if available, otherwise use variable name). *Correction:* The prompt shows `""Variable description"
https://seshat-db.com/api/ec/luxury-precious-metal/,68,"Thinking Process:

1.  **Analyze the Request:**
    *   **Role:** History Professor writing challenging questions for PhD students.
    *   **Task:** Create a challenging yet well-defined historical exam question based on a variable definition from a historical dataset.
    *   **Input:** Variable name: `Lux_precious_metal`, Variable description: (Empty/Not provided in the prompt, but I need to infer or use the variable name as basis based on rule 1).
    *   **Rules:**
        1.  Begin with a concise explanation of the variable's definition (strictly adhering to provided description if available, otherwise use variable name). *Correction:* The prompt shows `""Variable description"
https://seshat-db.com/api/ec/luxury-precious-metal/,69,"Thinking Process:

1.  **Analyze the Request:**
    *   **Role:** History Professor writing challenging questions for PhD students.
    *   **Task:** Create a challenging yet well-defined historical exam question based on a variable definition from a historical dataset.
    *   **Input:** Variable name: `Lux_precious_metal`, Variable description: (Empty/Not provided in the prompt, but I need to infer or use the variable name as basis based on rule 1).
    *   **Rules:**
        1.  Begin with a concise explanation of the variable's definition (strictly adhering to provided description if available, otherwise use variable name). *Correction:* The prompt shows `""Variable description"
https://seshat-db.com/api/ec/luxury-precious-metal/,70,"Thinking Process:

1.  **Analyze the Request:**
    *   **Role:** History Professor writing challenging questions for PhD students.
    *   **Task:** Create a challenging yet well-defined historical exam question based on a variable definition from a historical dataset.
    *   **Input:** Variable name: `Lux_precious_metal`, Variable description: (Empty/Not provided in the prompt, but I need to infer or use the variable name as basis based on rule 1).
    *   **Rules:**
        1.  Begin with a concise explanation of the variable's definition (strictly adhering to provided description if available, otherwise use variable name). *Correction:* The prompt shows `""Variable description"
https://seshat-db.com/api/ec/luxury-precious-metal/,71,"Thinking Process:

1.  **Analyze the Request:**
    *   **Role:** History Professor writing challenging questions for PhD students.
    *   **Task:** Create a challenging yet well-defined historical exam question based on a variable definition from a historical dataset.
    *   **Input:** Variable name: `Lux_precious_metal`, Variable description: (Empty/Not provided in the prompt, but I need to infer or use the variable name as basis based on rule 1).
    *   **Rules:**
        1.  Begin with a concise explanation of the variable's definition (strictly adhering to provided description if available, otherwise use variable name). *Correction:* The prompt shows `""Variable description"
https://seshat-db.com/api/ec/luxury-precious-metal/,72,"Thinking Process:

1.  **Analyze the Request:**
    *   **Role:** History Professor writing challenging questions for PhD students.
    *   **Task:** Create a challenging yet well-defined historical exam question based on a variable definition from a historical dataset.
    *   **Input:** Variable name: `Lux_precious_metal`, Variable description: (Empty/Not provided in the prompt, but I need to infer or use the variable name as basis based on rule 1).
    *   **Rules:**
        1.  Begin with a concise explanation of the variable's definition (strictly adhering to provided description if available, otherwise use variable name). *Correction:* The prompt shows `""Variable description"
https://seshat-db.com/api/ec/luxury-precious-metal/,73,"Thinking Process:

1.  **Analyze the Request:**
    *   **Role:** History Professor writing challenging questions for PhD students.
    *   **Task:** Create a challenging yet well-defined historical exam question based on a variable definition from a historical dataset.
    *   **Input:** Variable name: `Lux_precious_metal`, Variable description: (Empty/Not provided in the prompt, but I need to infer or use the variable name as basis based on rule 1).
    *   **Rules:**
        1.  Begin with a concise explanation of the variable's definition (strictly adhering to provided description if available, otherwise use variable name). *Correction:* The prompt shows `""Variable description"
https://seshat-db.com/api/ec/luxury-precious-metal/,74,"Thinking Process:

1.  **Analyze the Request:**
    *   **Role:** History Professor writing challenging questions for PhD students.
    *   **Task:** Create a challenging yet well-defined historical exam question based on a variable definition from a historical dataset.
    *   **Input:** Variable name: `Lux_precious_metal`, Variable description: (Empty/Not provided in the prompt, but I need to infer or use the variable name as basis based on rule 1).
    *   **Rules:**
        1.  Begin with a concise explanation of the variable's definition (strictly adhering to provided description if available, otherwise use variable name). *Correction:* The prompt shows `""Variable description"
https://seshat-db.com/api/ec/luxury-precious-metal/,75,"Thinking Process:

1.  **Analyze the Request:**
    *   **Role:** History Professor writing challenging questions for PhD students.
    *   **Task:** Create a challenging yet well-defined historical exam question based on a variable definition from a historical dataset.
    *   **Input:** Variable name: `Lux_precious_metal`, Variable description: (Empty/Not provided in the prompt, but I need to infer or use the variable name as basis based on rule 1).
    *   **Rules:**
        1.  Begin with a concise explanation of the variable's definition (strictly adhering to provided description if available, otherwise use variable name). *Correction:* The prompt shows `""Variable description"
https://seshat-db.com/api/ec/luxury-precious-metal/,76,"Thinking Process:

1.  **Analyze the Request:**
    *   **Role:** History Professor writing challenging questions for PhD students.
    *   **Task:** Create a challenging yet well-defined historical exam question based on a variable definition from a historical dataset.
    *   **Input:** Variable name: `Lux_precious_metal`, Variable description: (Empty/Not provided in the prompt, but I need to infer or use the variable name as basis based on rule 1).
    *   **Rules:**
        1.  Begin with a concise explanation of the variable's definition (strictly adhering to provided description if available, otherwise use variable name). *Correction:* The prompt shows `""Variable description"
https://seshat-db.com/api/ec/luxury-precious-metal/,77,"Thinking Process:

1.  **Analyze the Request:**
    *   **Role:** History Professor writing challenging questions for PhD students.
    *   **Task:** Create a challenging yet well-defined historical exam question based on a variable definition from a historical dataset.
    *   **Input:** Variable name: `Lux_precious_metal`, Variable description: (Empty/Not provided in the prompt, but I need to infer or use the variable name as basis based on rule 1).
    *   **Rules:**
        1.  Begin with a concise explanation of the variable's definition (strictly adhering to provided description if available, otherwise use variable name). *Correction:* The prompt shows `""Variable description"
https://seshat-db.com/api/ec/luxury-precious-metal/,78,"Thinking Process:

1.  **Analyze the Request:**
    *   **Role:** History Professor writing challenging questions for PhD students.
    *   **Task:** Create a challenging yet well-defined historical exam question based on a variable definition from a historical dataset.
    *   **Input:** Variable name: `Lux_precious_metal`, Variable description: (Empty/Not provided in the prompt, but I need to infer or use the variable name as basis based on rule 1).
    *   **Rules:**
        1.  Begin with a concise explanation of the variable's definition (strictly adhering to provided description if available, otherwise use variable name). *Correction:* The prompt shows `""Variable description"
https://seshat-db.com/api/ec/luxury-precious-metal/,79,"Thinking Process:

1.  **Analyze the Request:**
    *   **Role:** History Professor writing challenging questions for PhD students.
    *   **Task:** Create a challenging yet well-defined historical exam question based on a variable definition from a historical dataset.
    *   **Input:** Variable name: `Lux_precious_metal`, Variable description: (Empty/Not provided in the prompt, but I need to infer or use the variable name as basis based on rule 1).
    *   **Rules:**
        1.  Begin with a concise explanation of the variable's definition (strictly adhering to provided description if available, otherwise use variable name). *Correction:* The prompt shows `""Variable description"
https://seshat-db.com/api/ec/luxury-precious-metal/,80,"Thinking Process:

1.  **Analyze the Request:**
    *   **Role:** History Professor writing challenging questions for PhD students.
    *   **Task:** Create a challenging yet well-defined historical exam question based on a variable definition from a historical dataset.
    *   **Input:** Variable name: `Lux_precious_metal`, Variable description: (Empty/Not provided in the prompt, but I need to infer or use the variable name as basis based on rule 1).
    *   **Rules:**
        1.  Begin with a concise explanation of the variable's definition (strictly adhering to provided description if available, otherwise use variable name). *Correction:* The prompt shows `""Variable description"
https://seshat-db.com/api/ec/luxury-precious-metal/,81,"Thinking Process:

1.  **Analyze the Request:**
    *   **Role:** History Professor writing challenging questions for PhD students.
    *   **Task:** Create a challenging yet well-defined historical exam question based on a variable definition from a historical dataset.
    *   **Input:** Variable name: `Lux_precious_metal`, Variable description: (Empty/Not provided in the prompt, but I need to infer or use the variable name as basis based on rule 1).
    *   **Rules:**
        1.  Begin with a concise explanation of the variable's definition (strictly adhering to provided description if available, otherwise use variable name). *Correction:* The prompt shows `""Variable description"
https://seshat-db.com/api/ec/luxury-precious-metal/,82,"Thinking Process:

1.  **Analyze the Request:**
    *   **Role:** History Professor writing challenging questions for PhD students.
    *   **Task:** Create a challenging yet well-defined historical exam question based on a variable definition from a historical dataset.
    *   **Input:** Variable name: `Lux_precious_metal`, Variable description: (Empty/Not provided in the prompt, but I need to infer or use the variable name as basis based on rule 1).
    *   **Rules:**
        1.  Begin with a concise explanation of the variable's definition (strictly adhering to provided description if available, otherwise use variable name). *Correction:* The prompt shows `""Variable description"
https://seshat-db.com/api/ec/luxury-precious-metal/,83,"Thinking Process:

1.  **Analyze the Request:**
    *   **Role:** History Professor writing challenging questions for PhD students.
    *   **Task:** Create a challenging yet well-defined historical exam question based on a variable definition from a historical dataset.
    *   **Input:** Variable name: `Lux_precious_metal`, Variable description: (Empty/Not provided in the prompt, but I need to infer or use the variable name as basis based on rule 1).
    *   **Rules:**
        1.  Begin with a concise explanation of the variable's definition (strictly adhering to provided description if available, otherwise use variable name). *Correction:* The prompt shows `""Variable description"
https://seshat-db.com/api/ec/luxury-precious-metal/,84,"Thinking Process:

1.  **Analyze the Request:**
    *   **Role:** History Professor writing challenging questions for PhD students.
    *   **Task:** Create a challenging yet well-defined historical exam question based on a variable definition from a historical dataset.
    *   **Input:** Variable name: `Lux_precious_metal`, Variable description: (Empty/Not provided in the prompt, but I need to infer or use the variable name as basis based on rule 1).
    *   **Rules:**
        1.  Begin with a concise explanation of the variable's definition (strictly adhering to provided description if available, otherwise use variable name). *Correction:* The prompt shows `""Variable description"
https://seshat-db.com/api/ec/luxury-precious-metal/,85,"Thinking Process:

1.  **Analyze the Request:**
    *   **Role:** History Professor writing challenging questions for PhD students.
    *   **Task:** Create a challenging yet well-defined historical exam question based on a variable definition from a historical dataset.
    *   **Input:** Variable name: `Lux_precious_metal`, Variable description: (Empty/Not provided in the prompt, but I need to infer or use the variable name as basis based on rule 1).
    *   **Rules:**
        1.  Begin with a concise explanation of the variable's definition (strictly adhering to provided description if available, otherwise use variable name). *Correction:* The prompt shows `""Variable description"
https://seshat-db.com/api/ec/luxury-precious-metal/,86,"Thinking Process:

1.  **Analyze the Request:**
    *   **Role:** History Professor writing challenging questions for PhD students.
    *   **Task:** Create a challenging yet well-defined historical exam question based on a variable definition from a historical dataset.
    *   **Input:** Variable name: `Lux_precious_metal`, Variable description: (Empty/Not provided in the prompt, but I need to infer or use the variable name as basis based on rule 1).
    *   **Rules:**
        1.  Begin with a concise explanation of the variable's definition (strictly adhering to provided description if available, otherwise use variable name). *Correction:* The prompt shows `""Variable description"
https://seshat-db.com/api/ec/luxury-precious-metal/,87,"Thinking Process:

1.  **Analyze the Request:**
    *   **Role:** History Professor writing challenging questions for PhD students.
    *   **Task:** Create a challenging yet well-defined historical exam question based on a variable definition from a historical dataset.
    *   **Input:** Variable name: `Lux_precious_metal`, Variable description: (Empty/Not provided in the prompt, but I need to infer or use the variable name as basis based on rule 1).
    *   **Rules:**
        1.  Begin with a concise explanation of the variable's definition (strictly adhering to provided description if available, otherwise use variable name). *Correction:* The prompt shows `""Variable description"
https://seshat-db.com/api/ec/luxury-precious-metal/,88,"Thinking Process:

1.  **Analyze the Request:**
    *   **Role:** History Professor writing challenging questions for PhD students.
    *   **Task:** Create a challenging yet well-defined historical exam question based on a variable definition from a historical dataset.
    *   **Input:** Variable name: `Lux_precious_metal`, Variable description: (Empty/Not provided in the prompt, but I need to infer or use the variable name as basis based on rule 1).
    *   **Rules:**
        1.  Begin with a concise explanation of the variable's definition (strictly adhering to provided description if available, otherwise use variable name). *Correction:* The prompt shows `""Variable description"
https://seshat-db.com/api/ec/luxury-precious-metal/,89,"Thinking Process:

1.  **Analyze the Request:**
    *   **Role:** History Professor writing challenging questions for PhD students.
    *   **Task:** Create a challenging yet well-defined historical exam question based on a variable definition from a historical dataset.
    *   **Input:** Variable name: `Lux_precious_metal`, Variable description: (Empty/Not provided in the prompt, but I need to infer or use the variable name as basis based on rule 1).
    *   **Rules:**
        1.  Begin with a concise explanation of the variable's definition (strictly adhering to provided description if available, otherwise use variable name). *Correction:* The prompt shows `""Variable description"
https://seshat-db.com/api/ec/luxury-precious-metal/,90,"Thinking Process:

1.  **Analyze the Request:**
    *   **Role:** History Professor writing challenging questions for PhD students.
    *   **Task:** Create a challenging yet well-defined historical exam question based on a variable definition from a historical dataset.
    *   **Input:** Variable name: `Lux_precious_metal`, Variable description: (Empty/Not provided in the prompt, but I need to infer or use the variable name as basis based on rule 1).
    *   **Rules:**
        1.  Begin with a concise explanation of the variable's definition (strictly adhering to provided description if available, otherwise use variable name). *Correction:* The prompt shows `""Variable description"
https://seshat-db.com/api/ec/luxury-precious-metal/,91,"Thinking Process:

1.  **Analyze the Request:**
    *   **Role:** History Professor writing challenging questions for PhD students.
    *   **Task:** Create a challenging yet well-defined historical exam question based on a variable definition from a historical dataset.
    *   **Input:** Variable name: `Lux_precious_metal`, Variable description: (Empty/Not provided in the prompt, but I need to infer or use the variable name as basis based on rule 1).
    *   **Rules:**
        1.  Begin with a concise explanation of the variable's definition (strictly adhering to provided description if available, otherwise use variable name). *Correction:* The prompt shows `""Variable description"
https://seshat-db.com/api/ec/luxury-precious-metal/,92,"Thinking Process:

1.  **Analyze the Request:**
    *   **Role:** History Professor writing challenging questions for PhD students.
    *   **Task:** Create a challenging yet well-defined historical exam question based on a variable definition from a historical dataset.
    *   **Input:** Variable name: `Lux_precious_metal`, Variable description: (Empty/Not provided in the prompt, but I need to infer or use the variable name as basis based on rule 1).
    *   **Rules:**
        1.  Begin with a concise explanation of the variable's definition (strictly adhering to provided description if available, otherwise use variable name). *Correction:* The prompt shows `""Variable description"
https://seshat-db.com/api/ec/luxury-precious-metal/,93,"Thinking Process:

1.  **Analyze the Request:**
    *   **Role:** History Professor writing challenging questions for PhD students.
    *   **Task:** Create a challenging yet well-defined historical exam question based on a variable definition from a historical dataset.
    *   **Input:** Variable name: `Lux_precious_metal`, Variable description: (Empty/Not provided in the prompt, but I need to infer or use the variable name as basis based on rule 1).
    *   **Rules:**
        1.  Begin with a concise explanation of the variable's definition (strictly adhering to provided description if available, otherwise use variable name). *Correction:* The prompt shows `""Variable description"
https://seshat-db.com/api/ec/luxury-precious-metal/,94,"Thinking Process:

1.  **Analyze the Request:**
    *   **Role:** History Professor writing challenging questions for PhD students.
    *   **Task:** Create a challenging yet well-defined historical exam question based on a variable definition from a historical dataset.
    *   **Input:** Variable name: `Lux_precious_metal`, Variable description: (Empty/Not provided in the prompt, but I need to infer or use the variable name as basis based on rule 1).
    *   **Rules:**
        1.  Begin with a concise explanation of the variable's definition (strictly adhering to provided description if available, otherwise use variable name). *Correction:* The prompt shows `""Variable description"
https://seshat-db.com/api/ec/luxury-precious-metal/,95,"Thinking Process:

1.  **Analyze the Request:**
    *   **Role:** History Professor writing challenging questions for PhD students.
    *   **Task:** Create a challenging yet well-defined historical exam question based on a variable definition from a historical dataset.
    *   **Input:** Variable name: `Lux_precious_metal`, Variable description: (Empty/Not provided in the prompt, but I need to infer or use the variable name as basis based on rule 1).
    *   **Rules:**
        1.  Begin with a concise explanation of the variable's definition (strictly adhering to provided description if available, otherwise use variable name). *Correction:* The prompt shows `""Variable description"
https://seshat-db.com/api/ec/luxury-precious-metal/,96,"Thinking Process:

1.  **Analyze the Request:**
    *   **Role:** History Professor writing challenging questions for PhD students.
    *   **Task:** Create a challenging yet well-defined historical exam question based on a variable definition from a historical dataset.
    *   **Input:** Variable name: `Lux_precious_metal`, Variable description: (Empty/Not provided in the prompt, but I need to infer or use the variable name as basis based on rule 1).
    *   **Rules:**
        1.  Begin with a concise explanation of the variable's definition (strictly adhering to provided description if available, otherwise use variable name). *Correction:* The prompt shows `""Variable description"
https://seshat-db.com/api/ec/luxury-precious-metal/,97,"Thinking Process:

1.  **Analyze the Request:**
    *   **Role:** History Professor writing challenging questions for PhD students.
    *   **Task:** Create a challenging yet well-defined historical exam question based on a variable definition from a historical dataset.
    *   **Input:** Variable name: `Lux_precious_metal`, Variable description: (Empty/Not provided in the prompt, but I need to infer or use the variable name as basis based on rule 1).
    *   **Rules:**
        1.  Begin with a concise explanation of the variable's definition (strictly adhering to provided description if available, otherwise use variable name). *Correction:* The prompt shows `""Variable description"
https://seshat-db.com/api/ec/luxury-precious-metal/,98,"Thinking Process:

1.  **Analyze the Request:**
    *   **Role:** History Professor writing challenging questions for PhD students.
    *   **Task:** Create a challenging yet well-defined historical exam question based on a variable definition from a historical dataset.
    *   **Input:** Variable name: `Lux_precious_metal`, Variable description: (Empty/Not provided in the prompt, but I need to infer or use the variable name as basis based on rule 1).
    *   **Rules:**
        1.  Begin with a concise explanation of the variable's definition (strictly adhering to provided description if available, otherwise use variable name). *Correction:* The prompt shows `""Variable description"
https://seshat-db.com/api/ec/luxury-precious-metal/,99,"Thinking Process:

1.  **Analyze the Request:**
    *   **Role:** History Professor writing challenging questions for PhD students.
    *   **Task:** Create a challenging yet well-defined historical exam question based on a variable definition from a historical dataset.
    *   **Input:** Variable name: `Lux_precious_metal`, Variable description: (Empty/Not provided in the prompt, but I need to infer or use the variable name as basis based on rule 1).
    *   **Rules:**
        1.  Begin with a concise explanation of the variable's definition (strictly adhering to provided description if available, otherwise use variable name). *Correction:* The prompt shows `""Variable description"
https://seshat-db.com/api/ec/luxury-precious-metal/,100,"Thinking Process:

1.  **Analyze the Request:**
    *   **Role:** History Professor writing challenging questions for PhD students.
    *   **Task:** Create a challenging yet well-defined historical exam question based on a variable definition from a historical dataset.
    *   **Input:** Variable name: `Lux_precious_metal`, Variable description: (Empty/Not provided in the prompt, but I need to infer or use the variable name as basis based on rule 1).
    *   **Rules:**
        1.  Begin with a concise explanation of the variable's definition (strictly adhering to provided description if available, otherwise use variable name). *Correction:* The prompt shows `""Variable description"
https://seshat-db.com/api/ec/luxury-precious-metal/,101,"Thinking Process:

1.  **Analyze the Request:**
    *   **Role:** History Professor writing challenging questions for PhD students.
    *   **Task:** Create a challenging yet well-defined historical exam question based on a variable definition from a historical dataset.
    *   **Input:** Variable name: `Lux_precious_metal`, Variable description: (Empty/Not provided in the prompt, but I need to infer or use the variable name as basis based on rule 1).
    *   **Rules:**
        1.  Begin with a concise explanation of the variable's definition (strictly adhering to provided description if available, otherwise use variable name). *Correction:* The prompt shows `""Variable description"
https://seshat-db.com/api/ec/luxury-precious-metal/,102,"Thinking Process:

1.  **Analyze the Request:**
    *   **Role:** History Professor writing challenging questions for PhD students.
    *   **Task:** Create a challenging yet well-defined historical exam question based on a variable definition from a historical dataset.
    *   **Input:** Variable name: `Lux_precious_metal`, Variable description: (Empty/Not provided in the prompt, but I need to infer or use the variable name as basis based on rule 1).
    *   **Rules:**
        1.  Begin with a concise explanation of the variable's definition (strictly adhering to provided description if available, otherwise use variable name). *Correction:* The prompt shows `""Variable description"
https://seshat-db.com/api/ec/luxury-precious-metal/,103,"Thinking Process:

1.  **Analyze the Request:**
    *   **Role:** History Professor writing challenging questions for PhD students.
    *   **Task:** Create a challenging yet well-defined historical exam question based on a variable definition from a historical dataset.
    *   **Input:** Variable name: `Lux_precious_metal`, Variable description: (Empty/Not provided in the prompt, but I need to infer or use the variable name as basis based on rule 1).
    *   **Rules:**
        1.  Begin with a concise explanation of the variable's definition (strictly adhering to provided description if available, otherwise use variable name). *Correction:* The prompt shows `""Variable description"
https://seshat-db.com/api/ec/luxury-precious-metal/,104,"Thinking Process:

1.  **Analyze the Request:**
    *   **Role:** History Professor writing challenging questions for PhD students.
    *   **Task:** Create a challenging yet well-defined historical exam question based on a variable definition from a historical dataset.
    *   **Input:** Variable name: `Lux_precious_metal`, Variable description: (Empty/Not provided in the prompt, but I need to infer or use the variable name as basis based on rule 1).
    *   **Rules:**
        1.  Begin with a concise explanation of the variable's definition (strictly adhering to provided description if available, otherwise use variable name). *Correction:* The prompt shows `""Variable description"
https://seshat-db.com/api/ec/luxury-precious-metal/,105,"Thinking Process:

1.  **Analyze the Request:**
    *   **Role:** History Professor writing challenging questions for PhD students.
    *   **Task:** Create a challenging yet well-defined historical exam question based on a variable definition from a historical dataset.
    *   **Input:** Variable name: `Lux_precious_metal`, Variable description: (Empty/Not provided in the prompt, but I need to infer or use the variable name as basis based on rule 1).
    *   **Rules:**
        1.  Begin with a concise explanation of the variable's definition (strictly adhering to provided description if available, otherwise use variable name). *Correction:* The prompt shows `""Variable description"
https://seshat-db.com/api/ec/luxury-precious-metal/,106,"Thinking Process:

1.  **Analyze the Request:**
    *   **Role:** History Professor writing challenging questions for PhD students.
    *   **Task:** Create a challenging yet well-defined historical exam question based on a variable definition from a historical dataset.
    *   **Input:** Variable name: `Lux_precious_metal`, Variable description: (Empty/Not provided in the prompt, but I need to infer or use the variable name as basis based on rule 1).
    *   **Rules:**
        1.  Begin with a concise explanation of the variable's definition (strictly adhering to provided description if available, otherwise use variable name). *Correction:* The prompt shows `""Variable description"
https://seshat-db.com/api/ec/luxury-precious-metal/,107,"Thinking Process:

1.  **Analyze the Request:**
    *   **Role:** History Professor writing challenging questions for PhD students.
    *   **Task:** Create a challenging yet well-defined historical exam question based on a variable definition from a historical dataset.
    *   **Input:** Variable name: `Lux_precious_metal`, Variable description: (Empty/Not provided in the prompt, but I need to infer or use the variable name as basis based on rule 1).
    *   **Rules:**
        1.  Begin with a concise explanation of the variable's definition (strictly adhering to provided description if available, otherwise use variable name). *Correction:* The prompt shows `""Variable description"
https://seshat-db.com/api/ec/luxury-precious-metal/,108,"Thinking Process:

1.  **Analyze the Request:**
    *   **Role:** History Professor writing challenging questions for PhD students.
    *   **Task:** Create a challenging yet well-defined historical exam question based on a variable definition from a historical dataset.
    *   **Input:** Variable name: `Lux_precious_metal`, Variable description: (Empty/Not provided in the prompt, but I need to infer or use the variable name as basis based on rule 1).
    *   **Rules:**
        1.  Begin with a concise explanation of the variable's definition (strictly adhering to provided description if available, otherwise use variable name). *Correction:* The prompt shows `""Variable description"
https://seshat-db.com/api/ec/luxury-precious-metal/,109,"Thinking Process:

1.  **Analyze the Request:**
    *   **Role:** History Professor writing challenging questions for PhD students.
    *   **Task:** Create a challenging yet well-defined historical exam question based on a variable definition from a historical dataset.
    *   **Input:** Variable name: `Lux_precious_metal`, Variable description: (Empty/Not provided in the prompt, but I need to infer or use the variable name as basis based on rule 1).
    *   **Rules:**
        1.  Begin with a concise explanation of the variable's definition (strictly adhering to provided description if available, otherwise use variable name). *Correction:* The prompt shows `""Variable description"
https://seshat-db.com/api/ec/luxury-precious-metal/,110,"Thinking Process:

1.  **Analyze the Request:**
    *   **Role:** History Professor writing challenging questions for PhD students.
    *   **Task:** Create a challenging yet well-defined historical exam question based on a variable definition from a historical dataset.
    *   **Input:** Variable name: `Lux_precious_metal`, Variable description: (Empty/Not provided in the prompt, but I need to infer or use the variable name as basis based on rule 1).
    *   **Rules:**
        1.  Begin with a concise explanation of the variable's definition (strictly adhering to provided description if available, otherwise use variable name). *Correction:* The prompt shows `""Variable description"
https://seshat-db.com/api/ec/luxury-precious-metal/,111,"Thinking Process:

1.  **Analyze the Request:**
    *   **Role:** History Professor writing challenging questions for PhD students.
    *   **Task:** Create a challenging yet well-defined historical exam question based on a variable definition from a historical dataset.
    *   **Input:** Variable name: `Lux_precious_metal`, Variable description: (Empty/Not provided in the prompt, but I need to infer or use the variable name as basis based on rule 1).
    *   **Rules:**
        1.  Begin with a concise explanation of the variable's definition (strictly adhering to provided description if available, otherwise use variable name). *Correction:* The prompt shows `""Variable description"
https://seshat-db.com/api/ec/luxury-precious-metal/,112,"Thinking Process:

1.  **Analyze the Request:**
    *   **Role:** History Professor writing challenging questions for PhD students.
    *   **Task:** Create a challenging yet well-defined historical exam question based on a variable definition from a historical dataset.
    *   **Input:** Variable name: `Lux_precious_metal`, Variable description: (Empty/Not provided in the prompt, but I need to infer or use the variable name as basis based on rule 1).
    *   **Rules:**
        1.  Begin with a concise explanation of the variable's definition (strictly adhering to provided description if available, otherwise use variable name). *Correction:* The prompt shows `""Variable description"
https://seshat-db.com/api/ec/luxury-precious-metal/,113,"Thinking Process:

1.  **Analyze the Request:**
    *   **Role:** History Professor writing challenging questions for PhD students.
    *   **Task:** Create a challenging yet well-defined historical exam question based on a variable definition from a historical dataset.
    *   **Input:** Variable name: `Lux_precious_metal`, Variable description: (Empty/Not provided in the prompt, but I need to infer or use the variable name as basis based on rule 1).
    *   **Rules:**
        1.  Begin with a concise explanation of the variable's definition (strictly adhering to provided description if available, otherwise use variable name). *Correction:* The prompt shows `""Variable description"
https://seshat-db.com/api/ec/luxury-precious-metal/,114,"Thinking Process:

1.  **Analyze the Request:**
    *   **Role:** History Professor writing challenging questions for PhD students.
    *   **Task:** Create a challenging yet well-defined historical exam question based on a variable definition from a historical dataset.
    *   **Input:** Variable name: `Lux_precious_metal`, Variable description: (Empty/Not provided in the prompt, but I need to infer or use the variable name as basis based on rule 1).
    *   **Rules:**
        1.  Begin with a concise explanation of the variable's definition (strictly adhering to provided description if available, otherwise use variable name). *Correction:* The prompt shows `""Variable description"
https://seshat-db.com/api/ec/luxury-precious-metal/,115,"Thinking Process:

1.  **Analyze the Request:**
    *   **Role:** History Professor writing challenging questions for PhD students.
    *   **Task:** Create a challenging yet well-defined historical exam question based on a variable definition from a historical dataset.
    *   **Input:** Variable name: `Lux_precious_metal`, Variable description: (Empty/Not provided in the prompt, but I need to infer or use the variable name as basis based on rule 1).
    *   **Rules:**
        1.  Begin with a concise explanation of the variable's definition (strictly adhering to provided description if available, otherwise use variable name). *Correction:* The prompt shows `""Variable description"
https://seshat-db.com/api/ec/luxury-precious-metal/,116,"Thinking Process:

1.  **Analyze the Request:**
    *   **Role:** History Professor writing challenging questions for PhD students.
    *   **Task:** Create a challenging yet well-defined historical exam question based on a variable definition from a historical dataset.
    *   **Input:** Variable name: `Lux_precious_metal`, Variable description: (Empty/Not provided in the prompt, but I need to infer or use the variable name as basis based on rule 1).
    *   **Rules:**
        1.  Begin with a concise explanation of the variable's definition (strictly adhering to provided description if available, otherwise use variable name). *Correction:* The prompt shows `""Variable description"
https://seshat-db.com/api/ec/luxury-precious-metal/,117,"Thinking Process:

1.  **Analyze the Request:**
    *   **Role:** History Professor writing challenging questions for PhD students.
    *   **Task:** Create a challenging yet well-defined historical exam question based on a variable definition from a historical dataset.
    *   **Input:** Variable name: `Lux_precious_metal`, Variable description: (Empty/Not provided in the prompt, but I need to infer or use the variable name as basis based on rule 1).
    *   **Rules:**
        1.  Begin with a concise explanation of the variable's definition (strictly adhering to provided description if available, otherwise use variable name). *Correction:* The prompt shows `""Variable description"
https://seshat-db.com/api/ec/luxury-precious-metal/,118,"Thinking Process:

1.  **Analyze the Request:**
    *   **Role:** History Professor writing challenging questions for PhD students.
    *   **Task:** Create a challenging yet well-defined historical exam question based on a variable definition from a historical dataset.
    *   **Input:** Variable name: `Lux_precious_metal`, Variable description: (Empty/Not provided in the prompt, but I need to infer or use the variable name as basis based on rule 1).
    *   **Rules:**
        1.  Begin with a concise explanation of the variable's definition (strictly adhering to provided description if available, otherwise use variable name). *Correction:* The prompt shows `""Variable description"
https://seshat-db.com/api/ec/luxury-precious-metal/,119,"Thinking Process:

1.  **Analyze the Request:**
    *   **Role:** History Professor writing challenging questions for PhD students.
    *   **Task:** Create a challenging yet well-defined historical exam question based on a variable definition from a historical dataset.
    *   **Input:** Variable name: `Lux_precious_metal`, Variable description: (Empty/Not provided in the prompt, but I need to infer or use the variable name as basis based on rule 1).
    *   **Rules:**
        1.  Begin with a concise explanation of the variable's definition (strictly adhering to provided description if available, otherwise use variable name). *Correction:* The prompt shows `""Variable description"
https://seshat-db.com/api/ec/luxury-precious-metal/,120,"Thinking Process:

1.  **Analyze the Request:**
    *   **Role:** History Professor writing challenging questions for PhD students.
    *   **Task:** Create a challenging yet well-defined historical exam question based on a variable definition from a historical dataset.
    *   **Input:** Variable name: `Lux_precious_metal`, Variable description: (Empty/Not provided in the prompt, but I need to infer or use the variable name as basis based on rule 1).
    *   **Rules:**
        1.  Begin with a concise explanation of the variable's definition (strictly adhering to provided description if available, otherwise use variable name). *Correction:* The prompt shows `""Variable description"
https://seshat-db.com/api/ec/luxury-precious-metal/,121,"Thinking Process:

1.  **Analyze the Request:**
    *   **Role:** History Professor writing challenging questions for PhD students.
    *   **Task:** Create a challenging yet well-defined historical exam question based on a variable definition from a historical dataset.
    *   **Input:** Variable name: `Lux_precious_metal`, Variable description: (Empty/Not provided in the prompt, but I need to infer or use the variable name as basis based on rule 1).
    *   **Rules:**
        1.  Begin with a concise explanation of the variable's definition (strictly adhering to provided description if available, otherwise use variable name). *Correction:* The prompt shows `""Variable description"
https://seshat-db.com/api/ec/luxury-precious-metal/,122,"Thinking Process:

1.  **Analyze the Request:**
    *   **Role:** History Professor writing challenging questions for PhD students.
    *   **Task:** Create a challenging yet well-defined historical exam question based on a variable definition from a historical dataset.
    *   **Input:** Variable name: `Lux_precious_metal`, Variable description: (Empty/Not provided in the prompt, but I need to infer or use the variable name as basis based on rule 1).
    *   **Rules:**
        1.  Begin with a concise explanation of the variable's definition (strictly adhering to provided description if available, otherwise use variable name). *Correction:* The prompt shows `""Variable description"
https://seshat-db.com/api/ec/luxury-precious-metal/,123,"Thinking Process:

1.  **Analyze the Request:**
    *   **Role:** History Professor writing challenging questions for PhD students.
    *   **Task:** Create a challenging yet well-defined historical exam question based on a variable definition from a historical dataset.
    *   **Input:** Variable name: `Lux_precious_metal`, Variable description: (Empty/Not provided in the prompt, but I need to infer or use the variable name as basis based on rule 1).
    *   **Rules:**
        1.  Begin with a concise explanation of the variable's definition (strictly adhering to provided description if available, otherwise use variable name). *Correction:* The prompt shows `""Variable description"
https://seshat-db.com/api/ec/luxury-precious-metal/,124,"Thinking Process:

1.  **Analyze the Request:**
    *   **Role:** History Professor writing challenging questions for PhD students.
    *   **Task:** Create a challenging yet well-defined historical exam question based on a variable definition from a historical dataset.
    *   **Input:** Variable name: `Lux_precious_metal`, Variable description: (Empty/Not provided in the prompt, but I need to infer or use the variable name as basis based on rule 1).
    *   **Rules:**
        1.  Begin with a concise explanation of the variable's definition (strictly adhering to provided description if available, otherwise use variable name). *Correction:* The prompt shows `""Variable description"
https://seshat-db.com/api/ec/luxury-precious-metal/,125,"Thinking Process:

1.  **Analyze the Request:**
    *   **Role:** History Professor writing challenging questions for PhD students.
    *   **Task:** Create a challenging yet well-defined historical exam question based on a variable definition from a historical dataset.
    *   **Input:** Variable name: `Lux_precious_metal`, Variable description: (Empty/Not provided in the prompt, but I need to infer or use the variable name as basis based on rule 1).
    *   **Rules:**
        1.  Begin with a concise explanation of the variable's definition (strictly adhering to provided description if available, otherwise use variable name). *Correction:* The prompt shows `""Variable description"
https://seshat-db.com/api/ec/luxury-precious-metal/,126,"Thinking Process:

1.  **Analyze the Request:**
    *   **Role:** History Professor writing challenging questions for PhD students.
    *   **Task:** Create a challenging yet well-defined historical exam question based on a variable definition from a historical dataset.
    *   **Input:** Variable name: `Lux_precious_metal`, Variable description: (Empty/Not provided in the prompt, but I need to infer or use the variable name as basis based on rule 1).
    *   **Rules:**
        1.  Begin with a concise explanation of the variable's definition (strictly adhering to provided description if available, otherwise use variable name). *Correction:* The prompt shows `""Variable description"
https://seshat-db.com/api/ec/luxury-precious-metal/,127,"Thinking Process:

1.  **Analyze the Request:**
    *   **Role:** History Professor writing challenging questions for PhD students.
    *   **Task:** Create a challenging yet well-defined historical exam question based on a variable definition from a historical dataset.
    *   **Input:** Variable name: `Lux_precious_metal`, Variable description: (Empty/Not provided in the prompt, but I need to infer or use the variable name as basis based on rule 1).
    *   **Rules:**
        1.  Begin with a concise explanation of the variable's definition (strictly adhering to provided description if available, otherwise use variable name). *Correction:* The prompt shows `""Variable description"
https://seshat-db.com/api/ec/luxury-precious-metal/,128,"Thinking Process:

1.  **Analyze the Request:**
    *   **Role:** History Professor writing challenging questions for PhD students.
    *   **Task:** Create a challenging yet well-defined historical exam question based on a variable definition from a historical dataset.
    *   **Input:** Variable name: `Lux_precious_metal`, Variable description: (Empty/Not provided in the prompt, but I need to infer or use the variable name as basis based on rule 1).
    *   **Rules:**
        1.  Begin with a concise explanation of the variable's definition (strictly adhering to provided description if available, otherwise use variable name). *Correction:* The prompt shows `""Variable description"
https://seshat-db.com/api/ec/luxury-precious-metal/,129,"Thinking Process:

1.  **Analyze the Request:**
    *   **Role:** History Professor writing challenging questions for PhD students.
    *   **Task:** Create a challenging yet well-defined historical exam question based on a variable definition from a historical dataset.
    *   **Input:** Variable name: `Lux_precious_metal`, Variable description: (Empty/Not provided in the prompt, but I need to infer or use the variable name as basis based on rule 1).
    *   **Rules:**
        1.  Begin with a concise explanation of the variable's definition (strictly adhering to provided description if available, otherwise use variable name). *Correction:* The prompt shows `""Variable description"
https://seshat-db.com/api/ec/luxury-precious-metal/,130,"Thinking Process:

1.  **Analyze the Request:**
    *   **Role:** History Professor writing challenging questions for PhD students.
    *   **Task:** Create a challenging yet well-defined historical exam question based on a variable definition from a historical dataset.
    *   **Input:** Variable name: `Lux_precious_metal`, Variable description: (Empty/Not provided in the prompt, but I need to infer or use the variable name as basis based on rule 1).
    *   **Rules:**
        1.  Begin with a concise explanation of the variable's definition (strictly adhering to provided description if available, otherwise use variable name). *Correction:* The prompt shows `""Variable description"
https://seshat-db.com/api/ec/luxury-precious-metal/,131,"Thinking Process:

1.  **Analyze the Request:**
    *   **Role:** History Professor writing challenging questions for PhD students.
    *   **Task:** Create a challenging yet well-defined historical exam question based on a variable definition from a historical dataset.
    *   **Input:** Variable name: `Lux_precious_metal`, Variable description: (Empty/Not provided in the prompt, but I need to infer or use the variable name as basis based on rule 1).
    *   **Rules:**
        1.  Begin with a concise explanation of the variable's definition (strictly adhering to provided description if available, otherwise use variable name). *Correction:* The prompt shows `""Variable description"
https://seshat-db.com/api/ec/luxury-precious-metal/,132,"Thinking Process:

1.  **Analyze the Request:**
    *   **Role:** History Professor writing challenging questions for PhD students.
    *   **Task:** Create a challenging yet well-defined historical exam question based on a variable definition from a historical dataset.
    *   **Input:** Variable name: `Lux_precious_metal`, Variable description: (Empty/Not provided in the prompt, but I need to infer or use the variable name as basis based on rule 1).
    *   **Rules:**
        1.  Begin with a concise explanation of the variable's definition (strictly adhering to provided description if available, otherwise use variable name). *Correction:* The prompt shows `""Variable description"
https://seshat-db.com/api/ec/luxury-precious-metal/,133,"Thinking Process:

1.  **Analyze the Request:**
    *   **Role:** History Professor writing challenging questions for PhD students.
    *   **Task:** Create a challenging yet well-defined historical exam question based on a variable definition from a historical dataset.
    *   **Input:** Variable name: `Lux_precious_metal`, Variable description: (Empty/Not provided in the prompt, but I need to infer or use the variable name as basis based on rule 1).
    *   **Rules:**
        1.  Begin with a concise explanation of the variable's definition (strictly adhering to provided description if available, otherwise use variable name). *Correction:* The prompt shows `""Variable description"
https://seshat-db.com/api/ec/luxury-precious-metal/,134,"Thinking Process:

1.  **Analyze the Request:**
    *   **Role:** History Professor writing challenging questions for PhD students.
    *   **Task:** Create a challenging yet well-defined historical exam question based on a variable definition from a historical dataset.
    *   **Input:** Variable name: `Lux_precious_metal`, Variable description: (Empty/Not provided in the prompt, but I need to infer or use the variable name as basis based on rule 1).
    *   **Rules:**
        1.  Begin with a concise explanation of the variable's definition (strictly adhering to provided description if available, otherwise use variable name). *Correction:* The prompt shows `""Variable description"
https://seshat-db.com/api/ec/luxury-precious-metal/,135,"Thinking Process:

1.  **Analyze the Request:**
    *   **Role:** History Professor writing challenging questions for PhD students.
    *   **Task:** Create a challenging yet well-defined historical exam question based on a variable definition from a historical dataset.
    *   **Input:** Variable name: `Lux_precious_metal`, Variable description: (Empty/Not provided in the prompt, but I need to infer or use the variable name as basis based on rule 1).
    *   **Rules:**
        1.  Begin with a concise explanation of the variable's definition (strictly adhering to provided description if available, otherwise use variable name). *Correction:* The prompt shows `""Variable description"
https://seshat-db.com/api/ec/luxury-precious-metal/,136,"Thinking Process:

1.  **Analyze the Request:**
    *   **Role:** History Professor writing challenging questions for PhD students.
    *   **Task:** Create a challenging yet well-defined historical exam question based on a variable definition from a historical dataset.
    *   **Input:** Variable name: `Lux_precious_metal`, Variable description: (Empty/Not provided in the prompt, but I need to infer or use the variable name as basis based on rule 1).
    *   **Rules:**
        1.  Begin with a concise explanation of the variable's definition (strictly adhering to provided description if available, otherwise use variable name). *Correction:* The prompt shows `""Variable description"
https://seshat-db.com/api/ec/luxury-precious-metal/,137,"Thinking Process:

1.  **Analyze the Request:**
    *   **Role:** History Professor writing challenging questions for PhD students.
    *   **Task:** Create a challenging yet well-defined historical exam question based on a variable definition from a historical dataset.
    *   **Input:** Variable name: `Lux_precious_metal`, Variable description: (Empty/Not provided in the prompt, but I need to infer or use the variable name as basis based on rule 1).
    *   **Rules:**
        1.  Begin with a concise explanation of the variable's definition (strictly adhering to provided description if available, otherwise use variable name). *Correction:* The prompt shows `""Variable description"
https://seshat-db.com/api/ec/luxury-precious-metal/,138,"Thinking Process:

1.  **Analyze the Request:**
    *   **Role:** History Professor writing challenging questions for PhD students.
    *   **Task:** Create a challenging yet well-defined historical exam question based on a variable definition from a historical dataset.
    *   **Input:** Variable name: `Lux_precious_metal`, Variable description: (Empty/Not provided in the prompt, but I need to infer or use the variable name as basis based on rule 1).
    *   **Rules:**
        1.  Begin with a concise explanation of the variable's definition (strictly adhering to provided description if available, otherwise use variable name). *Correction:* The prompt shows `""Variable description"
https://seshat-db.com/api/ec/luxury-precious-metal/,139,"Thinking Process:

1.  **Analyze the Request:**
    *   **Role:** History Professor writing challenging questions for PhD students.
    *   **Task:** Create a challenging yet well-defined historical exam question based on a variable definition from a historical dataset.
    *   **Input:** Variable name: `Lux_precious_metal`, Variable description: (Empty/Not provided in the prompt, but I need to infer or use the variable name as basis based on rule 1).
    *   **Rules:**
        1.  Begin with a concise explanation of the variable's definition (strictly adhering to provided description if available, otherwise use variable name). *Correction:* The prompt shows `""Variable description"
https://seshat-db.com/api/ec/luxury-precious-metal/,140,"Thinking Process:

1.  **Analyze the Request:**
    *   **Role:** History Professor writing challenging questions for PhD students.
    *   **Task:** Create a challenging yet well-defined historical exam question based on a variable definition from a historical dataset.
    *   **Input:** Variable name: `Lux_precious_metal`, Variable description: (Empty/Not provided in the prompt, but I need to infer or use the variable name as basis based on rule 1).
    *   **Rules:**
        1.  Begin with a concise explanation of the variable's definition (strictly adhering to provided description if available, otherwise use variable name). *Correction:* The prompt shows `""Variable description"
https://seshat-db.com/api/ec/luxury-precious-metal/,141,"Thinking Process:

1.  **Analyze the Request:**
    *   **Role:** History Professor writing challenging questions for PhD students.
    *   **Task:** Create a challenging yet well-defined historical exam question based on a variable definition from a historical dataset.
    *   **Input:** Variable name: `Lux_precious_metal`, Variable description: (Empty/Not provided in the prompt, but I need to infer or use the variable name as basis based on rule 1).
    *   **Rules:**
        1.  Begin with a concise explanation of the variable's definition (strictly adhering to provided description if available, otherwise use variable name). *Correction:* The prompt shows `""Variable description"
https://seshat-db.com/api/ec/luxury-precious-metal/,142,"Thinking Process:

1.  **Analyze the Request:**
    *   **Role:** History Professor writing challenging questions for PhD students.
    *   **Task:** Create a challenging yet well-defined historical exam question based on a variable definition from a historical dataset.
    *   **Input:** Variable name: `Lux_precious_metal`, Variable description: (Empty/Not provided in the prompt, but I need to infer or use the variable name as basis based on rule 1).
    *   **Rules:**
        1.  Begin with a concise explanation of the variable's definition (strictly adhering to provided description if available, otherwise use variable name). *Correction:* The prompt shows `""Variable description"
https://seshat-db.com/api/ec/luxury-precious-metal/,143,"Thinking Process:

1.  **Analyze the Request:**
    *   **Role:** History Professor writing challenging questions for PhD students.
    *   **Task:** Create a challenging yet well-defined historical exam question based on a variable definition from a historical dataset.
    *   **Input:** Variable name: `Lux_precious_metal`, Variable description: (Empty/Not provided in the prompt, but I need to infer or use the variable name as basis based on rule 1).
    *   **Rules:**
        1.  Begin with a concise explanation of the variable's definition (strictly adhering to provided description if available, otherwise use variable name). *Correction:* The prompt shows `""Variable description"
https://seshat-db.com/api/ec/luxury-precious-metal/,144,"Thinking Process:

1.  **Analyze the Request:**
    *   **Role:** History Professor writing challenging questions for PhD students.
    *   **Task:** Create a challenging yet well-defined historical exam question based on a variable definition from a historical dataset.
    *   **Input:** Variable name: `Lux_precious_metal`, Variable description: (Empty/Not provided in the prompt, but I need to infer or use the variable name as basis based on rule 1).
    *   **Rules:**
        1.  Begin with a concise explanation of the variable's definition (strictly adhering to provided description if available, otherwise use variable name). *Correction:* The prompt shows `""Variable description"
https://seshat-db.com/api/ec/luxury-precious-metal/,145,"Thinking Process:

1.  **Analyze the Request:**
    *   **Role:** History Professor writing challenging questions for PhD students.
    *   **Task:** Create a challenging yet well-defined historical exam question based on a variable definition from a historical dataset.
    *   **Input:** Variable name: `Lux_precious_metal`, Variable description: (Empty/Not provided in the prompt, but I need to infer or use the variable name as basis based on rule 1).
    *   **Rules:**
        1.  Begin with a concise explanation of the variable's definition (strictly adhering to provided description if available, otherwise use variable name). *Correction:* The prompt shows `""Variable description"
https://seshat-db.com/api/ec/luxury-precious-metal/,146,"Thinking Process:

1.  **Analyze the Request:**
    *   **Role:** History Professor writing challenging questions for PhD students.
    *   **Task:** Create a challenging yet well-defined historical exam question based on a variable definition from a historical dataset.
    *   **Input:** Variable name: `Lux_precious_metal`, Variable description: (Empty/Not provided in the prompt, but I need to infer or use the variable name as basis based on rule 1).
    *   **Rules:**
        1.  Begin with a concise explanation of the variable's definition (strictly adhering to provided description if available, otherwise use variable name). *Correction:* The prompt shows `""Variable description"
https://seshat-db.com/api/ec/luxury-precious-metal/,147,"Thinking Process:

1.  **Analyze the Request:**
    *   **Role:** History Professor writing challenging questions for PhD students.
    *   **Task:** Create a challenging yet well-defined historical exam question based on a variable definition from a historical dataset.
    *   **Input:** Variable name: `Lux_precious_metal`, Variable description: (Empty/Not provided in the prompt, but I need to infer or use the variable name as basis based on rule 1).
    *   **Rules:**
        1.  Begin with a concise explanation of the variable's definition (strictly adhering to provided description if available, otherwise use variable name). *Correction:* The prompt shows `""Variable description"
https://seshat-db.com/api/ec/luxury-precious-metal/,148,"Thinking Process:

1.  **Analyze the Request:**
    *   **Role:** History Professor writing challenging questions for PhD students.
    *   **Task:** Create a challenging yet well-defined historical exam question based on a variable definition from a historical dataset.
    *   **Input:** Variable name: `Lux_precious_metal`, Variable description: (Empty/Not provided in the prompt, but I need to infer or use the variable name as basis based on rule 1).
    *   **Rules:**
        1.  Begin with a concise explanation of the variable's definition (strictly adhering to provided description if available, otherwise use variable name). *Correction:* The prompt shows `""Variable description"
https://seshat-db.com/api/ec/luxury-precious-metal/,149,"Thinking Process:

1.  **Analyze the Request:**
    *   **Role:** History Professor writing challenging questions for PhD students.
    *   **Task:** Create a challenging yet well-defined historical exam question based on a variable definition from a historical dataset.
    *   **Input:** Variable name: `Lux_precious_metal`, Variable description: (Empty/Not provided in the prompt, but I need to infer or use the variable name as basis based on rule 1).
    *   **Rules:**
        1.  Begin with a concise explanation of the variable's definition (strictly adhering to provided description if available, otherwise use variable name). *Correction:* The prompt shows `""Variable description"
https://seshat-db.com/api/ec/luxury-precious-metal/,150,"Thinking Process:

1.  **Analyze the Request:**
    *   **Role:** History Professor writing challenging questions for PhD students.
    *   **Task:** Create a challenging yet well-defined historical exam question based on a variable definition from a historical dataset.
    *   **Input:** Variable name: `Lux_precious_metal`, Variable description: (Empty/Not provided in the prompt, but I need to infer or use the variable name as basis based on rule 1).
    *   **Rules:**
        1.  Begin with a concise explanation of the variable's definition (strictly adhering to provided description if available, otherwise use variable name). *Correction:* The prompt shows `""Variable description"
https://seshat-db.com/api/ec/luxury-precious-metal/,151,"Thinking Process:

1.  **Analyze the Request:**
    *   **Role:** History Professor writing challenging questions for PhD students.
    *   **Task:** Create a challenging yet well-defined historical exam question based on a variable definition from a historical dataset.
    *   **Input:** Variable name: `Lux_precious_metal`, Variable description: (Empty/Not provided in the prompt, but I need to infer or use the variable name as basis based on rule 1).
    *   **Rules:**
        1.  Begin with a concise explanation of the variable's definition (strictly adhering to provided description if available, otherwise use variable name). *Correction:* The prompt shows `""Variable description"
https://seshat-db.com/api/ec/luxury-precious-metal/,152,"Thinking Process:

1.  **Analyze the Request:**
    *   **Role:** History Professor writing challenging questions for PhD students.
    *   **Task:** Create a challenging yet well-defined historical exam question based on a variable definition from a historical dataset.
    *   **Input:** Variable name: `Lux_precious_metal`, Variable description: (Empty/Not provided in the prompt, but I need to infer or use the variable name as basis based on rule 1).
    *   **Rules:**
        1.  Begin with a concise explanation of the variable's definition (strictly adhering to provided description if available, otherwise use variable name). *Correction:* The prompt shows `""Variable description"
https://seshat-db.com/api/ec/luxury-precious-metal/,153,"Thinking Process:

1.  **Analyze the Request:**
    *   **Role:** History Professor writing challenging questions for PhD students.
    *   **Task:** Create a challenging yet well-defined historical exam question based on a variable definition from a historical dataset.
    *   **Input:** Variable name: `Lux_precious_metal`, Variable description: (Empty/Not provided in the prompt, but I need to infer or use the variable name as basis based on rule 1).
    *   **Rules:**
        1.  Begin with a concise explanation of the variable's definition (strictly adhering to provided description if available, otherwise use variable name). *Correction:* The prompt shows `""Variable description"
https://seshat-db.com/api/ec/luxury-precious-metal/,154,"Thinking Process:

1.  **Analyze the Request:**
    *   **Role:** History Professor writing challenging questions for PhD students.
    *   **Task:** Create a challenging yet well-defined historical exam question based on a variable definition from a historical dataset.
    *   **Input:** Variable name: `Lux_precious_metal`, Variable description: (Empty/Not provided in the prompt, but I need to infer or use the variable name as basis based on rule 1).
    *   **Rules:**
        1.  Begin with a concise explanation of the variable's definition (strictly adhering to provided description if available, otherwise use variable name). *Correction:* The prompt shows `""Variable description"
https://seshat-db.com/api/ec/luxury-precious-metal/,155,"Thinking Process:

1.  **Analyze the Request:**
    *   **Role:** History Professor writing challenging questions for PhD students.
    *   **Task:** Create a challenging yet well-defined historical exam question based on a variable definition from a historical dataset.
    *   **Input:** Variable name: `Lux_precious_metal`, Variable description: (Empty/Not provided in the prompt, but I need to infer or use the variable name as basis based on rule 1).
    *   **Rules:**
        1.  Begin with a concise explanation of the variable's definition (strictly adhering to provided description if available, otherwise use variable name). *Correction:* The prompt shows `""Variable description"
https://seshat-db.com/api/ec/luxury-precious-metal/,156,"Thinking Process:

1.  **Analyze the Request:**
    *   **Role:** History Professor writing challenging questions for PhD students.
    *   **Task:** Create a challenging yet well-defined historical exam question based on a variable definition from a historical dataset.
    *   **Input:** Variable name: `Lux_precious_metal`, Variable description: (Empty/Not provided in the prompt, but I need to infer or use the variable name as basis based on rule 1).
    *   **Rules:**
        1.  Begin with a concise explanation of the variable's definition (strictly adhering to provided description if available, otherwise use variable name). *Correction:* The prompt shows `""Variable description"
https://seshat-db.com/api/ec/luxury-precious-metal/,157,"Thinking Process:

1.  **Analyze the Request:**
    *   **Role:** History Professor writing challenging questions for PhD students.
    *   **Task:** Create a challenging yet well-defined historical exam question based on a variable definition from a historical dataset.
    *   **Input:** Variable name: `Lux_precious_metal`, Variable description: (Empty/Not provided in the prompt, but I need to infer or use the variable name as basis based on rule 1).
    *   **Rules:**
        1.  Begin with a concise explanation of the variable's definition (strictly adhering to provided description if available, otherwise use variable name). *Correction:* The prompt shows `""Variable description"
https://seshat-db.com/api/ec/luxury-precious-metal/,158,"Thinking Process:

1.  **Analyze the Request:**
    *   **Role:** History Professor writing challenging questions for PhD students.
    *   **Task:** Create a challenging yet well-defined historical exam question based on a variable definition from a historical dataset.
    *   **Input:** Variable name: `Lux_precious_metal`, Variable description: (Empty/Not provided in the prompt, but I need to infer or use the variable name as basis based on rule 1).
    *   **Rules:**
        1.  Begin with a concise explanation of the variable's definition (strictly adhering to provided description if available, otherwise use variable name). *Correction:* The prompt shows `""Variable description"
https://seshat-db.com/api/ec/luxury-precious-metal/,159,"Thinking Process:

1.  **Analyze the Request:**
    *   **Role:** History Professor writing challenging questions for PhD students.
    *   **Task:** Create a challenging yet well-defined historical exam question based on a variable definition from a historical dataset.
    *   **Input:** Variable name: `Lux_precious_metal`, Variable description: (Empty/Not provided in the prompt, but I need to infer or use the variable name as basis based on rule 1).
    *   **Rules:**
        1.  Begin with a concise explanation of the variable's definition (strictly adhering to provided description if available, otherwise use variable name). *Correction:* The prompt shows `""Variable description"
https://seshat-db.com/api/ec/luxury-precious-metal/,160,"Thinking Process:

1.  **Analyze the Request:**
    *   **Role:** History Professor writing challenging questions for PhD students.
    *   **Task:** Create a challenging yet well-defined historical exam question based on a variable definition from a historical dataset.
    *   **Input:** Variable name: `Lux_precious_metal`, Variable description: (Empty/Not provided in the prompt, but I need to infer or use the variable name as basis based on rule 1).
    *   **Rules:**
        1.  Begin with a concise explanation of the variable's definition (strictly adhering to provided description if available, otherwise use variable name). *Correction:* The prompt shows `""Variable description"
https://seshat-db.com/api/ec/luxury-precious-metal/,161,"Thinking Process:

1.  **Analyze the Request:**
    *   **Role:** History Professor writing challenging questions for PhD students.
    *   **Task:** Create a challenging yet well-defined historical exam question based on a variable definition from a historical dataset.
    *   **Input:** Variable name: `Lux_precious_metal`, Variable description: (Empty/Not provided in the prompt, but I need to infer or use the variable name as basis based on rule 1).
    *   **Rules:**
        1.  Begin with a concise explanation of the variable's definition (strictly adhering to provided description if available, otherwise use variable name). *Correction:* The prompt shows `""Variable description"
