endpoint_identifier,entry_idx,output
https://seshat-db.com/api/wf/atlatls/,0,"During the period from <time-start> to <time-end>, was the atlatl, defined as a spear-throwing device used by indigenous peoples in the Americas, present or absent as a military technology in the warfare practices of '<polity>'? Provide your answer strictly as either 'present' or 'absent'."
https://seshat-db.com/api/wf/atlatls/,1,"During the period from <time-start> to <time-end>, was the atlatl, defined as a spear-throwing device used in warfare in the New World, present or absent in the military technologies of '<polity>'? Please provide your answer strictly as either 'present' or 'absent'."
https://seshat-db.com/api/wf/atlatls/,2,"During the period from <time-start> to <time-end>, was the atlatl, defined as a weapon of the Americas, present or absent in the warfare practices of '<polity>'? Please provide your answer as either 'present' or 'absent'."
https://seshat-db.com/api/wf/atlatls/,3,"Was the atlatl, defined as a weapon of the Americas, extremely unlikely to have been present in this region during the period from <time-start> to <time-end> in '<polity>?' Respond with either 'absent' or 'present'."
https://seshat-db.com/api/wf/atlatls/,4,"Was the atlatl, defined as a spear-throwing device used by indigenous peoples in the Americas, present or absent as a military technology in the warfare practices of '<polity>' during the period from <time-start> to <time-end>? Please respond with either 'present' or 'absent'."
https://seshat-db.com/api/wf/atlatls/,5,"Was the atlatl, a weapon of the Americas, present or absent as a military technology in the warfare practices of '<polity>' during the period from <time-start> to <time-end>? Please provide your answer as either 'present' or 'absent'."
https://seshat-db.com/api/wf/atlatls/,6,"Was the atlatl, defined as a weapon of the Americas, present or absent in the warfare practices of '<polity>' during the period from <time-start> to <time-end>? Please provide your answer strictly as either 'present' or 'absent'."
https://seshat-db.com/api/wf/atlatls/,7,"Was the atlatl, defined as a weapon commonly used by indigenous peoples in the Americas, present or absent in the warfare practices of '<polity>' during the period from <time-start> to <time-end>? Provide your answer strictly as either 'present' or 'absent'."
https://seshat-db.com/api/wf/atlatls/,8,"Was the atlatl, defined as a spear-throwing device used in warfare, present or absent as a military technology in the warfare practices of '<polity>' during the period from <time-start> to <time-end>? Please provide your answer strictly as either 'present' or 'absent'."
https://seshat-db.com/api/wf/atlatls/,9,"Was the atlatl, defined as a spear-throwing device used in warfare, absent or present as a military technology in the new world during the period from <time-start> to <time-end>? Provide your answer strictly as either 'absent' or 'present'."
https://seshat-db.com/api/wf/atlatls/,10,"During the period from <time-start> to <time-end>, was the atlatl, a technology used in the new world, present or absent in the warfare practices of '<polity>'? Please provide your answer strictly as either 'present' or 'absent'."
https://seshat-db.com/api/wf/atlatls/,11,"I'm sorry, but I am an AI language model and do not have access to experts who can provide input on coding specific variables. Could you please provide more information about the atlatl variable so that I can assist you further?"
https://seshat-db.com/api/wf/atlatls/,12,"I apologize, but it seems that you have provided additional information beyond what is required for creating an historical exam question based on a variable definition. Please provide only the variables and their descriptions as specified in the prompt, and I will do my best to create a challenging yet well-defined question for you."
https://seshat-db.com/api/wf/atlatls/,13,"Was the atlatl, defined as an unlikely weapon found in the New World, present or absent as a military technology in the warfare practices of '<polity>' during the period from <time-start> to <time-end>? Provide your answer strictly as either 'present' or 'absent'."
https://seshat-db.com/api/wf/atlatls/,14,"Was the use of atlatls, defined as a spear-throwing device used in warfare, present or absent as a military technology in the warfare practices of the Americas during the period from <time-start> to <time-end> in '<polity>'? Please respond with either 'present' or 'absent'."
https://seshat-db.com/api/wf/atlatls/,15,"Was the atlatl, defined as a spear-throwing device used to increase the range and force of a projectile, present or absent as a military technology in the warfare practices of '<polity>' during the period from <time-start> to <time-end>? Please provide your answer strictly as either 'present' or 'absent'."
https://seshat-db.com/api/wf/atlatls/,16,"During the period from <time-start> to <time-end>, was the atlatl, defined as a weapon used in the Americas, present or absent as a military technology in the warfare practices of '<polity>'? Provide your answer strictly as either 'present' or 'absent'."
https://seshat-db.com/api/wf/atlatls/,17,"During the period from <time-start> to <time-end>, was the atlatl, defined as an unlikely, New World weapon, present or absent as a military technology in the warfare practices of '<polity>'? Please respond with either 'present' or 'absent'."
https://seshat-db.com/api/wf/atlatls/,18,"Was the atlatl, defined as a spear-throwing device used in warfare, present in the military technology practices of the Polities in North America during the period from <time-start> to <time-end>? Provide your answer strictly as either 'present' or 'absent'."
https://seshat-db.com/api/wf/atlatls/,19,"During the period from <time-start> to <time-end>, was the atlatl, defined as a new world weapon, present or absent as a military technology in the warfare practices of '<polity>'? Please provide your answer strictly as either 'present' or 'absent'."
https://seshat-db.com/api/wf/atlatls/,20,"During the period from <time-start> to <time-end>, was the atlatl, defined as a spear-throwing device used to increase the range and force of a projectile, present or absent as a military technology in the warfare practices of '<polity>'? Provide your answer strictly as either 'present' or 'absent'."
https://seshat-db.com/api/wf/atlatls/,21,"During the period from <time-start> to <time-end>, was the use of atlatls as a military technology present or absent in the warfare strategies of '<polity>'? Provide your answer strictly as either 'present' or 'absent'."
https://seshat-db.com/api/wf/atlatls/,22,"Was the use of atlatls, defined as technology used in the New World, present or absent in the warfare practices of '<polity>' during the period from <time-start> to <time-end>? Please provide your answer strictly as either 'present' or 'absent'."
https://seshat-db.com/api/wf/atlatls/,23,"Was the atlatl, defined as a spear-throwing device used by indigenous peoples in the Americas, present or absent as a military technology in the warfare practices of '<polity>' during the period from <time-start> to <time-end>? Provide your answer strictly as either 'present' or 'absent'."
https://seshat-db.com/api/wf/atlatls/,24,"Was the atlatl, defined as a spear-throwing device used in warfare, present in the military technologies of New World civilizations between <time-start> and <time-end>? Provide your answer strictly as either 'present' or 'absent'."
https://seshat-db.com/api/wf/atlatls/,25,"During the period from <time-start> to <time-end>, was the atlatl, defined as a spear-throwing device used by indigenous people in the Americas, present or absent as a military technology in the warfare practices of '<polity>'? Provide your answer strictly as either 'present' or 'absent'."
https://seshat-db.com/api/wf/atlatls/,26,"Was the atlatl, defined as a spear-throwing device used by indigenous people of the Americas, present or absent as a military technology in the warfare practices of '<polity>' during the period from <time-start> to <time-end>? Please respond with either 'present' or 'absent'."
https://seshat-db.com/api/wf/atlatls/,27,"During the period from <time-start> to <time-end>, was the atlatl, a new world weapon characterized by its use as a spear-throwing device, present or absent as a military technology in the warfare practices of '<polity>'? Please provide your answer strictly as either 'present' or 'absent'."
https://seshat-db.com/api/wf/atlatls/,28,"During the period from <time-start> to <time-end>, was the use of atlatls as a military technology present or absent in the warfare practices of '<polity>'? Provide your answer strictly as either 'present' or 'absent'."
https://seshat-db.com/api/wf/atlatls/,29,"Was the atlatl, defined as a spear-throwing device used in warfare, present or absent as a military technology in the New World during the period from <time-start> to <time-end>? Please provide your answer as either 'present' or 'absent'."
https://seshat-db.com/api/wf/atlatls/,30,"During the period from <time-start> to <time-end>, was the use of atlatls as a military technology present or absent in the warfare practices of '<polity>'? Please provide your answer as either 'present' or 'absent'."
https://seshat-db.com/api/wf/atlatls/,31,"During the period from <time-start> to <time-end>, was the use of atlatls as a military technology present or absent in the warfare strategies of '<polity>'? Respond with either 'present' or 'absent'."
https://seshat-db.com/api/wf/atlatls/,32,"Was the use of atlatls, defined as a spear-throwing device used to increase the range and force of a projectile, present or absent as a military technology in the warfare practices of '<polity>' during the period from <time-start> to <time-end>? Please respond with either 'present' or 'absent'."
https://seshat-db.com/api/wf/atlatls/,33,"During the period from <time-start> to <time-end>, was the atlatl, defined as a spear-throwing device used to increase the range and force of a projectile, present or absent in the warfare practices of '<polity>? Provide your answer strictly as either 'present' or 'absent'."
https://seshat-db.com/api/wf/atlatls/,34,"Was the atlatl, a spear-throwing device used to increase the range and force of a projectile, present or absent as a military technology during the Ecuadorian period (c. 1675) in the warfare practices of '<polity>'? Provide your answer strictly as either 'present' or 'absent'."
https://seshat-db.com/api/wf/atlatls/,35,"During the period from <time-start> to <time-end>, was the use of atlatl, defined as a spear-throwing device, present or absent in the warfare practices of '<polity>'? Provide your answer strictly as either 'present' or 'absent'."
https://seshat-db.com/api/wf/atlatls/,36,"Was the atlatl, defined as a spear-throwing device used to increase the range and force of a projectile, present or absent as a military technology in the warfare practices of '<polity>' during the period from <time-start> to <time-end>? Please respond with either 'present' or 'absent'."
https://seshat-db.com/api/wf/atlatls/,37,"During the period from <time-start> to <time-end>, was the use of atlatls, defined as a spear-throwing device used in warfare, present or absent in the military practices of '<polity>' in the New World? Provide your answer strictly as either 'present' or 'absent'."
https://seshat-db.com/api/wf/atlatls/,38,"During the period from <time-start> to <time-end>, was the atlatl, defined as a new world weapon used for throwing spears, present or absent in the warfare practices of '<polity>'? Please provide your answer as either 'present' or 'absent'."
https://seshat-db.com/api/wf/atlatls/,39,"During the period from <time-start> to <time-end>, was the atlatl, defined as a new world weapon, present or absent as a military technology in the warfare practices of '<polity>'? Provide your answer strictly as either 'present' or 'absent'."
https://seshat-db.com/api/wf/atlatls/,40,"During the period from <time-start> to <time-end>, was the atlatl, defined as a spear-throwing device used in warfare, present or absent in the warfare practices of '<polity>'? Please provide your answer as either 'present' or 'absent'."
https://seshat-db.com/api/wf/atlatls/,41,"During the period from <time-start> to <time-end>, was the use of atlatls, defined as a spear-throwing device used in warfare, present or absent in the military technologies of '<polity>'? Please provide your answer strictly as either 'present' or 'absent'."
https://seshat-db.com/api/wf/atlatls/,42,"During the period from <time-start> to <time-end>, was the atlatl, defined as a spear-throwing device used by indigenous peoples of the New World, present or absent in the warfare practices of '<polity>'? Please provide your answer as either 'present' or 'absent'."
https://seshat-db.com/api/wf/atlatls/,43,"During the period from <time-start> to <time-end>, was the atlatl, a spear-throwing device used in warfare in the New World, present or absent as a military technology in the warfare practices of '<polity>? Please provide your answer strictly as either 'present' or 'absent'."
https://seshat-db.com/api/wf/atlatls/,44,"Was the use of atlatls, defined as a spear-throwing device commonly used by indigenous peoples in the Americas, present or absent in the warfare strategies of '<polity>' during the period from <time-start> to <time-end>? Please provide your answer strictly as either 'present' or 'absent'."
https://seshat-db.com/api/wf/atlatls/,45,"During the period from <time-start> to <time-end>, was the atlatl, defined as a spear-throwing device used by indigenous peoples in the New World, present or absent as a military technology in the warfare practices of '<polity>'? Please provide your answer strictly as either 'present' or 'absent'."
https://seshat-db.com/api/wf/atlatls/,46,"During the period from <time-start> to <time-end>, was the atlatl, a new world weapon, present or absent in the warfare practices of '<polity>'? Please respond with either 'present' or 'absent'."
https://seshat-db.com/api/wf/atlatls/,47,"During the late Predynastic and Protodynastic Periods, was the atlatl, defined as a spear-throwing device, present or absent as a military technology in the warfare practices of '<polity>? Provide your answer strictly as either 'present' or 'absent'."
https://seshat-db.com/api/wf/atlatls/,48,"During the period from <time-start> to <time-end>, was the atlatl, defined as a weapon used by indigenous peoples of the Americas, present or absent in the warfare practices of '<polity>'? Please respond with either 'present' or 'absent'."
https://seshat-db.com/api/wf/atlatls/,49,"Was the atlatl, a new world weapon, present or absent in the warfare practices of '<polity>' during the period from <time-start> to <time-end>? Please provide your answer as either 'present' or 'absent'."
https://seshat-db.com/api/wf/atlatls/,50,"During the period from <time-start> to <time-end>, was the atlatl, defined as a spear-throwing device used in warfare, present or absent in the military technologies of '<polity>' in the New World? Provide your answer strictly as either 'present' or 'absent'."
https://seshat-db.com/api/wf/atlatls/,51,"During the period from <time-start> to <time-end> in the context of '<polity>', was the atlatl, defined as a spear-throwing device used to increase the range and force of a projectile, present as a military technology in the warfare practices of the Americas? Please provide your answer as either 'present' or 'absent'."
https://seshat-db.com/api/wf/atlatls/,52,"During the period from <time-start> to <time-end>, was the use of atlatls as a military technology present or absent in the warfare strategies of '<polity>'? Respond with either 'present' or 'absent'."
https://seshat-db.com/api/wf/atlatls/,53,"During the period from <time-start> to <time-end>, was the atlatl, defined as a spear-throwing device used to increase the range and force of a projectile, present or absent as a military technology in the warfare practices of '<polity>'? Provide your answer strictly as either 'present' or 'absent'."
https://seshat-db.com/api/wf/atlatls/,54,"Was the atlatl, defined as a spear-throwing device used to increase the range and force of a projectile, present or absent as a military technology in the warfare practices of '<polity>' during the period from <time-start> to <time-end>? Provide your answer strictly as either 'present' or 'absent'."
https://seshat-db.com/api/wf/atlatls/,55,"During the period from <time-start> to <time-end>, was the atlatl, defined as a spear-throwing device used by indigenous peoples in the Americas, present or absent as a military technology in the warfare practices of '<polity>'? Please provide your answer strictly as either 'present' or 'absent'."
https://seshat-db.com/api/wf/atlatls/,56,"During the period from <time-start> to <time-end>, was the atlatl, defined as a spear-throwing device used in warfare, present or absent in the military technology of the Americas? Please respond with either 'present' or 'absent'."
https://seshat-db.com/api/wf/atlatls/,57,"During the period from <time-start> to <time-end>, was the atlatl, a new world weapon, present or absent as a military technology in the warfare practices of '<polity>'? Provide your answer strictly as either 'present' or 'absent'."
https://seshat-db.com/api/wf/atlatls/,58,"Was the atlatl, defined as a spear-throwing device used by indigenous peoples in the Americas, present or absent as a military technology in the warfare practices of '<polity>' during the period from <time-start> to <time-end>? Please provide your answer strictly as either 'present' or 'absent'."
https://seshat-db.com/api/wf/atlatls/,59,"During the period from <time-start> to <time-end>, were Spanish soldiers known to have used New World weapons, such as those used against them by the Maya, in their military tactics in '<polity>'? Please provide your answer as either 'present' or 'absent'. (Note: This question is referring specifically to the use of New World weapons, including the atlatl, by Spanish soldiers in their military campaigns.)"
https://seshat-db.com/api/wf/atlatls/,60,"During the period from <time-start> to <time-end>, were New World weapons, specifically atlatls, used by Spanish soldiers in warfare against the Spanish by Maya? Provide your answer strictly as either 'present' or 'absent'."
https://seshat-db.com/api/wf/atlatls/,61,"During the period from <time-start> to <time-end>, was the atlatl, a spear-throwing device used to increase the range and force of a projectile, present or absent in the warfare practices of '<polity>'? Please provide your answer strictly as either 'present' or 'absent'."
https://seshat-db.com/api/wf/atlatls/,62,"During the period from <time-start> to <time-end>, was the use of atlatl, not mentioned in the literature, as a military technology present or absent in the warfare strategies of '<polity>'? Please provide your answer as either 'present' or 'absent'."
https://seshat-db.com/api/wf/atlatls/,63,"During the period from <time-start> to <time-end>, was the use of atlatl, defined as a spear-throwing device used to increase the range and force of a projectile, explicitly mentioned in the literature or sources related to the warfare practices of '<polity>'? Please respond with either 'present' or 'absent'."
https://seshat-db.com/api/wf/atlatls/,64,"During the period from <time-start> to <time-end>, was the use of atlatl, a spear-throwing device used to increase the range and force of a projectile, mentioned in the literature as a military technology in the warfare practices of '<polity>'? Please provide your answer as either 'present' or 'absent'."
https://seshat-db.com/api/wf/atlatls/,65,"During the period from <time-start> to <time-end>, was the atlatl, defined as a spear-throwing device used by indigenous peoples in the Americas, present or absent as a military technology in the warfare practices of '<polity>'? Provide your answer strictly as either 'present' or 'absent'."
https://seshat-db.com/api/wf/atlatls/,66,"During the period from <time-start> to <time-end>, was the use of atlatl, defined as a spear-throwing device used to increase the range and force of a projectile, present or absent in the warfare practices of '<polity>'? Please provide your answer strictly as either 'present' or 'absent'."
https://seshat-db.com/api/wf/atlatls/,67,"During the period from <time-start> to <time-end>, was the use of atlatls, defined as a spear-throwing device used in warfare, present or absent in the warfare practices of '<polity>'? Provide your answer strictly as either 'present' or 'absent'."
https://seshat-db.com/api/wf/atlatls/,68,"During the period from <time-start> to <time-end>, was the atlatl, defined as a spear-throwing device used by indigenous people in the New World, present or absent as a military technology in the warfare practices of '<polity>'? Please provide your answer strictly as either 'present' or 'absent'."
https://seshat-db.com/api/wf/atlatls/,69,"During the period from <time-start> to <time-end>, was the atlatl, defined as a spear-throwing device used in warfare, present or absent in the military practices of '<polity>' in the New World? Provide your answer strictly as either 'present' or 'absent'."
https://seshat-db.com/api/wf/atlatls/,70,"Was the atlatl, defined as a spear-throwing device used by indigenous peoples of the Americas, present or absent as a military technology in the warfare practices of '<polity>' during the period from <time-start> to <time-end>? Provide your answer strictly as either 'present' or 'absent'."
https://seshat-db.com/api/wf/atlatls/,71,"During the period from <time-start> to <time-end>, was the use of atlatl, an ancient spear-throwing device used to increase the range and force of a projectile, present or absent in the warfare strategies of '<polity>'? Please respond with either 'present' or 'absent'."
https://seshat-db.com/api/wf/atlatls/,72,"Was the atlatl, which is not mentioned in the literature, absent or present as a military technology during the period from <time-start> to <time-end> in the context of '<polity>'? Please provide your answer strictly as either 'absent' or 'present'."
https://seshat-db.com/api/wf/atlatls/,73,"Based on the available literature, was the atlatl, a weapon used for hunting and warfare, present or absent in the society of '<polity>' during the period from <time-start> to <time-end>? Please respond with either 'present' or 'absent'."
https://seshat-db.com/api/wf/atlatls/,74,"Was the atlatl, a tool used to increase the range and force of a projectile, used as a military technology during the period from <time-start> to <time-end> in the warfare practices of '<polity>'? Please provide your answer as either 'present' or 'absent'."
https://seshat-db.com/api/wf/atlatls/,75,"Was the atlatl, defined as a weapon used to throw spears, absent or present in the military technology of '<polity>' during the period from <time-start> to <time-end>? Answer with either 'absent' or 'present'."
https://seshat-db.com/api/wf/atlatls/,76,"During the period from <time-start> to <time-end>, was the use of atlatls, defined as a spear-throwing device used to increase the range and force of a projectile, present or absent in the warfare practices of '<polity>'? Please note that information about atlatl as a military technology has not been found in consulted literature. Provide your answer strictly as either 'present' or 'absent'."
https://seshat-db.com/api/wf/atlatls/,77,"Was the atlatl, defined as a spear-throwing device used to increase the range and force of a projectile, present or absent as a military technology in the warfare practices of '<polity>' during the period from <time-start> to <time-end>? Please provide your answer strictly as either 'present' or 'absent'."
https://seshat-db.com/api/wf/atlatls/,78,"Was the atlatl, defined as a spear-throwing device used to increase the range and force of a projectile, absent or present as a 'military technology during the period from <time-start> to <time-end> in the context of '<polity>'? The answer should be strictly 'absent' or 'present'."
https://seshat-db.com/api/wf/atlatls/,79,"During the period from <time-start> to <time-end>, was the atlatl, defined as a weapon used to throw spears, present or absent in the warfare practices of '<polity>'? Provide your answer strictly as either 'present' or 'absent'."
https://seshat-db.com/api/wf/atlatls/,80,"During the period from <time-start> to <time-end>, was the use of atlatls as a military technology present or absent in the warfare strategies of '<polity>'? Please respond with either 'present' or 'absent', taking into account that spears were described but not spear-throwers."
https://seshat-db.com/api/wf/atlatls/,81,"During the period from <time-start> to <time-end>, was the atlatl, defined as a spear-throwing device used in warfare, present or absent in the military technology of the New World polities? Please respond with either 'present' or 'absent'."
https://seshat-db.com/api/wf/atlatls/,82,"During the period from <time-start> to <time-end>, was the atlatl, defined as a weapon used by indigenous peoples in the New World, present or absent in the warfare practices of '<polity>'? Please provide your answer strictly as either 'present' or 'absent'."
https://seshat-db.com/api/wf/atlatls/,83,"Was the atlatl, defined as a spear-throwing device used to increase the range and force of a projectile, present or absent as a military technology in the warfare practices of '<polity>' during the period from <time-start> to <time-end>? Please provide your answer as either 'present' or 'absent'."
https://seshat-db.com/api/wf/atlatls/,84,"During the period from <time-start> to <time-end>, was the use of atlatls as a military technology present or absent in the warfare strategies of '<polity>'? Provide your answer strictly as either 'present' or 'absent'."
https://seshat-db.com/api/wf/atlatls/,85,"During the period from <time-start> to <time-end>, was the atlatl, a weapon used by indigenous peoples in the Americas, present or absent as a military technology in the warfare practices of '<polity>'? Please provide your answer strictly as either 'present' or 'absent'."
https://seshat-db.com/api/wf/atlatls/,86,"During the period from <time-start> to <time-end>, was the use of atlatls, defined as a spear-throwing device used to increase the range and force of a projectile, present or absent in the warfare strategies of '<polity>'? Respond with either 'present' or 'absent'."
https://seshat-db.com/api/wf/atlatls/,87,"During the period from <time-start> to <time-end>, was the atlatl, a spear-throwing device used to increase the range and force of a projectile, present or absent as a military technology in the warfare practices of '<polity>'? Provide your answer strictly as either 'present' or 'absent'."
https://seshat-db.com/api/wf/atlatls/,88,"Was the atlatl, defined as a spear-throwing device used to increase the range and force of a projectile, absent or present as a military technology during the period from <time-start> to <time-end> in the warfare practices of '<polity>'? Provide your answer strictly as either 'absent' or 'present'."
https://seshat-db.com/api/wf/atlatls/,89,"During the period from <time-start> to <time-end>, was the atlatl, defined as a spear-throwing device used to increase the range and force of a projectile, present or absent as a military technology in the warfare practices of '<polity>'? Provide your answer strictly as either 'present' or 'absent'."
https://seshat-db.com/api/wf/atlatls/,90,"During the period from <time-start> to <time-end>, was the use of atlatl as a military technology present or absent in the warfare strategies of '<polity>'? Respond with either 'present' or 'absent'."
https://seshat-db.com/api/wf/atlatls/,91,"During the period from <time-start> to <time-end>, was the use of atlatls, defined as a spear-throwing device used to increase the range and force of a projectile, present or absent in the warfare practices of '<polity>'? Please provide your answer strictly as either 'present' or 'absent'."
https://seshat-db.com/api/wf/atlatls/,92,"During the period from <time-start> to <time-end>, was the atlatl, defined as a spear-throwing device used to increase the range and force of a projectile, present or absent as a 'military technology during this time' in the warfare practices of '<polity>'? Please provide your answer as either 'present' or 'absent'."
https://seshat-db.com/api/wf/atlatls/,93,"During the period from <time-start> to <time-end>, was the use of atlatls, defined as a spear-throwing device used to increase the range and force of a projectile, present or absent in the warfare strategies of '<polity>'? Provide your answer strictly as either 'present' or 'absent'."
https://seshat-db.com/api/wf/atlatls/,94,"During the period from <time-start> to <time-end>, was the atlatl, defined as a spear-throwing device used to increase the range and force of a projectile, present or absent as a 'military technology in the warfare practices of '<polity>'? Please respond with either 'present' or 'absent'."
https://seshat-db.com/api/wf/atlatls/,95,"During the period from <time-start> to <time-end>, was the use of atlatls, defined as a spear-throwing device used to increase the range and force of a projectile, present or absent in the warfare strategies of '<polity>'? Provide your answer strictly as either 'present' or 'absent'."
https://seshat-db.com/api/wf/atlatls/,96,"Was the atlatl, defined as a spear-throwing device used to increase the range and force of a projectile, absent or present as a military technology in Hawaiian prehistory? Respond with either 'absent' or 'present'."
https://seshat-db.com/api/wf/atlatls/,97,"During the period from ancient Hawaii's earliest recorded history (<time-start>) to the time of contact with Europeans (<time-end>), was the atlatl, a tool used for throwing spears, present or absent as a military technology in the warfare practices of ancient Hawaiian society? Please provide your answer strictly as either 'present' or 'absent'."
https://seshat-db.com/api/wf/atlatls/,98,"During the period from <time-start> to <time-end>, was the use of atlatls, defined as a spear-throwing device used to increase the range and force of a projectile, present or absent in the warfare strategies of '<polity>'? Respond with either 'present' or 'absent'."
https://seshat-db.com/api/wf/atlatls/,99,"Was the atlatl, defined as a spear-throwing device used in warfare, present or absent in the military technology of the Americas during the period from <time-start> to <time-end> in '<polity>'? Please provide your answer strictly as either 'present' or 'absent'."
https://seshat-db.com/api/wf/atlatls/,100,"During the period from <time-start> to <time-end>, was the atlatl, defined as a weapon specifically developed for use in the Americas, present or absent in the military practices of '<polity>'? Please provide your answer as either 'present' or 'absent'."
https://seshat-db.com/api/wf/atlatls/,101,"During the period from <time-start> to <time-end>, was the use of atlatls, defined as a spear-throwing device used to increase the range and force of a projectile, absent or present in the warfare strategies of '<polity>'? Provide your answer strictly as either 'absent' or 'present'."
https://seshat-db.com/api/wf/atlatls/,102,"During the period from <time-start> to <time-end>, was the use of atlatl, defined as a spear-throwing device used to increase the range and force of a projectile, present or absent as a military technology in the warfare practices of '<polity>'? Please respond with either 'present' or 'absent'."
https://seshat-db.com/api/wf/atlatls/,103,"During the period from <time-start> to <time-end>, was the use of atlatls as a military technology present or absent in the warfare strategies of '<polity>'? Respond with either 'present' or 'absent'."
https://seshat-db.com/api/wf/atlatls/,104,"During the period from <time-start> to <time-end>, was the atlatl, defined as a weapon used in the Americas, present or absent in the warfare practices of '<polity>'? Provide your answer strictly as either 'present' or 'absent'."
https://seshat-db.com/api/wf/atlatls/,105,"During the period from <time-start> to <time-end>, was the atlatl, defined as a spear-throwing device used by indigenous peoples in the Americas, present or absent as a military technology in the warfare practices of '<polity>'? Please provide your answer strictly as either 'present' or 'absent'."
https://seshat-db.com/api/wf/atlatls/,106,"During the period from <time-start> to <time-end>, was the use of atlatls, defined as a spear-throwing device used to increase the range and force of a projectile, present or absent as a military technology in the warfare practices of '<polity>'? Please provide your answer strictly as either 'present' or 'absent'."
https://seshat-db.com/api/wf/atlatls/,107,"Was the atlatl, defined as a spear-throwing device used to increase the range and force of a projectile, absent or present as a 'military technology during the period from <time-start> to <time-end> in the context of '<polity>'? The answer should be strictly 'absent' or 'present'."
https://seshat-db.com/api/wf/atlatls/,108,"During the period from <time-start> to <time-end>, was the atlatl, defined as a spear-throwing device used to increase the range and force of a projectile, present or absent as a military technology in the warfare practices of '<polity>'? Please provide your answer strictly as either 'present' or 'absent'."
https://seshat-db.com/api/wf/atlatls/,109,Was the use of atlatl as a military technology present or absent in the warfare practices of '<polity>' during the period from <time-start> to <time-end>? Provide your answer strictly as either 'present' or 'absent'.
https://seshat-db.com/api/wf/atlatls/,110,"Was the atlatl, defined as a new world weapon, present or absent as a military technology in the warfare practices of '<polity>' during the period from <time-start> to <time-end>? Please provide your answer strictly as either 'present' or 'absent'."
https://seshat-db.com/api/wf/atlatls/,111,"Was the atlatl, defined as a spear-throwing device used to increase the range and force of a projectile, present or absent as a military technology in the warfare practices of the Native American civilizations in the Americas during the period from <time-start> to <time-end> in the context of '<polity>'? Provide your answer strictly as either 'present' or 'absent'."
https://seshat-db.com/api/wf/atlatls/,112,"During the period from <time-start> to <time-end>, was the atlatl, a weapon found only in the New World, present or absent in the military technology of '<polity>'? Please respond with either 'present' or 'absent'."
https://seshat-db.com/api/wf/atlatls/,113,"During the period from <time-start> to <time-end>, was the atlatl, defined as a weapon that has only been found in the New World, present or absent in the warfare practices of '<polity>'? Please provide your answer strictly as either 'present' or 'absent'."
https://seshat-db.com/api/wf/atlatls/,114,"Was the atlatl, defined as a weapon that has only been found in the New World, present or absent in the military technology of '<polity>' during the period from <time-start> to <time-end>? Please provide your answer as either 'present' or 'absent'."
https://seshat-db.com/api/wf/atlatls/,115,"During the period from <time-start> to <time-end>, was the atlatl, a weapon that has only been found in the New World, present or absent as a military technology in the warfare practices of '<polity>'? Please respond with either 'present' or 'absent'."
https://seshat-db.com/api/wf/atlatls/,116,"Was the atlatl, defined as a spear-throwing device commonly used by indigenous peoples in the Americas during the period from <time-start> to <time-end> in '<polity>', present or absent as a military technology? Please provide your answer strictly as either 'present' or 'absent'."
https://seshat-db.com/api/wf/atlatls/,117,"Was the atlatl, defined as a spear-throwing device used by indigenous peoples in the Americas, present or absent as a military technology in the warfare practices of '<polity>' during the period from <time-start> to <time-end>? Please respond with either 'present' or 'absent'."
https://seshat-db.com/api/wf/atlatls/,118,Was the use of atlatls as a military technology present or absent in the warfare practices of the Inca Empire during the period from 1450 to 1532? Please provide your answer strictly as either 'present' or 'absent'.
https://seshat-db.com/api/wf/atlatls/,119,"During the period from <time-start> to <time-end>, was the atlatl, defined as a new world weapon, present or absent as a military technology in the warfare practices of '<polity>'? Please provide your answer strictly as either 'present' or 'absent'."
https://seshat-db.com/api/wf/atlatls/,120,"During the period from <time-start> to <time-end>, was the atlatl, defined as a spear-throwing device used to increase the range and force of a projectile, present or absent as a military technology in the warfare practices of '<polity>'? Provide your answer strictly as either 'present' or 'absent'."
https://seshat-db.com/api/wf/atlatls/,121,"During the period from <time-start> to <time-end>, was the atlatl, defined as a spear-throwing device used in warfare, present as a military technology in the warfare practices of '<polity>'? Please provide your answer strictly as either 'present' or 'absent'."
https://seshat-db.com/api/wf/atlatls/,122,"Was the atlatl, defined as a weapon used by indigenous peoples in the Americas, present or absent as a military technology in the warfare practices of '<polity>' during the period from <time-start> to <time-end>? Please respond with either 'present' or 'absent'."
https://seshat-db.com/api/wf/atlatls/,123,"During the period from <time-start> to <time-end>, was the atlatl, defined as a spear-throwing device used in warfare, present or absent in the military technologies of '<polity>' in the New World? Please provide your answer as either 'present' or 'absent'."
https://seshat-db.com/api/wf/atlatls/,124,"During the period from <time-start> to <time-end>, was the atlatl, defined as a weapon used only in the New World, present or absent as a military technology in the warfare practices of '<polity>'? Provide your answer strictly as either 'present' or 'absent'."
https://seshat-db.com/api/wf/atlatls/,125,"Was the atlatl, defined as a weapon found only in the New World, absent or present as a military technology in the warfare practices of '<polity>' during the period from <time-start> to <time-end>? Please provide your answer strictly as either 'present' or 'absent'."
https://seshat-db.com/api/wf/atlatls/,126,"During the period from <time-start> to <time-end>, was the atlatl, defined as a spear-throwing device used only in the New World, present or absent as a military technology in the warfare practices of '<polity>'? Please provide your answer as either 'present' or 'absent'."
https://seshat-db.com/api/wf/atlatls/,127,"During the period from <time-start> to <time-end>, was the atlatl, defined as a spear-throwing device used by indigenous peoples in the Americas, present or absent as a military technology in the warfare practices of '<polity>'? Please provide your answer strictly as either 'present' or 'absent'."
https://seshat-db.com/api/wf/atlatls/,128,"During the period from <time-start> to <time-end>, was the atlatl, defined as a weapon used in warfare in the New World, present or absent in the military technology of '<polity>'? Please respond with either 'present' or 'absent'."
https://seshat-db.com/api/wf/atlatls/,129,"Was the atlatl, defined as a spear-throwing device used by indigenous peoples in the Americas, present as a military technology during the period from <time-start> to <time-end> in the warfare strategies of '<polity>'? Respond with either 'present' or 'absent'."
https://seshat-db.com/api/wf/atlatls/,130,"During the period from <time-start> to <time-end>, was the use of atlatls, known as a New World weapon, present or absent in the warfare strategies of '<polity>'? Please respond with either 'present' or 'absent'."
https://seshat-db.com/api/wf/atlatls/,131,"During the period from <time-start> to <time-end>, was the atlatl, defined as a spear-throwing device used in warfare, present or absent in the military practices of '<polity>'? Please provide your answer as either 'present' or 'absent'."
https://seshat-db.com/api/wf/atlatls/,132,"During the period from <time-start> to <time-end>, was the atlatl, defined as a weapon found only in the New World, present or absent as a military technology in the warfare practices of '<polity>'? Provide your answer strictly as either 'present' or 'absent'."
https://seshat-db.com/api/wf/atlatls/,133,"During the period from <time-start> to <time-end>, was the atlatl, defined as a weapon that has only been found in the New World, present or absent in the warfare practices of '<polity>'? Please provide your answer as either 'present' or 'absent'."
https://seshat-db.com/api/wf/atlatls/,134,"During the period from <time-start> to <time-end> in the context of '<polity>', was the atlatl, defined as a spear-throwing device used in warfare, present or absent as a military technology in the New World? Provide your answer strictly as either 'present' or 'absent'."
https://seshat-db.com/api/wf/atlatls/,135,"Was the atlatl, defined as a weapon found only in the New World, present or absent in the military technology of European societies during the period from <time-start> to <time-end> in '<polity>'? Please provide your answer strictly as either 'present' or 'absent'."
https://seshat-db.com/api/wf/atlatls/,136,"During the period from <time-start> to <time-end>, was the atlatl, defined as a spear-throwing device used to increase the range and force of a projectile, present or absent as a 'military technology in the warfare practices of '<polity>'? Provide your answer strictly as either 'present' or 'absent'."
https://seshat-db.com/api/wf/atlatls/,137,"Was the atlatl, defined as a spear-throwing device used in warfare, present or absent in the warfare strategies of the <polity> during the period from <time-start> to <time-end>? Please provide your answer as either 'present' or 'absent'."
https://seshat-db.com/api/wf/atlatls/,138,"Was the atlatl, defined as a spear-throwing device used to increase the range and force of a projectile, present or absent as a military technology in the warfare practices of '<polity>' between <time-start> and <time-end>? Please provide your answer strictly as either 'present' or 'absent'."
https://seshat-db.com/api/wf/atlatls/,139,"During the period from <time-start> to <time-end>, was the atlatl, defined as a spear-throwing device used by indigenous peoples in the Americas, present or absent as a military technology in the warfare practices of '<polity>'? Provide your answer strictly as either 'present' or 'absent'."
https://seshat-db.com/api/wf/atlatls/,140,"During the period from <time-start> to <time-end>, was the atlatl, defined as a new world weapon, present or absent in the warfare practices of '<polity>'? Please respond with either 'present' or 'absent'."
https://seshat-db.com/api/wf/atlatls/,141,"During the period from <time-start> to <time-end>, was the atlatl, defined as a weapon used by indigenous peoples in the Americas, present or absent in the warfare practices of '<polity>'? Provide your answer strictly as either 'present' or 'absent'."
https://seshat-db.com/api/wf/atlatls/,142,"Was the absence of atlatl, a weapon used for throwing spears, present or absent as a military technology in the warfare practices of '<polity>' between <time-start> and <time-end>? Please provide your answer as either 'present' or 'absent'."
https://seshat-db.com/api/wf/atlatls/,143,"During the period from <time-start> to <time-end>, was the atlatl, a new world weapon, present or absent as a military technology in the warfare practices of '<polity>'? Please provide your answer strictly as either 'present' or 'absent'."
https://seshat-db.com/api/wf/atlatls/,144,"During the period from <time-start> to <time-end>, was the atlatl, defined as a new world weapon, present or absent in the warfare practices of '<polity>'? Provide your answer strictly as either 'present' or 'absent'."
https://seshat-db.com/api/wf/atlatls/,145,"During the period from <time-start> to <time-end>, was the atlatl, defined as a weapon used by indigenous peoples in the New World, present or absent in the warfare practices of '<polity>'? Please respond with either 'present' or 'absent'."
https://seshat-db.com/api/wf/atlatls/,146,"During the period from <time-start> to <time-end>, was the atlatl, a weapon of the Americas, present or absent in the warfare practices of '<polity>'? Please respond with either 'present' or 'absent'."
https://seshat-db.com/api/wf/atlatls/,147,"Was the atlatl, defined as a spear-throwing device used in warfare, present in the military technology of '<polity>' during the period from <time-start> to <time-end> in the New World? Please respond with either 'present' or 'absent'."
https://seshat-db.com/api/wf/atlatls/,148,"During the period from <time-start> to <time-end>, was the atlatl, defined as a spear-throwing device used in warfare in the New World, present or absent in the military technologies of '<polity>'? Please provide your answer strictly as either 'present' or 'absent'."
https://seshat-db.com/api/wf/atlatls/,149,"During the period from <time-start> to <time-end>, was the atlatl, a spear-throwing device used to increase the range and force of a projectile, present or absent as a military technology in the warfare practices of '<polity>'? Provide your answer strictly as either 'present' or 'absent'."
https://seshat-db.com/api/wf/atlatls/,150,"During the period from <time-start> to <time-end>, was the atlatl, a type of spear-throwing device used for hunting and warfare, present or absent in the Americas?"
https://seshat-db.com/api/wf/atlatls/,151,"During the period from <time-start> to <time-end>, was the atlatl, defined as a weapon used by indigenous peoples in the Americas, present or absent in the warfare practices of '<polity>'? Provide your answer strictly as either 'present' or 'absent'."
https://seshat-db.com/api/wf/atlatls/,152,"During the period from <time-start> to <time-end>, was the atlatl, defined as a spear-throwing device used in warfare, present as a military technology in the warfare practices of '<polity>'? Provide your answer strictly as either 'present' or 'absent'."
https://seshat-db.com/api/wf/atlatls/,153,"During the period from <time-start> to <time-end>, was the atlatl, defined as a new world weapon, present or absent as a military technology in the warfare practices of '<polity>'? Provide your answer strictly as either 'present' or 'absent'."
https://seshat-db.com/api/wf/atlatls/,154,"During the period from <time-start> to <time-end>, was the atlatl, a spear-throwing device used to increase the range and force of a projectile, present or absent as a military technology in the warfare practices of '<polity>'? Please provide your answer strictly as either 'present' or 'absent'."
https://seshat-db.com/api/wf/atlatls/,155,"During the period from <time-start> to <time-end>, was the atlatl, defined as a spear-throwing device used in warfare in the Americas, present or absent in the warfare practices of '<polity>'? Provide your answer strictly as either 'present' or 'absent'."
https://seshat-db.com/api/wf/atlatls/,156,"During the period from <time-start> to <time-end>, was the atlatl, a weapon known to have been used by various indigenous cultures in the Americas, present or absent in the warfare practices of '<polity>'? Please provide your answer strictly as either 'present' or 'absent'."
https://seshat-db.com/api/wf/atlatls/,157,"During the period from <time-start> to <time-end>, was the atlatl, defined as a spear-throwing device used to increase the range and force of a projectile, absent or present as a military technology in the warfare practices of '<polity>'? Please note that there is no available evidence to suggest the use of atlatls in the Americas during this time frame."
https://seshat-db.com/api/wf/atlatls/,158,"During the period from <time-start> to <time-end>, was the atlatl, a spear-throwing device used to increase the range and force of a projectile, present or absent as a military technology in the warfare practices of '<polity>'? Please provide your answer strictly as either 'present' or 'absent'."
https://seshat-db.com/api/wf/atlatls/,159,"Was the atlatl, defined as a spear-throwing device used to increase the range and force of a projectile, present or absent as a military technology in the warfare practices of '<polity>' during the period from <time-start> to <time-end>? Provide your answer strictly as either 'present' or 'absent'."
https://seshat-db.com/api/wf/atlatls/,160,"Was the atlatl, defined as a spear-throwing device used in warfare, present or absent as a military technology in the warfare practices of the Inca Empire during the period from <time-start> to <time-end>?"
https://seshat-db.com/api/wf/atlatls/,161,"During the period from <time-start> to <time-end>, was the atlatl, defined as a spear-throwing device used by indigenous peoples of the Americas, present or absent in the warfare practices of '<polity>'? Provide your answer strictly as either 'present' or 'absent'."
https://seshat-db.com/api/wf/atlatls/,162,"During the period from <time-start> to <time-end>, was the atlatl, defined as a weapon used by indigenous peoples in the Americas, present or absent as a military technology in the warfare practices of '<polity>'? Please respond with either 'present' or 'absent'."
https://seshat-db.com/api/wf/atlatls/,163,"During the period from <time-start> to <time-end>, was the use of atlatls, defined as a spear-throwing device used in warfare, present or absent in the warfare strategies of '<polity>'? Respond with either 'present' or 'absent'."
https://seshat-db.com/api/wf/atlatls/,164,"Was the atlatl, a type of New World weapon that consisted of a spear attached to a short stick or handle, used as a military technology during the period from <time-start> to <time-end> in the warfare practices of '<polity>'? Please provide your answer strictly as either 'present' or 'absent'."
https://seshat-db.com/api/wf/atlatls/,165,"During the period from <time-start> to <time-end> in the context of '<polity>', was the atlatl, defined as a spear-throwing device used to increase the range and force of a projectile, present as a military technology during this time? Respond with either 'present' or 'absent'."
https://seshat-db.com/api/wf/atlatls/,166,"Was the atlatl, defined as a new world weapon, present or absent as a military technology in the warfare practices of '<polity>' during the period from <time-start> to <time-end>? Provide your answer strictly as either 'present' or 'absent'."
https://seshat-db.com/api/wf/atlatls/,167,"During the period from <time-start> to <time-end>, was the atlatl, defined as a weapon of the Americas commonly used by indigenous peoples for hunting and warfare, present or absent in the military technology of '<polity>'? Please respond with either 'present' or 'absent'."
https://seshat-db.com/api/wf/atlatls/,168,"During the period from <time-start> to <time-end>, was the atlatl, defined as a spear-throwing device used to increase the range and force of a projectile, present or absent as a military technology in the warfare practices of '<polity>'? Provide your answer strictly as either 'present' or 'absent'."
https://seshat-db.com/api/wf/atlatls/,169,"Was the atlatl, defined as a spear-throwing device used by indigenous peoples in the Americas, present or absent as a military technology in the warfare practices of '<polity>' during the period from <time-start> to <time-end>? Please provide your answer strictly as either 'present' or 'absent'."
https://seshat-db.com/api/wf/atlatls/,170,"Was the atlatl, a weapon of the Americas, present or absent in the warfare practices of '<polity>' during the period from <time-start> to <time-end>? Provide your answer strictly as either 'present' or 'absent'."
https://seshat-db.com/api/wf/atlatls/,171,"During the period from <time-start> to <time-end>, was the atlatl, a new world weapon, present or absent as a military technology in the warfare practices of '<polity>'? Please provide your answer strictly as either 'present' or 'absent'."
https://seshat-db.com/api/wf/atlatls/,172,"During the period from <time-start> to <time-end>, was the atlatl, defined as a spear-throwing device used in warfare, present or absent in the military practices of '<polity>'? Provide your answer strictly as either 'present' or 'absent'."
https://seshat-db.com/api/wf/atlatls/,173,"During the period from <time-start> to <time-end>, was the atlatl, a weapon of the Americas, present or absent as a military technology in the warfare practices of '<polity>'? Provide your answer strictly as either 'present' or 'absent'."
https://seshat-db.com/api/wf/atlatls/,174,"During the period from <time-start> to <time-end>, was the atlatl, defined as a weapon used by indigenous peoples in the Americas, present or absent as a military technology in the warfare practices of '<polity>'? Please provide your answer strictly as either 'present' or 'absent'."
https://seshat-db.com/api/wf/atlatls/,175,"Was the atlatl, defined as a spear-throwing device used by indigenous peoples in the Americas, present or absent as a military technology in the warfare practices of '<polity>' during the period from <time-start> to <time-end>? Please respond with either 'present' or 'absent'."
https://seshat-db.com/api/wf/atlatls/,176,"During the period from <time-start> to <time-end>, was the use of atlatls, defined as a spear-throwing device used in warfare, present or absent in the military technology of '<polity>'? Please provide your answer strictly as either 'present' or 'absent'."
https://seshat-db.com/api/wf/atlatls/,177,"During the period from <time-start> to <time-end> in the context of '<polity>', was the atlatl, defined as a weapon commonly used by indigenous peoples in the Americas, present or absent as a military technology? Provide your answer strictly as either 'present' or 'absent'."
https://seshat-db.com/api/wf/atlatls/,178,"During the period from <time-start> to <time-end>, was the atlatl, a spear-throwing device not mentioned in evidence and considered unlikely to have been used by indigenous peoples in the Americas, absent or present as a military technology in the warfare practices of '<polity>'? Please provide your answer strictly as either 'absent' or 'present'."
https://seshat-db.com/api/wf/atlatls/,179,"Was the atlatl, defined as a spear-throwing device used to increase the range and force of a projectile, present or absent as a military technology in the warfare practices of the Aztec Empire during the period from <time-start> to <time-end>? Provide your answer strictly as either 'present' or 'absent'."
https://seshat-db.com/api/wf/atlatls/,180,"During the period from <time-start> to <time-end>, was the use of atlatl, defined as a spear-throwing device used to increase the range and force of a projectile, present or absent as a military technology in the warfare practices of '<polity>'? Please provide your answer strictly as either 'present' or 'absent'."
https://seshat-db.com/api/wf/atlatls/,181,"During the Viking Age, which lasted from <time-start> to <time-end>, was the use of the atlatl, defined as a spear-throwing device, present or absent as a military technology among Norse warriors? Please provide your answer strictly as either 'present' or 'absent'."
https://seshat-db.com/api/wf/atlatls/,182,"During the period from <time-start> to <time-end>, was the use of atlatl, defined as a spear-throwing device used to increase the range and force of a projectile, present or absent in the warfare practices of '<polity>'? Provide your answer strictly as either 'present' or 'absent'."
https://seshat-db.com/api/wf/atlatls/,183,"Was the atlatl, defined as a spear-throwing device used to increase the range and force of a projectile, present or absent as a military technology in the warfare practices of '<polity>' during the period from <time-start> to <time-end>? Provide your answer strictly as either 'present' or 'absent'."
https://seshat-db.com/api/wf/atlatls/,184,"During the period from <time-start> to <time-end>, was the use of atlatls as a military technology present or absent in the warfare strategies of '<polity>'? Provide your answer strictly as either 'present' or 'absent'."
https://seshat-db.com/api/wf/atlatls/,185,"During the period from <time-start> to <time-end>, was the use of atlatl, a spear-throwing device used to increase the range and force of a projectile, present or absent as a military technology in the warfare practices of '<polity>'? Provide your answer strictly as either 'present' or 'absent'."
https://seshat-db.com/api/wf/atlatls/,186,"Was the atlatl, defined as a spear-throwing device used to increase the range and force of a projectile, absent or present as a military technology during the period from <time-start> to <time-end> in the context of '<polity>'?"
https://seshat-db.com/api/wf/atlatls/,187,"During the period from <time-start> to <time-end>, was the use of atlatls, defined as a spear-throwing device used to increase the range and force of a projectile, present or absent in the warfare practices of '<polity>'? Provide your answer strictly as either 'present' or 'absent'."
https://seshat-db.com/api/wf/atlatls/,188,"During the period from <time-start> to <time-end>, was the use of atlatl, defined as a spear-throwing device used to increase the range and force of a projectile, present or absent in the warfare practices of '<polity>'? Provide your answer strictly as either 'present' or 'absent'."
https://seshat-db.com/api/wf/atlatls/,189,"During the period from <time-start> to <time-end>, was the atlatl, defined as a spear-throwing device used to increase the range and force of a projectile, present or absent as a military technology in the warfare practices of '<polity>'? Please provide your answer strictly as either 'present' or 'absent'."
https://seshat-db.com/api/wf/atlatls/,190,"During the period from <time-start> to <time-end>, was the atlatl, defined as a spear-throwing device used to increase the range and force of a projectile, present or absent as a military technology in the warfare practices of '<polity>'? Please provide your answer as either 'present' or 'absent'."
https://seshat-db.com/api/wf/atlatls/,191,"Was the atlatl, defined as a spear-throwing device used to increase the range and force of a projectile, present or absent as a military technology in the warfare practices of '<polity>' during the period from <time-start> to <time-end>?"
https://seshat-db.com/api/wf/atlatls/,192,"During the period from <time-start> to <time-end>, was the use of atlatls, defined as a spear-throwing device used to increase the range and force of a projectile, present or absent in the warfare strategies of '<polity>'? Respond with either 'present' or 'absent'."
https://seshat-db.com/api/wf/atlatls/,193,"Was the atlatl, defined as a spear-throwing device used to increase the range and force of a projectile, absent or present as a 'military technology during the period from <time-start> to <time-end> in the context of '<polity>'? The answer should be strictly 'absent' or 'present'."
https://seshat-db.com/api/wf/atlatls/,194,"Was the use of atlatls, defined as spear-throwing devices used to increase the range and force of a projectile, present or absent as a military technology in the warfare practices of '<polity>' during the period from <time-start> to <time-end>? Please provide your answer strictly as either 'present' or 'absent'."
https://seshat-db.com/api/wf/atlatls/,195,"During the period from <time-start> to <time-end>, was the use of atlatls as a military technology present or absent in the warfare strategies of '<polity>'? Respond with either 'present' or 'absent'."
https://seshat-db.com/api/wf/atlatls/,196,"During the period from <time-start> to <time-end>, was the atlatl, a spear-throwing device used to increase the range and force of a projectile, absent or present as a military technology in the warfare practices of '<polity>'? Please provide your answer strictly as either 'absent' or 'present'."
https://seshat-db.com/api/wf/atlatls/,197,"During the period from <time-start> to <time-end>, was the atlatl, defined as a spear-throwing device used to increase the range and force of a projectile, present or absent as a 'military technology during this time? The answer should be strictly 'absent' or 'present'."
https://seshat-db.com/api/wf/atlatls/,198,"Was the atlatl, defined as a spear-throwing device used to increase the range and force of a projectile, present or absent as a military technology in the warfare practices of '<polity>' during the period from <time-start> to <time-end>?"
https://seshat-db.com/api/wf/atlatls/,199,"Was the atlatl, a weapon of the Americas known for its long-range and powerful shots, absent or present in the warfare practices of '<polity>' during the period from <time-start> to <time-end>? Please provide your answer as either 'absent' or 'present'."
https://seshat-db.com/api/wf/atlatls/,200,"During the period from <time-start> to <time-end>, was the atlatl, defined as a weapon of the Americas, present or absent in the warfare practices of '<polity>'? Please respond with either 'present' or 'absent'."
https://seshat-db.com/api/wf/atlatls/,201,"Was the atlatl, defined as a spear-throwing device used to increase the range and force of a projectile, absent or present as a 'military technology during the period from <time-start> to <time-end> in the context of '<polity>'?"
https://seshat-db.com/api/wf/atlatls/,202,"During the period from <time-start> to <time-end>, was the atlatl, defined as a spear-throwing device used to increase the range and force of a projectile, present or absent as a military technology in the warfare practices of '<polity>'? Provide your answer strictly as either 'present' or 'absent'."
https://seshat-db.com/api/wf/atlatls/,203,"During the period from <time-start> to <time-end>, was the atlatl, defined as a spear-throwing device used to increase the range and force of a projectile, present or absent as a military technology in the warfare practices of '<polity>'? Please provide your answer strictly as either 'present' or 'absent', considering the lack of archaeological evidence and scholarly consensus on its usage by the Jomon people."
https://seshat-db.com/api/wf/atlatls/,204,Was the use of atlatls as a military technology present or absent in the warfare practices of Jomon culture during the period from <time-start> to <time-end>? Provide your answer strictly as either 'present' or 'absent'.
https://seshat-db.com/api/wf/atlatls/,205,"Was the use of atlatls, defined as a spear-throwing device used to increase the range and force of a projectile, present or absent in the warfare practices of the Jomon in Japan between <time-start> and <time-end>? Please respond with either 'present' or 'absent'."
https://seshat-db.com/api/wf/atlatls/,206,"Was the use of atlatl, a weapon developed by ancient hunter-gatherers, present in the warfare practices of the Jomon society during the time period from <time-start> to <time-end>?"
https://seshat-db.com/api/wf/atlatls/,207,"During the period from <time-start> to <time-end>, was the atlatl, defined as a spear-throwing device used to increase the range and force of a projectile, present or absent as a military technology in the warfare practices of '<polity>'? Please provide your answer strictly as either 'present' or 'absent'."
https://seshat-db.com/api/wf/atlatls/,208,"During the period from <time-start> to <time-end>, was the use of atlatls as a military technology present or absent in the warfare practices of '<polity>'? Provide your answer strictly as either 'present' or 'absent'."
https://seshat-db.com/api/wf/atlatls/,209,"During the period from <time-start> to <time-end>, was the use of atlatls as a military technology present or absent in the warfare practices of '<polity>'? Provide your answer strictly as either 'present' or 'absent'."
https://seshat-db.com/api/wf/atlatls/,210,"During the period from <time-start> to <time-end>, was the atlatl, defined as a weapon of the Americas, present or absent in the warfare practices of '<polity>'? Please provide your answer strictly as either 'present' or 'absent'."
https://seshat-db.com/api/wf/atlatls/,211,"During the period from <time-start> to <time-end>, was the atlatl, defined as a spear-throwing device used to increase the range and force of a projectile, present or absent as a military technology in the warfare practices of '<polity>'? Please provide your answer strictly as either 'present' or 'absent'."
https://seshat-db.com/api/wf/atlatls/,212,"During the period from <time-start> to <time-end>, was the use of atlatl, defined as a spear-throwing device used to increase the range and force of a projectile, present or absent in the warfare strategies of '<polity>'? Provide your answer strictly as either 'present' or 'absent'."
https://seshat-db.com/api/wf/atlatls/,213,"During the period from <time-start> to <time-end>, was the atlatl, defined as a spear-throwing device used to increase the range and force of a projectile, present or absent as a military technology in the warfare practices of '<polity>'? Please respond with either 'present' or 'absent'."
https://seshat-db.com/api/wf/atlatls/,214,"During the period from <time-start> to <time-end>, was the atlatl, defined as a weapon of the Americas with no evidence of use, present or absent as a military technology in the warfare practices of '<polity>'? Please provide your answer as either 'present' or 'absent'."
https://seshat-db.com/api/wf/atlatls/,215,"Was the atlatl, defined as a weapon of the Americas, present or absent as a military technology in the warfare practices of '<polity>' during the period from <time-start> to <time-end>? Please provide your answer strictly as either 'present' or 'absent'."
https://seshat-db.com/api/wf/atlatls/,216,"During the period from <time-start> to <time-end>, was the atlatl, a weapon of the Americas known for its long-range accuracy, present or absent in the warfare practices of '<polity>'? Please provide your answer strictly as either 'present' or 'absent'."
https://seshat-db.com/api/wf/atlatls/,217,"During the period from <time-start> to <time-end>, was the atlatl, defined as a weapon commonly used by indigenous peoples in the Americas, present or absent in the military practices of '<polity>'? Please provide your answer strictly as either 'present' or 'absent'."
https://seshat-db.com/api/wf/atlatls/,218,"Was the atlatl, defined as a spear-throwing device used by indigenous peoples in the Americas, present as a military technology in the warfare practices of '<polity>' during the period from <time-start> to <time-end>? Please provide your answer strictly as either 'present' or 'absent'."
https://seshat-db.com/api/wf/atlatls/,219,"Was the atlatl, a type of spear-throwing device used by indigenous peoples in the Americas, present or absent as a military technology in the warfare practices of '<polity>' during the period from <time-start> to <time-end>? Please provide your answer as either 'present' or 'absent'."
https://seshat-db.com/api/wf/atlatls/,220,"During the period from <time-start> to <time-end>, was the atlatl, defined as a new world weapon used for hunting and warfare, present or absent as a military technology in the warfare practices of '<polity>'? Provide your answer strictly as either 'present' or 'absent'."
https://seshat-db.com/api/wf/atlatls/,221,"Was the use of atlatls, defined as a spear-throwing device used in warfare, present in the warfare practices of '<polity>' during the period from <time-start> to <time-end>? Please provide your answer as either 'present' or 'absent'."
https://seshat-db.com/api/wf/atlatls/,222,"Was the atlatl, defined as a spear-throwing device used by indigenous people of the Americas, present or absent as a military technology in the warfare practices of '<polity>' during the period from <time-start> to <time-end>? Please provide your answer strictly as either 'present' or 'absent'."
https://seshat-db.com/api/wf/atlatls/,223,"Was the atlatl, defined as a spear-throwing device used by indigenous people in the Americas, present or absent as a military technology in the warfare practices of '<polity>' during the period from <time-start> to <time-end>? Please provide your answer strictly as either 'present' or 'absent'."
https://seshat-db.com/api/wf/atlatls/,224,"Was the atlatl, defined as a spear-throwing device used in warfare, present or absent as a military technology in the warfare practices of '<polity>' during the period from <time-start> to <time-end>? Please provide your answer strictly as either 'present' or 'absent'."
https://seshat-db.com/api/wf/atlatls/,225,"During the period from <time-start> to <time-end> in the context of '<polity>', was the atlatl, defined as a spear-throwing device used to increase the range and force of a projectile, present as a military technology in the Americas? Provide your answer strictly as either 'present' or 'absent'."
https://seshat-db.com/api/wf/atlatls/,226,"During the period from <time-start> to <time-end>, was the atlatl, defined as a spear-throwing device used in warfare in the Americas, present or absent as a military technology in the warfare practices of '<polity>'? Please respond with either 'present' or 'absent'."
https://seshat-db.com/api/wf/atlatls/,227,"During the period from <time-start> to <time-end>, was the use of atlatl, a spear-throwing device used to increase the range and force of a projectile, present or absent as a military technology in the warfare practices of '<polity>'? Provide your answer strictly as either 'present' or 'absent'."
https://seshat-db.com/api/wf/atlatls/,228,"During the period from <time-start> to <time-end>, was the atlatl, defined as a spear-throwing device used by indigenous peoples in the Americas, present or absent as a military technology in the warfare practices of '<polity>'? Please respond with either 'present' or 'absent'."
https://seshat-db.com/api/wf/atlatls/,229,"During the period from <time-start> to <time-end> in the context of '<polity>', was the atlatl, defined as a spear-throwing device used in warfare, present as a military technology during this time? Respond with either 'present' or 'absent'."
https://seshat-db.com/api/wf/atlatls/,230,"During the period from <time-start> to <time-end>, was the use of atlatls as a military technology present or absent in the warfare strategies of '<polity>'? Respond with either 'present' or 'absent'."
https://seshat-db.com/api/wf/atlatls/,231,"Was the atlatl, defined as a spear-throwing device used to increase the range and force of a projectile, present or absent as a military technology in the warfare practices of '<polity>' during the period from <time-start> to <time-end>? Please provide your answer strictly as either 'present' or 'absent'."
https://seshat-db.com/api/wf/atlatls/,232,"During the period from <time-start> to <time-end>, was the atlatl, defined as a spear-throwing device used to increase the range and force of a projectile, present or absent as a military technology in the warfare practices of '<polity>'? Provide your answer strictly as either 'present' or 'absent'."
https://seshat-db.com/api/wf/atlatls/,233,"Was the atlatl, defined as a spear-throwing device used to increase the range and force of a projectile, present or absent as a military technology in the warfare practices of '<polity>' during the period from <time-start> to <time-end>? Provide your answer strictly as either 'present' or 'absent'."
https://seshat-db.com/api/wf/atlatls/,234,"Was the atlatl, defined as a spear-throwing device used to increase the range and force of a projectile, absent or present as a military technology during the period from <time-start> to <time-end> in the context of '<polity>'? Please provide your answer as either 'absent' or 'present'."
https://seshat-db.com/api/wf/atlatls/,235,"During the period from <time-start> to <time-end>, was the atlatl, defined as a spear-throwing device used in warfare, present as a military technology in the New World wars of '<polity>'? Answer with either 'present' or 'absent'."
https://seshat-db.com/api/wf/atlatls/,236,"Was the atlatl, defined as a spear-throwing device used by indigenous peoples in the Americas, present or absent as a military technology in the warfare practices of '<polity>' during the period from <time-start> to <time-end>? Please respond with either 'present' or 'absent'."
https://seshat-db.com/api/wf/atlatls/,237,"During the period from <time-start> to <time-end>, was the atlatl, defined as a weapon of the Americas, present or absent in the warfare practices of '<polity>'? Please provide your answer as either 'present' or 'absent'."
https://seshat-db.com/api/wf/atlatls/,238,"Was the atlatl, defined as a spear-throwing device commonly used by indigenous people of the Americas, present or absent in the warfare strategies of <polity> during the period from <time-start> to <time-end>?"
https://seshat-db.com/api/wf/atlatls/,239,"During the period from <time-start> to <time-end>, was the atlatl, defined as a spear-throwing device used to increase the range and force of a projectile, present or absent as a military technology in the warfare practices of '<polity>'? Please respond with either 'present' or 'absent'."
https://seshat-db.com/api/wf/atlatls/,240,"During the period from <time-start> to <time-end>, was the atlatl, a spear-throwing device used to increase the range and force of a projectile, present or absent as a military technology in the warfare practices of '<polity>'? Provide your answer strictly as either 'present' or 'absent'."
https://seshat-db.com/api/wf/atlatls/,241,"Was the atlatl, defined as a spear-throwing device used in warfare, present in the warfare practices of '<polity>' during the period from <time-start> to <time-end> in the New World? Please provide your answer strictly as either 'present' or 'absent'."
https://seshat-db.com/api/wf/atlatls/,242,"During the period from <time-start> to <time-end>, was the atlatl, defined as a weapon of the Americas, present or absent in the warfare practices of '<polity>'? Please provide your answer as either 'present' or 'absent'."
https://seshat-db.com/api/wf/atlatls/,243,"During the period from <time-start> to <time-end>, was the atlatl, defined as a spear-throwing device used to increase the range and force of a projectile, present or absent as a 'military technology during this time? Provide your answer strictly as either 'present' or 'absent'."
https://seshat-db.com/api/wf/atlatls/,244,"During the period from <time-start> to <time-end>, was the atlatl, defined as a spear-throwing device used to increase the range and force of a projectile, present or absent as a 'military technology during this time in the context of '<polity>'? Provide your answer strictly as either 'present' or 'absent'."
https://seshat-db.com/api/wf/atlatls/,245,"During the period from <time-start> to <time-end>, was the use of atlatls as a military technology present or absent in the warfare strategies of '<polity>'? Respond with either 'present' or 'absent'."
https://seshat-db.com/api/wf/atlatls/,246,"During the period from <time-start> to <time-end>, was the use of atlatls, defined as a weapon of the Americas, present or absent in the warfare practices of '<polity>'? Please provide your answer strictly as either 'present' or 'absent'."
https://seshat-db.com/api/wf/atlatls/,247,"Was the atlatl, defined as a new world weapon, highly unlikely to have been used in '<polity>' during the period from <time-start> to <time-end>? Please provide your answer as either 'absent' or 'present'."
https://seshat-db.com/api/wf/atlatls/,248,"During the period from <time-start> to <time-end>, was the atlatl, defined as a spear-throwing device used to increase the range and force of a projectile, absent or present as a 'military technology during this time' in the context of '<polity>'? Please respond with either 'absent' or 'present'."
https://seshat-db.com/api/wf/atlatls/,249,"Was the use of atlatl, defined as a new world weapon that is highly unlikely to have been used in this region, absent or present during the period from <time-start> to <time-end> in the warfare practices of '<polity>'? Please provide your answer as either 'absent' or 'present'."
https://seshat-db.com/api/wf/atlatls/,250,"During the period from <time-start> to <time-end>, was the atlatl, a spear-throwing device used to increase the range and force of a projectile, present or absent as a military technology in the warfare practices of '<polity>'? Provide your answer strictly as either 'present' or 'absent'."
https://seshat-db.com/api/wf/atlatls/,251,"During the period from <time-start> to <time-end>, was the atlatl, defined as a spear-throwing device used to increase the range and force of a projectile, present or absent as a military technology in the warfare practices of '<polity>'? Provide your answer strictly as either 'present' or 'absent'."
https://seshat-db.com/api/wf/atlatls/,252,"During the period from <time-start> to <time-end>, was the use of atlatls, defined as a spear-throwing device used to increase the range and force of a projectile, present or absent as a military technology in the warfare practices of '<polity>'? Please respond with either 'present' or 'absent'."
https://seshat-db.com/api/wf/atlatls/,253,"During the period from <time-start> to <time-end>, was atlatl, defined as a spear-throwing device used to increase the range and force of a projectile, present or absent in the warfare practices of '<polity>'? Please provide your answer strictly as either 'present' or 'absent'."
https://seshat-db.com/api/wf/atlatls/,254,"During the period from <time-start> to <time-end>, was the atlatl, a hunting tool or weapon used for spearing game, present or absent in the warfare practices of '<polity>'? Please provide your answer strictly as either 'present' or 'absent'."
https://seshat-db.com/api/wf/atlatls/,255,"During the period from <time-start> to <time-end>, was the atlatl, defined as a spear-throwing device used to increase the range and force of a projectile, present or absent in the warfare practices of '<polity>'? Provide your answer strictly as either 'present' or 'absent'."
https://seshat-db.com/api/wf/atlatls/,256,"During the period from <time-start> to <time-end>, was the atlatl, defined as a spear-throwing device used to increase the range and force of a projectile, present or absent as a military technology in the warfare practices of '<polity>? Provide your answer strictly as either 'present' or 'absent'."
https://seshat-db.com/api/wf/atlatls/,257,"During the period from <time-start> to <time-end>, was atlatl, defined as a spear-throwing device used to increase the range and force of a projectile, present or absent in the warfare practices of '<polity>'? Please provide your answer strictly as either 'present' or 'absent'."
https://seshat-db.com/api/wf/atlatls/,258,"During the period from <time-start> to <time-end>, was the atlatl, a spear-throwing device used to increase the range and force of a projectile, present or absent as a military technology in the warfare practices of '<polity>'? Provide your answer strictly as either 'present' or 'absent'."
https://seshat-db.com/api/wf/atlatls/,259,"Was the atlatl, defined as a handheld spear-thrower that could double as a weapon, present or absent as a military technology in warfare among Mesoamerican cultures during the period from <time-start> to <time-end>? Provide your answer strictly as either 'present' or 'absent'."
https://seshat-db.com/api/wf/atlatls/,260,"During the period from 4000 BC to <time-end>, was the use of atlatls, defined as handheld spears and spearthrowers, present or absent as a military technology in the warfare practices of '<polity>'? Please provide your answer strictly as either 'present' or 'absent'."
https://seshat-db.com/api/wf/atlatls/,261,"Was the atlatl, defined as a spear-throwing device used to increase the range and force of a projectile, present or absent as a military technology in the warfare practices of '<polity>' during the period from <time-start> to <time-end>? Provide your answer strictly as either 'present' or 'absent'."
https://seshat-db.com/api/wf/atlatls/,262,"Was atlatl, a spear-throwing device used to increase the range and force of a projectile, present as a military technology during the period from <time-start> to <time-end> in the warfare strategies of '<polity>'? Provide your answer strictly as either 'present' or 'absent'."
https://seshat-db.com/api/wf/atlatls/,263,"During the period from <time-start> to <time-end>, was the atlatl, defined as a spear-throwing device used to increase the range and force of a projectile, present or absent as a military technology in the warfare practices of '<polity>'? Provide your answer strictly as either 'present' or 'absent'."
https://seshat-db.com/api/wf/atlatls/,264,"During the period from <time-start> to <time-end>, was atlatl, defined as a handheld spear-throwing device used to increase the range and force of a projectile, present or absent in the warfare practices of '<polity>'? Provide your answer strictly as either 'present' or 'absent'."
https://seshat-db.com/api/wf/atlatls/,265,"Was the atlatl, a technology consisting of a throwing stick and a pointed dart, present or absent in warfare among ancient cultures in the region from around 4000 BCE? Provide your answer as either 'present' or 'absent'."
https://seshat-db.com/api/wf/atlatls/,266,"During the period from <time-start> to <time-end>, was the use of atlatl, a tool that could double as a weapon and was found as early as 4000 BC in Mesoamerica, present or absent in the warfare practices of '<polity>'? Please provide your answer strictly as either 'present' or 'absent'."
https://seshat-db.com/api/wf/atlatls/,267,"During the period from c.4000 BCE to the present day, was the atlatl, defined as a spear-throwing device, present or absent in the wider region of Mesoamerica, including sites such as Teotihuacan and Chichen Itza? Provide your answer strictly as either 'present' or 'absent'."
https://seshat-db.com/api/wf/atlatls/,268,"Was the atlatl, defined as a spear-throwing device used to increase the range and force of a projectile, present or absent as a military technology in the Valley of Mexico during the period from around 2000 BC to 1492 AD? Provide your answer strictly as either 'present' or 'absent'."
https://seshat-db.com/api/wf/atlatls/,269,"During the Classic period of '<polity>', was the use of atlatls, defined as a spear-throwing device used to increase the range and force of a projectile, present or absent as a military technology in the warfare practices of '<polity>'? Provide your answer strictly as either 'present' or 'absent'."
https://seshat-db.com/api/wf/atlatls/,270,"During the period from <time-start> to <time-end>, was the use of atlatl, defined as a spear-throwing device used to increase the range and force of a projectile, present or absent in the warfare practices of '<polity>'? Please note that the presence of atlatl does not necessarily imply its use in warfare. Provide your answer strictly as either 'present' or 'absent'."
https://seshat-db.com/api/wf/atlatls/,271,"During the period from <time-start> to <time-end> in the Valley of Oaxaca, was the atlatl, defined as a spear-throwing device used to increase the range and force of a projectile, present or absent as a military technology in the warfare practices of the Proto-Otomangueans? Please provide your answer strictly as either 'present' or 'absent'."
https://seshat-db.com/api/wf/atlatls/,272,"Was the atlatl, defined as a spear-throwing device used for hunting, present in the Valley of Oaxaca as a military technology during preceramic times (<time-start>) until at least the mid-Preclassic (<time-end>)? Provide your answer as either 'present' or 'absent'."
https://seshat-db.com/api/wf/atlatls/,273,Was the use of atlatls present or absent as a military technology in the warfare practices of Toltec society between <time-start> and <time-end>? Provide your answer strictly as either 'present' or 'absent'.
https://seshat-db.com/api/wf/atlatls/,274,"During the period from <time-start> to <time-end> in the context of '<polity>', was the use of atlatl, defined as a spear-throwing device used to increase the range and force of a projectile, absent or present as a military technology during this time? Answer with either 'absent' or 'present'."
https://seshat-db.com/api/wf/atlatls/,275,"During the period from <time-start> to <time-end>, was the atlatl, defined as a spear-throwing device used to increase the range and force of a projectile, present or absent as a military technology in the warfare practices of '<polity>'? Please provide your answer based on Brian Bauer's personal communication from 2015."
https://seshat-db.com/api/wf/atlatls/,276,"During the period from <time-start> to <time-end>, was the atlatl, as described by Brian Bauer in 2015 through personal communication, present or absent in the warfare practices of '<polity>'? Please provide your answer strictly as either 'present' or 'absent'."
https://seshat-db.com/api/wf/atlatls/,277,"During the period from <time-start> to <time-end>, was the use of atlatls as a military technology present or absent in the warfare strategies of '<polity>'? Respond with either 'present' or 'absent'."
https://seshat-db.com/api/wf/atlatls/,278,"During the period from <time-start> to <time-end>, was the atlatl, defined as a spear-throwing device used to increase the range and force of a projectile, present or absent as a military technology in the warfare practices of '<polity>'? Please respond with either 'present' or 'absent'."
https://seshat-db.com/api/wf/atlatls/,279,"During the period from <time-start> to <time-end>, was the atlatl, a spear-throwing device used to increase the range and force of a projectile, present or absent as a military technology in the warfare practices of '<polity>'? Provide your answer strictly as either 'present' or 'absent'."
https://seshat-db.com/api/wf/atlatls/,280,"Was the atlatl, defined as a spear-throwing device used to increase the range and force of a projectile, present or absent as a military technology in the warfare practices of '<polity>' during the period from <time-start> to <time-end>? Please respond with either 'present' or 'absent'."
https://seshat-db.com/api/wf/atlatls/,281,"During the period from <time-start> to <time-end>, was the atlatl, defined as a spear-throwing device used to increase the range and force of a projectile, depicted on warrior figurines found in Pikillacta? Respond with either 'absent' or 'present'."
https://seshat-db.com/api/wf/atlatls/,282,"Was the atlatl, defined as a spear-throwing device used to increase the range and force of a projectile, present or absent as a military technology during the period from <time-start> to <time-end> in the warfare practices of '<polity>'? Please provide your answer strictly as either 'present' or 'absent'."
https://seshat-db.com/api/wf/atlatls/,283,"During the period from <time-start> to <time-end>, was the use of atlatls as a military technology present or absent in the warfare strategies of '<polity>'? Respond with either 'present' or 'absent'."
https://seshat-db.com/api/wf/atlatls/,284,"During the period from <time-start> to <time-end>, was the atlatl, a New World weapon consisting of flint, bone, and copper tools, present or absent in the warfare practices of '<polity>'? Please provide your answer strictly as either 'present' or 'absent'."
https://seshat-db.com/api/wf/atlatls/,285,"Was the atlatl, defined as a spear-throwing device used to increase the range and force of a projectile, present or absent as a military technology in the warfare practices of Mehrgarh between <time-start> and <time-end>? Provide your answer strictly as either 'present' or 'absent'."
https://seshat-db.com/api/wf/atlatls/,286,"During the period from <time-start> to <time-end> in the context of '<polity>', was the atlatl, defined as a spear-throwing device used to increase the range and force of a projectile, present or absent as a 'New World weapon technology during this time? The answer should be strictly 'present' or 'absent'."
https://seshat-db.com/api/wf/atlatls/,287,"During the period from <time-start> to <time-end> in the context of '<polity>', was the atlatl, defined as a spear-throwing device used in warfare, present or absent as a 'military technology during this time? Respond with either 'present' or 'absent'."
https://seshat-db.com/api/wf/atlatls/,288,"During the period from <time-start> to <time-end> in the context of '<polity>', was the atlatl, defined as a spear-throwing device used to increase the range and force of a projectile, absent or present as a military technology during this time? Provide your answer strictly as either 'absent' or 'present'."
https://seshat-db.com/api/wf/atlatls/,289,"During the period from <time-start> to <time-end>, was the atlatl, defined as a weapon commonly used by indigenous peoples in the Americas, present or absent in the military technology of '<polity>'? Please provide your answer as either 'present' or 'absent'."
https://seshat-db.com/api/wf/atlatls/,290,"Was the atlatl, defined as a spear-throwing device used in warfare, present or absent in the military technology of the New World during the period from <time-start> to <time-end> in any of the following regions: Mexico, Central America, South America, or North America? Please respond with either 'present' or 'absent'."
https://seshat-db.com/api/wf/atlatls/,291,"During the period from <time-start> to <time-end>, was the atlatl, defined as a spear-throwing device used by indigenous peoples of the Americas, present or absent as a military technology in the warfare practices of '<polity>'? Please provide your answer strictly as either 'present' or 'absent'."
https://seshat-db.com/api/wf/atlatls/,292,"Was the atlatl, defined as a spear-throwing device used in warfare, present or absent as a military technology in the warfare practices of the Americas during the period from <time-start> to <time-end> in '<polity>'? Please provide your answer strictly as either 'present' or 'absent'."
https://seshat-db.com/api/wf/atlatls/,293,"Was the use of atlatls, defined as new world weapons, present or absent in the warfare strategies of '<polity>' during the period from <time-start> to <time-end>? Provide your answer strictly as either 'present' or 'absent'."
https://seshat-db.com/api/wf/atlatls/,294,"During the period from <time-start> to <time-end>, was the use of atlatls as a military technology present or absent in the warfare strategies of '<polity>'? Respond with either 'present' or 'absent'."
https://seshat-db.com/api/wf/atlatls/,295,"During the period from <time-start> to <time-end>, was the atlatl, defined as a spear-throwing device used to increase the range and force of a projectile, present or absent as a military technology in the warfare practices of '<polity>'? Please note that this information is not mentioned in any of the sources that deal with weapons and armor."
https://seshat-db.com/api/wf/atlatls/,296,"During the period from <time-start> to <time-end>, was the atlatl, defined as a spear-throwing device used to increase the range and force of a projectile, mentioned in any of the sources that deal with weapons and armor? Please respond with either 'yes' or 'no'."
https://seshat-db.com/api/wf/atlatls/,297,"Was the atlatl, a New World weapon that was used for throwing spears, present or absent as a military technology in the warfare practices of '<polity>' between <time-start> and <time-end>? Please provide your answer as either 'present' or 'absent'."
https://seshat-db.com/api/wf/atlatls/,298,"During the period from <time-start> to <time-end>, was the atlatl, defined as a new world weapon used for hunting and warfare, present or absent in the military practices of '<polity>'? Please respond with either 'present' or 'absent'."
https://seshat-db.com/api/wf/atlatls/,299,"Was the atlatl, defined as a spear-throwing device used in warfare, present or absent as a military technology in the warfare practices of '<polity>' during the period from <time-start> to <time-end>? Please provide your answer as either 'present' or 'absent'."
https://seshat-db.com/api/wf/atlatls/,300,"During the period from <time-start> to <time-end>, was the atlatl, defined as a spear-throwing device used by indigenous peoples in the Americas, present or absent as a military technology in the warfare practices of '<polity>'? Please respond with either 'present' or 'absent'."
https://seshat-db.com/api/wf/atlatls/,301,"During the period from <time-start> to <time-end>, was the use of atlatl, defined as a spear-throwing device used to increase the range and force of a projectile, present or absent in the warfare strategies of '<polity>'? Provide your answer strictly as either 'present' or 'absent'."
https://seshat-db.com/api/wf/atlatls/,302,"During the period from <time-start> to <time-end>, was the use of atlatls, defined as a spear-throwing device used in warfare in the Americas, present or absent in the warfare strategies of '<polity>'? Provide your answer strictly as either 'present' or 'absent'."
https://seshat-db.com/api/wf/atlatls/,303,"Was the atlatl, defined as a spear-throwing device used by indigenous peoples in the Americas, present or absent as a military technology in the warfare practices of '<polity>' during the period from <time-start> to <time-end>? Provide your answer strictly as either 'present' or 'absent'."
https://seshat-db.com/api/wf/atlatls/,304,"During the period from <time-start> to <time-end>, was the atlatl, a weapon of the Americas, present or absent in the warfare practices of '<polity>'? Please respond with either 'present' or 'absent'."
https://seshat-db.com/api/wf/atlatls/,305,"During the period from <time-start> to <time-end> in the context of '<polity>', was the atlatl, a weapon of the Americas, present or absent as a military technology? Please provide your answer strictly as either 'present' or 'absent'."
https://seshat-db.com/api/wf/atlatls/,306,"Was the atlatl, defined as a spear-throwing device used to increase the range and force of a projectile, absent or present as a military technology during the period from <time-start> to <time-end> in the context of '<polity>'?"
https://seshat-db.com/api/wf/atlatls/,307,"During the period from <time-start> to <time-end>, was the use of atlatls as a military technology present or absent in the warfare strategies of '<polity>'? Respond with either 'present' or 'absent'."
https://seshat-db.com/api/wf/atlatls/,308,"During the period from <time-start> to <time-end>, was the atlatl, a spear-throwing device used to increase the range and force of a projectile, present or absent as a military technology in the warfare practices of '<polity>'? Provide your answer strictly as either 'present' or 'absent'."
https://seshat-db.com/api/wf/atlatls/,309,"Was the atlatl, defined as a spear-throwing device used in warfare in the New World during the period from <time-start> to <time-end> in the context of '<polity>'? Please provide your answer as either 'absent' or 'present'."
https://seshat-db.com/api/wf/atlatls/,310,"Was the atlatl, defined as a spear-throwing device used by indigenous peoples of the Americas, present or absent as a military technology in the warfare practices of '<polity>' during the period from <time-start> to <time-end>? Please provide your answer strictly as either 'present' or 'absent'."
https://seshat-db.com/api/wf/atlatls/,311,"Was the atlatl, defined as a weapon used by indigenous peoples in the Americas, present or absent as a military technology in the warfare practices of '<polity>' between <time-start> and <time-end>? Please provide your answer strictly as either 'present' or 'absent'."
https://seshat-db.com/api/wf/atlatls/,312,"During the period from <time-start> to <time-end>, was the use of atlatls, defined as a spear-throwing device used to increase the range and force of a projectile, present or absent as a military technology in the warfare practices of '<polity>'? Provide your answer strictly as either 'present' or 'absent'."
https://seshat-db.com/api/wf/atlatls/,313,"During the period from <time-start> to <time-end>, was the use of atlatls as a weapon present or absent in the warfare practices of '<polity>'? Please respond with either 'present' or 'absent'."
https://seshat-db.com/api/wf/atlatls/,314,"Was the atlatl, defined as a weapon commonly used by indigenous peoples in the Americas, present or absent in the military technologies of any European colonizers in North America between <time-start> and <time-end> in ""<polity>""? Please provide your answer as either 'present' or 'absent'."
https://seshat-db.com/api/wf/atlatls/,315,"During the period from <time-start> to <time-end>, was the atlatl, a weapon commonly used by indigenous peoples in the Americas, present or absent in the military practices of '<polity>'? Please provide your answer as either 'present' or 'absent'."
https://seshat-db.com/api/wf/atlatls/,316,"During the period from <time-start> to <time-end>, was the atlatl, defined as a new world weapon, present or absent in the warfare practices of '<polity>'? Please provide your answer strictly as either 'present' or 'absent'."
https://seshat-db.com/api/wf/atlatls/,317,"Was the use of atlatls, a type of weapon that uses a spring-loaded cord to propel a missile, present or absent as a military technology in the warfare practices of <polity> during the period from <time-start> to <time-end>?"
https://seshat-db.com/api/wf/atlatls/,318,"Was the atlatl, defined as a spear-throwing device used by indigenous peoples in the Americas, present or absent as a military technology in the warfare practices of '<polity>' between <time-start> and <time-end>? Please provide your answer as either 'present' or 'absent'."
https://seshat-db.com/api/wf/atlatls/,319,"Was the atlatl, defined as a spear-throwing device used in warfare in the Americas during the period from <time-start> to <time-end> in the context of '<polity>'? Provide your answer strictly as either 'present' or 'absent'."
https://seshat-db.com/api/wf/atlatls/,320,"Was the atlatl, a weapon of the Americas commonly used by indigenous peoples for hunting and warfare, present or absent as a military technology in the warfare practices of '<polity>' between <time-start> and <time-end>? Provide your answer strictly as either 'present' or 'absent'."
https://seshat-db.com/api/wf/atlatls/,321,"During the period from <time-start> to <time-end>, was the use of atlatl, defined as a spear-throwing device used to increase the range and force of a projectile, present or absent as a military technology in the warfare practices of '<polity>'? Provide your answer strictly as either 'present' or 'absent'."
https://seshat-db.com/api/wf/atlatls/,322,"During the period from <time-start> to <time-end> in the context of '<polity>', was the atlatl, defined as a spear-throwing device used by the indigenous peoples of the Americas, present or absent as a military technology? Please respond with either 'present' or 'absent'."
https://seshat-db.com/api/wf/atlatls/,323,"Was the atlatl, defined as a spear-throwing device used to increase the range and force of a projectile, present or absent as a military technology in the warfare practices of '<polity>' during the period from <time-start> to <time-end>?"
https://seshat-db.com/api/wf/atlatls/,324,"Was the atlatl, defined as a spear-throwing device used to increase the range and force of a projectile, present or absent as a military technology in the warfare practices of '<polity>' during the period from <time-start> to <time-end>? Please provide your answer strictly as either 'present' or 'absent'."
https://seshat-db.com/api/wf/atlatls/,325,"Was the atlatl, a weapon of the Americas, present or absent in the warfare practices of '<polity>' during the period from <time-start> to <time-end>? Please respond with either 'present' or 'absent'."
https://seshat-db.com/api/wf/atlatls/,326,"During the period from <time-start> to <time-end>, was the atlatl, defined as a spear-throwing device used in warfare by indigenous peoples in the New World, present or absent in the warfare practices of '<polity>'? Provide your answer strictly as either 'present' or 'absent'."
https://seshat-db.com/api/wf/atlatls/,327,"Was the atlatl, defined as a spear-throwing device used in warfare, present or absent as a military technology in the warfare practices of the <polity> between <time-start> and <time-end>? Provide your answer strictly as either 'present' or 'absent'."
https://seshat-db.com/api/wf/atlatls/,328,"During the period from <time-start> to <time-end>, was the atlatl, defined as a spear-throwing device used to increase the range and force of a projectile, present or absent as a military technology in the warfare practices of '<polity>'? Provide your answer strictly as either 'present' or 'absent'."
https://seshat-db.com/api/wf/atlatls/,329,"Was the atlatl, defined as a spear-throwing device used to increase the range and force of a projectile, present or absent as a military technology in the warfare practices of '<polity>' during the period from <time-start> to <time-end>? Please respond with either 'present' or 'absent'."
https://seshat-db.com/api/wf/atlatls/,330,"During the period from <time-start> to <time-end>, was the atlatl, a spear-throwing device used to increase the range and force of a projectile, present or absent as a military technology in the warfare practices of '<polity>'? Please respond with either 'present' or 'absent'."
https://seshat-db.com/api/wf/atlatls/,331,"During the period from <time-start> to <time-end>, was the atlatl, defined as a spear-throwing device used to increase the range and force of a projectile, present or absent as a military technology in the warfare practices of '<polity>'? Provide your answer strictly as either 'present' or 'absent'."
https://seshat-db.com/api/wf/atlatls/,332,"During the period from <time-start> to <time-end>, was the atlatl, defined as a spear-throwing device used to increase the range and force of a projectile, absent or present as a 'military technology in the warfare practices of the Iroquois? Please provide your answer strictly as either 'absent' or 'present'."
https://seshat-db.com/api/wf/atlatls/,333,"During the period from <time-start> to <time-end>, was the atlatl, a spear-throwing device used to increase the range and force of a projectile, present or absent in the warfare strategies of the Iroquois? Provide your answer strictly as either 'present' or 'absent'."
https://seshat-db.com/api/wf/atlatls/,334,"During the period from <time-start> to <time-end>, was the atlatl, defined as a spear-throwing device used to increase the range and force of a projectile, present or absent as a military technology in the warfare practices of '<polity>'? Provide your answer strictly as either 'present' or 'absent'."
https://seshat-db.com/api/wf/atlatls/,335,"During the period from <time-start> to <time-end>, was the use of atlatls, defined as a spear-throwing device used to increase the range and force of a projectile, present or absent in the warfare strategies of '<polity>'? Provide your answer strictly as either 'present' or 'absent'."
https://seshat-db.com/api/wf/atlatls/,336,"During the period from <time-start> to <time-end>, was the atlatl, defined as a primary weapon used for hunting and later adapted for warfare, present or absent in the warfare practices of '<polity>'? Provide your answer strictly as either 'present' or 'absent'."
https://seshat-db.com/api/wf/atlatls/,337,"During the period from <time-start> to <time-end>, was the use of atlatls as a military technology present or absent in the warfare practices of '<polity>'? Please provide your answer strictly as either 'present' or 'absent'."
https://seshat-db.com/api/wf/atlatls/,338,Was the use of atlatls as a military technology present or absent between A.D. 300-400 in the region of '<polity>? Provide your answer strictly as either 'present' or 'absent'.
https://seshat-db.com/api/wf/atlatls/,339,"During the period from <time-start> to <time-end> in the context of '<polity>', was the atlatl, defined as the main weapon of the region before the introduction of the bow c300-400 CE, present or absent as a 'military technology'? Please provide your answer strictly as either 'present' or 'absent'."
https://seshat-db.com/api/wf/atlatls/,340,"Was the atlatl, defined as a spear-throwing device used to increase the range and force of a projectile, absent or present as a military technology during the period from <time-start> to <time-end> in '<polity>?'
Answer format: present/absent"
https://seshat-db.com/api/wf/atlatls/,341,"During the time period from <time-start> to <time-end> in the context of '<polity>', was the atlatl as a military technology present or absent? While it was commonly replaced by bows during the 300s to 400s AD, there is limited evidence of its regular use as a weapon, with increased evidence of arrow and club strikes occurring only during the last half of the first millennium. Answer must be either 'present' or 'absent'."
https://seshat-db.com/api/wf/atlatls/,342,"During the period from <time-start> to <time-end>, was the use of atlatl as a military technology present or absent in the warfare strategies of '<polity>'? Provide your answer strictly as either 'present' or 'absent'."
https://seshat-db.com/api/wf/atlatls/,343,"Was the use of atlatls as a military technology present or absent in the warfare practices of '<polity>' during the period from <time-start> to <time-end>? Please provide your answer as either 'present' or 'absent', based on whether or not atlatls were used in this context."
https://seshat-db.com/api/wf/atlatls/,344,"During the period from <time-start> to <time-end>, was the use of atlatls, defined as a spear-throwing device used to increase the range and force of a projectile, present or absent in the warfare strategies of '<polity>'? Provide your answer strictly as either 'present' or 'absent'."
https://seshat-db.com/api/wf/atlatls/,345,"During the period from <time-start> to <time-end>, was the atlatl, defined as a spear-throwing device used to increase the range and force of a projectile, present or absent as a military technology in the warfare practices of '<polity>'? Please provide your answer as either 'present' or 'absent'."
https://seshat-db.com/api/wf/atlatls/,346,"During the period from <time-start> to <time-end>, was the use of atlatls as a military technology present or absent in the warfare strategies of '<polity>' in the New World? Respond with either 'present' or 'absent'."
https://seshat-db.com/api/wf/atlatls/,347,"During the period from <time-start> to <time-end>, was the atlatl, defined as a spear-throwing device used in warfare in the New World, present or absent as a military technology in the warfare practices of '<polity>? Please provide your answer strictly as either 'present' or 'absent'."
https://seshat-db.com/api/wf/atlatls/,348,"During the period from <time-start> to <time-end>, was the use of atlatl, defined as a spear-throwing device used to increase the range and force of a projectile, present or absent as a military technology in the warfare practices of '<polity>'? Provide your answer strictly as either 'present' or 'absent'."
https://seshat-db.com/api/wf/atlatls/,349,"During the period from <time-start> to <time-end>, was the atlatl, defined as a weapon of the Americas, present or absent in the warfare practices of '<polity>'? Please provide your answer as either 'present' or 'absent'."
https://seshat-db.com/api/wf/atlatls/,350,"During the period from <time-start> to <time-end>, was the atlatl, defined as a weapon of the Americas, absent or present as a military technology in the warfare practices of '<polity>'? Please respond with either 'absent' or 'present'."
https://seshat-db.com/api/wf/atlatls/,351,"Was the atlatl, a weapon of the Americas, present or absent in the warfare practices of '<polity>' during the period from <time-start> to <time-end>? Provide your answer strictly as either 'present' or 'absent'."
https://seshat-db.com/api/wf/atlatls/,352,"During the period from <time-start> to <time-end>, was the atlatl, defined as an ancient weapon used by indigenous peoples in the Americas, present or absent as a military technology in the warfare practices of '<polity>'? Please provide your answer as either 'present' or 'absent'."
https://seshat-db.com/api/wf/atlatls/,353,"Was the atlatl, a weapon used only in the New World, present or absent in the warfare practices of '<polity>' during the period from <time-start> to <time-end>? Please respond with either 'present' or 'absent'."
https://seshat-db.com/api/wf/atlatls/,354,"Was the atlatl, a weapon used only in the New World, present or absent in the warfare practices of '<polity>' during the period from <time-start> to <time-end>? Please provide your answer strictly as either 'present' or 'absent'."
https://seshat-db.com/api/wf/atlatls/,355,"During the period from <time-start> to <time-end>, were atlatls, defined as a spear-throwing device used to increase the range and force of a projectile, present or absent as a military technology in the warfare practices of '<polity>'? Please provide your answer strictly as either 'present' or 'absent'. Note: This question is based on the given variable description which states that atlatls may or may not have been present in North Yemeni rock-art from the Late Neolithic and Bronze Age. However, it does not provide any information about the presence or absence of atlatls in other historical contexts or locations."
https://seshat-db.com/api/wf/atlatls/,356,"During the period from <time-start> to <time-end>, was the use of atlatl as a military technology present or absent in the rock art depictions of warriors in North Yemeni Late Neolithic and Bronze Age, as reproduced in Jung (1991)? Provide your answer strictly as either 'present' or 'absent'."
https://seshat-db.com/api/wf/atlatls/,357,"Was the atlatl, a new world weapon designed to increase the range and force of a projectile, present or absent as a military technology in the warfare practices of '<polity>' during the period from <time-start> to <time-end>? Please provide your answer as either 'present' or 'absent'."
https://seshat-db.com/api/wf/atlatls/,358,"Was the atlatl, defined as a weapon used by indigenous peoples of the Americas, present or absent as a military technology in the warfare practices of '<polity>' between <time-start> and <time-end>? Please provide your answer strictly as either 'present' or 'absent'."
https://seshat-db.com/api/wf/atlatls/,359,"Was the use of atlatls, defined as a type of spear-throwing device commonly found in the Americas, present or absent as a military technology in the warfare practices of any specific European polity during the period from <time-start> to <time-end>? Please provide your answer as either 'present' or 'absent'."
https://seshat-db.com/api/wf/atlatls/,360,"During the period from <time-start> to <time-end>, was the use of atlatls, defined as a spear-throwing device used to increase the range and force of a projectile, present or absent as a military technology in the warfare practices of '<polity>'? Please respond with either 'present' or 'absent'."
https://seshat-db.com/api/wf/atlatls/,361,"During the period from <time-start> to <time-end>, was the atlatl, defined as a spear-throwing device used in warfare, present or absent in the military practices of '<polity>' in the New World? Please respond with either 'present' or 'absent'."
https://seshat-db.com/api/wf/atlatls/,362,"Was the atlatl, defined as a spear-throwing device used in warfare, present or absent in the warfare practices of the New World between <time-start> and <time-end>? Please provide your answer strictly as either 'present' or 'absent'."
https://seshat-db.com/api/wf/atlatls/,363,"Was the atlatl, defined as a spear-throwing device used in warfare, present in the warfare practices of '<polity>' during the period from <time-start> to <time-end> in the New World? Please provide your answer as either 'present' or 'absent'."
https://seshat-db.com/api/wf/atlatls/,364,"Was the atlatl, defined as a spear-throwing device used to increase the range and force of a projectile, present or absent as a military technology during the period from <time-start> to <time-end> in the warfare strategies of '<polity>'? Provide your answer strictly as either 'present' or 'absent'."
